formula,material_id,particle,energy_MeV,niel_MeV_cm2_g,source_file
Ag2Te,JVASP-108812,electron,0.04,0.0,Ag2Te_JVASP-108812_e_srniel.csv
Ag2Te,JVASP-108812,electron,0.045,0.0,Ag2Te_JVASP-108812_e_srniel.csv
Ag2Te,JVASP-108812,electron,0.05,0.0,Ag2Te_JVASP-108812_e_srniel.csv
Ag2Te,JVASP-108812,electron,0.055,0.0,Ag2Te_JVASP-108812_e_srniel.csv
Ag2Te,JVASP-108812,electron,0.06,0.0,Ag2Te_JVASP-108812_e_srniel.csv
Ag2Te,JVASP-108812,electron,0.065,0.0,Ag2Te_JVASP-108812_e_srniel.csv
Ag2Te,JVASP-108812,electron,0.07,0.0,Ag2Te_JVASP-108812_e_srniel.csv
Ag2Te,JVASP-108812,electron,0.075,0.0,Ag2Te_JVASP-108812_e_srniel.csv
Ag2Te,JVASP-108812,electron,0.08,0.0,Ag2Te_JVASP-108812_e_srniel.csv
Ag2Te,JVASP-108812,electron,0.085,0.0,Ag2Te_JVASP-108812_e_srniel.csv
Ag2Te,JVASP-108812,electron,0.09,0.0,Ag2Te_JVASP-108812_e_srniel.csv
Ag2Te,JVASP-108812,electron,0.095,0.0,Ag2Te_JVASP-108812_e_srniel.csv
Ag2Te,JVASP-108812,electron,0.1,0.0,Ag2Te_JVASP-108812_e_srniel.csv
Ag2Te,JVASP-108812,electron,0.15,0.0,Ag2Te_JVASP-108812_e_srniel.csv
Ag2Te,JVASP-108812,electron,0.2,0.0,Ag2Te_JVASP-108812_e_srniel.csv
Ag2Te,JVASP-108812,electron,0.25,0.0,Ag2Te_JVASP-108812_e_srniel.csv
Ag2Te,JVASP-108812,electron,0.3,0.0,Ag2Te_JVASP-108812_e_srniel.csv
Ag2Te,JVASP-108812,electron,0.35,0.0,Ag2Te_JVASP-108812_e_srniel.csv
Ag2Te,JVASP-108812,electron,0.4,0.0,Ag2Te_JVASP-108812_e_srniel.csv
Ag2Te,JVASP-108812,electron,0.45,0.0,Ag2Te_JVASP-108812_e_srniel.csv
Ag2Te,JVASP-108812,electron,0.5,0.0,Ag2Te_JVASP-108812_e_srniel.csv
Ag2Te,JVASP-108812,electron,0.55,0.0,Ag2Te_JVASP-108812_e_srniel.csv
Ag2Te,JVASP-108812,electron,0.6,0.0,Ag2Te_JVASP-108812_e_srniel.csv
Ag2Te,JVASP-108812,electron,0.65,0.0,Ag2Te_JVASP-108812_e_srniel.csv
Ag2Te,JVASP-108812,electron,0.7,0.0,Ag2Te_JVASP-108812_e_srniel.csv
Ag2Te,JVASP-108812,electron,0.75,1.0921e-07,Ag2Te_JVASP-108812_e_srniel.csv
Ag2Te,JVASP-108812,electron,0.8,4.545e-07,Ag2Te_JVASP-108812_e_srniel.csv
Ag2Te,JVASP-108812,electron,0.85,8.8366e-07,Ag2Te_JVASP-108812_e_srniel.csv
Ag2Te,JVASP-108812,electron,0.9,1.3724e-06,Ag2Te_JVASP-108812_e_srniel.csv
Ag2Te,JVASP-108812,electron,0.95,1.9028e-06,Ag2Te_JVASP-108812_e_srniel.csv
Ag2Te,JVASP-108812,electron,1.0,2.4614e-06,Ag2Te_JVASP-108812_e_srniel.csv
Ag2Te,JVASP-108812,electron,1.5,8.7271e-06,Ag2Te_JVASP-108812_e_srniel.csv
Ag2Te,JVASP-108812,electron,2.0,1.5635e-05,Ag2Te_JVASP-108812_e_srniel.csv
Ag2Te,JVASP-108812,electron,2.5,2.1737e-05,Ag2Te_JVASP-108812_e_srniel.csv
Ag2Te,JVASP-108812,electron,3.0,2.6931e-05,Ag2Te_JVASP-108812_e_srniel.csv
Ag2Te,JVASP-108812,electron,3.5,3.1371e-05,Ag2Te_JVASP-108812_e_srniel.csv
Ag2Te,JVASP-108812,electron,4.0,3.5212e-05,Ag2Te_JVASP-108812_e_srniel.csv
Ag2Te,JVASP-108812,electron,4.5,3.8577e-05,Ag2Te_JVASP-108812_e_srniel.csv
Ag2Te,JVASP-108812,electron,5.0,4.1559e-05,Ag2Te_JVASP-108812_e_srniel.csv
Ag2Te,JVASP-108812,electron,5.5,4.4228e-05,Ag2Te_JVASP-108812_e_srniel.csv
Ag2Te,JVASP-108812,electron,6.0,4.6637e-05,Ag2Te_JVASP-108812_e_srniel.csv
Ag2Te,JVASP-108812,electron,6.5,4.8828e-05,Ag2Te_JVASP-108812_e_srniel.csv
Ag2Te,JVASP-108812,electron,7.0,5.0833e-05,Ag2Te_JVASP-108812_e_srniel.csv
Ag2Te,JVASP-108812,electron,7.5,5.2678e-05,Ag2Te_JVASP-108812_e_srniel.csv
Ag2Te,JVASP-108812,electron,8.0,5.4384e-05,Ag2Te_JVASP-108812_e_srniel.csv
Ag2Te,JVASP-108812,electron,8.5,5.5968e-05,Ag2Te_JVASP-108812_e_srniel.csv
Ag2Te,JVASP-108812,electron,9.0,5.7444e-05,Ag2Te_JVASP-108812_e_srniel.csv
Ag2Te,JVASP-108812,electron,9.5,5.8825e-05,Ag2Te_JVASP-108812_e_srniel.csv
Ag2Te,JVASP-108812,electron,10.0,6.012e-05,Ag2Te_JVASP-108812_e_srniel.csv
Ag2Te,JVASP-108812,electron,15.0,6.9751e-05,Ag2Te_JVASP-108812_e_srniel.csv
Ag2Te,JVASP-108812,electron,20.0,7.5754e-05,Ag2Te_JVASP-108812_e_srniel.csv
Ag2Te,JVASP-108812,electron,25.0,7.9761e-05,Ag2Te_JVASP-108812_e_srniel.csv
Ag2Te,JVASP-108812,electron,30.0,8.2509e-05,Ag2Te_JVASP-108812_e_srniel.csv
Ag2Te,JVASP-108812,electron,35.0,8.4404e-05,Ag2Te_JVASP-108812_e_srniel.csv
Ag2Te,JVASP-108812,electron,40.0,8.5699e-05,Ag2Te_JVASP-108812_e_srniel.csv
Ag2Te,JVASP-108812,electron,45.0,8.6564e-05,Ag2Te_JVASP-108812_e_srniel.csv
Ag2Te,JVASP-108812,electron,50.0,8.7119e-05,Ag2Te_JVASP-108812_e_srniel.csv
Ag2Te,JVASP-108812,electron,55.0,8.745e-05,Ag2Te_JVASP-108812_e_srniel.csv
Ag2Te,JVASP-108812,electron,60.0,8.7619e-05,Ag2Te_JVASP-108812_e_srniel.csv
Ag2Te,JVASP-108812,electron,65.0,8.7672e-05,Ag2Te_JVASP-108812_e_srniel.csv
Ag2Te,JVASP-108812,electron,70.0,8.7642e-05,Ag2Te_JVASP-108812_e_srniel.csv
Ag2Te,JVASP-108812,electron,75.0,8.7555e-05,Ag2Te_JVASP-108812_e_srniel.csv
Ag2Te,JVASP-108812,electron,80.0,8.7428e-05,Ag2Te_JVASP-108812_e_srniel.csv
Ag2Te,JVASP-108812,electron,85.0,8.7275e-05,Ag2Te_JVASP-108812_e_srniel.csv
Ag2Te,JVASP-108812,electron,90.0,8.7106e-05,Ag2Te_JVASP-108812_e_srniel.csv
Ag2Te,JVASP-108812,electron,95.0,8.6927e-05,Ag2Te_JVASP-108812_e_srniel.csv
Ag2Te,JVASP-108812,electron,100.0,8.6743e-05,Ag2Te_JVASP-108812_e_srniel.csv
Ag2Te,JVASP-108812,proton,0.0001,0.0,Ag2Te_JVASP-108812_p_srniel.csv
Ag2Te,JVASP-108812,proton,0.00015,0.0,Ag2Te_JVASP-108812_p_srniel.csv
Ag2Te,JVASP-108812,proton,0.0002,0.0,Ag2Te_JVASP-108812_p_srniel.csv
Ag2Te,JVASP-108812,proton,0.00025,0.0,Ag2Te_JVASP-108812_p_srniel.csv
Ag2Te,JVASP-108812,proton,0.0003,0.0,Ag2Te_JVASP-108812_p_srniel.csv
Ag2Te,JVASP-108812,proton,0.00035,0.0,Ag2Te_JVASP-108812_p_srniel.csv
Ag2Te,JVASP-108812,proton,0.0004,0.0,Ag2Te_JVASP-108812_p_srniel.csv
Ag2Te,JVASP-108812,proton,0.00045,0.0,Ag2Te_JVASP-108812_p_srniel.csv
Ag2Te,JVASP-108812,proton,0.0005,0.0,Ag2Te_JVASP-108812_p_srniel.csv
Ag2Te,JVASP-108812,proton,0.00055,0.0,Ag2Te_JVASP-108812_p_srniel.csv
Ag2Te,JVASP-108812,proton,0.0006,0.0,Ag2Te_JVASP-108812_p_srniel.csv
Ag2Te,JVASP-108812,proton,0.00065,0.0,Ag2Te_JVASP-108812_p_srniel.csv
Ag2Te,JVASP-108812,proton,0.0007,0.0056649,Ag2Te_JVASP-108812_p_srniel.csv
Ag2Te,JVASP-108812,proton,0.00075,0.046722,Ag2Te_JVASP-108812_p_srniel.csv
Ag2Te,JVASP-108812,proton,0.0008,0.083842,Ag2Te_JVASP-108812_p_srniel.csv
Ag2Te,JVASP-108812,proton,0.00085,0.11757,Ag2Te_JVASP-108812_p_srniel.csv
Ag2Te,JVASP-108812,proton,0.0009,0.14835,Ag2Te_JVASP-108812_p_srniel.csv
Ag2Te,JVASP-108812,proton,0.00095,0.17654,Ag2Te_JVASP-108812_p_srniel.csv
Ag2Te,JVASP-108812,proton,0.001,0.20245,Ag2Te_JVASP-108812_p_srniel.csv
Ag2Te,JVASP-108812,proton,0.0015,0.37827,Ag2Te_JVASP-108812_p_srniel.csv
Ag2Te,JVASP-108812,proton,0.002,0.52859,Ag2Te_JVASP-108812_p_srniel.csv
Ag2Te,JVASP-108812,proton,0.0025,0.62742,Ag2Te_JVASP-108812_p_srniel.csv
Ag2Te,JVASP-108812,proton,0.003,0.68986,Ag2Te_JVASP-108812_p_srniel.csv
Ag2Te,JVASP-108812,proton,0.0035,0.73017,Ag2Te_JVASP-108812_p_srniel.csv
Ag2Te,JVASP-108812,proton,0.004,0.75618,Ag2Te_JVASP-108812_p_srniel.csv
Ag2Te,JVASP-108812,proton,0.0045,0.77253,Ag2Te_JVASP-108812_p_srniel.csv
Ag2Te,JVASP-108812,proton,0.005,0.78218,Ag2Te_JVASP-108812_p_srniel.csv
Ag2Te,JVASP-108812,proton,0.0055,0.78706,Ag2Te_JVASP-108812_p_srniel.csv
Ag2Te,JVASP-108812,proton,0.006,0.78847,Ag2Te_JVASP-108812_p_srniel.csv
Ag2Te,JVASP-108812,proton,0.0065,0.78735,Ag2Te_JVASP-108812_p_srniel.csv
Ag2Te,JVASP-108812,proton,0.007,0.78436,Ag2Te_JVASP-108812_p_srniel.csv
Ag2Te,JVASP-108812,proton,0.0075,0.77997,Ag2Te_JVASP-108812_p_srniel.csv
Ag2Te,JVASP-108812,proton,0.008,0.77455,Ag2Te_JVASP-108812_p_srniel.csv
Ag2Te,JVASP-108812,proton,0.0085,0.76837,Ag2Te_JVASP-108812_p_srniel.csv
Ag2Te,JVASP-108812,proton,0.009,0.76163,Ag2Te_JVASP-108812_p_srniel.csv
Ag2Te,JVASP-108812,proton,0.0095,0.75448,Ag2Te_JVASP-108812_p_srniel.csv
Ag2Te,JVASP-108812,proton,0.01,0.74705,Ag2Te_JVASP-108812_p_srniel.csv
Ag2Te,JVASP-108812,proton,0.015,0.6704,Ag2Te_JVASP-108812_p_srniel.csv
Ag2Te,JVASP-108812,proton,0.02,0.60325,Ag2Te_JVASP-108812_p_srniel.csv
Ag2Te,JVASP-108812,proton,0.025,0.54799,Ag2Te_JVASP-108812_p_srniel.csv
Ag2Te,JVASP-108812,proton,0.03,0.50244,Ag2Te_JVASP-108812_p_srniel.csv
Ag2Te,JVASP-108812,proton,0.035,0.46443,Ag2Te_JVASP-108812_p_srniel.csv
Ag2Te,JVASP-108812,proton,0.04,0.43225,Ag2Te_JVASP-108812_p_srniel.csv
Ag2Te,JVASP-108812,proton,0.045,0.40465,Ag2Te_JVASP-108812_p_srniel.csv
Ag2Te,JVASP-108812,proton,0.05,0.38071,Ag2Te_JVASP-108812_p_srniel.csv
Ag2Te,JVASP-108812,proton,0.055,0.35972,Ag2Te_JVASP-108812_p_srniel.csv
Ag2Te,JVASP-108812,proton,0.06,0.34116,Ag2Te_JVASP-108812_p_srniel.csv
Ag2Te,JVASP-108812,proton,0.065,0.32461,Ag2Te_JVASP-108812_p_srniel.csv
Ag2Te,JVASP-108812,proton,0.07,0.30975,Ag2Te_JVASP-108812_p_srniel.csv
Ag2Te,JVASP-108812,proton,0.075,0.29634,Ag2Te_JVASP-108812_p_srniel.csv
Ag2Te,JVASP-108812,proton,0.08,0.28415,Ag2Te_JVASP-108812_p_srniel.csv
Ag2Te,JVASP-108812,proton,0.085,0.27303,Ag2Te_JVASP-108812_p_srniel.csv
Ag2Te,JVASP-108812,proton,0.09,0.26283,Ag2Te_JVASP-108812_p_srniel.csv
Ag2Te,JVASP-108812,proton,0.095,0.25344,Ag2Te_JVASP-108812_p_srniel.csv
Ag2Te,JVASP-108812,proton,0.1,0.24477,Ag2Te_JVASP-108812_p_srniel.csv
Ag2Te,JVASP-108812,proton,0.15,0.18401,Ag2Te_JVASP-108812_p_srniel.csv
Ag2Te,JVASP-108812,proton,0.2,0.14885,Ag2Te_JVASP-108812_p_srniel.csv
Ag2Te,JVASP-108812,proton,0.25,0.12567,Ag2Te_JVASP-108812_p_srniel.csv
Ag2Te,JVASP-108812,proton,0.3,0.10913,Ag2Te_JVASP-108812_p_srniel.csv
Ag2Te,JVASP-108812,proton,0.35,0.096689,Ag2Te_JVASP-108812_p_srniel.csv
Ag2Te,JVASP-108812,proton,0.4,0.086892,Ag2Te_JVASP-108812_p_srniel.csv
Ag2Te,JVASP-108812,proton,0.45,0.078979,Ag2Te_JVASP-108812_p_srniel.csv
Ag2Te,JVASP-108812,proton,0.5,0.072514,Ag2Te_JVASP-108812_p_srniel.csv
Ag2Te,JVASP-108812,proton,0.55,0.067123,Ag2Te_JVASP-108812_p_srniel.csv
Ag2Te,JVASP-108812,proton,0.6,0.062552,Ag2Te_JVASP-108812_p_srniel.csv
Ag2Te,JVASP-108812,proton,0.65,0.058623,Ag2Te_JVASP-108812_p_srniel.csv
Ag2Te,JVASP-108812,proton,0.7,0.055205,Ag2Te_JVASP-108812_p_srniel.csv
Ag2Te,JVASP-108812,proton,0.75,0.052202,Ag2Te_JVASP-108812_p_srniel.csv
Ag2Te,JVASP-108812,proton,0.8,0.049542,Ag2Te_JVASP-108812_p_srniel.csv
Ag2Te,JVASP-108812,proton,0.85,0.047166,Ag2Te_JVASP-108812_p_srniel.csv
Ag2Te,JVASP-108812,proton,0.9,0.045031,Ag2Te_JVASP-108812_p_srniel.csv
Ag2Te,JVASP-108812,proton,0.95,0.0431,Ag2Te_JVASP-108812_p_srniel.csv
Ag2Te,JVASP-108812,proton,1.0,0.041345,Ag2Te_JVASP-108812_p_srniel.csv
Ag2Te,JVASP-108812,proton,1.5,0.02924,Ag2Te_JVASP-108812_p_srniel.csv
Ag2Te,JVASP-108812,proton,2.0,0.022697,Ag2Te_JVASP-108812_p_srniel.csv
Ag2Te,JVASP-108812,proton,2.5,0.018629,Ag2Te_JVASP-108812_p_srniel.csv
Ag2Te,JVASP-108812,proton,3.0,0.015843,Ag2Te_JVASP-108812_p_srniel.csv
Ag2Te,JVASP-108812,proton,3.5,0.01381,Ag2Te_JVASP-108812_p_srniel.csv
Ag2Te,JVASP-108812,proton,4.0,0.012258,Ag2Te_JVASP-108812_p_srniel.csv
Ag2Te,JVASP-108812,proton,4.5,0.011033,Ag2Te_JVASP-108812_p_srniel.csv
Ag2Te,JVASP-108812,proton,5.0,0.010039,Ag2Te_JVASP-108812_p_srniel.csv
Ag2Te,JVASP-108812,proton,5.5,0.0092183,Ag2Te_JVASP-108812_p_srniel.csv
Ag2Te,JVASP-108812,proton,6.0,0.0085359,Ag2Te_JVASP-108812_p_srniel.csv
Ag2Te,JVASP-108812,proton,6.5,0.007969,Ag2Te_JVASP-108812_p_srniel.csv
Ag2Te,JVASP-108812,proton,7.0,0.0074878,Ag2Te_JVASP-108812_p_srniel.csv
Ag2Te,JVASP-108812,proton,7.5,0.0070677,Ag2Te_JVASP-108812_p_srniel.csv
Ag2Te,JVASP-108812,proton,8.0,0.0066951,Ag2Te_JVASP-108812_p_srniel.csv
Ag2Te,JVASP-108812,proton,8.5,0.0063625,Ag2Te_JVASP-108812_p_srniel.csv
Ag2Te,JVASP-108812,proton,9.0,0.0060648,Ag2Te_JVASP-108812_p_srniel.csv
Ag2Te,JVASP-108812,proton,9.5,0.005798,Ag2Te_JVASP-108812_p_srniel.csv
Ag2Te,JVASP-108812,proton,10.0,0.0055583,Ag2Te_JVASP-108812_p_srniel.csv
Ag2Te,JVASP-108812,proton,15.0,0.0040999,Ag2Te_JVASP-108812_p_srniel.csv
Ag2Te,JVASP-108812,proton,20.0,0.0034463,Ag2Te_JVASP-108812_p_srniel.csv
Ag2Te,JVASP-108812,proton,25.0,0.0030836,Ag2Te_JVASP-108812_p_srniel.csv
Ag2Te,JVASP-108812,proton,30.0,0.0028519,Ag2Te_JVASP-108812_p_srniel.csv
Ag2Te,JVASP-108812,proton,35.0,0.0026895,Ag2Te_JVASP-108812_p_srniel.csv
Ag2Te,JVASP-108812,proton,40.0,0.0025685,Ag2Te_JVASP-108812_p_srniel.csv
Ag2Te,JVASP-108812,proton,45.0,0.002475,Ag2Te_JVASP-108812_p_srniel.csv
Ag2Te,JVASP-108812,proton,50.0,0.0024017,Ag2Te_JVASP-108812_p_srniel.csv
Ag2Te,JVASP-108812,proton,55.0,0.0023439,Ag2Te_JVASP-108812_p_srniel.csv
Ag2Te,JVASP-108812,proton,60.0,0.0022987,Ag2Te_JVASP-108812_p_srniel.csv
Ag2Te,JVASP-108812,proton,65.0,0.0022636,Ag2Te_JVASP-108812_p_srniel.csv
Ag2Te,JVASP-108812,proton,70.0,0.0022368,Ag2Te_JVASP-108812_p_srniel.csv
Ag2Te,JVASP-108812,proton,75.0,0.0022166,Ag2Te_JVASP-108812_p_srniel.csv
Ag2Te,JVASP-108812,proton,80.0,0.0022018,Ag2Te_JVASP-108812_p_srniel.csv
Ag2Te,JVASP-108812,proton,85.0,0.0021912,Ag2Te_JVASP-108812_p_srniel.csv
Ag2Te,JVASP-108812,proton,90.0,0.0021837,Ag2Te_JVASP-108812_p_srniel.csv
Ag2Te,JVASP-108812,proton,95.0,0.0021786,Ag2Te_JVASP-108812_p_srniel.csv
Ag2Te,JVASP-108812,proton,100.0,0.0021752,Ag2Te_JVASP-108812_p_srniel.csv
Ag2Te,JVASP-108812,proton,150.0,0.0021593,Ag2Te_JVASP-108812_p_srniel.csv
Ag2Te,JVASP-108812,proton,200.0,0.0021297,Ag2Te_JVASP-108812_p_srniel.csv
Ag2Te,JVASP-108812,proton,250.0,0.0021239,Ag2Te_JVASP-108812_p_srniel.csv
Ag2Te,JVASP-108812,proton,300.0,0.0021618,Ag2Te_JVASP-108812_p_srniel.csv
Ag2Te,JVASP-108812,proton,350.0,0.0022363,Ag2Te_JVASP-108812_p_srniel.csv
Ag2Te,JVASP-108812,proton,400.0,0.0023313,Ag2Te_JVASP-108812_p_srniel.csv
Ag2Te,JVASP-108812,proton,450.0,0.0024316,Ag2Te_JVASP-108812_p_srniel.csv
Ag2Te,JVASP-108812,proton,500.0,0.0025267,Ag2Te_JVASP-108812_p_srniel.csv
Ag2Te,JVASP-108812,proton,550.0,0.0026114,Ag2Te_JVASP-108812_p_srniel.csv
Ag2Te,JVASP-108812,proton,600.0,0.0026854,Ag2Te_JVASP-108812_p_srniel.csv
Ag2Te,JVASP-108812,proton,650.0,0.0027511,Ag2Te_JVASP-108812_p_srniel.csv
Ag2Te,JVASP-108812,proton,700.0,0.0028119,Ag2Te_JVASP-108812_p_srniel.csv
Ag2Te,JVASP-108812,proton,750.0,0.0028702,Ag2Te_JVASP-108812_p_srniel.csv
Ag2Te,JVASP-108812,proton,800.0,0.0029264,Ag2Te_JVASP-108812_p_srniel.csv
Ag2Te,JVASP-108812,proton,850.0,0.0029777,Ag2Te_JVASP-108812_p_srniel.csv
Ag2Te,JVASP-108812,proton,900.0,0.0030176,Ag2Te_JVASP-108812_p_srniel.csv
Ag2Te,JVASP-108812,proton,950.0,0.0030354,Ag2Te_JVASP-108812_p_srniel.csv
Ag2Te,JVASP-108812,proton,1000.0,0.0030171,Ag2Te_JVASP-108812_p_srniel.csv
Ag3PO4,JVASP-9585,electron,0.04,0.0,Ag3PO4_JVASP-9585_e_srniel.csv
Ag3PO4,JVASP-9585,electron,0.045,0.0,Ag3PO4_JVASP-9585_e_srniel.csv
Ag3PO4,JVASP-9585,electron,0.05,5.1364e-07,Ag3PO4_JVASP-9585_e_srniel.csv
Ag3PO4,JVASP-9585,electron,0.055,1.7505e-06,Ag3PO4_JVASP-9585_e_srniel.csv
Ag3PO4,JVASP-9585,electron,0.06,2.701e-06,Ag3PO4_JVASP-9585_e_srniel.csv
Ag3PO4,JVASP-9585,electron,0.065,3.4447e-06,Ag3PO4_JVASP-9585_e_srniel.csv
Ag3PO4,JVASP-9585,electron,0.07,4.0354e-06,Ag3PO4_JVASP-9585_e_srniel.csv
Ag3PO4,JVASP-9585,electron,0.075,4.5106e-06,Ag3PO4_JVASP-9585_e_srniel.csv
Ag3PO4,JVASP-9585,electron,0.08,4.8973e-06,Ag3PO4_JVASP-9585_e_srniel.csv
Ag3PO4,JVASP-9585,electron,0.085,5.215e-06,Ag3PO4_JVASP-9585_e_srniel.csv
Ag3PO4,JVASP-9585,electron,0.09,5.4784e-06,Ag3PO4_JVASP-9585_e_srniel.csv
Ag3PO4,JVASP-9585,electron,0.095,5.6986e-06,Ag3PO4_JVASP-9585_e_srniel.csv
Ag3PO4,JVASP-9585,electron,0.1,5.8839e-06,Ag3PO4_JVASP-9585_e_srniel.csv
Ag3PO4,JVASP-9585,electron,0.15,7.5224e-06,Ag3PO4_JVASP-9585_e_srniel.csv
Ag3PO4,JVASP-9585,electron,0.2,8.2828e-06,Ag3PO4_JVASP-9585_e_srniel.csv
Ag3PO4,JVASP-9585,electron,0.25,8.7154e-06,Ag3PO4_JVASP-9585_e_srniel.csv
Ag3PO4,JVASP-9585,electron,0.3,9.0354e-06,Ag3PO4_JVASP-9585_e_srniel.csv
Ag3PO4,JVASP-9585,electron,0.35,9.3107e-06,Ag3PO4_JVASP-9585_e_srniel.csv
Ag3PO4,JVASP-9585,electron,0.4,9.5659e-06,Ag3PO4_JVASP-9585_e_srniel.csv
Ag3PO4,JVASP-9585,electron,0.45,9.8109e-06,Ag3PO4_JVASP-9585_e_srniel.csv
Ag3PO4,JVASP-9585,electron,0.5,1.0216e-05,Ag3PO4_JVASP-9585_e_srniel.csv
Ag3PO4,JVASP-9585,electron,0.55,1.1302e-05,Ag3PO4_JVASP-9585_e_srniel.csv
Ag3PO4,JVASP-9585,electron,0.6,1.2491e-05,Ag3PO4_JVASP-9585_e_srniel.csv
Ag3PO4,JVASP-9585,electron,0.65,1.3733e-05,Ag3PO4_JVASP-9585_e_srniel.csv
Ag3PO4,JVASP-9585,electron,0.7,1.4997e-05,Ag3PO4_JVASP-9585_e_srniel.csv
Ag3PO4,JVASP-9585,electron,0.75,1.6263e-05,Ag3PO4_JVASP-9585_e_srniel.csv
Ag3PO4,JVASP-9585,electron,0.8,1.7518e-05,Ag3PO4_JVASP-9585_e_srniel.csv
Ag3PO4,JVASP-9585,electron,0.85,1.8753e-05,Ag3PO4_JVASP-9585_e_srniel.csv
Ag3PO4,JVASP-9585,electron,0.9,1.9962e-05,Ag3PO4_JVASP-9585_e_srniel.csv
Ag3PO4,JVASP-9585,electron,0.95,2.1144e-05,Ag3PO4_JVASP-9585_e_srniel.csv
Ag3PO4,JVASP-9585,electron,1.0,2.2295e-05,Ag3PO4_JVASP-9585_e_srniel.csv
Ag3PO4,JVASP-9585,electron,1.5,3.2184e-05,Ag3PO4_JVASP-9585_e_srniel.csv
Ag3PO4,JVASP-9585,electron,2.0,3.9749e-05,Ag3PO4_JVASP-9585_e_srniel.csv
Ag3PO4,JVASP-9585,electron,2.5,4.5781e-05,Ag3PO4_JVASP-9585_e_srniel.csv
Ag3PO4,JVASP-9585,electron,3.0,5.0767e-05,Ag3PO4_JVASP-9585_e_srniel.csv
Ag3PO4,JVASP-9585,electron,3.5,5.5e-05,Ag3PO4_JVASP-9585_e_srniel.csv
Ag3PO4,JVASP-9585,electron,4.0,5.8666e-05,Ag3PO4_JVASP-9585_e_srniel.csv
Ag3PO4,JVASP-9585,electron,4.5,6.1891e-05,Ag3PO4_JVASP-9585_e_srniel.csv
Ag3PO4,JVASP-9585,electron,5.0,6.4765e-05,Ag3PO4_JVASP-9585_e_srniel.csv
Ag3PO4,JVASP-9585,electron,5.5,6.7351e-05,Ag3PO4_JVASP-9585_e_srniel.csv
Ag3PO4,JVASP-9585,electron,6.0,6.9698e-05,Ag3PO4_JVASP-9585_e_srniel.csv
Ag3PO4,JVASP-9585,electron,6.5,7.1843e-05,Ag3PO4_JVASP-9585_e_srniel.csv
Ag3PO4,JVASP-9585,electron,7.0,7.3815e-05,Ag3PO4_JVASP-9585_e_srniel.csv
Ag3PO4,JVASP-9585,electron,7.5,7.5637e-05,Ag3PO4_JVASP-9585_e_srniel.csv
Ag3PO4,JVASP-9585,electron,8.0,7.7329e-05,Ag3PO4_JVASP-9585_e_srniel.csv
Ag3PO4,JVASP-9585,electron,8.5,7.8905e-05,Ag3PO4_JVASP-9585_e_srniel.csv
Ag3PO4,JVASP-9585,electron,9.0,8.0379e-05,Ag3PO4_JVASP-9585_e_srniel.csv
Ag3PO4,JVASP-9585,electron,9.5,8.1761e-05,Ag3PO4_JVASP-9585_e_srniel.csv
Ag3PO4,JVASP-9585,electron,10.0,8.3061e-05,Ag3PO4_JVASP-9585_e_srniel.csv
Ag3PO4,JVASP-9585,electron,15.0,9.2838e-05,Ag3PO4_JVASP-9585_e_srniel.csv
Ag3PO4,JVASP-9585,electron,20.0,9.904e-05,Ag3PO4_JVASP-9585_e_srniel.csv
Ag3PO4,JVASP-9585,electron,25.0,0.00010325,Ag3PO4_JVASP-9585_e_srniel.csv
Ag3PO4,JVASP-9585,electron,30.0,0.00010621,Ag3PO4_JVASP-9585_e_srniel.csv
Ag3PO4,JVASP-9585,electron,35.0,0.00010831,Ag3PO4_JVASP-9585_e_srniel.csv
Ag3PO4,JVASP-9585,electron,40.0,0.0001098,Ag3PO4_JVASP-9585_e_srniel.csv
Ag3PO4,JVASP-9585,electron,45.0,0.00011086,Ag3PO4_JVASP-9585_e_srniel.csv
Ag3PO4,JVASP-9585,electron,50.0,0.0001116,Ag3PO4_JVASP-9585_e_srniel.csv
Ag3PO4,JVASP-9585,electron,55.0,0.0001121,Ag3PO4_JVASP-9585_e_srniel.csv
Ag3PO4,JVASP-9585,electron,60.0,0.00011243,Ag3PO4_JVASP-9585_e_srniel.csv
Ag3PO4,JVASP-9585,electron,65.0,0.00011264,Ag3PO4_JVASP-9585_e_srniel.csv
Ag3PO4,JVASP-9585,electron,70.0,0.00011275,Ag3PO4_JVASP-9585_e_srniel.csv
Ag3PO4,JVASP-9585,electron,75.0,0.00011279,Ag3PO4_JVASP-9585_e_srniel.csv
Ag3PO4,JVASP-9585,electron,80.0,0.00011278,Ag3PO4_JVASP-9585_e_srniel.csv
Ag3PO4,JVASP-9585,electron,85.0,0.00011273,Ag3PO4_JVASP-9585_e_srniel.csv
Ag3PO4,JVASP-9585,electron,90.0,0.00011266,Ag3PO4_JVASP-9585_e_srniel.csv
Ag3PO4,JVASP-9585,electron,95.0,0.00011257,Ag3PO4_JVASP-9585_e_srniel.csv
Ag3PO4,JVASP-9585,electron,100.0,0.00011247,Ag3PO4_JVASP-9585_e_srniel.csv
Ag3PO4,JVASP-9585,proton,0.0001,1.7836,Ag3PO4_JVASP-9585_p_srniel.csv
Ag3PO4,JVASP-9585,proton,0.00015,2.2546,Ag3PO4_JVASP-9585_p_srniel.csv
Ag3PO4,JVASP-9585,proton,0.0002,2.4935,Ag3PO4_JVASP-9585_p_srniel.csv
Ag3PO4,JVASP-9585,proton,0.00025,2.6225,Ag3PO4_JVASP-9585_p_srniel.csv
Ag3PO4,JVASP-9585,proton,0.0003,2.6913,Ag3PO4_JVASP-9585_p_srniel.csv
Ag3PO4,JVASP-9585,proton,0.00035,2.7243,Ag3PO4_JVASP-9585_p_srniel.csv
Ag3PO4,JVASP-9585,proton,0.0004,2.7347,Ag3PO4_JVASP-9585_p_srniel.csv
Ag3PO4,JVASP-9585,proton,0.00045,2.8128,Ag3PO4_JVASP-9585_p_srniel.csv
Ag3PO4,JVASP-9585,proton,0.0005,2.8707,Ag3PO4_JVASP-9585_p_srniel.csv
Ag3PO4,JVASP-9585,proton,0.00055,2.9126,Ag3PO4_JVASP-9585_p_srniel.csv
Ag3PO4,JVASP-9585,proton,0.0006,2.9423,Ag3PO4_JVASP-9585_p_srniel.csv
Ag3PO4,JVASP-9585,proton,0.00065,2.9627,Ag3PO4_JVASP-9585_p_srniel.csv
Ag3PO4,JVASP-9585,proton,0.0007,2.9759,Ag3PO4_JVASP-9585_p_srniel.csv
Ag3PO4,JVASP-9585,proton,0.00075,2.9834,Ag3PO4_JVASP-9585_p_srniel.csv
Ag3PO4,JVASP-9585,proton,0.0008,2.9864,Ag3PO4_JVASP-9585_p_srniel.csv
Ag3PO4,JVASP-9585,proton,0.00085,2.9859,Ag3PO4_JVASP-9585_p_srniel.csv
Ag3PO4,JVASP-9585,proton,0.0009,2.9824,Ag3PO4_JVASP-9585_p_srniel.csv
Ag3PO4,JVASP-9585,proton,0.00095,2.9767,Ag3PO4_JVASP-9585_p_srniel.csv
Ag3PO4,JVASP-9585,proton,0.001,2.969,Ag3PO4_JVASP-9585_p_srniel.csv
Ag3PO4,JVASP-9585,proton,0.0015,2.8425,Ag3PO4_JVASP-9585_p_srniel.csv
Ag3PO4,JVASP-9585,proton,0.002,2.6951,Ag3PO4_JVASP-9585_p_srniel.csv
Ag3PO4,JVASP-9585,proton,0.0025,2.557,Ag3PO4_JVASP-9585_p_srniel.csv
Ag3PO4,JVASP-9585,proton,0.003,2.4326,Ag3PO4_JVASP-9585_p_srniel.csv
Ag3PO4,JVASP-9585,proton,0.0035,2.3215,Ag3PO4_JVASP-9585_p_srniel.csv
Ag3PO4,JVASP-9585,proton,0.004,2.222,Ag3PO4_JVASP-9585_p_srniel.csv
Ag3PO4,JVASP-9585,proton,0.0045,2.1325,Ag3PO4_JVASP-9585_p_srniel.csv
Ag3PO4,JVASP-9585,proton,0.005,2.0515,Ag3PO4_JVASP-9585_p_srniel.csv
Ag3PO4,JVASP-9585,proton,0.0055,1.9777,Ag3PO4_JVASP-9585_p_srniel.csv
Ag3PO4,JVASP-9585,proton,0.006,1.9102,Ag3PO4_JVASP-9585_p_srniel.csv
Ag3PO4,JVASP-9585,proton,0.0065,1.8482,Ag3PO4_JVASP-9585_p_srniel.csv
Ag3PO4,JVASP-9585,proton,0.007,1.791,Ag3PO4_JVASP-9585_p_srniel.csv
Ag3PO4,JVASP-9585,proton,0.0075,1.7379,Ag3PO4_JVASP-9585_p_srniel.csv
Ag3PO4,JVASP-9585,proton,0.008,1.6886,Ag3PO4_JVASP-9585_p_srniel.csv
Ag3PO4,JVASP-9585,proton,0.0085,1.6425,Ag3PO4_JVASP-9585_p_srniel.csv
Ag3PO4,JVASP-9585,proton,0.009,1.5994,Ag3PO4_JVASP-9585_p_srniel.csv
Ag3PO4,JVASP-9585,proton,0.0095,1.559,Ag3PO4_JVASP-9585_p_srniel.csv
Ag3PO4,JVASP-9585,proton,0.01,1.5209,Ag3PO4_JVASP-9585_p_srniel.csv
Ag3PO4,JVASP-9585,proton,0.015,1.2339,Ag3PO4_JVASP-9585_p_srniel.csv
Ag3PO4,JVASP-9585,proton,0.02,1.0487,Ag3PO4_JVASP-9585_p_srniel.csv
Ag3PO4,JVASP-9585,proton,0.025,0.91736,Ag3PO4_JVASP-9585_p_srniel.csv
Ag3PO4,JVASP-9585,proton,0.03,0.81854,Ag3PO4_JVASP-9585_p_srniel.csv
Ag3PO4,JVASP-9585,proton,0.035,0.74103,Ag3PO4_JVASP-9585_p_srniel.csv
Ag3PO4,JVASP-9585,proton,0.04,0.67834,Ag3PO4_JVASP-9585_p_srniel.csv
Ag3PO4,JVASP-9585,proton,0.045,0.62644,Ag3PO4_JVASP-9585_p_srniel.csv
Ag3PO4,JVASP-9585,proton,0.05,0.58267,Ag3PO4_JVASP-9585_p_srniel.csv
Ag3PO4,JVASP-9585,proton,0.055,0.54511,Ag3PO4_JVASP-9585_p_srniel.csv
Ag3PO4,JVASP-9585,proton,0.06,0.51258,Ag3PO4_JVASP-9585_p_srniel.csv
Ag3PO4,JVASP-9585,proton,0.065,0.48411,Ag3PO4_JVASP-9585_p_srniel.csv
Ag3PO4,JVASP-9585,proton,0.07,0.45896,Ag3PO4_JVASP-9585_p_srniel.csv
Ag3PO4,JVASP-9585,proton,0.075,0.43655,Ag3PO4_JVASP-9585_p_srniel.csv
Ag3PO4,JVASP-9585,proton,0.08,0.41644,Ag3PO4_JVASP-9585_p_srniel.csv
Ag3PO4,JVASP-9585,proton,0.085,0.39828,Ag3PO4_JVASP-9585_p_srniel.csv
Ag3PO4,JVASP-9585,proton,0.09,0.3818,Ag3PO4_JVASP-9585_p_srniel.csv
Ag3PO4,JVASP-9585,proton,0.095,0.36675,Ag3PO4_JVASP-9585_p_srniel.csv
Ag3PO4,JVASP-9585,proton,0.1,0.35296,Ag3PO4_JVASP-9585_p_srniel.csv
Ag3PO4,JVASP-9585,proton,0.15,0.25914,Ag3PO4_JVASP-9585_p_srniel.csv
Ag3PO4,JVASP-9585,proton,0.2,0.20593,Ag3PO4_JVASP-9585_p_srniel.csv
Ag3PO4,JVASP-9585,proton,0.25,0.17171,Ag3PO4_JVASP-9585_p_srniel.csv
Ag3PO4,JVASP-9585,proton,0.3,0.14775,Ag3PO4_JVASP-9585_p_srniel.csv
Ag3PO4,JVASP-9585,proton,0.35,0.12985,Ag3PO4_JVASP-9585_p_srniel.csv
Ag3PO4,JVASP-9585,proton,0.4,0.11597,Ag3PO4_JVASP-9585_p_srniel.csv
Ag3PO4,JVASP-9585,proton,0.45,0.10492,Ag3PO4_JVASP-9585_p_srniel.csv
Ag3PO4,JVASP-9585,proton,0.5,0.095926,Ag3PO4_JVASP-9585_p_srniel.csv
Ag3PO4,JVASP-9585,proton,0.55,0.088454,Ag3PO4_JVASP-9585_p_srniel.csv
Ag3PO4,JVASP-9585,proton,0.6,0.08214,Ag3PO4_JVASP-9585_p_srniel.csv
Ag3PO4,JVASP-9585,proton,0.65,0.076729,Ag3PO4_JVASP-9585_p_srniel.csv
Ag3PO4,JVASP-9585,proton,0.7,0.072036,Ag3PO4_JVASP-9585_p_srniel.csv
Ag3PO4,JVASP-9585,proton,0.75,0.067924,Ag3PO4_JVASP-9585_p_srniel.csv
Ag3PO4,JVASP-9585,proton,0.8,0.06429,Ag3PO4_JVASP-9585_p_srniel.csv
Ag3PO4,JVASP-9585,proton,0.85,0.061054,Ag3PO4_JVASP-9585_p_srniel.csv
Ag3PO4,JVASP-9585,proton,0.9,0.058151,Ag3PO4_JVASP-9585_p_srniel.csv
Ag3PO4,JVASP-9585,proton,0.95,0.055532,Ag3PO4_JVASP-9585_p_srniel.csv
Ag3PO4,JVASP-9585,proton,1.0,0.053157,Ag3PO4_JVASP-9585_p_srniel.csv
Ag3PO4,JVASP-9585,proton,1.5,0.037045,Ag3PO4_JVASP-9585_p_srniel.csv
Ag3PO4,JVASP-9585,proton,2.0,0.028487,Ag3PO4_JVASP-9585_p_srniel.csv
Ag3PO4,JVASP-9585,proton,2.5,0.023222,Ag3PO4_JVASP-9585_p_srniel.csv
Ag3PO4,JVASP-9585,proton,3.0,0.019652,Ag3PO4_JVASP-9585_p_srniel.csv
Ag3PO4,JVASP-9585,proton,3.5,0.017075,Ag3PO4_JVASP-9585_p_srniel.csv
Ag3PO4,JVASP-9585,proton,4.0,0.015187,Ag3PO4_JVASP-9585_p_srniel.csv
Ag3PO4,JVASP-9585,proton,4.5,0.013702,Ag3PO4_JVASP-9585_p_srniel.csv
Ag3PO4,JVASP-9585,proton,5.0,0.012474,Ag3PO4_JVASP-9585_p_srniel.csv
Ag3PO4,JVASP-9585,proton,5.5,0.011462,Ag3PO4_JVASP-9585_p_srniel.csv
Ag3PO4,JVASP-9585,proton,6.0,0.010631,Ag3PO4_JVASP-9585_p_srniel.csv
Ag3PO4,JVASP-9585,proton,6.5,0.0099496,Ag3PO4_JVASP-9585_p_srniel.csv
Ag3PO4,JVASP-9585,proton,7.0,0.0093775,Ag3PO4_JVASP-9585_p_srniel.csv
Ag3PO4,JVASP-9585,proton,7.5,0.0088809,Ag3PO4_JVASP-9585_p_srniel.csv
Ag3PO4,JVASP-9585,proton,8.0,0.0084408,Ag3PO4_JVASP-9585_p_srniel.csv
Ag3PO4,JVASP-9585,proton,8.5,0.0080467,Ag3PO4_JVASP-9585_p_srniel.csv
Ag3PO4,JVASP-9585,proton,9.0,0.0076922,Ag3PO4_JVASP-9585_p_srniel.csv
Ag3PO4,JVASP-9585,proton,9.5,0.0073724,Ag3PO4_JVASP-9585_p_srniel.csv
Ag3PO4,JVASP-9585,proton,10.0,0.0070832,Ag3PO4_JVASP-9585_p_srniel.csv
Ag3PO4,JVASP-9585,proton,15.0,0.0053138,Ag3PO4_JVASP-9585_p_srniel.csv
Ag3PO4,JVASP-9585,proton,20.0,0.0045563,Ag3PO4_JVASP-9585_p_srniel.csv
Ag3PO4,JVASP-9585,proton,25.0,0.0041557,Ag3PO4_JVASP-9585_p_srniel.csv
Ag3PO4,JVASP-9585,proton,30.0,0.0038968,Ag3PO4_JVASP-9585_p_srniel.csv
Ag3PO4,JVASP-9585,proton,35.0,0.0037034,Ag3PO4_JVASP-9585_p_srniel.csv
Ag3PO4,JVASP-9585,proton,40.0,0.0035483,Ag3PO4_JVASP-9585_p_srniel.csv
Ag3PO4,JVASP-9585,proton,45.0,0.003421,Ag3PO4_JVASP-9585_p_srniel.csv
Ag3PO4,JVASP-9585,proton,50.0,0.0033165,Ag3PO4_JVASP-9585_p_srniel.csv
Ag3PO4,JVASP-9585,proton,55.0,0.0032312,Ag3PO4_JVASP-9585_p_srniel.csv
Ag3PO4,JVASP-9585,proton,60.0,0.003162,Ag3PO4_JVASP-9585_p_srniel.csv
Ag3PO4,JVASP-9585,proton,65.0,0.0031064,Ag3PO4_JVASP-9585_p_srniel.csv
Ag3PO4,JVASP-9585,proton,70.0,0.003062,Ag3PO4_JVASP-9585_p_srniel.csv
Ag3PO4,JVASP-9585,proton,75.0,0.0030266,Ag3PO4_JVASP-9585_p_srniel.csv
Ag3PO4,JVASP-9585,proton,80.0,0.0029985,Ag3PO4_JVASP-9585_p_srniel.csv
Ag3PO4,JVASP-9585,proton,85.0,0.002976,Ag3PO4_JVASP-9585_p_srniel.csv
Ag3PO4,JVASP-9585,proton,90.0,0.002958,Ag3PO4_JVASP-9585_p_srniel.csv
Ag3PO4,JVASP-9585,proton,95.0,0.0029434,Ag3PO4_JVASP-9585_p_srniel.csv
Ag3PO4,JVASP-9585,proton,100.0,0.0029312,Ag3PO4_JVASP-9585_p_srniel.csv
Ag3PO4,JVASP-9585,proton,150.0,0.0028497,Ag3PO4_JVASP-9585_p_srniel.csv
Ag3PO4,JVASP-9585,proton,200.0,0.0027799,Ag3PO4_JVASP-9585_p_srniel.csv
Ag3PO4,JVASP-9585,proton,250.0,0.0027576,Ag3PO4_JVASP-9585_p_srniel.csv
Ag3PO4,JVASP-9585,proton,300.0,0.002799,Ag3PO4_JVASP-9585_p_srniel.csv
Ag3PO4,JVASP-9585,proton,350.0,0.0028902,Ag3PO4_JVASP-9585_p_srniel.csv
Ag3PO4,JVASP-9585,proton,400.0,0.0030089,Ag3PO4_JVASP-9585_p_srniel.csv
Ag3PO4,JVASP-9585,proton,450.0,0.003135,Ag3PO4_JVASP-9585_p_srniel.csv
Ag3PO4,JVASP-9585,proton,500.0,0.0032547,Ag3PO4_JVASP-9585_p_srniel.csv
Ag3PO4,JVASP-9585,proton,550.0,0.0033614,Ag3PO4_JVASP-9585_p_srniel.csv
Ag3PO4,JVASP-9585,proton,600.0,0.0034544,Ag3PO4_JVASP-9585_p_srniel.csv
Ag3PO4,JVASP-9585,proton,650.0,0.0035367,Ag3PO4_JVASP-9585_p_srniel.csv
Ag3PO4,JVASP-9585,proton,700.0,0.0036122,Ag3PO4_JVASP-9585_p_srniel.csv
Ag3PO4,JVASP-9585,proton,750.0,0.0036843,Ag3PO4_JVASP-9585_p_srniel.csv
Ag3PO4,JVASP-9585,proton,800.0,0.0037534,Ag3PO4_JVASP-9585_p_srniel.csv
Ag3PO4,JVASP-9585,proton,850.0,0.0038164,Ag3PO4_JVASP-9585_p_srniel.csv
Ag3PO4,JVASP-9585,proton,900.0,0.0038654,Ag3PO4_JVASP-9585_p_srniel.csv
Ag3PO4,JVASP-9585,proton,950.0,0.0038879,Ag3PO4_JVASP-9585_p_srniel.csv
Ag3PO4,JVASP-9585,proton,1000.0,0.0038675,Ag3PO4_JVASP-9585_p_srniel.csv
Ag3SI,JVASP-53111,electron,0.04,0.0,Ag3SI_JVASP-53111_e_srniel.csv
Ag3SI,JVASP-53111,electron,0.045,6.3336e-07,Ag3SI_JVASP-53111_e_srniel.csv
Ag3SI,JVASP-53111,electron,0.05,1.2918e-06,Ag3SI_JVASP-53111_e_srniel.csv
Ag3SI,JVASP-53111,electron,0.055,1.7826e-06,Ag3SI_JVASP-53111_e_srniel.csv
Ag3SI,JVASP-53111,electron,0.06,2.1562e-06,Ag3SI_JVASP-53111_e_srniel.csv
Ag3SI,JVASP-53111,electron,0.065,2.4455e-06,Ag3SI_JVASP-53111_e_srniel.csv
Ag3SI,JVASP-53111,electron,0.07,2.6729e-06,Ag3SI_JVASP-53111_e_srniel.csv
Ag3SI,JVASP-53111,electron,0.075,2.8537e-06,Ag3SI_JVASP-53111_e_srniel.csv
Ag3SI,JVASP-53111,electron,0.08,2.9992e-06,Ag3SI_JVASP-53111_e_srniel.csv
Ag3SI,JVASP-53111,electron,0.085,3.1171e-06,Ag3SI_JVASP-53111_e_srniel.csv
Ag3SI,JVASP-53111,electron,0.09,3.2136e-06,Ag3SI_JVASP-53111_e_srniel.csv
Ag3SI,JVASP-53111,electron,0.095,3.2931e-06,Ag3SI_JVASP-53111_e_srniel.csv
Ag3SI,JVASP-53111,electron,0.1,3.359e-06,Ag3SI_JVASP-53111_e_srniel.csv
Ag3SI,JVASP-53111,electron,0.15,3.6491e-06,Ag3SI_JVASP-53111_e_srniel.csv
Ag3SI,JVASP-53111,electron,0.2,3.7194e-06,Ag3SI_JVASP-53111_e_srniel.csv
Ag3SI,JVASP-53111,electron,0.25,3.7525e-06,Ag3SI_JVASP-53111_e_srniel.csv
Ag3SI,JVASP-53111,electron,0.3,3.7837e-06,Ag3SI_JVASP-53111_e_srniel.csv
Ag3SI,JVASP-53111,electron,0.35,3.8203e-06,Ag3SI_JVASP-53111_e_srniel.csv
Ag3SI,JVASP-53111,electron,0.4,3.8629e-06,Ag3SI_JVASP-53111_e_srniel.csv
Ag3SI,JVASP-53111,electron,0.45,3.9106e-06,Ag3SI_JVASP-53111_e_srniel.csv
Ag3SI,JVASP-53111,electron,0.5,3.9621e-06,Ag3SI_JVASP-53111_e_srniel.csv
Ag3SI,JVASP-53111,electron,0.55,4.0164e-06,Ag3SI_JVASP-53111_e_srniel.csv
Ag3SI,JVASP-53111,electron,0.6,4.0726e-06,Ag3SI_JVASP-53111_e_srniel.csv
Ag3SI,JVASP-53111,electron,0.65,4.13e-06,Ag3SI_JVASP-53111_e_srniel.csv
Ag3SI,JVASP-53111,electron,0.7,4.1881e-06,Ag3SI_JVASP-53111_e_srniel.csv
Ag3SI,JVASP-53111,electron,0.75,4.2465e-06,Ag3SI_JVASP-53111_e_srniel.csv
Ag3SI,JVASP-53111,electron,0.8,4.3049e-06,Ag3SI_JVASP-53111_e_srniel.csv
Ag3SI,JVASP-53111,electron,0.85,4.58e-06,Ag3SI_JVASP-53111_e_srniel.csv
Ag3SI,JVASP-53111,electron,0.9,4.9833e-06,Ag3SI_JVASP-53111_e_srniel.csv
Ag3SI,JVASP-53111,electron,0.95,5.4595e-06,Ag3SI_JVASP-53111_e_srniel.csv
Ag3SI,JVASP-53111,electron,1.0,5.989e-06,Ag3SI_JVASP-53111_e_srniel.csv
Ag3SI,JVASP-53111,electron,1.5,1.2831e-05,Ag3SI_JVASP-53111_e_srniel.csv
Ag3SI,JVASP-53111,electron,2.0,2.0134e-05,Ag3SI_JVASP-53111_e_srniel.csv
Ag3SI,JVASP-53111,electron,2.5,2.6435e-05,Ag3SI_JVASP-53111_e_srniel.csv
Ag3SI,JVASP-53111,electron,3.0,3.1759e-05,Ag3SI_JVASP-53111_e_srniel.csv
Ag3SI,JVASP-53111,electron,3.5,3.6299e-05,Ag3SI_JVASP-53111_e_srniel.csv
Ag3SI,JVASP-53111,electron,4.0,4.0223e-05,Ag3SI_JVASP-53111_e_srniel.csv
Ag3SI,JVASP-53111,electron,4.5,4.3662e-05,Ag3SI_JVASP-53111_e_srniel.csv
Ag3SI,JVASP-53111,electron,5.0,4.6712e-05,Ag3SI_JVASP-53111_e_srniel.csv
Ag3SI,JVASP-53111,electron,5.5,4.9443e-05,Ag3SI_JVASP-53111_e_srniel.csv
Ag3SI,JVASP-53111,electron,6.0,5.191e-05,Ag3SI_JVASP-53111_e_srniel.csv
Ag3SI,JVASP-53111,electron,6.5,5.4156e-05,Ag3SI_JVASP-53111_e_srniel.csv
Ag3SI,JVASP-53111,electron,7.0,5.6213e-05,Ag3SI_JVASP-53111_e_srniel.csv
Ag3SI,JVASP-53111,electron,7.5,5.8107e-05,Ag3SI_JVASP-53111_e_srniel.csv
Ag3SI,JVASP-53111,electron,8.0,5.9859e-05,Ag3SI_JVASP-53111_e_srniel.csv
Ag3SI,JVASP-53111,electron,8.5,6.1488e-05,Ag3SI_JVASP-53111_e_srniel.csv
Ag3SI,JVASP-53111,electron,9.0,6.3007e-05,Ag3SI_JVASP-53111_e_srniel.csv
Ag3SI,JVASP-53111,electron,9.5,6.4428e-05,Ag3SI_JVASP-53111_e_srniel.csv
Ag3SI,JVASP-53111,electron,10.0,6.5762e-05,Ag3SI_JVASP-53111_e_srniel.csv
Ag3SI,JVASP-53111,electron,15.0,7.5715e-05,Ag3SI_JVASP-53111_e_srniel.csv
Ag3SI,JVASP-53111,electron,20.0,8.1957e-05,Ag3SI_JVASP-53111_e_srniel.csv
Ag3SI,JVASP-53111,electron,25.0,8.6154e-05,Ag3SI_JVASP-53111_e_srniel.csv
Ag3SI,JVASP-53111,electron,30.0,8.906e-05,Ag3SI_JVASP-53111_e_srniel.csv
Ag3SI,JVASP-53111,electron,35.0,9.1089e-05,Ag3SI_JVASP-53111_e_srniel.csv
Ag3SI,JVASP-53111,electron,40.0,9.2499e-05,Ag3SI_JVASP-53111_e_srniel.csv
Ag3SI,JVASP-53111,electron,45.0,9.3464e-05,Ag3SI_JVASP-53111_e_srniel.csv
Ag3SI,JVASP-53111,electron,50.0,9.4106e-05,Ag3SI_JVASP-53111_e_srniel.csv
Ag3SI,JVASP-53111,electron,55.0,9.4513e-05,Ag3SI_JVASP-53111_e_srniel.csv
Ag3SI,JVASP-53111,electron,60.0,9.4748e-05,Ag3SI_JVASP-53111_e_srniel.csv
Ag3SI,JVASP-53111,electron,65.0,9.4858e-05,Ag3SI_JVASP-53111_e_srniel.csv
Ag3SI,JVASP-53111,electron,70.0,9.4879e-05,Ag3SI_JVASP-53111_e_srniel.csv
Ag3SI,JVASP-53111,electron,75.0,9.4837e-05,Ag3SI_JVASP-53111_e_srniel.csv
Ag3SI,JVASP-53111,electron,80.0,9.4749e-05,Ag3SI_JVASP-53111_e_srniel.csv
Ag3SI,JVASP-53111,electron,85.0,9.463e-05,Ag3SI_JVASP-53111_e_srniel.csv
Ag3SI,JVASP-53111,electron,90.0,9.4491e-05,Ag3SI_JVASP-53111_e_srniel.csv
Ag3SI,JVASP-53111,electron,95.0,9.4339e-05,Ag3SI_JVASP-53111_e_srniel.csv
Ag3SI,JVASP-53111,electron,100.0,9.4179e-05,Ag3SI_JVASP-53111_e_srniel.csv
Ag3SI,JVASP-53111,proton,0.0001,0.32104,Ag3SI_JVASP-53111_p_srniel.csv
Ag3SI,JVASP-53111,proton,0.00015,0.39262,Ag3SI_JVASP-53111_p_srniel.csv
Ag3SI,JVASP-53111,proton,0.0002,0.43467,Ag3SI_JVASP-53111_p_srniel.csv
Ag3SI,JVASP-53111,proton,0.00025,0.46156,Ag3SI_JVASP-53111_p_srniel.csv
Ag3SI,JVASP-53111,proton,0.0003,0.47947,Ag3SI_JVASP-53111_p_srniel.csv
Ag3SI,JVASP-53111,proton,0.00035,0.4916,Ag3SI_JVASP-53111_p_srniel.csv
Ag3SI,JVASP-53111,proton,0.0004,0.49976,Ag3SI_JVASP-53111_p_srniel.csv
Ag3SI,JVASP-53111,proton,0.00045,0.50512,Ag3SI_JVASP-53111_p_srniel.csv
Ag3SI,JVASP-53111,proton,0.0005,0.50841,Ag3SI_JVASP-53111_p_srniel.csv
Ag3SI,JVASP-53111,proton,0.00055,0.51017,Ag3SI_JVASP-53111_p_srniel.csv
Ag3SI,JVASP-53111,proton,0.0006,0.51075,Ag3SI_JVASP-53111_p_srniel.csv
Ag3SI,JVASP-53111,proton,0.00065,0.51043,Ag3SI_JVASP-53111_p_srniel.csv
Ag3SI,JVASP-53111,proton,0.0007,0.5094,Ag3SI_JVASP-53111_p_srniel.csv
Ag3SI,JVASP-53111,proton,0.00075,0.50782,Ag3SI_JVASP-53111_p_srniel.csv
Ag3SI,JVASP-53111,proton,0.0008,0.5058,Ag3SI_JVASP-53111_p_srniel.csv
Ag3SI,JVASP-53111,proton,0.00085,0.54092,Ag3SI_JVASP-53111_p_srniel.csv
Ag3SI,JVASP-53111,proton,0.0009,0.57363,Ag3SI_JVASP-53111_p_srniel.csv
Ag3SI,JVASP-53111,proton,0.00095,0.60317,Ag3SI_JVASP-53111_p_srniel.csv
Ag3SI,JVASP-53111,proton,0.001,0.62995,Ag3SI_JVASP-53111_p_srniel.csv
Ag3SI,JVASP-53111,proton,0.0015,0.81285,Ag3SI_JVASP-53111_p_srniel.csv
Ag3SI,JVASP-53111,proton,0.002,0.93689,Ag3SI_JVASP-53111_p_srniel.csv
Ag3SI,JVASP-53111,proton,0.0025,1.0019,Ag3SI_JVASP-53111_p_srniel.csv
Ag3SI,JVASP-53111,proton,0.003,1.036,Ag3SI_JVASP-53111_p_srniel.csv
Ag3SI,JVASP-53111,proton,0.0035,1.0521,Ag3SI_JVASP-53111_p_srniel.csv
Ag3SI,JVASP-53111,proton,0.004,1.0574,Ag3SI_JVASP-53111_p_srniel.csv
Ag3SI,JVASP-53111,proton,0.0045,1.0556,Ag3SI_JVASP-53111_p_srniel.csv
Ag3SI,JVASP-53111,proton,0.005,1.0494,Ag3SI_JVASP-53111_p_srniel.csv
Ag3SI,JVASP-53111,proton,0.0055,1.0402,Ag3SI_JVASP-53111_p_srniel.csv
Ag3SI,JVASP-53111,proton,0.006,1.0291,Ag3SI_JVASP-53111_p_srniel.csv
Ag3SI,JVASP-53111,proton,0.0065,1.0168,Ag3SI_JVASP-53111_p_srniel.csv
Ag3SI,JVASP-53111,proton,0.007,1.0036,Ag3SI_JVASP-53111_p_srniel.csv
Ag3SI,JVASP-53111,proton,0.0075,0.98997,Ag3SI_JVASP-53111_p_srniel.csv
Ag3SI,JVASP-53111,proton,0.008,0.97612,Ag3SI_JVASP-53111_p_srniel.csv
Ag3SI,JVASP-53111,proton,0.0085,0.96221,Ag3SI_JVASP-53111_p_srniel.csv
Ag3SI,JVASP-53111,proton,0.009,0.94836,Ag3SI_JVASP-53111_p_srniel.csv
Ag3SI,JVASP-53111,proton,0.0095,0.93464,Ag3SI_JVASP-53111_p_srniel.csv
Ag3SI,JVASP-53111,proton,0.01,0.92113,Ag3SI_JVASP-53111_p_srniel.csv
Ag3SI,JVASP-53111,proton,0.015,0.80139,Ag3SI_JVASP-53111_p_srniel.csv
Ag3SI,JVASP-53111,proton,0.02,0.70903,Ag3SI_JVASP-53111_p_srniel.csv
Ag3SI,JVASP-53111,proton,0.025,0.63708,Ag3SI_JVASP-53111_p_srniel.csv
Ag3SI,JVASP-53111,proton,0.03,0.57961,Ag3SI_JVASP-53111_p_srniel.csv
Ag3SI,JVASP-53111,proton,0.035,0.53262,Ag3SI_JVASP-53111_p_srniel.csv
Ag3SI,JVASP-53111,proton,0.04,0.49342,Ag3SI_JVASP-53111_p_srniel.csv
Ag3SI,JVASP-53111,proton,0.045,0.46017,Ag3SI_JVASP-53111_p_srniel.csv
Ag3SI,JVASP-53111,proton,0.05,0.43158,Ag3SI_JVASP-53111_p_srniel.csv
Ag3SI,JVASP-53111,proton,0.055,0.40669,Ag3SI_JVASP-53111_p_srniel.csv
Ag3SI,JVASP-53111,proton,0.06,0.38481,Ag3SI_JVASP-53111_p_srniel.csv
Ag3SI,JVASP-53111,proton,0.065,0.3654,Ag3SI_JVASP-53111_p_srniel.csv
Ag3SI,JVASP-53111,proton,0.07,0.34805,Ag3SI_JVASP-53111_p_srniel.csv
Ag3SI,JVASP-53111,proton,0.075,0.33244,Ag3SI_JVASP-53111_p_srniel.csv
Ag3SI,JVASP-53111,proton,0.08,0.31831,Ag3SI_JVASP-53111_p_srniel.csv
Ag3SI,JVASP-53111,proton,0.085,0.30544,Ag3SI_JVASP-53111_p_srniel.csv
Ag3SI,JVASP-53111,proton,0.09,0.29368,Ag3SI_JVASP-53111_p_srniel.csv
Ag3SI,JVASP-53111,proton,0.095,0.28288,Ag3SI_JVASP-53111_p_srniel.csv
Ag3SI,JVASP-53111,proton,0.1,0.27292,Ag3SI_JVASP-53111_p_srniel.csv
Ag3SI,JVASP-53111,proton,0.15,0.20388,Ag3SI_JVASP-53111_p_srniel.csv
Ag3SI,JVASP-53111,proton,0.2,0.16444,Ag3SI_JVASP-53111_p_srniel.csv
Ag3SI,JVASP-53111,proton,0.25,0.13861,Ag3SI_JVASP-53111_p_srniel.csv
Ag3SI,JVASP-53111,proton,0.3,0.12026,Ag3SI_JVASP-53111_p_srniel.csv
Ag3SI,JVASP-53111,proton,0.35,0.10647,Ag3SI_JVASP-53111_p_srniel.csv
Ag3SI,JVASP-53111,proton,0.4,0.095504,Ag3SI_JVASP-53111_p_srniel.csv
Ag3SI,JVASP-53111,proton,0.45,0.08667,Ag3SI_JVASP-53111_p_srniel.csv
Ag3SI,JVASP-53111,proton,0.5,0.07944,Ag3SI_JVASP-53111_p_srniel.csv
Ag3SI,JVASP-53111,proton,0.55,0.073419,Ag3SI_JVASP-53111_p_srniel.csv
Ag3SI,JVASP-53111,proton,0.6,0.068321,Ag3SI_JVASP-53111_p_srniel.csv
Ag3SI,JVASP-53111,proton,0.65,0.063943,Ag3SI_JVASP-53111_p_srniel.csv
Ag3SI,JVASP-53111,proton,0.7,0.06014,Ag3SI_JVASP-53111_p_srniel.csv
Ag3SI,JVASP-53111,proton,0.75,0.056803,Ag3SI_JVASP-53111_p_srniel.csv
Ag3SI,JVASP-53111,proton,0.8,0.053849,Ag3SI_JVASP-53111_p_srniel.csv
Ag3SI,JVASP-53111,proton,0.85,0.051214,Ag3SI_JVASP-53111_p_srniel.csv
Ag3SI,JVASP-53111,proton,0.9,0.048847,Ag3SI_JVASP-53111_p_srniel.csv
Ag3SI,JVASP-53111,proton,0.95,0.046709,Ag3SI_JVASP-53111_p_srniel.csv
Ag3SI,JVASP-53111,proton,1.0,0.044767,Ag3SI_JVASP-53111_p_srniel.csv
Ag3SI,JVASP-53111,proton,1.5,0.031566,Ag3SI_JVASP-53111_p_srniel.csv
Ag3SI,JVASP-53111,proton,2.0,0.02445,Ag3SI_JVASP-53111_p_srniel.csv
Ag3SI,JVASP-53111,proton,2.5,0.020035,Ag3SI_JVASP-53111_p_srniel.csv
Ag3SI,JVASP-53111,proton,3.0,0.017018,Ag3SI_JVASP-53111_p_srniel.csv
Ag3SI,JVASP-53111,proton,3.5,0.014832,Ag3SI_JVASP-53111_p_srniel.csv
Ag3SI,JVASP-53111,proton,4.0,0.013176,Ag3SI_JVASP-53111_p_srniel.csv
Ag3SI,JVASP-53111,proton,4.5,0.011871,Ag3SI_JVASP-53111_p_srniel.csv
Ag3SI,JVASP-53111,proton,5.0,0.010814,Ag3SI_JVASP-53111_p_srniel.csv
Ag3SI,JVASP-53111,proton,5.5,0.0099413,Ag3SI_JVASP-53111_p_srniel.csv
Ag3SI,JVASP-53111,proton,6.0,0.0092171,Ag3SI_JVASP-53111_p_srniel.csv
Ag3SI,JVASP-53111,proton,6.5,0.0086166,Ag3SI_JVASP-53111_p_srniel.csv
Ag3SI,JVASP-53111,proton,7.0,0.0081078,Ag3SI_JVASP-53111_p_srniel.csv
Ag3SI,JVASP-53111,proton,7.5,0.0076642,Ag3SI_JVASP-53111_p_srniel.csv
Ag3SI,JVASP-53111,proton,8.0,0.0072711,Ag3SI_JVASP-53111_p_srniel.csv
Ag3SI,JVASP-53111,proton,8.5,0.0069206,Ag3SI_JVASP-53111_p_srniel.csv
Ag3SI,JVASP-53111,proton,9.0,0.0066073,Ag3SI_JVASP-53111_p_srniel.csv
Ag3SI,JVASP-53111,proton,9.5,0.0063266,Ag3SI_JVASP-53111_p_srniel.csv
Ag3SI,JVASP-53111,proton,10.0,0.0060747,Ag3SI_JVASP-53111_p_srniel.csv
Ag3SI,JVASP-53111,proton,15.0,0.0045479,Ag3SI_JVASP-53111_p_srniel.csv
Ag3SI,JVASP-53111,proton,20.0,0.0038652,Ag3SI_JVASP-53111_p_srniel.csv
Ag3SI,JVASP-53111,proton,25.0,0.003483,Ag3SI_JVASP-53111_p_srniel.csv
Ag3SI,JVASP-53111,proton,30.0,0.003236,Ag3SI_JVASP-53111_p_srniel.csv
Ag3SI,JVASP-53111,proton,35.0,0.0030611,Ag3SI_JVASP-53111_p_srniel.csv
Ag3SI,JVASP-53111,proton,40.0,0.0029299,Ag3SI_JVASP-53111_p_srniel.csv
Ag3SI,JVASP-53111,proton,45.0,0.0028279,Ag3SI_JVASP-53111_p_srniel.csv
Ag3SI,JVASP-53111,proton,50.0,0.0027474,Ag3SI_JVASP-53111_p_srniel.csv
Ag3SI,JVASP-53111,proton,55.0,0.0026833,Ag3SI_JVASP-53111_p_srniel.csv
Ag3SI,JVASP-53111,proton,60.0,0.0026324,Ag3SI_JVASP-53111_p_srniel.csv
Ag3SI,JVASP-53111,proton,65.0,0.0025921,Ag3SI_JVASP-53111_p_srniel.csv
Ag3SI,JVASP-53111,proton,70.0,0.0025604,Ag3SI_JVASP-53111_p_srniel.csv
Ag3SI,JVASP-53111,proton,75.0,0.0025356,Ag3SI_JVASP-53111_p_srniel.csv
Ag3SI,JVASP-53111,proton,80.0,0.0025163,Ag3SI_JVASP-53111_p_srniel.csv
Ag3SI,JVASP-53111,proton,85.0,0.0025014,Ag3SI_JVASP-53111_p_srniel.csv
Ag3SI,JVASP-53111,proton,90.0,0.0024898,Ag3SI_JVASP-53111_p_srniel.csv
Ag3SI,JVASP-53111,proton,95.0,0.0024808,Ag3SI_JVASP-53111_p_srniel.csv
Ag3SI,JVASP-53111,proton,100.0,0.0024736,Ag3SI_JVASP-53111_p_srniel.csv
Ag3SI,JVASP-53111,proton,150.0,0.0024283,Ag3SI_JVASP-53111_p_srniel.csv
Ag3SI,JVASP-53111,proton,200.0,0.0023826,Ag3SI_JVASP-53111_p_srniel.csv
Ag3SI,JVASP-53111,proton,250.0,0.0023703,Ag3SI_JVASP-53111_p_srniel.csv
Ag3SI,JVASP-53111,proton,300.0,0.0024081,Ag3SI_JVASP-53111_p_srniel.csv
Ag3SI,JVASP-53111,proton,350.0,0.002486,Ag3SI_JVASP-53111_p_srniel.csv
Ag3SI,JVASP-53111,proton,400.0,0.0025863,Ag3SI_JVASP-53111_p_srniel.csv
Ag3SI,JVASP-53111,proton,450.0,0.0026926,Ag3SI_JVASP-53111_p_srniel.csv
Ag3SI,JVASP-53111,proton,500.0,0.0027936,Ag3SI_JVASP-53111_p_srniel.csv
Ag3SI,JVASP-53111,proton,550.0,0.0028838,Ag3SI_JVASP-53111_p_srniel.csv
Ag3SI,JVASP-53111,proton,600.0,0.0029628,Ag3SI_JVASP-53111_p_srniel.csv
Ag3SI,JVASP-53111,proton,650.0,0.0030331,Ag3SI_JVASP-53111_p_srniel.csv
Ag3SI,JVASP-53111,proton,700.0,0.003098,Ag3SI_JVASP-53111_p_srniel.csv
Ag3SI,JVASP-53111,proton,750.0,0.0031602,Ag3SI_JVASP-53111_p_srniel.csv
Ag3SI,JVASP-53111,proton,800.0,0.00322,Ag3SI_JVASP-53111_p_srniel.csv
Ag3SI,JVASP-53111,proton,850.0,0.0032743,Ag3SI_JVASP-53111_p_srniel.csv
Ag3SI,JVASP-53111,proton,900.0,0.0033163,Ag3SI_JVASP-53111_p_srniel.csv
Ag3SI,JVASP-53111,proton,950.0,0.003335,Ag3SI_JVASP-53111_p_srniel.csv
Ag3SI,JVASP-53111,proton,1000.0,0.0033159,Ag3SI_JVASP-53111_p_srniel.csv
AlBiO3,JVASP-11273,electron,0.04,0.0,AlBiO3_JVASP-11273_e_srniel.csv
AlBiO3,JVASP-11273,electron,0.045,0.0,AlBiO3_JVASP-11273_e_srniel.csv
AlBiO3,JVASP-11273,electron,0.05,0.0,AlBiO3_JVASP-11273_e_srniel.csv
AlBiO3,JVASP-11273,electron,0.055,5.3638e-07,AlBiO3_JVASP-11273_e_srniel.csv
AlBiO3,JVASP-11273,electron,0.06,1.5921e-06,AlBiO3_JVASP-11273_e_srniel.csv
AlBiO3,JVASP-11273,electron,0.065,3.0378e-06,AlBiO3_JVASP-11273_e_srniel.csv
AlBiO3,JVASP-11273,electron,0.07,4.1989e-06,AlBiO3_JVASP-11273_e_srniel.csv
AlBiO3,JVASP-11273,electron,0.075,5.1442e-06,AlBiO3_JVASP-11273_e_srniel.csv
AlBiO3,JVASP-11273,electron,0.08,5.9227e-06,AlBiO3_JVASP-11273_e_srniel.csv
AlBiO3,JVASP-11273,electron,0.085,6.5706e-06,AlBiO3_JVASP-11273_e_srniel.csv
AlBiO3,JVASP-11273,electron,0.09,7.1148e-06,AlBiO3_JVASP-11273_e_srniel.csv
AlBiO3,JVASP-11273,electron,0.095,7.5759e-06,AlBiO3_JVASP-11273_e_srniel.csv
AlBiO3,JVASP-11273,electron,0.1,7.9695e-06,AlBiO3_JVASP-11273_e_srniel.csv
AlBiO3,JVASP-11273,electron,0.15,9.981e-06,AlBiO3_JVASP-11273_e_srniel.csv
AlBiO3,JVASP-11273,electron,0.2,1.0705e-05,AlBiO3_JVASP-11273_e_srniel.csv
AlBiO3,JVASP-11273,electron,0.25,1.1105e-05,AlBiO3_JVASP-11273_e_srniel.csv
AlBiO3,JVASP-11273,electron,0.3,1.1405e-05,AlBiO3_JVASP-11273_e_srniel.csv
AlBiO3,JVASP-11273,electron,0.35,1.1671e-05,AlBiO3_JVASP-11273_e_srniel.csv
AlBiO3,JVASP-11273,electron,0.4,1.1926e-05,AlBiO3_JVASP-11273_e_srniel.csv
AlBiO3,JVASP-11273,electron,0.45,1.2178e-05,AlBiO3_JVASP-11273_e_srniel.csv
AlBiO3,JVASP-11273,electron,0.5,1.2429e-05,AlBiO3_JVASP-11273_e_srniel.csv
AlBiO3,JVASP-11273,electron,0.55,1.2678e-05,AlBiO3_JVASP-11273_e_srniel.csv
AlBiO3,JVASP-11273,electron,0.6,1.2926e-05,AlBiO3_JVASP-11273_e_srniel.csv
AlBiO3,JVASP-11273,electron,0.65,1.3172e-05,AlBiO3_JVASP-11273_e_srniel.csv
AlBiO3,JVASP-11273,electron,0.7,1.3416e-05,AlBiO3_JVASP-11273_e_srniel.csv
AlBiO3,JVASP-11273,electron,0.75,1.3657e-05,AlBiO3_JVASP-11273_e_srniel.csv
AlBiO3,JVASP-11273,electron,0.8,1.3894e-05,AlBiO3_JVASP-11273_e_srniel.csv
AlBiO3,JVASP-11273,electron,0.85,1.4128e-05,AlBiO3_JVASP-11273_e_srniel.csv
AlBiO3,JVASP-11273,electron,0.9,1.4358e-05,AlBiO3_JVASP-11273_e_srniel.csv
AlBiO3,JVASP-11273,electron,0.95,1.4584e-05,AlBiO3_JVASP-11273_e_srniel.csv
AlBiO3,JVASP-11273,electron,1.0,1.4806e-05,AlBiO3_JVASP-11273_e_srniel.csv
AlBiO3,JVASP-11273,electron,1.5,2.3948e-05,AlBiO3_JVASP-11273_e_srniel.csv
AlBiO3,JVASP-11273,electron,2.0,3.4124e-05,AlBiO3_JVASP-11273_e_srniel.csv
AlBiO3,JVASP-11273,electron,2.5,4.2031e-05,AlBiO3_JVASP-11273_e_srniel.csv
AlBiO3,JVASP-11273,electron,3.0,4.8178e-05,AlBiO3_JVASP-11273_e_srniel.csv
AlBiO3,JVASP-11273,electron,3.5,5.3101e-05,AlBiO3_JVASP-11273_e_srniel.csv
AlBiO3,JVASP-11273,electron,4.0,5.7159e-05,AlBiO3_JVASP-11273_e_srniel.csv
AlBiO3,JVASP-11273,electron,4.5,6.0586e-05,AlBiO3_JVASP-11273_e_srniel.csv
AlBiO3,JVASP-11273,electron,5.0,6.3536e-05,AlBiO3_JVASP-11273_e_srniel.csv
AlBiO3,JVASP-11273,electron,5.5,6.6117e-05,AlBiO3_JVASP-11273_e_srniel.csv
AlBiO3,JVASP-11273,electron,6.0,6.8402e-05,AlBiO3_JVASP-11273_e_srniel.csv
AlBiO3,JVASP-11273,electron,6.5,7.0447e-05,AlBiO3_JVASP-11273_e_srniel.csv
AlBiO3,JVASP-11273,electron,7.0,7.2293e-05,AlBiO3_JVASP-11273_e_srniel.csv
AlBiO3,JVASP-11273,electron,7.5,7.397e-05,AlBiO3_JVASP-11273_e_srniel.csv
AlBiO3,JVASP-11273,electron,8.0,7.5504e-05,AlBiO3_JVASP-11273_e_srniel.csv
AlBiO3,JVASP-11273,electron,8.5,7.6913e-05,AlBiO3_JVASP-11273_e_srniel.csv
AlBiO3,JVASP-11273,electron,9.0,7.8213e-05,AlBiO3_JVASP-11273_e_srniel.csv
AlBiO3,JVASP-11273,electron,9.5,7.9417e-05,AlBiO3_JVASP-11273_e_srniel.csv
AlBiO3,JVASP-11273,electron,10.0,8.0535e-05,AlBiO3_JVASP-11273_e_srniel.csv
AlBiO3,JVASP-11273,electron,15.0,8.8464e-05,AlBiO3_JVASP-11273_e_srniel.csv
AlBiO3,JVASP-11273,electron,20.0,9.2861e-05,AlBiO3_JVASP-11273_e_srniel.csv
AlBiO3,JVASP-11273,electron,25.0,9.5344e-05,AlBiO3_JVASP-11273_e_srniel.csv
AlBiO3,JVASP-11273,electron,30.0,9.6662e-05,AlBiO3_JVASP-11273_e_srniel.csv
AlBiO3,JVASP-11273,electron,35.0,9.724e-05,AlBiO3_JVASP-11273_e_srniel.csv
AlBiO3,JVASP-11273,electron,40.0,9.7349e-05,AlBiO3_JVASP-11273_e_srniel.csv
AlBiO3,JVASP-11273,electron,45.0,9.7165e-05,AlBiO3_JVASP-11273_e_srniel.csv
AlBiO3,JVASP-11273,electron,50.0,9.6807e-05,AlBiO3_JVASP-11273_e_srniel.csv
AlBiO3,JVASP-11273,electron,55.0,9.6352e-05,AlBiO3_JVASP-11273_e_srniel.csv
AlBiO3,JVASP-11273,electron,60.0,9.5853e-05,AlBiO3_JVASP-11273_e_srniel.csv
AlBiO3,JVASP-11273,electron,65.0,9.5342e-05,AlBiO3_JVASP-11273_e_srniel.csv
AlBiO3,JVASP-11273,electron,70.0,9.484e-05,AlBiO3_JVASP-11273_e_srniel.csv
AlBiO3,JVASP-11273,electron,75.0,9.4359e-05,AlBiO3_JVASP-11273_e_srniel.csv
AlBiO3,JVASP-11273,electron,80.0,9.3906e-05,AlBiO3_JVASP-11273_e_srniel.csv
AlBiO3,JVASP-11273,electron,85.0,9.3483e-05,AlBiO3_JVASP-11273_e_srniel.csv
AlBiO3,JVASP-11273,electron,90.0,9.3091e-05,AlBiO3_JVASP-11273_e_srniel.csv
AlBiO3,JVASP-11273,electron,95.0,9.273e-05,AlBiO3_JVASP-11273_e_srniel.csv
AlBiO3,JVASP-11273,electron,100.0,9.2398e-05,AlBiO3_JVASP-11273_e_srniel.csv
AlBiO3,JVASP-11273,proton,0.0001,2.1113,AlBiO3_JVASP-11273_p_srniel.csv
AlBiO3,JVASP-11273,proton,0.00015,2.6704,AlBiO3_JVASP-11273_p_srniel.csv
AlBiO3,JVASP-11273,proton,0.0002,2.9543,AlBiO3_JVASP-11273_p_srniel.csv
AlBiO3,JVASP-11273,proton,0.00025,3.1077,AlBiO3_JVASP-11273_p_srniel.csv
AlBiO3,JVASP-11273,proton,0.0003,3.1897,AlBiO3_JVASP-11273_p_srniel.csv
AlBiO3,JVASP-11273,proton,0.00035,3.229,AlBiO3_JVASP-11273_p_srniel.csv
AlBiO3,JVASP-11273,proton,0.0004,3.2415,AlBiO3_JVASP-11273_p_srniel.csv
AlBiO3,JVASP-11273,proton,0.00045,3.2364,AlBiO3_JVASP-11273_p_srniel.csv
AlBiO3,JVASP-11273,proton,0.0005,3.2197,AlBiO3_JVASP-11273_p_srniel.csv
AlBiO3,JVASP-11273,proton,0.00055,3.195,AlBiO3_JVASP-11273_p_srniel.csv
AlBiO3,JVASP-11273,proton,0.0006,3.1651,AlBiO3_JVASP-11273_p_srniel.csv
AlBiO3,JVASP-11273,proton,0.00065,3.1316,AlBiO3_JVASP-11273_p_srniel.csv
AlBiO3,JVASP-11273,proton,0.0007,3.0957,AlBiO3_JVASP-11273_p_srniel.csv
AlBiO3,JVASP-11273,proton,0.00075,3.0584,AlBiO3_JVASP-11273_p_srniel.csv
AlBiO3,JVASP-11273,proton,0.0008,3.0203,AlBiO3_JVASP-11273_p_srniel.csv
AlBiO3,JVASP-11273,proton,0.00085,2.9818,AlBiO3_JVASP-11273_p_srniel.csv
AlBiO3,JVASP-11273,proton,0.0009,2.9433,AlBiO3_JVASP-11273_p_srniel.csv
AlBiO3,JVASP-11273,proton,0.00095,2.9049,AlBiO3_JVASP-11273_p_srniel.csv
AlBiO3,JVASP-11273,proton,0.001,2.867,AlBiO3_JVASP-11273_p_srniel.csv
AlBiO3,JVASP-11273,proton,0.0015,2.5946,AlBiO3_JVASP-11273_p_srniel.csv
AlBiO3,JVASP-11273,proton,0.002,2.3897,AlBiO3_JVASP-11273_p_srniel.csv
AlBiO3,JVASP-11273,proton,0.0025,2.2188,AlBiO3_JVASP-11273_p_srniel.csv
AlBiO3,JVASP-11273,proton,0.003,2.0758,AlBiO3_JVASP-11273_p_srniel.csv
AlBiO3,JVASP-11273,proton,0.0035,1.9546,AlBiO3_JVASP-11273_p_srniel.csv
AlBiO3,JVASP-11273,proton,0.004,1.8507,AlBiO3_JVASP-11273_p_srniel.csv
AlBiO3,JVASP-11273,proton,0.0045,1.7603,AlBiO3_JVASP-11273_p_srniel.csv
AlBiO3,JVASP-11273,proton,0.005,1.6808,AlBiO3_JVASP-11273_p_srniel.csv
AlBiO3,JVASP-11273,proton,0.0055,1.6102,AlBiO3_JVASP-11273_p_srniel.csv
AlBiO3,JVASP-11273,proton,0.006,1.547,AlBiO3_JVASP-11273_p_srniel.csv
AlBiO3,JVASP-11273,proton,0.0065,1.49,AlBiO3_JVASP-11273_p_srniel.csv
AlBiO3,JVASP-11273,proton,0.007,1.4382,AlBiO3_JVASP-11273_p_srniel.csv
AlBiO3,JVASP-11273,proton,0.0075,1.3909,AlBiO3_JVASP-11273_p_srniel.csv
AlBiO3,JVASP-11273,proton,0.008,1.3475,AlBiO3_JVASP-11273_p_srniel.csv
AlBiO3,JVASP-11273,proton,0.0085,1.3074,AlBiO3_JVASP-11273_p_srniel.csv
AlBiO3,JVASP-11273,proton,0.009,1.2703,AlBiO3_JVASP-11273_p_srniel.csv
AlBiO3,JVASP-11273,proton,0.0095,1.2358,AlBiO3_JVASP-11273_p_srniel.csv
AlBiO3,JVASP-11273,proton,0.01,1.2036,AlBiO3_JVASP-11273_p_srniel.csv
AlBiO3,JVASP-11273,proton,0.015,0.96814,AlBiO3_JVASP-11273_p_srniel.csv
AlBiO3,JVASP-11273,proton,0.02,0.82147,AlBiO3_JVASP-11273_p_srniel.csv
AlBiO3,JVASP-11273,proton,0.025,0.71913,AlBiO3_JVASP-11273_p_srniel.csv
AlBiO3,JVASP-11273,proton,0.03,0.6427,AlBiO3_JVASP-11273_p_srniel.csv
AlBiO3,JVASP-11273,proton,0.035,0.58297,AlBiO3_JVASP-11273_p_srniel.csv
AlBiO3,JVASP-11273,proton,0.04,0.53474,AlBiO3_JVASP-11273_p_srniel.csv
AlBiO3,JVASP-11273,proton,0.045,0.49481,AlBiO3_JVASP-11273_p_srniel.csv
AlBiO3,JVASP-11273,proton,0.05,0.46111,AlBiO3_JVASP-11273_p_srniel.csv
AlBiO3,JVASP-11273,proton,0.055,0.43212,AlBiO3_JVASP-11273_p_srniel.csv
AlBiO3,JVASP-11273,proton,0.06,0.40699,AlBiO3_JVASP-11273_p_srniel.csv
AlBiO3,JVASP-11273,proton,0.065,0.38498,AlBiO3_JVASP-11273_p_srniel.csv
AlBiO3,JVASP-11273,proton,0.07,0.36552,AlBiO3_JVASP-11273_p_srniel.csv
AlBiO3,JVASP-11273,proton,0.075,0.34817,AlBiO3_JVASP-11273_p_srniel.csv
AlBiO3,JVASP-11273,proton,0.08,0.33259,AlBiO3_JVASP-11273_p_srniel.csv
AlBiO3,JVASP-11273,proton,0.085,0.31851,AlBiO3_JVASP-11273_p_srniel.csv
AlBiO3,JVASP-11273,proton,0.09,0.30572,AlBiO3_JVASP-11273_p_srniel.csv
AlBiO3,JVASP-11273,proton,0.095,0.29405,AlBiO3_JVASP-11273_p_srniel.csv
AlBiO3,JVASP-11273,proton,0.1,0.28334,AlBiO3_JVASP-11273_p_srniel.csv
AlBiO3,JVASP-11273,proton,0.15,0.21026,AlBiO3_JVASP-11273_p_srniel.csv
AlBiO3,JVASP-11273,proton,0.2,0.16818,AlBiO3_JVASP-11273_p_srniel.csv
AlBiO3,JVASP-11273,proton,0.25,0.14094,AlBiO3_JVASP-11273_p_srniel.csv
AlBiO3,JVASP-11273,proton,0.3,0.12148,AlBiO3_JVASP-11273_p_srniel.csv
AlBiO3,JVASP-11273,proton,0.35,0.10694,AlBiO3_JVASP-11273_p_srniel.csv
AlBiO3,JVASP-11273,proton,0.4,0.095674,AlBiO3_JVASP-11273_p_srniel.csv
AlBiO3,JVASP-11273,proton,0.45,0.086662,AlBiO3_JVASP-11273_p_srniel.csv
AlBiO3,JVASP-11273,proton,0.5,0.079279,AlBiO3_JVASP-11273_p_srniel.csv
AlBiO3,JVASP-11273,proton,0.55,0.073114,AlBiO3_JVASP-11273_p_srniel.csv
AlBiO3,JVASP-11273,proton,0.6,0.067881,AlBiO3_JVASP-11273_p_srniel.csv
AlBiO3,JVASP-11273,proton,0.65,0.063382,AlBiO3_JVASP-11273_p_srniel.csv
AlBiO3,JVASP-11273,proton,0.7,0.059464,AlBiO3_JVASP-11273_p_srniel.csv
AlBiO3,JVASP-11273,proton,0.75,0.056026,AlBiO3_JVASP-11273_p_srniel.csv
AlBiO3,JVASP-11273,proton,0.8,0.05299,AlBiO3_JVASP-11273_p_srniel.csv
AlBiO3,JVASP-11273,proton,0.85,0.050288,AlBiO3_JVASP-11273_p_srniel.csv
AlBiO3,JVASP-11273,proton,0.9,0.047866,AlBiO3_JVASP-11273_p_srniel.csv
AlBiO3,JVASP-11273,proton,0.95,0.045682,AlBiO3_JVASP-11273_p_srniel.csv
AlBiO3,JVASP-11273,proton,1.0,0.043702,AlBiO3_JVASP-11273_p_srniel.csv
AlBiO3,JVASP-11273,proton,1.5,0.030785,AlBiO3_JVASP-11273_p_srniel.csv
AlBiO3,JVASP-11273,proton,2.0,0.024014,AlBiO3_JVASP-11273_p_srniel.csv
AlBiO3,JVASP-11273,proton,2.5,0.019617,AlBiO3_JVASP-11273_p_srniel.csv
AlBiO3,JVASP-11273,proton,3.0,0.016627,AlBiO3_JVASP-11273_p_srniel.csv
AlBiO3,JVASP-11273,proton,3.5,0.014471,AlBiO3_JVASP-11273_p_srniel.csv
AlBiO3,JVASP-11273,proton,4.0,0.012909,AlBiO3_JVASP-11273_p_srniel.csv
AlBiO3,JVASP-11273,proton,4.5,0.011679,AlBiO3_JVASP-11273_p_srniel.csv
AlBiO3,JVASP-11273,proton,5.0,0.010654,AlBiO3_JVASP-11273_p_srniel.csv
AlBiO3,JVASP-11273,proton,5.5,0.0098082,AlBiO3_JVASP-11273_p_srniel.csv
AlBiO3,JVASP-11273,proton,6.0,0.009106,AlBiO3_JVASP-11273_p_srniel.csv
AlBiO3,JVASP-11273,proton,6.5,0.0085154,AlBiO3_JVASP-11273_p_srniel.csv
AlBiO3,JVASP-11273,proton,7.0,0.0080106,AlBiO3_JVASP-11273_p_srniel.csv
AlBiO3,JVASP-11273,proton,7.5,0.0075724,AlBiO3_JVASP-11273_p_srniel.csv
AlBiO3,JVASP-11273,proton,8.0,0.007186,AlBiO3_JVASP-11273_p_srniel.csv
AlBiO3,JVASP-11273,proton,8.5,0.0068409,AlBiO3_JVASP-11273_p_srniel.csv
AlBiO3,JVASP-11273,proton,9.0,0.0065297,AlBiO3_JVASP-11273_p_srniel.csv
AlBiO3,JVASP-11273,proton,9.5,0.0062469,AlBiO3_JVASP-11273_p_srniel.csv
AlBiO3,JVASP-11273,proton,10.0,0.0059885,AlBiO3_JVASP-11273_p_srniel.csv
AlBiO3,JVASP-11273,proton,15.0,0.0042933,AlBiO3_JVASP-11273_p_srniel.csv
AlBiO3,JVASP-11273,proton,20.0,0.0034491,AlBiO3_JVASP-11273_p_srniel.csv
AlBiO3,JVASP-11273,proton,25.0,0.0029495,AlBiO3_JVASP-11273_p_srniel.csv
AlBiO3,JVASP-11273,proton,30.0,0.0026052,AlBiO3_JVASP-11273_p_srniel.csv
AlBiO3,JVASP-11273,proton,35.0,0.0023417,AlBiO3_JVASP-11273_p_srniel.csv
AlBiO3,JVASP-11273,proton,40.0,0.0021289,AlBiO3_JVASP-11273_p_srniel.csv
AlBiO3,JVASP-11273,proton,45.0,0.0019529,AlBiO3_JVASP-11273_p_srniel.csv
AlBiO3,JVASP-11273,proton,50.0,0.0018054,AlBiO3_JVASP-11273_p_srniel.csv
AlBiO3,JVASP-11273,proton,55.0,0.0016805,AlBiO3_JVASP-11273_p_srniel.csv
AlBiO3,JVASP-11273,proton,60.0,0.0015736,AlBiO3_JVASP-11273_p_srniel.csv
AlBiO3,JVASP-11273,proton,65.0,0.0014811,AlBiO3_JVASP-11273_p_srniel.csv
AlBiO3,JVASP-11273,proton,70.0,0.0014003,AlBiO3_JVASP-11273_p_srniel.csv
AlBiO3,JVASP-11273,proton,75.0,0.001329,AlBiO3_JVASP-11273_p_srniel.csv
AlBiO3,JVASP-11273,proton,80.0,0.0012655,AlBiO3_JVASP-11273_p_srniel.csv
AlBiO3,JVASP-11273,proton,85.0,0.0012086,AlBiO3_JVASP-11273_p_srniel.csv
AlBiO3,JVASP-11273,proton,90.0,0.0011572,AlBiO3_JVASP-11273_p_srniel.csv
AlBiO3,JVASP-11273,proton,95.0,0.0011105,AlBiO3_JVASP-11273_p_srniel.csv
AlBiO3,JVASP-11273,proton,100.0,0.0010678,AlBiO3_JVASP-11273_p_srniel.csv
AlBiO3,JVASP-11273,proton,150.0,0.00078304,AlBiO3_JVASP-11273_p_srniel.csv
AlBiO3,JVASP-11273,proton,200.0,0.00063724,AlBiO3_JVASP-11273_p_srniel.csv
AlBiO3,JVASP-11273,proton,250.0,0.00055493,AlBiO3_JVASP-11273_p_srniel.csv
AlBiO3,JVASP-11273,proton,300.0,0.00050499,AlBiO3_JVASP-11273_p_srniel.csv
AlBiO3,JVASP-11273,proton,350.0,0.00047279,AlBiO3_JVASP-11273_p_srniel.csv
AlBiO3,JVASP-11273,proton,400.0,0.0004509,AlBiO3_JVASP-11273_p_srniel.csv
AlBiO3,JVASP-11273,proton,450.0,0.00043531,AlBiO3_JVASP-11273_p_srniel.csv
AlBiO3,JVASP-11273,proton,500.0,0.00042374,AlBiO3_JVASP-11273_p_srniel.csv
AlBiO3,JVASP-11273,proton,550.0,0.00041485,AlBiO3_JVASP-11273_p_srniel.csv
AlBiO3,JVASP-11273,proton,600.0,0.00040775,AlBiO3_JVASP-11273_p_srniel.csv
AlBiO3,JVASP-11273,proton,650.0,0.00040183,AlBiO3_JVASP-11273_p_srniel.csv
AlBiO3,JVASP-11273,proton,700.0,0.00039666,AlBiO3_JVASP-11273_p_srniel.csv
AlBiO3,JVASP-11273,proton,750.0,0.00039191,AlBiO3_JVASP-11273_p_srniel.csv
AlBiO3,JVASP-11273,proton,800.0,0.00038738,AlBiO3_JVASP-11273_p_srniel.csv
AlBiO3,JVASP-11273,proton,850.0,0.00038303,AlBiO3_JVASP-11273_p_srniel.csv
AlBiO3,JVASP-11273,proton,900.0,0.00037898,AlBiO3_JVASP-11273_p_srniel.csv
AlBiO3,JVASP-11273,proton,950.0,0.00037555,AlBiO3_JVASP-11273_p_srniel.csv
AlBiO3,JVASP-11273,proton,1000.0,0.00037323,AlBiO3_JVASP-11273_p_srniel.csv
AlInSb2,JVASP-109795,electron,0.04,4.5425e-05,AlInSb2_JVASP-109795_e_srniel.csv
AlInSb2,JVASP-109795,electron,0.045,4.581e-05,AlInSb2_JVASP-109795_e_srniel.csv
AlInSb2,JVASP-109795,electron,0.05,4.5775e-05,AlInSb2_JVASP-109795_e_srniel.csv
AlInSb2,JVASP-109795,electron,0.055,4.5494e-05,AlInSb2_JVASP-109795_e_srniel.csv
AlInSb2,JVASP-109795,electron,0.06,4.5072e-05,AlInSb2_JVASP-109795_e_srniel.csv
AlInSb2,JVASP-109795,electron,0.065,4.457e-05,AlInSb2_JVASP-109795_e_srniel.csv
AlInSb2,JVASP-109795,electron,0.07,4.4026e-05,AlInSb2_JVASP-109795_e_srniel.csv
AlInSb2,JVASP-109795,electron,0.075,4.3465e-05,AlInSb2_JVASP-109795_e_srniel.csv
AlInSb2,JVASP-109795,electron,0.08,4.2902e-05,AlInSb2_JVASP-109795_e_srniel.csv
AlInSb2,JVASP-109795,electron,0.085,4.2346e-05,AlInSb2_JVASP-109795_e_srniel.csv
AlInSb2,JVASP-109795,electron,0.09,4.1804e-05,AlInSb2_JVASP-109795_e_srniel.csv
AlInSb2,JVASP-109795,electron,0.095,4.128e-05,AlInSb2_JVASP-109795_e_srniel.csv
AlInSb2,JVASP-109795,electron,0.1,4.0776e-05,AlInSb2_JVASP-109795_e_srniel.csv
AlInSb2,JVASP-109795,electron,0.15,3.685e-05,AlInSb2_JVASP-109795_e_srniel.csv
AlInSb2,JVASP-109795,electron,0.2,3.4466e-05,AlInSb2_JVASP-109795_e_srniel.csv
AlInSb2,JVASP-109795,electron,0.25,3.2984e-05,AlInSb2_JVASP-109795_e_srniel.csv
AlInSb2,JVASP-109795,electron,0.3,3.204e-05,AlInSb2_JVASP-109795_e_srniel.csv
AlInSb2,JVASP-109795,electron,0.35,3.1432e-05,AlInSb2_JVASP-109795_e_srniel.csv
AlInSb2,JVASP-109795,electron,0.4,3.1047e-05,AlInSb2_JVASP-109795_e_srniel.csv
AlInSb2,JVASP-109795,electron,0.45,3.0814e-05,AlInSb2_JVASP-109795_e_srniel.csv
AlInSb2,JVASP-109795,electron,0.5,3.069e-05,AlInSb2_JVASP-109795_e_srniel.csv
AlInSb2,JVASP-109795,electron,0.55,3.0932e-05,AlInSb2_JVASP-109795_e_srniel.csv
AlInSb2,JVASP-109795,electron,0.6,3.1592e-05,AlInSb2_JVASP-109795_e_srniel.csv
AlInSb2,JVASP-109795,electron,0.65,3.2376e-05,AlInSb2_JVASP-109795_e_srniel.csv
AlInSb2,JVASP-109795,electron,0.7,3.324e-05,AlInSb2_JVASP-109795_e_srniel.csv
AlInSb2,JVASP-109795,electron,0.75,3.4152e-05,AlInSb2_JVASP-109795_e_srniel.csv
AlInSb2,JVASP-109795,electron,0.8,3.509e-05,AlInSb2_JVASP-109795_e_srniel.csv
AlInSb2,JVASP-109795,electron,0.85,3.6038e-05,AlInSb2_JVASP-109795_e_srniel.csv
AlInSb2,JVASP-109795,electron,0.9,3.6988e-05,AlInSb2_JVASP-109795_e_srniel.csv
AlInSb2,JVASP-109795,electron,0.95,3.7932e-05,AlInSb2_JVASP-109795_e_srniel.csv
AlInSb2,JVASP-109795,electron,1.0,3.8864e-05,AlInSb2_JVASP-109795_e_srniel.csv
AlInSb2,JVASP-109795,electron,1.5,4.7211e-05,AlInSb2_JVASP-109795_e_srniel.csv
AlInSb2,JVASP-109795,electron,2.0,5.3833e-05,AlInSb2_JVASP-109795_e_srniel.csv
AlInSb2,JVASP-109795,electron,2.5,5.9194e-05,AlInSb2_JVASP-109795_e_srniel.csv
AlInSb2,JVASP-109795,electron,3.0,6.3661e-05,AlInSb2_JVASP-109795_e_srniel.csv
AlInSb2,JVASP-109795,electron,3.5,6.7472e-05,AlInSb2_JVASP-109795_e_srniel.csv
AlInSb2,JVASP-109795,electron,4.0,7.0786e-05,AlInSb2_JVASP-109795_e_srniel.csv
AlInSb2,JVASP-109795,electron,4.5,7.3709e-05,AlInSb2_JVASP-109795_e_srniel.csv
AlInSb2,JVASP-109795,electron,5.0,7.6318e-05,AlInSb2_JVASP-109795_e_srniel.csv
AlInSb2,JVASP-109795,electron,5.5,7.8671e-05,AlInSb2_JVASP-109795_e_srniel.csv
AlInSb2,JVASP-109795,electron,6.0,8.0808e-05,AlInSb2_JVASP-109795_e_srniel.csv
AlInSb2,JVASP-109795,electron,6.5,8.2764e-05,AlInSb2_JVASP-109795_e_srniel.csv
AlInSb2,JVASP-109795,electron,7.0,8.4565e-05,AlInSb2_JVASP-109795_e_srniel.csv
AlInSb2,JVASP-109795,electron,7.5,8.6229e-05,AlInSb2_JVASP-109795_e_srniel.csv
AlInSb2,JVASP-109795,electron,8.0,8.7776e-05,AlInSb2_JVASP-109795_e_srniel.csv
AlInSb2,JVASP-109795,electron,8.5,8.9218e-05,AlInSb2_JVASP-109795_e_srniel.csv
AlInSb2,JVASP-109795,electron,9.0,9.0567e-05,AlInSb2_JVASP-109795_e_srniel.csv
AlInSb2,JVASP-109795,electron,9.5,9.1832e-05,AlInSb2_JVASP-109795_e_srniel.csv
AlInSb2,JVASP-109795,electron,10.0,9.3022e-05,AlInSb2_JVASP-109795_e_srniel.csv
AlInSb2,JVASP-109795,electron,15.0,0.00010198,AlInSb2_JVASP-109795_e_srniel.csv
AlInSb2,JVASP-109795,electron,20.0,0.00010763,AlInSb2_JVASP-109795_e_srniel.csv
AlInSb2,JVASP-109795,electron,25.0,0.00011142,AlInSb2_JVASP-109795_e_srniel.csv
AlInSb2,JVASP-109795,electron,30.0,0.00011402,AlInSb2_JVASP-109795_e_srniel.csv
AlInSb2,JVASP-109795,electron,35.0,0.00011582,AlInSb2_JVASP-109795_e_srniel.csv
AlInSb2,JVASP-109795,electron,40.0,0.00011704,AlInSb2_JVASP-109795_e_srniel.csv
AlInSb2,JVASP-109795,electron,45.0,0.00011785,AlInSb2_JVASP-109795_e_srniel.csv
AlInSb2,JVASP-109795,electron,50.0,0.00011836,AlInSb2_JVASP-109795_e_srniel.csv
AlInSb2,JVASP-109795,electron,55.0,0.00011866,AlInSb2_JVASP-109795_e_srniel.csv
AlInSb2,JVASP-109795,electron,60.0,0.00011881,AlInSb2_JVASP-109795_e_srniel.csv
AlInSb2,JVASP-109795,electron,65.0,0.00011885,AlInSb2_JVASP-109795_e_srniel.csv
AlInSb2,JVASP-109795,electron,70.0,0.00011881,AlInSb2_JVASP-109795_e_srniel.csv
AlInSb2,JVASP-109795,electron,75.0,0.00011871,AlInSb2_JVASP-109795_e_srniel.csv
AlInSb2,JVASP-109795,electron,80.0,0.00011858,AlInSb2_JVASP-109795_e_srniel.csv
AlInSb2,JVASP-109795,electron,85.0,0.00011842,AlInSb2_JVASP-109795_e_srniel.csv
AlInSb2,JVASP-109795,electron,90.0,0.00011825,AlInSb2_JVASP-109795_e_srniel.csv
AlInSb2,JVASP-109795,electron,95.0,0.00011808,AlInSb2_JVASP-109795_e_srniel.csv
AlInSb2,JVASP-109795,electron,100.0,0.00011789,AlInSb2_JVASP-109795_e_srniel.csv
AlInSb2,JVASP-109795,proton,0.0001,0.81692,AlInSb2_JVASP-109795_p_srniel.csv
AlInSb2,JVASP-109795,proton,0.00015,0.92808,AlInSb2_JVASP-109795_p_srniel.csv
AlInSb2,JVASP-109795,proton,0.0002,0.99497,AlInSb2_JVASP-109795_p_srniel.csv
AlInSb2,JVASP-109795,proton,0.00025,1.0386,AlInSb2_JVASP-109795_p_srniel.csv
AlInSb2,JVASP-109795,proton,0.0003,1.0683,AlInSb2_JVASP-109795_p_srniel.csv
AlInSb2,JVASP-109795,proton,0.00035,1.0888,AlInSb2_JVASP-109795_p_srniel.csv
AlInSb2,JVASP-109795,proton,0.0004,1.1031,AlInSb2_JVASP-109795_p_srniel.csv
AlInSb2,JVASP-109795,proton,0.00045,1.1256,AlInSb2_JVASP-109795_p_srniel.csv
AlInSb2,JVASP-109795,proton,0.0005,1.1827,AlInSb2_JVASP-109795_p_srniel.csv
AlInSb2,JVASP-109795,proton,0.00055,1.2308,AlInSb2_JVASP-109795_p_srniel.csv
AlInSb2,JVASP-109795,proton,0.0006,1.2716,AlInSb2_JVASP-109795_p_srniel.csv
AlInSb2,JVASP-109795,proton,0.00065,1.3066,AlInSb2_JVASP-109795_p_srniel.csv
AlInSb2,JVASP-109795,proton,0.0007,1.3367,AlInSb2_JVASP-109795_p_srniel.csv
AlInSb2,JVASP-109795,proton,0.00075,1.3628,AlInSb2_JVASP-109795_p_srniel.csv
AlInSb2,JVASP-109795,proton,0.0008,1.3855,AlInSb2_JVASP-109795_p_srniel.csv
AlInSb2,JVASP-109795,proton,0.00085,1.4053,AlInSb2_JVASP-109795_p_srniel.csv
AlInSb2,JVASP-109795,proton,0.0009,1.4226,AlInSb2_JVASP-109795_p_srniel.csv
AlInSb2,JVASP-109795,proton,0.00095,1.4378,AlInSb2_JVASP-109795_p_srniel.csv
AlInSb2,JVASP-109795,proton,0.001,1.4512,AlInSb2_JVASP-109795_p_srniel.csv
AlInSb2,JVASP-109795,proton,0.0015,1.5201,AlInSb2_JVASP-109795_p_srniel.csv
AlInSb2,JVASP-109795,proton,0.002,1.5304,AlInSb2_JVASP-109795_p_srniel.csv
AlInSb2,JVASP-109795,proton,0.0025,1.5176,AlInSb2_JVASP-109795_p_srniel.csv
AlInSb2,JVASP-109795,proton,0.003,1.4945,AlInSb2_JVASP-109795_p_srniel.csv
AlInSb2,JVASP-109795,proton,0.0035,1.4666,AlInSb2_JVASP-109795_p_srniel.csv
AlInSb2,JVASP-109795,proton,0.004,1.4368,AlInSb2_JVASP-109795_p_srniel.csv
AlInSb2,JVASP-109795,proton,0.0045,1.4065,AlInSb2_JVASP-109795_p_srniel.csv
AlInSb2,JVASP-109795,proton,0.005,1.3763,AlInSb2_JVASP-109795_p_srniel.csv
AlInSb2,JVASP-109795,proton,0.0055,1.3469,AlInSb2_JVASP-109795_p_srniel.csv
AlInSb2,JVASP-109795,proton,0.006,1.3183,AlInSb2_JVASP-109795_p_srniel.csv
AlInSb2,JVASP-109795,proton,0.0065,1.2907,AlInSb2_JVASP-109795_p_srniel.csv
AlInSb2,JVASP-109795,proton,0.007,1.2641,AlInSb2_JVASP-109795_p_srniel.csv
AlInSb2,JVASP-109795,proton,0.0075,1.2386,AlInSb2_JVASP-109795_p_srniel.csv
AlInSb2,JVASP-109795,proton,0.008,1.2141,AlInSb2_JVASP-109795_p_srniel.csv
AlInSb2,JVASP-109795,proton,0.0085,1.1906,AlInSb2_JVASP-109795_p_srniel.csv
AlInSb2,JVASP-109795,proton,0.009,1.1681,AlInSb2_JVASP-109795_p_srniel.csv
AlInSb2,JVASP-109795,proton,0.0095,1.1464,AlInSb2_JVASP-109795_p_srniel.csv
AlInSb2,JVASP-109795,proton,0.01,1.1257,AlInSb2_JVASP-109795_p_srniel.csv
AlInSb2,JVASP-109795,proton,0.015,0.95676,AlInSb2_JVASP-109795_p_srniel.csv
AlInSb2,JVASP-109795,proton,0.02,0.83684,AlInSb2_JVASP-109795_p_srniel.csv
AlInSb2,JVASP-109795,proton,0.025,0.7469,AlInSb2_JVASP-109795_p_srniel.csv
AlInSb2,JVASP-109795,proton,0.03,0.67659,AlInSb2_JVASP-109795_p_srniel.csv
AlInSb2,JVASP-109795,proton,0.035,0.61988,AlInSb2_JVASP-109795_p_srniel.csv
AlInSb2,JVASP-109795,proton,0.04,0.57302,AlInSb2_JVASP-109795_p_srniel.csv
AlInSb2,JVASP-109795,proton,0.045,0.53356,AlInSb2_JVASP-109795_p_srniel.csv
AlInSb2,JVASP-109795,proton,0.05,0.49979,AlInSb2_JVASP-109795_p_srniel.csv
AlInSb2,JVASP-109795,proton,0.055,0.47051,AlInSb2_JVASP-109795_p_srniel.csv
AlInSb2,JVASP-109795,proton,0.06,0.44485,AlInSb2_JVASP-109795_p_srniel.csv
AlInSb2,JVASP-109795,proton,0.065,0.42216,AlInSb2_JVASP-109795_p_srniel.csv
AlInSb2,JVASP-109795,proton,0.07,0.40191,AlInSb2_JVASP-109795_p_srniel.csv
AlInSb2,JVASP-109795,proton,0.075,0.38373,AlInSb2_JVASP-109795_p_srniel.csv
AlInSb2,JVASP-109795,proton,0.08,0.36729,AlInSb2_JVASP-109795_p_srniel.csv
AlInSb2,JVASP-109795,proton,0.085,0.35235,AlInSb2_JVASP-109795_p_srniel.csv
AlInSb2,JVASP-109795,proton,0.09,0.33875,AlInSb2_JVASP-109795_p_srniel.csv
AlInSb2,JVASP-109795,proton,0.095,0.3263,AlInSb2_JVASP-109795_p_srniel.csv
AlInSb2,JVASP-109795,proton,0.1,0.31484,AlInSb2_JVASP-109795_p_srniel.csv
AlInSb2,JVASP-109795,proton,0.15,0.23541,AlInSb2_JVASP-109795_p_srniel.csv
AlInSb2,JVASP-109795,proton,0.2,0.19004,AlInSb2_JVASP-109795_p_srniel.csv
AlInSb2,JVASP-109795,proton,0.25,0.16033,AlInSb2_JVASP-109795_p_srniel.csv
AlInSb2,JVASP-109795,proton,0.3,0.13892,AlInSb2_JVASP-109795_p_srniel.csv
AlInSb2,JVASP-109795,proton,0.35,0.12281,AlInSb2_JVASP-109795_p_srniel.csv
AlInSb2,JVASP-109795,proton,0.4,0.11039,AlInSb2_JVASP-109795_p_srniel.csv
AlInSb2,JVASP-109795,proton,0.45,0.10055,AlInSb2_JVASP-109795_p_srniel.csv
AlInSb2,JVASP-109795,proton,0.5,0.09249,AlInSb2_JVASP-109795_p_srniel.csv
AlInSb2,JVASP-109795,proton,0.55,0.085759,AlInSb2_JVASP-109795_p_srniel.csv
AlInSb2,JVASP-109795,proton,0.6,0.080043,AlInSb2_JVASP-109795_p_srniel.csv
AlInSb2,JVASP-109795,proton,0.65,0.075122,AlInSb2_JVASP-109795_p_srniel.csv
AlInSb2,JVASP-109795,proton,0.7,0.070837,AlInSb2_JVASP-109795_p_srniel.csv
AlInSb2,JVASP-109795,proton,0.75,0.067067,AlInSb2_JVASP-109795_p_srniel.csv
AlInSb2,JVASP-109795,proton,0.8,0.063722,AlInSb2_JVASP-109795_p_srniel.csv
AlInSb2,JVASP-109795,proton,0.85,0.060733,AlInSb2_JVASP-109795_p_srniel.csv
AlInSb2,JVASP-109795,proton,0.9,0.058043,AlInSb2_JVASP-109795_p_srniel.csv
AlInSb2,JVASP-109795,proton,0.95,0.055609,AlInSb2_JVASP-109795_p_srniel.csv
AlInSb2,JVASP-109795,proton,1.0,0.053394,AlInSb2_JVASP-109795_p_srniel.csv
AlInSb2,JVASP-109795,proton,1.5,0.037681,AlInSb2_JVASP-109795_p_srniel.csv
AlInSb2,JVASP-109795,proton,2.0,0.029184,AlInSb2_JVASP-109795_p_srniel.csv
AlInSb2,JVASP-109795,proton,2.5,0.02391,AlInSb2_JVASP-109795_p_srniel.csv
AlInSb2,JVASP-109795,proton,3.0,0.020309,AlInSb2_JVASP-109795_p_srniel.csv
AlInSb2,JVASP-109795,proton,3.5,0.01769,AlInSb2_JVASP-109795_p_srniel.csv
AlInSb2,JVASP-109795,proton,4.0,0.015696,AlInSb2_JVASP-109795_p_srniel.csv
AlInSb2,JVASP-109795,proton,4.5,0.014126,AlInSb2_JVASP-109795_p_srniel.csv
AlInSb2,JVASP-109795,proton,5.0,0.012857,AlInSb2_JVASP-109795_p_srniel.csv
AlInSb2,JVASP-109795,proton,5.5,0.011808,AlInSb2_JVASP-109795_p_srniel.csv
AlInSb2,JVASP-109795,proton,6.0,0.010935,AlInSb2_JVASP-109795_p_srniel.csv
AlInSb2,JVASP-109795,proton,6.5,0.010209,AlInSb2_JVASP-109795_p_srniel.csv
AlInSb2,JVASP-109795,proton,7.0,0.0096002,AlInSb2_JVASP-109795_p_srniel.csv
AlInSb2,JVASP-109795,proton,7.5,0.0090727,AlInSb2_JVASP-109795_p_srniel.csv
AlInSb2,JVASP-109795,proton,8.0,0.0086049,AlInSb2_JVASP-109795_p_srniel.csv
AlInSb2,JVASP-109795,proton,8.5,0.0081863,AlInSb2_JVASP-109795_p_srniel.csv
AlInSb2,JVASP-109795,proton,9.0,0.0078106,AlInSb2_JVASP-109795_p_srniel.csv
AlInSb2,JVASP-109795,proton,9.5,0.0074732,AlInSb2_JVASP-109795_p_srniel.csv
AlInSb2,JVASP-109795,proton,10.0,0.0071699,AlInSb2_JVASP-109795_p_srniel.csv
AlInSb2,JVASP-109795,proton,15.0,0.0053489,AlInSb2_JVASP-109795_p_srniel.csv
AlInSb2,JVASP-109795,proton,20.0,0.0045636,AlInSb2_JVASP-109795_p_srniel.csv
AlInSb2,JVASP-109795,proton,25.0,0.0041226,AlInSb2_JVASP-109795_p_srniel.csv
AlInSb2,JVASP-109795,proton,30.0,0.0038349,AlInSb2_JVASP-109795_p_srniel.csv
AlInSb2,JVASP-109795,proton,35.0,0.0036375,AlInSb2_JVASP-109795_p_srniel.csv
AlInSb2,JVASP-109795,proton,40.0,0.0034998,AlInSb2_JVASP-109795_p_srniel.csv
AlInSb2,JVASP-109795,proton,45.0,0.0034032,AlInSb2_JVASP-109795_p_srniel.csv
AlInSb2,JVASP-109795,proton,50.0,0.0033351,AlInSb2_JVASP-109795_p_srniel.csv
AlInSb2,JVASP-109795,proton,55.0,0.0032871,AlInSb2_JVASP-109795_p_srniel.csv
AlInSb2,JVASP-109795,proton,60.0,0.0032534,AlInSb2_JVASP-109795_p_srniel.csv
AlInSb2,JVASP-109795,proton,65.0,0.0032298,AlInSb2_JVASP-109795_p_srniel.csv
AlInSb2,JVASP-109795,proton,70.0,0.0032135,AlInSb2_JVASP-109795_p_srniel.csv
AlInSb2,JVASP-109795,proton,75.0,0.0032025,AlInSb2_JVASP-109795_p_srniel.csv
AlInSb2,JVASP-109795,proton,80.0,0.0031953,AlInSb2_JVASP-109795_p_srniel.csv
AlInSb2,JVASP-109795,proton,85.0,0.0031908,AlInSb2_JVASP-109795_p_srniel.csv
AlInSb2,JVASP-109795,proton,90.0,0.0031883,AlInSb2_JVASP-109795_p_srniel.csv
AlInSb2,JVASP-109795,proton,95.0,0.0031872,AlInSb2_JVASP-109795_p_srniel.csv
AlInSb2,JVASP-109795,proton,100.0,0.0031871,AlInSb2_JVASP-109795_p_srniel.csv
AlInSb2,JVASP-109795,proton,150.0,0.0032011,AlInSb2_JVASP-109795_p_srniel.csv
AlInSb2,JVASP-109795,proton,200.0,0.0032273,AlInSb2_JVASP-109795_p_srniel.csv
AlInSb2,JVASP-109795,proton,250.0,0.0032876,AlInSb2_JVASP-109795_p_srniel.csv
AlInSb2,JVASP-109795,proton,300.0,0.0033899,AlInSb2_JVASP-109795_p_srniel.csv
AlInSb2,JVASP-109795,proton,350.0,0.0035262,AlInSb2_JVASP-109795_p_srniel.csv
AlInSb2,JVASP-109795,proton,400.0,0.0036825,AlInSb2_JVASP-109795_p_srniel.csv
AlInSb2,JVASP-109795,proton,450.0,0.003845,AlInSb2_JVASP-109795_p_srniel.csv
AlInSb2,JVASP-109795,proton,500.0,0.004003,AlInSb2_JVASP-109795_p_srniel.csv
AlInSb2,JVASP-109795,proton,550.0,0.0041502,AlInSb2_JVASP-109795_p_srniel.csv
AlInSb2,JVASP-109795,proton,600.0,0.0042843,AlInSb2_JVASP-109795_p_srniel.csv
AlInSb2,JVASP-109795,proton,650.0,0.0044058,AlInSb2_JVASP-109795_p_srniel.csv
AlInSb2,JVASP-109795,proton,700.0,0.0045163,AlInSb2_JVASP-109795_p_srniel.csv
AlInSb2,JVASP-109795,proton,750.0,0.0046177,AlInSb2_JVASP-109795_p_srniel.csv
AlInSb2,JVASP-109795,proton,800.0,0.0047107,AlInSb2_JVASP-109795_p_srniel.csv
AlInSb2,JVASP-109795,proton,850.0,0.0047937,AlInSb2_JVASP-109795_p_srniel.csv
AlInSb2,JVASP-109795,proton,900.0,0.0048619,AlInSb2_JVASP-109795_p_srniel.csv
AlInSb2,JVASP-109795,proton,950.0,0.0049067,AlInSb2_JVASP-109795_p_srniel.csv
AlInSb2,JVASP-109795,proton,1000.0,0.0049163,AlInSb2_JVASP-109795_p_srniel.csv
AsCl5,JVASP-5770,electron,0.04,0.00011749,AsCl5_JVASP-5770_e_srniel.csv
AsCl5,JVASP-5770,electron,0.045,0.00011857,AsCl5_JVASP-5770_e_srniel.csv
AsCl5,JVASP-5770,electron,0.05,0.00011849,AsCl5_JVASP-5770_e_srniel.csv
AsCl5,JVASP-5770,electron,0.055,0.00011772,AsCl5_JVASP-5770_e_srniel.csv
AsCl5,JVASP-5770,electron,0.06,0.00011657,AsCl5_JVASP-5770_e_srniel.csv
AsCl5,JVASP-5770,electron,0.065,0.00011522,AsCl5_JVASP-5770_e_srniel.csv
AsCl5,JVASP-5770,electron,0.07,0.00011376,AsCl5_JVASP-5770_e_srniel.csv
AsCl5,JVASP-5770,electron,0.075,0.00011226,AsCl5_JVASP-5770_e_srniel.csv
AsCl5,JVASP-5770,electron,0.08,0.00011077,AsCl5_JVASP-5770_e_srniel.csv
AsCl5,JVASP-5770,electron,0.085,0.00010931,AsCl5_JVASP-5770_e_srniel.csv
AsCl5,JVASP-5770,electron,0.09,0.00010789,AsCl5_JVASP-5770_e_srniel.csv
AsCl5,JVASP-5770,electron,0.095,0.00010653,AsCl5_JVASP-5770_e_srniel.csv
AsCl5,JVASP-5770,electron,0.1,0.00010522,AsCl5_JVASP-5770_e_srniel.csv
AsCl5,JVASP-5770,electron,0.15,9.5104e-05,AsCl5_JVASP-5770_e_srniel.csv
AsCl5,JVASP-5770,electron,0.2,8.899e-05,AsCl5_JVASP-5770_e_srniel.csv
AsCl5,JVASP-5770,electron,0.25,8.5209e-05,AsCl5_JVASP-5770_e_srniel.csv
AsCl5,JVASP-5770,electron,0.3,8.2834e-05,AsCl5_JVASP-5770_e_srniel.csv
AsCl5,JVASP-5770,electron,0.35,8.1351e-05,AsCl5_JVASP-5770_e_srniel.csv
AsCl5,JVASP-5770,electron,0.4,8.0462e-05,AsCl5_JVASP-5770_e_srniel.csv
AsCl5,JVASP-5770,electron,0.45,7.998e-05,AsCl5_JVASP-5770_e_srniel.csv
AsCl5,JVASP-5770,electron,0.5,7.9787e-05,AsCl5_JVASP-5770_e_srniel.csv
AsCl5,JVASP-5770,electron,0.55,7.9802e-05,AsCl5_JVASP-5770_e_srniel.csv
AsCl5,JVASP-5770,electron,0.6,7.9971e-05,AsCl5_JVASP-5770_e_srniel.csv
AsCl5,JVASP-5770,electron,0.65,8.0253e-05,AsCl5_JVASP-5770_e_srniel.csv
AsCl5,JVASP-5770,electron,0.7,8.062e-05,AsCl5_JVASP-5770_e_srniel.csv
AsCl5,JVASP-5770,electron,0.75,8.1052e-05,AsCl5_JVASP-5770_e_srniel.csv
AsCl5,JVASP-5770,electron,0.8,8.1532e-05,AsCl5_JVASP-5770_e_srniel.csv
AsCl5,JVASP-5770,electron,0.85,8.2048e-05,AsCl5_JVASP-5770_e_srniel.csv
AsCl5,JVASP-5770,electron,0.9,8.2592e-05,AsCl5_JVASP-5770_e_srniel.csv
AsCl5,JVASP-5770,electron,0.95,8.3155e-05,AsCl5_JVASP-5770_e_srniel.csv
AsCl5,JVASP-5770,electron,1.0,8.3733e-05,AsCl5_JVASP-5770_e_srniel.csv
AsCl5,JVASP-5770,electron,1.5,8.9649e-05,AsCl5_JVASP-5770_e_srniel.csv
AsCl5,JVASP-5770,electron,2.0,9.5084e-05,AsCl5_JVASP-5770_e_srniel.csv
AsCl5,JVASP-5770,electron,2.5,9.9851e-05,AsCl5_JVASP-5770_e_srniel.csv
AsCl5,JVASP-5770,electron,3.0,0.00010403,AsCl5_JVASP-5770_e_srniel.csv
AsCl5,JVASP-5770,electron,3.5,0.00010772,AsCl5_JVASP-5770_e_srniel.csv
AsCl5,JVASP-5770,electron,4.0,0.00011101,AsCl5_JVASP-5770_e_srniel.csv
AsCl5,JVASP-5770,electron,4.5,0.00011397,AsCl5_JVASP-5770_e_srniel.csv
AsCl5,JVASP-5770,electron,5.0,0.00011665,AsCl5_JVASP-5770_e_srniel.csv
AsCl5,JVASP-5770,electron,5.5,0.0001191,AsCl5_JVASP-5770_e_srniel.csv
AsCl5,JVASP-5770,electron,6.0,0.00012135,AsCl5_JVASP-5770_e_srniel.csv
AsCl5,JVASP-5770,electron,6.5,0.00012343,AsCl5_JVASP-5770_e_srniel.csv
AsCl5,JVASP-5770,electron,7.0,0.00012536,AsCl5_JVASP-5770_e_srniel.csv
AsCl5,JVASP-5770,electron,7.5,0.00012716,AsCl5_JVASP-5770_e_srniel.csv
AsCl5,JVASP-5770,electron,8.0,0.00012884,AsCl5_JVASP-5770_e_srniel.csv
AsCl5,JVASP-5770,electron,8.5,0.00013042,AsCl5_JVASP-5770_e_srniel.csv
AsCl5,JVASP-5770,electron,9.0,0.0001319,AsCl5_JVASP-5770_e_srniel.csv
AsCl5,JVASP-5770,electron,9.5,0.0001333,AsCl5_JVASP-5770_e_srniel.csv
AsCl5,JVASP-5770,electron,10.0,0.00013463,AsCl5_JVASP-5770_e_srniel.csv
AsCl5,JVASP-5770,electron,15.0,0.00014486,AsCl5_JVASP-5770_e_srniel.csv
AsCl5,JVASP-5770,electron,20.0,0.00015169,AsCl5_JVASP-5770_e_srniel.csv
AsCl5,JVASP-5770,electron,25.0,0.00015659,AsCl5_JVASP-5770_e_srniel.csv
AsCl5,JVASP-5770,electron,30.0,0.00016024,AsCl5_JVASP-5770_e_srniel.csv
AsCl5,JVASP-5770,electron,35.0,0.00016304,AsCl5_JVASP-5770_e_srniel.csv
AsCl5,JVASP-5770,electron,40.0,0.0001652,AsCl5_JVASP-5770_e_srniel.csv
AsCl5,JVASP-5770,electron,45.0,0.0001669,AsCl5_JVASP-5770_e_srniel.csv
AsCl5,JVASP-5770,electron,50.0,0.00016824,AsCl5_JVASP-5770_e_srniel.csv
AsCl5,JVASP-5770,electron,55.0,0.00016929,AsCl5_JVASP-5770_e_srniel.csv
AsCl5,JVASP-5770,electron,60.0,0.00017013,AsCl5_JVASP-5770_e_srniel.csv
AsCl5,JVASP-5770,electron,65.0,0.0001708,AsCl5_JVASP-5770_e_srniel.csv
AsCl5,JVASP-5770,electron,70.0,0.00017133,AsCl5_JVASP-5770_e_srniel.csv
AsCl5,JVASP-5770,electron,75.0,0.00017176,AsCl5_JVASP-5770_e_srniel.csv
AsCl5,JVASP-5770,electron,80.0,0.00017209,AsCl5_JVASP-5770_e_srniel.csv
AsCl5,JVASP-5770,electron,85.0,0.00017236,AsCl5_JVASP-5770_e_srniel.csv
AsCl5,JVASP-5770,electron,90.0,0.00017258,AsCl5_JVASP-5770_e_srniel.csv
AsCl5,JVASP-5770,electron,95.0,0.00017274,AsCl5_JVASP-5770_e_srniel.csv
AsCl5,JVASP-5770,electron,100.0,0.00017288,AsCl5_JVASP-5770_e_srniel.csv
AsCl5,JVASP-5770,proton,0.0001,4.5453,AsCl5_JVASP-5770_p_srniel.csv
AsCl5,JVASP-5770,proton,0.00015,5.1141,AsCl5_JVASP-5770_p_srniel.csv
AsCl5,JVASP-5770,proton,0.0002,5.4522,AsCl5_JVASP-5770_p_srniel.csv
AsCl5,JVASP-5770,proton,0.00025,5.6687,AsCl5_JVASP-5770_p_srniel.csv
AsCl5,JVASP-5770,proton,0.0003,5.8121,AsCl5_JVASP-5770_p_srniel.csv
AsCl5,JVASP-5770,proton,0.00035,5.9076,AsCl5_JVASP-5770_p_srniel.csv
AsCl5,JVASP-5770,proton,0.0004,5.97,AsCl5_JVASP-5770_p_srniel.csv
AsCl5,JVASP-5770,proton,0.00045,6.0088,AsCl5_JVASP-5770_p_srniel.csv
AsCl5,JVASP-5770,proton,0.0005,6.03,AsCl5_JVASP-5770_p_srniel.csv
AsCl5,JVASP-5770,proton,0.00055,6.0381,AsCl5_JVASP-5770_p_srniel.csv
AsCl5,JVASP-5770,proton,0.0006,6.0361,AsCl5_JVASP-5770_p_srniel.csv
AsCl5,JVASP-5770,proton,0.00065,6.0263,AsCl5_JVASP-5770_p_srniel.csv
AsCl5,JVASP-5770,proton,0.0007,6.0104,AsCl5_JVASP-5770_p_srniel.csv
AsCl5,JVASP-5770,proton,0.00075,5.9896,AsCl5_JVASP-5770_p_srniel.csv
AsCl5,JVASP-5770,proton,0.0008,5.9651,AsCl5_JVASP-5770_p_srniel.csv
AsCl5,JVASP-5770,proton,0.00085,5.9375,AsCl5_JVASP-5770_p_srniel.csv
AsCl5,JVASP-5770,proton,0.0009,5.9075,AsCl5_JVASP-5770_p_srniel.csv
AsCl5,JVASP-5770,proton,0.00095,5.8757,AsCl5_JVASP-5770_p_srniel.csv
AsCl5,JVASP-5770,proton,0.001,5.8423,AsCl5_JVASP-5770_p_srniel.csv
AsCl5,JVASP-5770,proton,0.0015,5.4783,AsCl5_JVASP-5770_p_srniel.csv
AsCl5,JVASP-5770,proton,0.002,5.1254,AsCl5_JVASP-5770_p_srniel.csv
AsCl5,JVASP-5770,proton,0.0025,4.81,AsCl5_JVASP-5770_p_srniel.csv
AsCl5,JVASP-5770,proton,0.003,4.5325,AsCl5_JVASP-5770_p_srniel.csv
AsCl5,JVASP-5770,proton,0.0035,4.2882,AsCl5_JVASP-5770_p_srniel.csv
AsCl5,JVASP-5770,proton,0.004,4.072,AsCl5_JVASP-5770_p_srniel.csv
AsCl5,JVASP-5770,proton,0.0045,3.8795,AsCl5_JVASP-5770_p_srniel.csv
AsCl5,JVASP-5770,proton,0.005,3.7071,AsCl5_JVASP-5770_p_srniel.csv
AsCl5,JVASP-5770,proton,0.0055,3.5515,AsCl5_JVASP-5770_p_srniel.csv
AsCl5,JVASP-5770,proton,0.006,3.4105,AsCl5_JVASP-5770_p_srniel.csv
AsCl5,JVASP-5770,proton,0.0065,3.282,AsCl5_JVASP-5770_p_srniel.csv
AsCl5,JVASP-5770,proton,0.007,3.1643,AsCl5_JVASP-5770_p_srniel.csv
AsCl5,JVASP-5770,proton,0.0075,3.056,AsCl5_JVASP-5770_p_srniel.csv
AsCl5,JVASP-5770,proton,0.008,2.956,AsCl5_JVASP-5770_p_srniel.csv
AsCl5,JVASP-5770,proton,0.0085,2.8634,AsCl5_JVASP-5770_p_srniel.csv
AsCl5,JVASP-5770,proton,0.009,2.7773,AsCl5_JVASP-5770_p_srniel.csv
AsCl5,JVASP-5770,proton,0.0095,2.6969,AsCl5_JVASP-5770_p_srniel.csv
AsCl5,JVASP-5770,proton,0.01,2.6218,AsCl5_JVASP-5770_p_srniel.csv
AsCl5,JVASP-5770,proton,0.015,2.0699,AsCl5_JVASP-5770_p_srniel.csv
AsCl5,JVASP-5770,proton,0.02,1.7278,AsCl5_JVASP-5770_p_srniel.csv
AsCl5,JVASP-5770,proton,0.025,1.4919,AsCl5_JVASP-5770_p_srniel.csv
AsCl5,JVASP-5770,proton,0.03,1.3181,AsCl5_JVASP-5770_p_srniel.csv
AsCl5,JVASP-5770,proton,0.035,1.1839,AsCl5_JVASP-5770_p_srniel.csv
AsCl5,JVASP-5770,proton,0.04,1.0768,AsCl5_JVASP-5770_p_srniel.csv
AsCl5,JVASP-5770,proton,0.045,0.98911,AsCl5_JVASP-5770_p_srniel.csv
AsCl5,JVASP-5770,proton,0.05,0.91579,AsCl5_JVASP-5770_p_srniel.csv
AsCl5,JVASP-5770,proton,0.055,0.85349,AsCl5_JVASP-5770_p_srniel.csv
AsCl5,JVASP-5770,proton,0.06,0.79981,AsCl5_JVASP-5770_p_srniel.csv
AsCl5,JVASP-5770,proton,0.065,0.75302,AsCl5_JVASP-5770_p_srniel.csv
AsCl5,JVASP-5770,proton,0.07,0.71184,AsCl5_JVASP-5770_p_srniel.csv
AsCl5,JVASP-5770,proton,0.075,0.67528,AsCl5_JVASP-5770_p_srniel.csv
AsCl5,JVASP-5770,proton,0.08,0.64259,AsCl5_JVASP-5770_p_srniel.csv
AsCl5,JVASP-5770,proton,0.085,0.61315,AsCl5_JVASP-5770_p_srniel.csv
AsCl5,JVASP-5770,proton,0.09,0.5865,AsCl5_JVASP-5770_p_srniel.csv
AsCl5,JVASP-5770,proton,0.095,0.56225,AsCl5_JVASP-5770_p_srniel.csv
AsCl5,JVASP-5770,proton,0.1,0.54007,AsCl5_JVASP-5770_p_srniel.csv
AsCl5,JVASP-5770,proton,0.15,0.39409,AsCl5_JVASP-5770_p_srniel.csv
AsCl5,JVASP-5770,proton,0.2,0.31559,AsCl5_JVASP-5770_p_srniel.csv
AsCl5,JVASP-5770,proton,0.25,0.26557,AsCl5_JVASP-5770_p_srniel.csv
AsCl5,JVASP-5770,proton,0.3,0.23086,AsCl5_JVASP-5770_p_srniel.csv
AsCl5,JVASP-5770,proton,0.35,0.20508,AsCl5_JVASP-5770_p_srniel.csv
AsCl5,JVASP-5770,proton,0.4,0.18279,AsCl5_JVASP-5770_p_srniel.csv
AsCl5,JVASP-5770,proton,0.45,0.16502,AsCl5_JVASP-5770_p_srniel.csv
AsCl5,JVASP-5770,proton,0.5,0.15054,AsCl5_JVASP-5770_p_srniel.csv
AsCl5,JVASP-5770,proton,0.55,0.1385,AsCl5_JVASP-5770_p_srniel.csv
AsCl5,JVASP-5770,proton,0.6,0.12834,AsCl5_JVASP-5770_p_srniel.csv
AsCl5,JVASP-5770,proton,0.65,0.11963,AsCl5_JVASP-5770_p_srniel.csv
AsCl5,JVASP-5770,proton,0.7,0.11208,AsCl5_JVASP-5770_p_srniel.csv
AsCl5,JVASP-5770,proton,0.75,0.10525,AsCl5_JVASP-5770_p_srniel.csv
AsCl5,JVASP-5770,proton,0.8,0.09922,AsCl5_JVASP-5770_p_srniel.csv
AsCl5,JVASP-5770,proton,0.85,0.09386,AsCl5_JVASP-5770_p_srniel.csv
AsCl5,JVASP-5770,proton,0.9,0.089062,AsCl5_JVASP-5770_p_srniel.csv
AsCl5,JVASP-5770,proton,0.95,0.084743,AsCl5_JVASP-5770_p_srniel.csv
AsCl5,JVASP-5770,proton,1.0,0.080832,AsCl5_JVASP-5770_p_srniel.csv
AsCl5,JVASP-5770,proton,1.5,0.055505,AsCl5_JVASP-5770_p_srniel.csv
AsCl5,JVASP-5770,proton,2.0,0.042413,AsCl5_JVASP-5770_p_srniel.csv
AsCl5,JVASP-5770,proton,2.5,0.03439,AsCl5_JVASP-5770_p_srniel.csv
AsCl5,JVASP-5770,proton,3.0,0.029005,AsCl5_JVASP-5770_p_srniel.csv
AsCl5,JVASP-5770,proton,3.5,0.025205,AsCl5_JVASP-5770_p_srniel.csv
AsCl5,JVASP-5770,proton,4.0,0.022403,AsCl5_JVASP-5770_p_srniel.csv
AsCl5,JVASP-5770,proton,4.5,0.02026,AsCl5_JVASP-5770_p_srniel.csv
AsCl5,JVASP-5770,proton,5.0,0.018572,AsCl5_JVASP-5770_p_srniel.csv
AsCl5,JVASP-5770,proton,5.5,0.01719,AsCl5_JVASP-5770_p_srniel.csv
AsCl5,JVASP-5770,proton,6.0,0.016035,AsCl5_JVASP-5770_p_srniel.csv
AsCl5,JVASP-5770,proton,6.5,0.015057,AsCl5_JVASP-5770_p_srniel.csv
AsCl5,JVASP-5770,proton,7.0,0.014222,AsCl5_JVASP-5770_p_srniel.csv
AsCl5,JVASP-5770,proton,7.5,0.013502,AsCl5_JVASP-5770_p_srniel.csv
AsCl5,JVASP-5770,proton,8.0,0.012876,AsCl5_JVASP-5770_p_srniel.csv
AsCl5,JVASP-5770,proton,8.5,0.012329,AsCl5_JVASP-5770_p_srniel.csv
AsCl5,JVASP-5770,proton,9.0,0.011846,AsCl5_JVASP-5770_p_srniel.csv
AsCl5,JVASP-5770,proton,9.5,0.011418,AsCl5_JVASP-5770_p_srniel.csv
AsCl5,JVASP-5770,proton,10.0,0.011035,AsCl5_JVASP-5770_p_srniel.csv
AsCl5,JVASP-5770,proton,15.0,0.0086669,AsCl5_JVASP-5770_p_srniel.csv
AsCl5,JVASP-5770,proton,20.0,0.0074823,AsCl5_JVASP-5770_p_srniel.csv
AsCl5,JVASP-5770,proton,25.0,0.0067309,AsCl5_JVASP-5770_p_srniel.csv
AsCl5,JVASP-5770,proton,30.0,0.0061887,AsCl5_JVASP-5770_p_srniel.csv
AsCl5,JVASP-5770,proton,35.0,0.0057712,AsCl5_JVASP-5770_p_srniel.csv
AsCl5,JVASP-5770,proton,40.0,0.0054394,AsCl5_JVASP-5770_p_srniel.csv
AsCl5,JVASP-5770,proton,45.0,0.0051709,AsCl5_JVASP-5770_p_srniel.csv
AsCl5,JVASP-5770,proton,50.0,0.0049495,AsCl5_JVASP-5770_p_srniel.csv
AsCl5,JVASP-5770,proton,55.0,0.0047632,AsCl5_JVASP-5770_p_srniel.csv
AsCl5,JVASP-5770,proton,60.0,0.004603,AsCl5_JVASP-5770_p_srniel.csv
AsCl5,JVASP-5770,proton,65.0,0.0044623,AsCl5_JVASP-5770_p_srniel.csv
AsCl5,JVASP-5770,proton,70.0,0.0043363,AsCl5_JVASP-5770_p_srniel.csv
AsCl5,JVASP-5770,proton,75.0,0.0042214,AsCl5_JVASP-5770_p_srniel.csv
AsCl5,JVASP-5770,proton,80.0,0.0041154,AsCl5_JVASP-5770_p_srniel.csv
AsCl5,JVASP-5770,proton,85.0,0.0040165,AsCl5_JVASP-5770_p_srniel.csv
AsCl5,JVASP-5770,proton,90.0,0.0039235,AsCl5_JVASP-5770_p_srniel.csv
AsCl5,JVASP-5770,proton,95.0,0.0038357,AsCl5_JVASP-5770_p_srniel.csv
AsCl5,JVASP-5770,proton,100.0,0.0037526,AsCl5_JVASP-5770_p_srniel.csv
AsCl5,JVASP-5770,proton,150.0,0.0031309,AsCl5_JVASP-5770_p_srniel.csv
AsCl5,JVASP-5770,proton,200.0,0.0028017,AsCl5_JVASP-5770_p_srniel.csv
AsCl5,JVASP-5770,proton,250.0,0.0026399,AsCl5_JVASP-5770_p_srniel.csv
AsCl5,JVASP-5770,proton,300.0,0.0025549,AsCl5_JVASP-5770_p_srniel.csv
AsCl5,JVASP-5770,proton,350.0,0.0025018,AsCl5_JVASP-5770_p_srniel.csv
AsCl5,JVASP-5770,proton,400.0,0.0024649,AsCl5_JVASP-5770_p_srniel.csv
AsCl5,JVASP-5770,proton,450.0,0.0024414,AsCl5_JVASP-5770_p_srniel.csv
AsCl5,JVASP-5770,proton,500.0,0.0024317,AsCl5_JVASP-5770_p_srniel.csv
AsCl5,JVASP-5770,proton,550.0,0.0024346,AsCl5_JVASP-5770_p_srniel.csv
AsCl5,JVASP-5770,proton,600.0,0.0024463,AsCl5_JVASP-5770_p_srniel.csv
AsCl5,JVASP-5770,proton,650.0,0.0024605,AsCl5_JVASP-5770_p_srniel.csv
AsCl5,JVASP-5770,proton,700.0,0.0024703,AsCl5_JVASP-5770_p_srniel.csv
AsCl5,JVASP-5770,proton,750.0,0.0024698,AsCl5_JVASP-5770_p_srniel.csv
AsCl5,JVASP-5770,proton,800.0,0.0024566,AsCl5_JVASP-5770_p_srniel.csv
AsCl5,JVASP-5770,proton,850.0,0.0024337,AsCl5_JVASP-5770_p_srniel.csv
AsCl5,JVASP-5770,proton,900.0,0.0024102,AsCl5_JVASP-5770_p_srniel.csv
AsCl5,JVASP-5770,proton,950.0,0.0024012,AsCl5_JVASP-5770_p_srniel.csv
AsCl5,JVASP-5770,proton,1000.0,0.0024299,AsCl5_JVASP-5770_p_srniel.csv
BaAlSi,JVASP-17183,electron,0.04,5.8077e-06,BaAlSi_JVASP-17183_e_srniel.csv
BaAlSi,JVASP-17183,electron,0.045,7.1831e-06,BaAlSi_JVASP-17183_e_srniel.csv
BaAlSi,JVASP-17183,electron,0.05,8.1346e-06,BaAlSi_JVASP-17183_e_srniel.csv
BaAlSi,JVASP-17183,electron,0.055,8.8059e-06,BaAlSi_JVASP-17183_e_srniel.csv
BaAlSi,JVASP-17183,electron,0.06,9.8431e-06,BaAlSi_JVASP-17183_e_srniel.csv
BaAlSi,JVASP-17183,electron,0.065,1.0954e-05,BaAlSi_JVASP-17183_e_srniel.csv
BaAlSi,JVASP-17183,electron,0.07,1.1821e-05,BaAlSi_JVASP-17183_e_srniel.csv
BaAlSi,JVASP-17183,electron,0.075,1.2506e-05,BaAlSi_JVASP-17183_e_srniel.csv
BaAlSi,JVASP-17183,electron,0.08,1.3051e-05,BaAlSi_JVASP-17183_e_srniel.csv
BaAlSi,JVASP-17183,electron,0.085,1.349e-05,BaAlSi_JVASP-17183_e_srniel.csv
BaAlSi,JVASP-17183,electron,0.09,1.3845e-05,BaAlSi_JVASP-17183_e_srniel.csv
BaAlSi,JVASP-17183,electron,0.095,1.4134e-05,BaAlSi_JVASP-17183_e_srniel.csv
BaAlSi,JVASP-17183,electron,0.1,1.4371e-05,BaAlSi_JVASP-17183_e_srniel.csv
BaAlSi,JVASP-17183,electron,0.15,1.5346e-05,BaAlSi_JVASP-17183_e_srniel.csv
BaAlSi,JVASP-17183,electron,0.2,1.5525e-05,BaAlSi_JVASP-17183_e_srniel.csv
BaAlSi,JVASP-17183,electron,0.25,1.5597e-05,BaAlSi_JVASP-17183_e_srniel.csv
BaAlSi,JVASP-17183,electron,0.3,1.5683e-05,BaAlSi_JVASP-17183_e_srniel.csv
BaAlSi,JVASP-17183,electron,0.35,1.5804e-05,BaAlSi_JVASP-17183_e_srniel.csv
BaAlSi,JVASP-17183,electron,0.4,1.6863e-05,BaAlSi_JVASP-17183_e_srniel.csv
BaAlSi,JVASP-17183,electron,0.45,1.8438e-05,BaAlSi_JVASP-17183_e_srniel.csv
BaAlSi,JVASP-17183,electron,0.5,2.0039e-05,BaAlSi_JVASP-17183_e_srniel.csv
BaAlSi,JVASP-17183,electron,0.55,2.1623e-05,BaAlSi_JVASP-17183_e_srniel.csv
BaAlSi,JVASP-17183,electron,0.6,2.3169e-05,BaAlSi_JVASP-17183_e_srniel.csv
BaAlSi,JVASP-17183,electron,0.65,2.4665e-05,BaAlSi_JVASP-17183_e_srniel.csv
BaAlSi,JVASP-17183,electron,0.7,2.6106e-05,BaAlSi_JVASP-17183_e_srniel.csv
BaAlSi,JVASP-17183,electron,0.75,2.7491e-05,BaAlSi_JVASP-17183_e_srniel.csv
BaAlSi,JVASP-17183,electron,0.8,2.882e-05,BaAlSi_JVASP-17183_e_srniel.csv
BaAlSi,JVASP-17183,electron,0.85,3.0096e-05,BaAlSi_JVASP-17183_e_srniel.csv
BaAlSi,JVASP-17183,electron,0.9,3.132e-05,BaAlSi_JVASP-17183_e_srniel.csv
BaAlSi,JVASP-17183,electron,0.95,3.2496e-05,BaAlSi_JVASP-17183_e_srniel.csv
BaAlSi,JVASP-17183,electron,1.0,3.3626e-05,BaAlSi_JVASP-17183_e_srniel.csv
BaAlSi,JVASP-17183,electron,1.5,4.2953e-05,BaAlSi_JVASP-17183_e_srniel.csv
BaAlSi,JVASP-17183,electron,2.0,4.9876e-05,BaAlSi_JVASP-17183_e_srniel.csv
BaAlSi,JVASP-17183,electron,2.5,5.5356e-05,BaAlSi_JVASP-17183_e_srniel.csv
BaAlSi,JVASP-17183,electron,3.0,5.9878e-05,BaAlSi_JVASP-17183_e_srniel.csv
BaAlSi,JVASP-17183,electron,3.5,6.3719e-05,BaAlSi_JVASP-17183_e_srniel.csv
BaAlSi,JVASP-17183,electron,4.0,6.7048e-05,BaAlSi_JVASP-17183_e_srniel.csv
BaAlSi,JVASP-17183,electron,4.5,6.9981e-05,BaAlSi_JVASP-17183_e_srniel.csv
BaAlSi,JVASP-17183,electron,5.0,7.2598e-05,BaAlSi_JVASP-17183_e_srniel.csv
BaAlSi,JVASP-17183,electron,5.5,7.4955e-05,BaAlSi_JVASP-17183_e_srniel.csv
BaAlSi,JVASP-17183,electron,6.0,7.7097e-05,BaAlSi_JVASP-17183_e_srniel.csv
BaAlSi,JVASP-17183,electron,6.5,7.9056e-05,BaAlSi_JVASP-17183_e_srniel.csv
BaAlSi,JVASP-17183,electron,7.0,8.0859e-05,BaAlSi_JVASP-17183_e_srniel.csv
BaAlSi,JVASP-17183,electron,7.5,8.2526e-05,BaAlSi_JVASP-17183_e_srniel.csv
BaAlSi,JVASP-17183,electron,8.0,8.4075e-05,BaAlSi_JVASP-17183_e_srniel.csv
BaAlSi,JVASP-17183,electron,8.5,8.5519e-05,BaAlSi_JVASP-17183_e_srniel.csv
BaAlSi,JVASP-17183,electron,9.0,8.6869e-05,BaAlSi_JVASP-17183_e_srniel.csv
BaAlSi,JVASP-17183,electron,9.5,8.8137e-05,BaAlSi_JVASP-17183_e_srniel.csv
BaAlSi,JVASP-17183,electron,10.0,8.9329e-05,BaAlSi_JVASP-17183_e_srniel.csv
BaAlSi,JVASP-17183,electron,15.0,9.8299e-05,BaAlSi_JVASP-17183_e_srniel.csv
BaAlSi,JVASP-17183,electron,20.0,0.00010397,BaAlSi_JVASP-17183_e_srniel.csv
BaAlSi,JVASP-17183,electron,25.0,0.00010778,BaAlSi_JVASP-17183_e_srniel.csv
BaAlSi,JVASP-17183,electron,30.0,0.00011042,BaAlSi_JVASP-17183_e_srniel.csv
BaAlSi,JVASP-17183,electron,35.0,0.00011225,BaAlSi_JVASP-17183_e_srniel.csv
BaAlSi,JVASP-17183,electron,40.0,0.00011352,BaAlSi_JVASP-17183_e_srniel.csv
BaAlSi,JVASP-17183,electron,45.0,0.00011438,BaAlSi_JVASP-17183_e_srniel.csv
BaAlSi,JVASP-17183,electron,50.0,0.00011495,BaAlSi_JVASP-17183_e_srniel.csv
BaAlSi,JVASP-17183,electron,55.0,0.00011531,BaAlSi_JVASP-17183_e_srniel.csv
BaAlSi,JVASP-17183,electron,60.0,0.00011552,BaAlSi_JVASP-17183_e_srniel.csv
BaAlSi,JVASP-17183,electron,65.0,0.00011562,BaAlSi_JVASP-17183_e_srniel.csv
BaAlSi,JVASP-17183,electron,70.0,0.00011564,BaAlSi_JVASP-17183_e_srniel.csv
BaAlSi,JVASP-17183,electron,75.0,0.00011561,BaAlSi_JVASP-17183_e_srniel.csv
BaAlSi,JVASP-17183,electron,80.0,0.00011554,BaAlSi_JVASP-17183_e_srniel.csv
BaAlSi,JVASP-17183,electron,85.0,0.00011544,BaAlSi_JVASP-17183_e_srniel.csv
BaAlSi,JVASP-17183,electron,90.0,0.00011532,BaAlSi_JVASP-17183_e_srniel.csv
BaAlSi,JVASP-17183,electron,95.0,0.0001152,BaAlSi_JVASP-17183_e_srniel.csv
BaAlSi,JVASP-17183,electron,100.0,0.00011506,BaAlSi_JVASP-17183_e_srniel.csv
BaAlSi,JVASP-17183,proton,0.0001,1.6763,BaAlSi_JVASP-17183_p_srniel.csv
BaAlSi,JVASP-17183,proton,0.00015,2.0391,BaAlSi_JVASP-17183_p_srniel.csv
BaAlSi,JVASP-17183,proton,0.0002,2.2437,BaAlSi_JVASP-17183_p_srniel.csv
BaAlSi,JVASP-17183,proton,0.00025,2.3686,BaAlSi_JVASP-17183_p_srniel.csv
BaAlSi,JVASP-17183,proton,0.0003,2.4849,BaAlSi_JVASP-17183_p_srniel.csv
BaAlSi,JVASP-17183,proton,0.00035,2.5985,BaAlSi_JVASP-17183_p_srniel.csv
BaAlSi,JVASP-17183,proton,0.0004,2.6817,BaAlSi_JVASP-17183_p_srniel.csv
BaAlSi,JVASP-17183,proton,0.00045,2.7433,BaAlSi_JVASP-17183_p_srniel.csv
BaAlSi,JVASP-17183,proton,0.0005,2.7889,BaAlSi_JVASP-17183_p_srniel.csv
BaAlSi,JVASP-17183,proton,0.00055,2.8224,BaAlSi_JVASP-17183_p_srniel.csv
BaAlSi,JVASP-17183,proton,0.0006,2.8465,BaAlSi_JVASP-17183_p_srniel.csv
BaAlSi,JVASP-17183,proton,0.00065,2.8634,BaAlSi_JVASP-17183_p_srniel.csv
BaAlSi,JVASP-17183,proton,0.0007,2.8744,BaAlSi_JVASP-17183_p_srniel.csv
BaAlSi,JVASP-17183,proton,0.00075,2.8809,BaAlSi_JVASP-17183_p_srniel.csv
BaAlSi,JVASP-17183,proton,0.0008,2.8836,BaAlSi_JVASP-17183_p_srniel.csv
BaAlSi,JVASP-17183,proton,0.00085,2.8832,BaAlSi_JVASP-17183_p_srniel.csv
BaAlSi,JVASP-17183,proton,0.0009,2.8804,BaAlSi_JVASP-17183_p_srniel.csv
BaAlSi,JVASP-17183,proton,0.00095,2.8755,BaAlSi_JVASP-17183_p_srniel.csv
BaAlSi,JVASP-17183,proton,0.001,2.8689,BaAlSi_JVASP-17183_p_srniel.csv
BaAlSi,JVASP-17183,proton,0.0015,2.7558,BaAlSi_JVASP-17183_p_srniel.csv
BaAlSi,JVASP-17183,proton,0.002,2.6192,BaAlSi_JVASP-17183_p_srniel.csv
BaAlSi,JVASP-17183,proton,0.0025,2.4885,BaAlSi_JVASP-17183_p_srniel.csv
BaAlSi,JVASP-17183,proton,0.003,2.3696,BaAlSi_JVASP-17183_p_srniel.csv
BaAlSi,JVASP-17183,proton,0.0035,2.2625,BaAlSi_JVASP-17183_p_srniel.csv
BaAlSi,JVASP-17183,proton,0.004,2.1663,BaAlSi_JVASP-17183_p_srniel.csv
BaAlSi,JVASP-17183,proton,0.0045,2.0794,BaAlSi_JVASP-17183_p_srniel.csv
BaAlSi,JVASP-17183,proton,0.005,2.0007,BaAlSi_JVASP-17183_p_srniel.csv
BaAlSi,JVASP-17183,proton,0.0055,1.929,BaAlSi_JVASP-17183_p_srniel.csv
BaAlSi,JVASP-17183,proton,0.006,1.8634,BaAlSi_JVASP-17183_p_srniel.csv
BaAlSi,JVASP-17183,proton,0.0065,1.8031,BaAlSi_JVASP-17183_p_srniel.csv
BaAlSi,JVASP-17183,proton,0.007,1.7474,BaAlSi_JVASP-17183_p_srniel.csv
BaAlSi,JVASP-17183,proton,0.0075,1.6958,BaAlSi_JVASP-17183_p_srniel.csv
BaAlSi,JVASP-17183,proton,0.008,1.6478,BaAlSi_JVASP-17183_p_srniel.csv
BaAlSi,JVASP-17183,proton,0.0085,1.603,BaAlSi_JVASP-17183_p_srniel.csv
BaAlSi,JVASP-17183,proton,0.009,1.5611,BaAlSi_JVASP-17183_p_srniel.csv
BaAlSi,JVASP-17183,proton,0.0095,1.5218,BaAlSi_JVASP-17183_p_srniel.csv
BaAlSi,JVASP-17183,proton,0.01,1.4848,BaAlSi_JVASP-17183_p_srniel.csv
BaAlSi,JVASP-17183,proton,0.015,1.2062,BaAlSi_JVASP-17183_p_srniel.csv
BaAlSi,JVASP-17183,proton,0.02,1.0266,BaAlSi_JVASP-17183_p_srniel.csv
BaAlSi,JVASP-17183,proton,0.025,0.89922,BaAlSi_JVASP-17183_p_srniel.csv
BaAlSi,JVASP-17183,proton,0.03,0.80332,BaAlSi_JVASP-17183_p_srniel.csv
BaAlSi,JVASP-17183,proton,0.035,0.72803,BaAlSi_JVASP-17183_p_srniel.csv
BaAlSi,JVASP-17183,proton,0.04,0.6671,BaAlSi_JVASP-17183_p_srniel.csv
BaAlSi,JVASP-17183,proton,0.045,0.61662,BaAlSi_JVASP-17183_p_srniel.csv
BaAlSi,JVASP-17183,proton,0.05,0.574,BaAlSi_JVASP-17183_p_srniel.csv
BaAlSi,JVASP-17183,proton,0.055,0.53746,BaAlSi_JVASP-17183_p_srniel.csv
BaAlSi,JVASP-17183,proton,0.06,0.50575,BaAlSi_JVASP-17183_p_srniel.csv
BaAlSi,JVASP-17183,proton,0.065,0.47793,BaAlSi_JVASP-17183_p_srniel.csv
BaAlSi,JVASP-17183,proton,0.07,0.4533,BaAlSi_JVASP-17183_p_srniel.csv
BaAlSi,JVASP-17183,proton,0.075,0.43131,BaAlSi_JVASP-17183_p_srniel.csv
BaAlSi,JVASP-17183,proton,0.08,0.41156,BaAlSi_JVASP-17183_p_srniel.csv
BaAlSi,JVASP-17183,proton,0.085,0.39369,BaAlSi_JVASP-17183_p_srniel.csv
BaAlSi,JVASP-17183,proton,0.09,0.37747,BaAlSi_JVASP-17183_p_srniel.csv
BaAlSi,JVASP-17183,proton,0.095,0.36266,BaAlSi_JVASP-17183_p_srniel.csv
BaAlSi,JVASP-17183,proton,0.1,0.34913,BaAlSi_JVASP-17183_p_srniel.csv
BaAlSi,JVASP-17183,proton,0.15,0.25742,BaAlSi_JVASP-17183_p_srniel.csv
BaAlSi,JVASP-17183,proton,0.2,0.20634,BaAlSi_JVASP-17183_p_srniel.csv
BaAlSi,JVASP-17183,proton,0.25,0.17337,BaAlSi_JVASP-17183_p_srniel.csv
BaAlSi,JVASP-17183,proton,0.3,0.14966,BaAlSi_JVASP-17183_p_srniel.csv
BaAlSi,JVASP-17183,proton,0.35,0.13148,BaAlSi_JVASP-17183_p_srniel.csv
BaAlSi,JVASP-17183,proton,0.4,0.11742,BaAlSi_JVASP-17183_p_srniel.csv
BaAlSi,JVASP-17183,proton,0.45,0.10628,BaAlSi_JVASP-17183_p_srniel.csv
BaAlSi,JVASP-17183,proton,0.5,0.097219,BaAlSi_JVASP-17183_p_srniel.csv
BaAlSi,JVASP-17183,proton,0.55,0.089682,BaAlSi_JVASP-17183_p_srniel.csv
BaAlSi,JVASP-17183,proton,0.6,0.083309,BaAlSi_JVASP-17183_p_srniel.csv
BaAlSi,JVASP-17183,proton,0.65,0.077844,BaAlSi_JVASP-17183_p_srniel.csv
BaAlSi,JVASP-17183,proton,0.7,0.073103,BaAlSi_JVASP-17183_p_srniel.csv
BaAlSi,JVASP-17183,proton,0.75,0.068948,BaAlSi_JVASP-17183_p_srniel.csv
BaAlSi,JVASP-17183,proton,0.8,0.065273,BaAlSi_JVASP-17183_p_srniel.csv
BaAlSi,JVASP-17183,proton,0.85,0.061999,BaAlSi_JVASP-17183_p_srniel.csv
BaAlSi,JVASP-17183,proton,0.9,0.059062,BaAlSi_JVASP-17183_p_srniel.csv
BaAlSi,JVASP-17183,proton,0.95,0.056412,BaAlSi_JVASP-17183_p_srniel.csv
BaAlSi,JVASP-17183,proton,1.0,0.054007,BaAlSi_JVASP-17183_p_srniel.csv
BaAlSi,JVASP-17183,proton,1.5,0.037784,BaAlSi_JVASP-17183_p_srniel.csv
BaAlSi,JVASP-17183,proton,2.0,0.029039,BaAlSi_JVASP-17183_p_srniel.csv
BaAlSi,JVASP-17183,proton,2.5,0.023671,BaAlSi_JVASP-17183_p_srniel.csv
BaAlSi,JVASP-17183,proton,3.0,0.020041,BaAlSi_JVASP-17183_p_srniel.csv
BaAlSi,JVASP-17183,proton,3.5,0.017436,BaAlSi_JVASP-17183_p_srniel.csv
BaAlSi,JVASP-17183,proton,4.0,0.01549,BaAlSi_JVASP-17183_p_srniel.csv
BaAlSi,JVASP-17183,proton,4.5,0.01398,BaAlSi_JVASP-17183_p_srniel.csv
BaAlSi,JVASP-17183,proton,5.0,0.012769,BaAlSi_JVASP-17183_p_srniel.csv
BaAlSi,JVASP-17183,proton,5.5,0.011773,BaAlSi_JVASP-17183_p_srniel.csv
BaAlSi,JVASP-17183,proton,6.0,0.010938,BaAlSi_JVASP-17183_p_srniel.csv
BaAlSi,JVASP-17183,proton,6.5,0.010228,BaAlSi_JVASP-17183_p_srniel.csv
BaAlSi,JVASP-17183,proton,7.0,0.0096162,BaAlSi_JVASP-17183_p_srniel.csv
BaAlSi,JVASP-17183,proton,7.5,0.0090845,BaAlSi_JVASP-17183_p_srniel.csv
BaAlSi,JVASP-17183,proton,8.0,0.0086179,BaAlSi_JVASP-17183_p_srniel.csv
BaAlSi,JVASP-17183,proton,8.5,0.008205,BaAlSi_JVASP-17183_p_srniel.csv
BaAlSi,JVASP-17183,proton,9.0,0.0078371,BaAlSi_JVASP-17183_p_srniel.csv
BaAlSi,JVASP-17183,proton,9.5,0.007507,BaAlSi_JVASP-17183_p_srniel.csv
BaAlSi,JVASP-17183,proton,10.0,0.007209,BaAlSi_JVASP-17183_p_srniel.csv
BaAlSi,JVASP-17183,proton,15.0,0.0052875,BaAlSi_JVASP-17183_p_srniel.csv
BaAlSi,JVASP-17183,proton,20.0,0.0042823,BaAlSi_JVASP-17183_p_srniel.csv
BaAlSi,JVASP-17183,proton,25.0,0.003654,BaAlSi_JVASP-17183_p_srniel.csv
BaAlSi,JVASP-17183,proton,30.0,0.003221,BaAlSi_JVASP-17183_p_srniel.csv
BaAlSi,JVASP-17183,proton,35.0,0.0029018,BaAlSi_JVASP-17183_p_srniel.csv
BaAlSi,JVASP-17183,proton,40.0,0.0026545,BaAlSi_JVASP-17183_p_srniel.csv
BaAlSi,JVASP-17183,proton,45.0,0.0024553,BaAlSi_JVASP-17183_p_srniel.csv
BaAlSi,JVASP-17183,proton,50.0,0.0022899,BaAlSi_JVASP-17183_p_srniel.csv
BaAlSi,JVASP-17183,proton,55.0,0.0021493,BaAlSi_JVASP-17183_p_srniel.csv
BaAlSi,JVASP-17183,proton,60.0,0.0020274,BaAlSi_JVASP-17183_p_srniel.csv
BaAlSi,JVASP-17183,proton,65.0,0.0019204,BaAlSi_JVASP-17183_p_srniel.csv
BaAlSi,JVASP-17183,proton,70.0,0.0018253,BaAlSi_JVASP-17183_p_srniel.csv
BaAlSi,JVASP-17183,proton,75.0,0.0017401,BaAlSi_JVASP-17183_p_srniel.csv
BaAlSi,JVASP-17183,proton,80.0,0.0016633,BaAlSi_JVASP-17183_p_srniel.csv
BaAlSi,JVASP-17183,proton,85.0,0.0015935,BaAlSi_JVASP-17183_p_srniel.csv
BaAlSi,JVASP-17183,proton,90.0,0.00153,BaAlSi_JVASP-17183_p_srniel.csv
BaAlSi,JVASP-17183,proton,95.0,0.001472,BaAlSi_JVASP-17183_p_srniel.csv
BaAlSi,JVASP-17183,proton,100.0,0.0014187,BaAlSi_JVASP-17183_p_srniel.csv
BaAlSi,JVASP-17183,proton,150.0,0.0010629,BaAlSi_JVASP-17183_p_srniel.csv
BaAlSi,JVASP-17183,proton,200.0,0.00088187,BaAlSi_JVASP-17183_p_srniel.csv
BaAlSi,JVASP-17183,proton,250.0,0.00077884,BaAlSi_JVASP-17183_p_srniel.csv
BaAlSi,JVASP-17183,proton,300.0,0.00071524,BaAlSi_JVASP-17183_p_srniel.csv
BaAlSi,JVASP-17183,proton,350.0,0.00067336,BaAlSi_JVASP-17183_p_srniel.csv
BaAlSi,JVASP-17183,proton,400.0,0.00064424,BaAlSi_JVASP-17183_p_srniel.csv
BaAlSi,JVASP-17183,proton,450.0,0.00062302,BaAlSi_JVASP-17183_p_srniel.csv
BaAlSi,JVASP-17183,proton,500.0,0.00060689,BaAlSi_JVASP-17183_p_srniel.csv
BaAlSi,JVASP-17183,proton,550.0,0.00059419,BaAlSi_JVASP-17183_p_srniel.csv
BaAlSi,JVASP-17183,proton,600.0,0.00058389,BaAlSi_JVASP-17183_p_srniel.csv
BaAlSi,JVASP-17183,proton,650.0,0.00057533,BaAlSi_JVASP-17183_p_srniel.csv
BaAlSi,JVASP-17183,proton,700.0,0.00056804,BaAlSi_JVASP-17183_p_srniel.csv
BaAlSi,JVASP-17183,proton,750.0,0.00056169,BaAlSi_JVASP-17183_p_srniel.csv
BaAlSi,JVASP-17183,proton,800.0,0.00055599,BaAlSi_JVASP-17183_p_srniel.csv
BaAlSi,JVASP-17183,proton,850.0,0.0005507,BaAlSi_JVASP-17183_p_srniel.csv
BaAlSi,JVASP-17183,proton,900.0,0.00054558,BaAlSi_JVASP-17183_p_srniel.csv
BaAlSi,JVASP-17183,proton,950.0,0.00054039,BaAlSi_JVASP-17183_p_srniel.csv
BaAlSi,JVASP-17183,proton,1000.0,0.00053493,BaAlSi_JVASP-17183_p_srniel.csv
BaH2O4,JVASP-54745,electron,0.04,0.00011017,BaH2O4_JVASP-54745_e_srniel.csv
BaH2O4,JVASP-54745,electron,0.045,0.00010376,BaH2O4_JVASP-54745_e_srniel.csv
BaH2O4,JVASP-54745,electron,0.05,9.8285e-05,BaH2O4_JVASP-54745_e_srniel.csv
BaH2O4,JVASP-54745,electron,0.055,9.3545e-05,BaH2O4_JVASP-54745_e_srniel.csv
BaH2O4,JVASP-54745,electron,0.06,8.9405e-05,BaH2O4_JVASP-54745_e_srniel.csv
BaH2O4,JVASP-54745,electron,0.065,8.5759e-05,BaH2O4_JVASP-54745_e_srniel.csv
BaH2O4,JVASP-54745,electron,0.07,8.2525e-05,BaH2O4_JVASP-54745_e_srniel.csv
BaH2O4,JVASP-54745,electron,0.075,7.9636e-05,BaH2O4_JVASP-54745_e_srniel.csv
BaH2O4,JVASP-54745,electron,0.08,7.7041e-05,BaH2O4_JVASP-54745_e_srniel.csv
BaH2O4,JVASP-54745,electron,0.085,7.4696e-05,BaH2O4_JVASP-54745_e_srniel.csv
BaH2O4,JVASP-54745,electron,0.09,7.2568e-05,BaH2O4_JVASP-54745_e_srniel.csv
BaH2O4,JVASP-54745,electron,0.095,7.0629e-05,BaH2O4_JVASP-54745_e_srniel.csv
BaH2O4,JVASP-54745,electron,0.1,6.8854e-05,BaH2O4_JVASP-54745_e_srniel.csv
BaH2O4,JVASP-54745,electron,0.15,5.697e-05,BaH2O4_JVASP-54745_e_srniel.csv
BaH2O4,JVASP-54745,electron,0.2,5.0672e-05,BaH2O4_JVASP-54745_e_srniel.csv
BaH2O4,JVASP-54745,electron,0.25,4.6871e-05,BaH2O4_JVASP-54745_e_srniel.csv
BaH2O4,JVASP-54745,electron,0.3,4.4403e-05,BaH2O4_JVASP-54745_e_srniel.csv
BaH2O4,JVASP-54745,electron,0.35,4.2725e-05,BaH2O4_JVASP-54745_e_srniel.csv
BaH2O4,JVASP-54745,electron,0.4,4.1553e-05,BaH2O4_JVASP-54745_e_srniel.csv
BaH2O4,JVASP-54745,electron,0.45,4.0722e-05,BaH2O4_JVASP-54745_e_srniel.csv
BaH2O4,JVASP-54745,electron,0.5,4.0129e-05,BaH2O4_JVASP-54745_e_srniel.csv
BaH2O4,JVASP-54745,electron,0.55,3.9709e-05,BaH2O4_JVASP-54745_e_srniel.csv
BaH2O4,JVASP-54745,electron,0.6,3.9418e-05,BaH2O4_JVASP-54745_e_srniel.csv
BaH2O4,JVASP-54745,electron,0.65,3.9222e-05,BaH2O4_JVASP-54745_e_srniel.csv
BaH2O4,JVASP-54745,electron,0.7,3.9101e-05,BaH2O4_JVASP-54745_e_srniel.csv
BaH2O4,JVASP-54745,electron,0.75,3.9038e-05,BaH2O4_JVASP-54745_e_srniel.csv
BaH2O4,JVASP-54745,electron,0.8,3.902e-05,BaH2O4_JVASP-54745_e_srniel.csv
BaH2O4,JVASP-54745,electron,0.85,3.9038e-05,BaH2O4_JVASP-54745_e_srniel.csv
BaH2O4,JVASP-54745,electron,0.9,3.9084e-05,BaH2O4_JVASP-54745_e_srniel.csv
BaH2O4,JVASP-54745,electron,0.95,3.9153e-05,BaH2O4_JVASP-54745_e_srniel.csv
BaH2O4,JVASP-54745,electron,1.0,3.9241e-05,BaH2O4_JVASP-54745_e_srniel.csv
BaH2O4,JVASP-54745,electron,1.5,4.1126e-05,BaH2O4_JVASP-54745_e_srniel.csv
BaH2O4,JVASP-54745,electron,2.0,4.6144e-05,BaH2O4_JVASP-54745_e_srniel.csv
BaH2O4,JVASP-54745,electron,2.5,5.1483e-05,BaH2O4_JVASP-54745_e_srniel.csv
BaH2O4,JVASP-54745,electron,3.0,5.6307e-05,BaH2O4_JVASP-54745_e_srniel.csv
BaH2O4,JVASP-54745,electron,3.5,6.0537e-05,BaH2O4_JVASP-54745_e_srniel.csv
BaH2O4,JVASP-54745,electron,4.0,6.4244e-05,BaH2O4_JVASP-54745_e_srniel.csv
BaH2O4,JVASP-54745,electron,4.5,6.7513e-05,BaH2O4_JVASP-54745_e_srniel.csv
BaH2O4,JVASP-54745,electron,5.0,7.042e-05,BaH2O4_JVASP-54745_e_srniel.csv
BaH2O4,JVASP-54745,electron,5.5,7.3025e-05,BaH2O4_JVASP-54745_e_srniel.csv
BaH2O4,JVASP-54745,electron,6.0,7.5378e-05,BaH2O4_JVASP-54745_e_srniel.csv
BaH2O4,JVASP-54745,electron,6.5,7.7518e-05,BaH2O4_JVASP-54745_e_srniel.csv
BaH2O4,JVASP-54745,electron,7.0,7.9474e-05,BaH2O4_JVASP-54745_e_srniel.csv
BaH2O4,JVASP-54745,electron,7.5,8.1273e-05,BaH2O4_JVASP-54745_e_srniel.csv
BaH2O4,JVASP-54745,electron,8.0,8.2935e-05,BaH2O4_JVASP-54745_e_srniel.csv
BaH2O4,JVASP-54745,electron,8.5,8.4476e-05,BaH2O4_JVASP-54745_e_srniel.csv
BaH2O4,JVASP-54745,electron,9.0,8.5909e-05,BaH2O4_JVASP-54745_e_srniel.csv
BaH2O4,JVASP-54745,electron,9.5,8.7248e-05,BaH2O4_JVASP-54745_e_srniel.csv
BaH2O4,JVASP-54745,electron,10.0,8.8502e-05,BaH2O4_JVASP-54745_e_srniel.csv
BaH2O4,JVASP-54745,electron,15.0,9.7745e-05,BaH2O4_JVASP-54745_e_srniel.csv
BaH2O4,JVASP-54745,electron,20.0,0.0001034,BaH2O4_JVASP-54745_e_srniel.csv
BaH2O4,JVASP-54745,electron,25.0,0.00010711,BaH2O4_JVASP-54745_e_srniel.csv
BaH2O4,JVASP-54745,electron,30.0,0.00010961,BaH2O4_JVASP-54745_e_srniel.csv
BaH2O4,JVASP-54745,electron,35.0,0.00011132,BaH2O4_JVASP-54745_e_srniel.csv
BaH2O4,JVASP-54745,electron,40.0,0.00011247,BaH2O4_JVASP-54745_e_srniel.csv
BaH2O4,JVASP-54745,electron,45.0,0.00011323,BaH2O4_JVASP-54745_e_srniel.csv
BaH2O4,JVASP-54745,electron,50.0,0.00011372,BaH2O4_JVASP-54745_e_srniel.csv
BaH2O4,JVASP-54745,electron,55.0,0.00011402,BaH2O4_JVASP-54745_e_srniel.csv
BaH2O4,JVASP-54745,electron,60.0,0.00011418,BaH2O4_JVASP-54745_e_srniel.csv
BaH2O4,JVASP-54745,electron,65.0,0.00011424,BaH2O4_JVASP-54745_e_srniel.csv
BaH2O4,JVASP-54745,electron,70.0,0.00011424,BaH2O4_JVASP-54745_e_srniel.csv
BaH2O4,JVASP-54745,electron,75.0,0.00011419,BaH2O4_JVASP-54745_e_srniel.csv
BaH2O4,JVASP-54745,electron,80.0,0.0001141,BaH2O4_JVASP-54745_e_srniel.csv
BaH2O4,JVASP-54745,electron,85.0,0.00011399,BaH2O4_JVASP-54745_e_srniel.csv
BaH2O4,JVASP-54745,electron,90.0,0.00011388,BaH2O4_JVASP-54745_e_srniel.csv
BaH2O4,JVASP-54745,electron,95.0,0.00011375,BaH2O4_JVASP-54745_e_srniel.csv
BaH2O4,JVASP-54745,electron,100.0,0.00011362,BaH2O4_JVASP-54745_e_srniel.csv
BaH2O4,JVASP-54745,proton,0.0001,10.608,BaH2O4_JVASP-54745_p_srniel.csv
BaH2O4,JVASP-54745,proton,0.00015,10.224,BaH2O4_JVASP-54745_p_srniel.csv
BaH2O4,JVASP-54745,proton,0.0002,9.8096,BaH2O4_JVASP-54745_p_srniel.csv
BaH2O4,JVASP-54745,proton,0.00025,9.4175,BaH2O4_JVASP-54745_p_srniel.csv
BaH2O4,JVASP-54745,proton,0.0003,9.0569,BaH2O4_JVASP-54745_p_srniel.csv
BaH2O4,JVASP-54745,proton,0.00035,8.7272,BaH2O4_JVASP-54745_p_srniel.csv
BaH2O4,JVASP-54745,proton,0.0004,8.4255,BaH2O4_JVASP-54745_p_srniel.csv
BaH2O4,JVASP-54745,proton,0.00045,8.1486,BaH2O4_JVASP-54745_p_srniel.csv
BaH2O4,JVASP-54745,proton,0.0005,7.8934,BaH2O4_JVASP-54745_p_srniel.csv
BaH2O4,JVASP-54745,proton,0.00055,7.6573,BaH2O4_JVASP-54745_p_srniel.csv
BaH2O4,JVASP-54745,proton,0.0006,7.4382,BaH2O4_JVASP-54745_p_srniel.csv
BaH2O4,JVASP-54745,proton,0.00065,7.2341,BaH2O4_JVASP-54745_p_srniel.csv
BaH2O4,JVASP-54745,proton,0.0007,7.0434,BaH2O4_JVASP-54745_p_srniel.csv
BaH2O4,JVASP-54745,proton,0.00075,6.8647,BaH2O4_JVASP-54745_p_srniel.csv
BaH2O4,JVASP-54745,proton,0.0008,6.6968,BaH2O4_JVASP-54745_p_srniel.csv
BaH2O4,JVASP-54745,proton,0.00085,6.5388,BaH2O4_JVASP-54745_p_srniel.csv
BaH2O4,JVASP-54745,proton,0.0009,6.3896,BaH2O4_JVASP-54745_p_srniel.csv
BaH2O4,JVASP-54745,proton,0.00095,6.2485,BaH2O4_JVASP-54745_p_srniel.csv
BaH2O4,JVASP-54745,proton,0.001,6.1147,BaH2O4_JVASP-54745_p_srniel.csv
BaH2O4,JVASP-54745,proton,0.0015,5.0766,BaH2O4_JVASP-54745_p_srniel.csv
BaH2O4,JVASP-54745,proton,0.002,4.4462,BaH2O4_JVASP-54745_p_srniel.csv
BaH2O4,JVASP-54745,proton,0.0025,4.0195,BaH2O4_JVASP-54745_p_srniel.csv
BaH2O4,JVASP-54745,proton,0.003,3.6858,BaH2O4_JVASP-54745_p_srniel.csv
BaH2O4,JVASP-54745,proton,0.0035,3.4157,BaH2O4_JVASP-54745_p_srniel.csv
BaH2O4,JVASP-54745,proton,0.004,3.1914,BaH2O4_JVASP-54745_p_srniel.csv
BaH2O4,JVASP-54745,proton,0.0045,3.0014,BaH2O4_JVASP-54745_p_srniel.csv
BaH2O4,JVASP-54745,proton,0.005,2.8377,BaH2O4_JVASP-54745_p_srniel.csv
BaH2O4,JVASP-54745,proton,0.0055,2.6948,BaH2O4_JVASP-54745_p_srniel.csv
BaH2O4,JVASP-54745,proton,0.006,2.5687,BaH2O4_JVASP-54745_p_srniel.csv
BaH2O4,JVASP-54745,proton,0.0065,2.4564,BaH2O4_JVASP-54745_p_srniel.csv
BaH2O4,JVASP-54745,proton,0.007,2.3555,BaH2O4_JVASP-54745_p_srniel.csv
BaH2O4,JVASP-54745,proton,0.0075,2.2642,BaH2O4_JVASP-54745_p_srniel.csv
BaH2O4,JVASP-54745,proton,0.008,2.1812,BaH2O4_JVASP-54745_p_srniel.csv
BaH2O4,JVASP-54745,proton,0.0085,2.1052,BaH2O4_JVASP-54745_p_srniel.csv
BaH2O4,JVASP-54745,proton,0.009,2.0354,BaH2O4_JVASP-54745_p_srniel.csv
BaH2O4,JVASP-54745,proton,0.0095,1.9709,BaH2O4_JVASP-54745_p_srniel.csv
BaH2O4,JVASP-54745,proton,0.01,1.9112,BaH2O4_JVASP-54745_p_srniel.csv
BaH2O4,JVASP-54745,proton,0.015,1.4856,BaH2O4_JVASP-54745_p_srniel.csv
BaH2O4,JVASP-54745,proton,0.02,1.2316,BaH2O4_JVASP-54745_p_srniel.csv
BaH2O4,JVASP-54745,proton,0.025,1.0596,BaH2O4_JVASP-54745_p_srniel.csv
BaH2O4,JVASP-54745,proton,0.03,0.93409,BaH2O4_JVASP-54745_p_srniel.csv
BaH2O4,JVASP-54745,proton,0.035,0.83779,BaH2O4_JVASP-54745_p_srniel.csv
BaH2O4,JVASP-54745,proton,0.04,0.76122,BaH2O4_JVASP-54745_p_srniel.csv
BaH2O4,JVASP-54745,proton,0.045,0.69867,BaH2O4_JVASP-54745_p_srniel.csv
BaH2O4,JVASP-54745,proton,0.05,0.64641,BaH2O4_JVASP-54745_p_srniel.csv
BaH2O4,JVASP-54745,proton,0.055,0.60295,BaH2O4_JVASP-54745_p_srniel.csv
BaH2O4,JVASP-54745,proton,0.06,0.5659,BaH2O4_JVASP-54745_p_srniel.csv
BaH2O4,JVASP-54745,proton,0.065,0.53369,BaH2O4_JVASP-54745_p_srniel.csv
BaH2O4,JVASP-54745,proton,0.07,0.50539,BaH2O4_JVASP-54745_p_srniel.csv
BaH2O4,JVASP-54745,proton,0.075,0.48029,BaH2O4_JVASP-54745_p_srniel.csv
BaH2O4,JVASP-54745,proton,0.08,0.45787,BaH2O4_JVASP-54745_p_srniel.csv
BaH2O4,JVASP-54745,proton,0.085,0.43769,BaH2O4_JVASP-54745_p_srniel.csv
BaH2O4,JVASP-54745,proton,0.09,0.41942,BaH2O4_JVASP-54745_p_srniel.csv
BaH2O4,JVASP-54745,proton,0.095,0.4028,BaH2O4_JVASP-54745_p_srniel.csv
BaH2O4,JVASP-54745,proton,0.1,0.3876,BaH2O4_JVASP-54745_p_srniel.csv
BaH2O4,JVASP-54745,proton,0.15,0.285,BaH2O4_JVASP-54745_p_srniel.csv
BaH2O4,JVASP-54745,proton,0.2,0.22373,BaH2O4_JVASP-54745_p_srniel.csv
BaH2O4,JVASP-54745,proton,0.25,0.18467,BaH2O4_JVASP-54745_p_srniel.csv
BaH2O4,JVASP-54745,proton,0.3,0.15761,BaH2O4_JVASP-54745_p_srniel.csv
BaH2O4,JVASP-54745,proton,0.35,0.13771,BaH2O4_JVASP-54745_p_srniel.csv
BaH2O4,JVASP-54745,proton,0.4,0.12242,BaH2O4_JVASP-54745_p_srniel.csv
BaH2O4,JVASP-54745,proton,0.45,0.11021,BaH2O4_JVASP-54745_p_srniel.csv
BaH2O4,JVASP-54745,proton,0.5,0.1003,BaH2O4_JVASP-54745_p_srniel.csv
BaH2O4,JVASP-54745,proton,0.55,0.092097,BaH2O4_JVASP-54745_p_srniel.csv
BaH2O4,JVASP-54745,proton,0.6,0.08519,BaH2O4_JVASP-54745_p_srniel.csv
BaH2O4,JVASP-54745,proton,0.65,0.079292,BaH2O4_JVASP-54745_p_srniel.csv
BaH2O4,JVASP-54745,proton,0.7,0.074193,BaH2O4_JVASP-54745_p_srniel.csv
BaH2O4,JVASP-54745,proton,0.75,0.069739,BaH2O4_JVASP-54745_p_srniel.csv
BaH2O4,JVASP-54745,proton,0.8,0.065814,BaH2O4_JVASP-54745_p_srniel.csv
BaH2O4,JVASP-54745,proton,0.85,0.062327,BaH2O4_JVASP-54745_p_srniel.csv
BaH2O4,JVASP-54745,proton,0.9,0.059209,BaH2O4_JVASP-54745_p_srniel.csv
BaH2O4,JVASP-54745,proton,0.95,0.056402,BaH2O4_JVASP-54745_p_srniel.csv
BaH2O4,JVASP-54745,proton,1.0,0.053862,BaH2O4_JVASP-54745_p_srniel.csv
BaH2O4,JVASP-54745,proton,1.5,0.037202,BaH2O4_JVASP-54745_p_srniel.csv
BaH2O4,JVASP-54745,proton,2.0,0.028474,BaH2O4_JVASP-54745_p_srniel.csv
BaH2O4,JVASP-54745,proton,2.5,0.023126,BaH2O4_JVASP-54745_p_srniel.csv
BaH2O4,JVASP-54745,proton,3.0,0.019504,BaH2O4_JVASP-54745_p_srniel.csv
BaH2O4,JVASP-54745,proton,3.5,0.016896,BaH2O4_JVASP-54745_p_srniel.csv
BaH2O4,JVASP-54745,proton,4.0,0.015054,BaH2O4_JVASP-54745_p_srniel.csv
BaH2O4,JVASP-54745,proton,4.5,0.013601,BaH2O4_JVASP-54745_p_srniel.csv
BaH2O4,JVASP-54745,proton,5.0,0.012367,BaH2O4_JVASP-54745_p_srniel.csv
BaH2O4,JVASP-54745,proton,5.5,0.011349,BaH2O4_JVASP-54745_p_srniel.csv
BaH2O4,JVASP-54745,proton,6.0,0.010509,BaH2O4_JVASP-54745_p_srniel.csv
BaH2O4,JVASP-54745,proton,6.5,0.0098085,BaH2O4_JVASP-54745_p_srniel.csv
BaH2O4,JVASP-54745,proton,7.0,0.0092137,BaH2O4_JVASP-54745_p_srniel.csv
BaH2O4,JVASP-54745,proton,7.5,0.0086991,BaH2O4_JVASP-54745_p_srniel.csv
BaH2O4,JVASP-54745,proton,8.0,0.0082458,BaH2O4_JVASP-54745_p_srniel.csv
BaH2O4,JVASP-54745,proton,8.5,0.0078401,BaH2O4_JVASP-54745_p_srniel.csv
BaH2O4,JVASP-54745,proton,9.0,0.0074728,BaH2O4_JVASP-54745_p_srniel.csv
BaH2O4,JVASP-54745,proton,9.5,0.0071375,BaH2O4_JVASP-54745_p_srniel.csv
BaH2O4,JVASP-54745,proton,10.0,0.0068301,BaH2O4_JVASP-54745_p_srniel.csv
BaH2O4,JVASP-54745,proton,15.0,0.0048081,BaH2O4_JVASP-54745_p_srniel.csv
BaH2O4,JVASP-54745,proton,20.0,0.0038319,BaH2O4_JVASP-54745_p_srniel.csv
BaH2O4,JVASP-54745,proton,25.0,0.0032715,BaH2O4_JVASP-54745_p_srniel.csv
BaH2O4,JVASP-54745,proton,30.0,0.0028847,BaH2O4_JVASP-54745_p_srniel.csv
BaH2O4,JVASP-54745,proton,35.0,0.002582,BaH2O4_JVASP-54745_p_srniel.csv
BaH2O4,JVASP-54745,proton,40.0,0.0023321,BaH2O4_JVASP-54745_p_srniel.csv
BaH2O4,JVASP-54745,proton,45.0,0.002123,BaH2O4_JVASP-54745_p_srniel.csv
BaH2O4,JVASP-54745,proton,50.0,0.0019474,BaH2O4_JVASP-54745_p_srniel.csv
BaH2O4,JVASP-54745,proton,55.0,0.0017994,BaH2O4_JVASP-54745_p_srniel.csv
BaH2O4,JVASP-54745,proton,60.0,0.0016738,BaH2O4_JVASP-54745_p_srniel.csv
BaH2O4,JVASP-54745,proton,65.0,0.0015663,BaH2O4_JVASP-54745_p_srniel.csv
BaH2O4,JVASP-54745,proton,70.0,0.0014735,BaH2O4_JVASP-54745_p_srniel.csv
BaH2O4,JVASP-54745,proton,75.0,0.0013925,BaH2O4_JVASP-54745_p_srniel.csv
BaH2O4,JVASP-54745,proton,80.0,0.001321,BaH2O4_JVASP-54745_p_srniel.csv
BaH2O4,JVASP-54745,proton,85.0,0.0012574,BaH2O4_JVASP-54745_p_srniel.csv
BaH2O4,JVASP-54745,proton,90.0,0.0012002,BaH2O4_JVASP-54745_p_srniel.csv
BaH2O4,JVASP-54745,proton,95.0,0.0011486,BaH2O4_JVASP-54745_p_srniel.csv
BaH2O4,JVASP-54745,proton,100.0,0.0011015,BaH2O4_JVASP-54745_p_srniel.csv
BaH2O4,JVASP-54745,proton,150.0,0.00078893,BaH2O4_JVASP-54745_p_srniel.csv
BaH2O4,JVASP-54745,proton,200.0,0.00062946,BaH2O4_JVASP-54745_p_srniel.csv
BaH2O4,JVASP-54745,proton,250.0,0.00054052,BaH2O4_JVASP-54745_p_srniel.csv
BaH2O4,JVASP-54745,proton,300.0,0.00048724,BaH2O4_JVASP-54745_p_srniel.csv
BaH2O4,JVASP-54745,proton,350.0,0.00045317,BaH2O4_JVASP-54745_p_srniel.csv
BaH2O4,JVASP-54745,proton,400.0,0.00043006,BaH2O4_JVASP-54745_p_srniel.csv
BaH2O4,JVASP-54745,proton,450.0,0.0004136,BaH2O4_JVASP-54745_p_srniel.csv
BaH2O4,JVASP-54745,proton,500.0,0.00040145,BaH2O4_JVASP-54745_p_srniel.csv
BaH2O4,JVASP-54745,proton,550.0,0.00039224,BaH2O4_JVASP-54745_p_srniel.csv
BaH2O4,JVASP-54745,proton,600.0,0.00038506,BaH2O4_JVASP-54745_p_srniel.csv
BaH2O4,JVASP-54745,proton,650.0,0.00037922,BaH2O4_JVASP-54745_p_srniel.csv
BaH2O4,JVASP-54745,proton,700.0,0.00037415,BaH2O4_JVASP-54745_p_srniel.csv
BaH2O4,JVASP-54745,proton,750.0,0.0003694,BaH2O4_JVASP-54745_p_srniel.csv
BaH2O4,JVASP-54745,proton,800.0,0.00036465,BaH2O4_JVASP-54745_p_srniel.csv
BaH2O4,JVASP-54745,proton,850.0,0.00035985,BaH2O4_JVASP-54745_p_srniel.csv
BaH2O4,JVASP-54745,proton,900.0,0.00035521,BaH2O4_JVASP-54745_p_srniel.csv
BaH2O4,JVASP-54745,proton,950.0,0.00035126,BaH2O4_JVASP-54745_p_srniel.csv
BaH2O4,JVASP-54745,proton,1000.0,0.0003489,BaH2O4_JVASP-54745_p_srniel.csv
Bi4Te7Pb,JVASP-12475,electron,0.04,0.0,Bi4Te7Pb_JVASP-12475_e_srniel.csv
Bi4Te7Pb,JVASP-12475,electron,0.045,0.0,Bi4Te7Pb_JVASP-12475_e_srniel.csv
Bi4Te7Pb,JVASP-12475,electron,0.05,0.0,Bi4Te7Pb_JVASP-12475_e_srniel.csv
Bi4Te7Pb,JVASP-12475,electron,0.055,0.0,Bi4Te7Pb_JVASP-12475_e_srniel.csv
Bi4Te7Pb,JVASP-12475,electron,0.06,0.0,Bi4Te7Pb_JVASP-12475_e_srniel.csv
Bi4Te7Pb,JVASP-12475,electron,0.065,0.0,Bi4Te7Pb_JVASP-12475_e_srniel.csv
Bi4Te7Pb,JVASP-12475,electron,0.07,0.0,Bi4Te7Pb_JVASP-12475_e_srniel.csv
Bi4Te7Pb,JVASP-12475,electron,0.075,0.0,Bi4Te7Pb_JVASP-12475_e_srniel.csv
Bi4Te7Pb,JVASP-12475,electron,0.08,0.0,Bi4Te7Pb_JVASP-12475_e_srniel.csv
Bi4Te7Pb,JVASP-12475,electron,0.085,0.0,Bi4Te7Pb_JVASP-12475_e_srniel.csv
Bi4Te7Pb,JVASP-12475,electron,0.09,0.0,Bi4Te7Pb_JVASP-12475_e_srniel.csv
Bi4Te7Pb,JVASP-12475,electron,0.095,0.0,Bi4Te7Pb_JVASP-12475_e_srniel.csv
Bi4Te7Pb,JVASP-12475,electron,0.1,0.0,Bi4Te7Pb_JVASP-12475_e_srniel.csv
Bi4Te7Pb,JVASP-12475,electron,0.15,0.0,Bi4Te7Pb_JVASP-12475_e_srniel.csv
Bi4Te7Pb,JVASP-12475,electron,0.2,0.0,Bi4Te7Pb_JVASP-12475_e_srniel.csv
Bi4Te7Pb,JVASP-12475,electron,0.25,0.0,Bi4Te7Pb_JVASP-12475_e_srniel.csv
Bi4Te7Pb,JVASP-12475,electron,0.3,1.3821e-06,Bi4Te7Pb_JVASP-12475_e_srniel.csv
Bi4Te7Pb,JVASP-12475,electron,0.35,2.7583e-06,Bi4Te7Pb_JVASP-12475_e_srniel.csv
Bi4Te7Pb,JVASP-12475,electron,0.4,3.9814e-06,Bi4Te7Pb_JVASP-12475_e_srniel.csv
Bi4Te7Pb,JVASP-12475,electron,0.45,5.0824e-06,Bi4Te7Pb_JVASP-12475_e_srniel.csv
Bi4Te7Pb,JVASP-12475,electron,0.5,6.0835e-06,Bi4Te7Pb_JVASP-12475_e_srniel.csv
Bi4Te7Pb,JVASP-12475,electron,0.55,7.8367e-06,Bi4Te7Pb_JVASP-12475_e_srniel.csv
Bi4Te7Pb,JVASP-12475,electron,0.6,9.878e-06,Bi4Te7Pb_JVASP-12475_e_srniel.csv
Bi4Te7Pb,JVASP-12475,electron,0.65,1.1956e-05,Bi4Te7Pb_JVASP-12475_e_srniel.csv
Bi4Te7Pb,JVASP-12475,electron,0.7,1.4003e-05,Bi4Te7Pb_JVASP-12475_e_srniel.csv
Bi4Te7Pb,JVASP-12475,electron,0.75,1.5985e-05,Bi4Te7Pb_JVASP-12475_e_srniel.csv
Bi4Te7Pb,JVASP-12475,electron,0.8,1.7883e-05,Bi4Te7Pb_JVASP-12475_e_srniel.csv
Bi4Te7Pb,JVASP-12475,electron,0.85,1.9689e-05,Bi4Te7Pb_JVASP-12475_e_srniel.csv
Bi4Te7Pb,JVASP-12475,electron,0.9,2.1404e-05,Bi4Te7Pb_JVASP-12475_e_srniel.csv
Bi4Te7Pb,JVASP-12475,electron,0.95,2.303e-05,Bi4Te7Pb_JVASP-12475_e_srniel.csv
Bi4Te7Pb,JVASP-12475,electron,1.0,2.457e-05,Bi4Te7Pb_JVASP-12475_e_srniel.csv
Bi4Te7Pb,JVASP-12475,electron,1.5,3.6405e-05,Bi4Te7Pb_JVASP-12475_e_srniel.csv
Bi4Te7Pb,JVASP-12475,electron,2.0,4.4269e-05,Bi4Te7Pb_JVASP-12475_e_srniel.csv
Bi4Te7Pb,JVASP-12475,electron,2.5,5.0068e-05,Bi4Te7Pb_JVASP-12475_e_srniel.csv
Bi4Te7Pb,JVASP-12475,electron,3.0,5.4632e-05,Bi4Te7Pb_JVASP-12475_e_srniel.csv
Bi4Te7Pb,JVASP-12475,electron,3.5,5.8383e-05,Bi4Te7Pb_JVASP-12475_e_srniel.csv
Bi4Te7Pb,JVASP-12475,electron,4.0,6.1558e-05,Bi4Te7Pb_JVASP-12475_e_srniel.csv
Bi4Te7Pb,JVASP-12475,electron,4.5,6.4306e-05,Bi4Te7Pb_JVASP-12475_e_srniel.csv
Bi4Te7Pb,JVASP-12475,electron,5.0,6.6722e-05,Bi4Te7Pb_JVASP-12475_e_srniel.csv
Bi4Te7Pb,JVASP-12475,electron,5.5,6.8874e-05,Bi4Te7Pb_JVASP-12475_e_srniel.csv
Bi4Te7Pb,JVASP-12475,electron,6.0,7.081e-05,Bi4Te7Pb_JVASP-12475_e_srniel.csv
Bi4Te7Pb,JVASP-12475,electron,6.5,7.2566e-05,Bi4Te7Pb_JVASP-12475_e_srniel.csv
Bi4Te7Pb,JVASP-12475,electron,7.0,7.4169e-05,Bi4Te7Pb_JVASP-12475_e_srniel.csv
Bi4Te7Pb,JVASP-12475,electron,7.5,7.5641e-05,Bi4Te7Pb_JVASP-12475_e_srniel.csv
Bi4Te7Pb,JVASP-12475,electron,8.0,7.6999e-05,Bi4Te7Pb_JVASP-12475_e_srniel.csv
Bi4Te7Pb,JVASP-12475,electron,8.5,7.8256e-05,Bi4Te7Pb_JVASP-12475_e_srniel.csv
Bi4Te7Pb,JVASP-12475,electron,9.0,7.9425e-05,Bi4Te7Pb_JVASP-12475_e_srniel.csv
Bi4Te7Pb,JVASP-12475,electron,9.5,8.0515e-05,Bi4Te7Pb_JVASP-12475_e_srniel.csv
Bi4Te7Pb,JVASP-12475,electron,10.0,8.1533e-05,Bi4Te7Pb_JVASP-12475_e_srniel.csv
Bi4Te7Pb,JVASP-12475,electron,15.0,8.8917e-05,Bi4Te7Pb_JVASP-12475_e_srniel.csv
Bi4Te7Pb,JVASP-12475,electron,20.0,9.3161e-05,Bi4Te7Pb_JVASP-12475_e_srniel.csv
Bi4Te7Pb,JVASP-12475,electron,25.0,9.5637e-05,Bi4Te7Pb_JVASP-12475_e_srniel.csv
Bi4Te7Pb,JVASP-12475,electron,30.0,9.7008e-05,Bi4Te7Pb_JVASP-12475_e_srniel.csv
Bi4Te7Pb,JVASP-12475,electron,35.0,9.7658e-05,Bi4Te7Pb_JVASP-12475_e_srniel.csv
Bi4Te7Pb,JVASP-12475,electron,40.0,9.7837e-05,Bi4Te7Pb_JVASP-12475_e_srniel.csv
Bi4Te7Pb,JVASP-12475,electron,45.0,9.771e-05,Bi4Te7Pb_JVASP-12475_e_srniel.csv
Bi4Te7Pb,JVASP-12475,electron,50.0,9.7393e-05,Bi4Te7Pb_JVASP-12475_e_srniel.csv
Bi4Te7Pb,JVASP-12475,electron,55.0,9.6964e-05,Bi4Te7Pb_JVASP-12475_e_srniel.csv
Bi4Te7Pb,JVASP-12475,electron,60.0,9.6474e-05,Bi4Te7Pb_JVASP-12475_e_srniel.csv
Bi4Te7Pb,JVASP-12475,electron,65.0,9.596e-05,Bi4Te7Pb_JVASP-12475_e_srniel.csv
Bi4Te7Pb,JVASP-12475,electron,70.0,9.5444e-05,Bi4Te7Pb_JVASP-12475_e_srniel.csv
Bi4Te7Pb,JVASP-12475,electron,75.0,9.494e-05,Bi4Te7Pb_JVASP-12475_e_srniel.csv
Bi4Te7Pb,JVASP-12475,electron,80.0,9.4457e-05,Bi4Te7Pb_JVASP-12475_e_srniel.csv
Bi4Te7Pb,JVASP-12475,electron,85.0,9.4e-05,Bi4Te7Pb_JVASP-12475_e_srniel.csv
Bi4Te7Pb,JVASP-12475,electron,90.0,9.357e-05,Bi4Te7Pb_JVASP-12475_e_srniel.csv
Bi4Te7Pb,JVASP-12475,electron,95.0,9.3169e-05,Bi4Te7Pb_JVASP-12475_e_srniel.csv
Bi4Te7Pb,JVASP-12475,electron,100.0,9.2796e-05,Bi4Te7Pb_JVASP-12475_e_srniel.csv
Bi4Te7Pb,JVASP-12475,proton,0.0001,0.0,Bi4Te7Pb_JVASP-12475_p_srniel.csv
Bi4Te7Pb,JVASP-12475,proton,0.00015,0.0,Bi4Te7Pb_JVASP-12475_p_srniel.csv
Bi4Te7Pb,JVASP-12475,proton,0.0002,0.03513,Bi4Te7Pb_JVASP-12475_p_srniel.csv
Bi4Te7Pb,JVASP-12475,proton,0.00025,0.096737,Bi4Te7Pb_JVASP-12475_p_srniel.csv
Bi4Te7Pb,JVASP-12475,proton,0.0003,0.14487,Bi4Te7Pb_JVASP-12475_p_srniel.csv
Bi4Te7Pb,JVASP-12475,proton,0.00035,0.18386,Bi4Te7Pb_JVASP-12475_p_srniel.csv
Bi4Te7Pb,JVASP-12475,proton,0.0004,0.21628,Bi4Te7Pb_JVASP-12475_p_srniel.csv
Bi4Te7Pb,JVASP-12475,proton,0.00045,0.25709,Bi4Te7Pb_JVASP-12475_p_srniel.csv
Bi4Te7Pb,JVASP-12475,proton,0.0005,0.29939,Bi4Te7Pb_JVASP-12475_p_srniel.csv
Bi4Te7Pb,JVASP-12475,proton,0.00055,0.33645,Bi4Te7Pb_JVASP-12475_p_srniel.csv
Bi4Te7Pb,JVASP-12475,proton,0.0006,0.36924,Bi4Te7Pb_JVASP-12475_p_srniel.csv
Bi4Te7Pb,JVASP-12475,proton,0.00065,0.39848,Bi4Te7Pb_JVASP-12475_p_srniel.csv
Bi4Te7Pb,JVASP-12475,proton,0.0007,0.42474,Bi4Te7Pb_JVASP-12475_p_srniel.csv
Bi4Te7Pb,JVASP-12475,proton,0.00075,0.44847,Bi4Te7Pb_JVASP-12475_p_srniel.csv
Bi4Te7Pb,JVASP-12475,proton,0.0008,0.47002,Bi4Te7Pb_JVASP-12475_p_srniel.csv
Bi4Te7Pb,JVASP-12475,proton,0.00085,0.48967,Bi4Te7Pb_JVASP-12475_p_srniel.csv
Bi4Te7Pb,JVASP-12475,proton,0.0009,0.50766,Bi4Te7Pb_JVASP-12475_p_srniel.csv
Bi4Te7Pb,JVASP-12475,proton,0.00095,0.52419,Bi4Te7Pb_JVASP-12475_p_srniel.csv
Bi4Te7Pb,JVASP-12475,proton,0.001,0.53943,Bi4Te7Pb_JVASP-12475_p_srniel.csv
Bi4Te7Pb,JVASP-12475,proton,0.0015,0.64352,Bi4Te7Pb_JVASP-12475_p_srniel.csv
Bi4Te7Pb,JVASP-12475,proton,0.002,0.69832,Bi4Te7Pb_JVASP-12475_p_srniel.csv
Bi4Te7Pb,JVASP-12475,proton,0.0025,0.72907,Bi4Te7Pb_JVASP-12475_p_srniel.csv
Bi4Te7Pb,JVASP-12475,proton,0.003,0.74628,Bi4Te7Pb_JVASP-12475_p_srniel.csv
Bi4Te7Pb,JVASP-12475,proton,0.0035,0.75521,Bi4Te7Pb_JVASP-12475_p_srniel.csv
Bi4Te7Pb,JVASP-12475,proton,0.004,0.75878,Bi4Te7Pb_JVASP-12475_p_srniel.csv
Bi4Te7Pb,JVASP-12475,proton,0.0045,0.75876,Bi4Te7Pb_JVASP-12475_p_srniel.csv
Bi4Te7Pb,JVASP-12475,proton,0.005,0.75628,Bi4Te7Pb_JVASP-12475_p_srniel.csv
Bi4Te7Pb,JVASP-12475,proton,0.0055,0.7521,Bi4Te7Pb_JVASP-12475_p_srniel.csv
Bi4Te7Pb,JVASP-12475,proton,0.006,0.7467,Bi4Te7Pb_JVASP-12475_p_srniel.csv
Bi4Te7Pb,JVASP-12475,proton,0.0065,0.74047,Bi4Te7Pb_JVASP-12475_p_srniel.csv
Bi4Te7Pb,JVASP-12475,proton,0.007,0.73365,Bi4Te7Pb_JVASP-12475_p_srniel.csv
Bi4Te7Pb,JVASP-12475,proton,0.0075,0.72642,Bi4Te7Pb_JVASP-12475_p_srniel.csv
Bi4Te7Pb,JVASP-12475,proton,0.008,0.71894,Bi4Te7Pb_JVASP-12475_p_srniel.csv
Bi4Te7Pb,JVASP-12475,proton,0.0085,0.71129,Bi4Te7Pb_JVASP-12475_p_srniel.csv
Bi4Te7Pb,JVASP-12475,proton,0.009,0.70356,Bi4Te7Pb_JVASP-12475_p_srniel.csv
Bi4Te7Pb,JVASP-12475,proton,0.0095,0.6958,Bi4Te7Pb_JVASP-12475_p_srniel.csv
Bi4Te7Pb,JVASP-12475,proton,0.01,0.68806,Bi4Te7Pb_JVASP-12475_p_srniel.csv
Bi4Te7Pb,JVASP-12475,proton,0.015,0.61602,Bi4Te7Pb_JVASP-12475_p_srniel.csv
Bi4Te7Pb,JVASP-12475,proton,0.02,0.5567,Bi4Te7Pb_JVASP-12475_p_srniel.csv
Bi4Te7Pb,JVASP-12475,proton,0.025,0.50845,Bi4Te7Pb_JVASP-12475_p_srniel.csv
Bi4Te7Pb,JVASP-12475,proton,0.03,0.46867,Bi4Te7Pb_JVASP-12475_p_srniel.csv
Bi4Te7Pb,JVASP-12475,proton,0.035,0.43533,Bi4Te7Pb_JVASP-12475_p_srniel.csv
Bi4Te7Pb,JVASP-12475,proton,0.04,0.40697,Bi4Te7Pb_JVASP-12475_p_srniel.csv
Bi4Te7Pb,JVASP-12475,proton,0.045,0.38251,Bi4Te7Pb_JVASP-12475_p_srniel.csv
Bi4Te7Pb,JVASP-12475,proton,0.05,0.36118,Bi4Te7Pb_JVASP-12475_p_srniel.csv
Bi4Te7Pb,JVASP-12475,proton,0.055,0.34239,Bi4Te7Pb_JVASP-12475_p_srniel.csv
Bi4Te7Pb,JVASP-12475,proton,0.06,0.32569,Bi4Te7Pb_JVASP-12475_p_srniel.csv
Bi4Te7Pb,JVASP-12475,proton,0.065,0.31074,Bi4Te7Pb_JVASP-12475_p_srniel.csv
Bi4Te7Pb,JVASP-12475,proton,0.07,0.29727,Bi4Te7Pb_JVASP-12475_p_srniel.csv
Bi4Te7Pb,JVASP-12475,proton,0.075,0.28505,Bi4Te7Pb_JVASP-12475_p_srniel.csv
Bi4Te7Pb,JVASP-12475,proton,0.08,0.27392,Bi4Te7Pb_JVASP-12475_p_srniel.csv
Bi4Te7Pb,JVASP-12475,proton,0.085,0.26372,Bi4Te7Pb_JVASP-12475_p_srniel.csv
Bi4Te7Pb,JVASP-12475,proton,0.09,0.25435,Bi4Te7Pb_JVASP-12475_p_srniel.csv
Bi4Te7Pb,JVASP-12475,proton,0.095,0.24569,Bi4Te7Pb_JVASP-12475_p_srniel.csv
Bi4Te7Pb,JVASP-12475,proton,0.1,0.23767,Bi4Te7Pb_JVASP-12475_p_srniel.csv
Bi4Te7Pb,JVASP-12475,proton,0.15,0.18088,Bi4Te7Pb_JVASP-12475_p_srniel.csv
Bi4Te7Pb,JVASP-12475,proton,0.2,0.14746,Bi4Te7Pb_JVASP-12475_p_srniel.csv
Bi4Te7Pb,JVASP-12475,proton,0.25,0.12519,Bi4Te7Pb_JVASP-12475_p_srniel.csv
Bi4Te7Pb,JVASP-12475,proton,0.3,0.10917,Bi4Te7Pb_JVASP-12475_p_srniel.csv
Bi4Te7Pb,JVASP-12475,proton,0.35,0.097041,Bi4Te7Pb_JVASP-12475_p_srniel.csv
Bi4Te7Pb,JVASP-12475,proton,0.4,0.087545,Bi4Te7Pb_JVASP-12475_p_srniel.csv
Bi4Te7Pb,JVASP-12475,proton,0.45,0.079935,Bi4Te7Pb_JVASP-12475_p_srniel.csv
Bi4Te7Pb,JVASP-12475,proton,0.5,0.073658,Bi4Te7Pb_JVASP-12475_p_srniel.csv
Bi4Te7Pb,JVASP-12475,proton,0.55,0.068382,Bi4Te7Pb_JVASP-12475_p_srniel.csv
Bi4Te7Pb,JVASP-12475,proton,0.6,0.063879,Bi4Te7Pb_JVASP-12475_p_srniel.csv
Bi4Te7Pb,JVASP-12475,proton,0.65,0.059986,Bi4Te7Pb_JVASP-12475_p_srniel.csv
Bi4Te7Pb,JVASP-12475,proton,0.7,0.056595,Bi4Te7Pb_JVASP-12475_p_srniel.csv
Bi4Te7Pb,JVASP-12475,proton,0.75,0.053623,Bi4Te7Pb_JVASP-12475_p_srniel.csv
Bi4Te7Pb,JVASP-12475,proton,0.8,0.050984,Bi4Te7Pb_JVASP-12475_p_srniel.csv
Bi4Te7Pb,JVASP-12475,proton,0.85,0.048623,Bi4Te7Pb_JVASP-12475_p_srniel.csv
Bi4Te7Pb,JVASP-12475,proton,0.9,0.046497,Bi4Te7Pb_JVASP-12475_p_srniel.csv
Bi4Te7Pb,JVASP-12475,proton,0.95,0.044572,Bi4Te7Pb_JVASP-12475_p_srniel.csv
Bi4Te7Pb,JVASP-12475,proton,1.0,0.04282,Bi4Te7Pb_JVASP-12475_p_srniel.csv
Bi4Te7Pb,JVASP-12475,proton,1.5,0.030716,Bi4Te7Pb_JVASP-12475_p_srniel.csv
Bi4Te7Pb,JVASP-12475,proton,2.0,0.024131,Bi4Te7Pb_JVASP-12475_p_srniel.csv
Bi4Te7Pb,JVASP-12475,proton,2.5,0.019791,Bi4Te7Pb_JVASP-12475_p_srniel.csv
Bi4Te7Pb,JVASP-12475,proton,3.0,0.016809,Bi4Te7Pb_JVASP-12475_p_srniel.csv
Bi4Te7Pb,JVASP-12475,proton,3.5,0.014636,Bi4Te7Pb_JVASP-12475_p_srniel.csv
Bi4Te7Pb,JVASP-12475,proton,4.0,0.012979,Bi4Te7Pb_JVASP-12475_p_srniel.csv
Bi4Te7Pb,JVASP-12475,proton,4.5,0.011671,Bi4Te7Pb_JVASP-12475_p_srniel.csv
Bi4Te7Pb,JVASP-12475,proton,5.0,0.010613,Bi4Te7Pb_JVASP-12475_p_srniel.csv
Bi4Te7Pb,JVASP-12475,proton,5.5,0.0097373,Bi4Te7Pb_JVASP-12475_p_srniel.csv
Bi4Te7Pb,JVASP-12475,proton,6.0,0.0090009,Bi4Te7Pb_JVASP-12475_p_srniel.csv
Bi4Te7Pb,JVASP-12475,proton,6.5,0.0083724,Bi4Te7Pb_JVASP-12475_p_srniel.csv
Bi4Te7Pb,JVASP-12475,proton,7.0,0.0078295,Bi4Te7Pb_JVASP-12475_p_srniel.csv
Bi4Te7Pb,JVASP-12475,proton,7.5,0.0073556,Bi4Te7Pb_JVASP-12475_p_srniel.csv
Bi4Te7Pb,JVASP-12475,proton,8.0,0.0069383,Bi4Te7Pb_JVASP-12475_p_srniel.csv
Bi4Te7Pb,JVASP-12475,proton,8.5,0.0065678,Bi4Te7Pb_JVASP-12475_p_srniel.csv
Bi4Te7Pb,JVASP-12475,proton,9.0,0.0062366,Bi4Te7Pb_JVASP-12475_p_srniel.csv
Bi4Te7Pb,JVASP-12475,proton,9.5,0.0059387,Bi4Te7Pb_JVASP-12475_p_srniel.csv
Bi4Te7Pb,JVASP-12475,proton,10.0,0.0056693,Bi4Te7Pb_JVASP-12475_p_srniel.csv
Bi4Te7Pb,JVASP-12475,proton,15.0,0.0039293,Bi4Te7Pb_JVASP-12475_p_srniel.csv
Bi4Te7Pb,JVASP-12475,proton,20.0,0.0030323,Bi4Te7Pb_JVASP-12475_p_srniel.csv
Bi4Te7Pb,JVASP-12475,proton,25.0,0.0024827,Bi4Te7Pb_JVASP-12475_p_srniel.csv
Bi4Te7Pb,JVASP-12475,proton,30.0,0.0021104,Bi4Te7Pb_JVASP-12475_p_srniel.csv
Bi4Te7Pb,JVASP-12475,proton,35.0,0.001841,Bi4Te7Pb_JVASP-12475_p_srniel.csv
Bi4Te7Pb,JVASP-12475,proton,40.0,0.0016369,Bi4Te7Pb_JVASP-12475_p_srniel.csv
Bi4Te7Pb,JVASP-12475,proton,45.0,0.0014767,Bi4Te7Pb_JVASP-12475_p_srniel.csv
Bi4Te7Pb,JVASP-12475,proton,50.0,0.0013475,Bi4Te7Pb_JVASP-12475_p_srniel.csv
Bi4Te7Pb,JVASP-12475,proton,55.0,0.0012411,Bi4Te7Pb_JVASP-12475_p_srniel.csv
Bi4Te7Pb,JVASP-12475,proton,60.0,0.001152,Bi4Te7Pb_JVASP-12475_p_srniel.csv
Bi4Te7Pb,JVASP-12475,proton,65.0,0.0010761,Bi4Te7Pb_JVASP-12475_p_srniel.csv
Bi4Te7Pb,JVASP-12475,proton,70.0,0.0010108,Bi4Te7Pb_JVASP-12475_p_srniel.csv
Bi4Te7Pb,JVASP-12475,proton,75.0,0.00095393,Bi4Te7Pb_JVASP-12475_p_srniel.csv
Bi4Te7Pb,JVASP-12475,proton,80.0,0.00090398,Bi4Te7Pb_JVASP-12475_p_srniel.csv
Bi4Te7Pb,JVASP-12475,proton,85.0,0.00085975,Bi4Te7Pb_JVASP-12475_p_srniel.csv
Bi4Te7Pb,JVASP-12475,proton,90.0,0.0008203,Bi4Te7Pb_JVASP-12475_p_srniel.csv
Bi4Te7Pb,JVASP-12475,proton,95.0,0.00078489,Bi4Te7Pb_JVASP-12475_p_srniel.csv
Bi4Te7Pb,JVASP-12475,proton,100.0,0.00075294,Bi4Te7Pb_JVASP-12475_p_srniel.csv
Bi4Te7Pb,JVASP-12475,proton,150.0,0.00054842,Bi4Te7Pb_JVASP-12475_p_srniel.csv
Bi4Te7Pb,JVASP-12475,proton,200.0,0.00044467,Bi4Te7Pb_JVASP-12475_p_srniel.csv
Bi4Te7Pb,JVASP-12475,proton,250.0,0.00038197,Bi4Te7Pb_JVASP-12475_p_srniel.csv
Bi4Te7Pb,JVASP-12475,proton,300.0,0.00034003,Bi4Te7Pb_JVASP-12475_p_srniel.csv
Bi4Te7Pb,JVASP-12475,proton,350.0,0.00031006,Bi4Te7Pb_JVASP-12475_p_srniel.csv
Bi4Te7Pb,JVASP-12475,proton,400.0,0.00028761,Bi4Te7Pb_JVASP-12475_p_srniel.csv
Bi4Te7Pb,JVASP-12475,proton,450.0,0.0002702,Bi4Te7Pb_JVASP-12475_p_srniel.csv
Bi4Te7Pb,JVASP-12475,proton,500.0,0.00025633,Bi4Te7Pb_JVASP-12475_p_srniel.csv
Bi4Te7Pb,JVASP-12475,proton,550.0,0.00024503,Bi4Te7Pb_JVASP-12475_p_srniel.csv
Bi4Te7Pb,JVASP-12475,proton,600.0,0.00023567,Bi4Te7Pb_JVASP-12475_p_srniel.csv
Bi4Te7Pb,JVASP-12475,proton,650.0,0.0002278,Bi4Te7Pb_JVASP-12475_p_srniel.csv
Bi4Te7Pb,JVASP-12475,proton,700.0,0.0002211,Bi4Te7Pb_JVASP-12475_p_srniel.csv
Bi4Te7Pb,JVASP-12475,proton,750.0,0.00021533,Bi4Te7Pb_JVASP-12475_p_srniel.csv
Bi4Te7Pb,JVASP-12475,proton,800.0,0.00021033,Bi4Te7Pb_JVASP-12475_p_srniel.csv
Bi4Te7Pb,JVASP-12475,proton,850.0,0.00020594,Bi4Te7Pb_JVASP-12475_p_srniel.csv
Bi4Te7Pb,JVASP-12475,proton,900.0,0.00020207,Bi4Te7Pb_JVASP-12475_p_srniel.csv
Bi4Te7Pb,JVASP-12475,proton,950.0,0.00019864,Bi4Te7Pb_JVASP-12475_p_srniel.csv
Bi4Te7Pb,JVASP-12475,proton,1000.0,0.00019558,Bi4Te7Pb_JVASP-12475_p_srniel.csv
Ca3PbO,JVASP-17656,electron,0.04,0.0,Ca3PbO_JVASP-17656_e_srniel.csv
Ca3PbO,JVASP-17656,electron,0.045,0.0,Ca3PbO_JVASP-17656_e_srniel.csv
Ca3PbO,JVASP-17656,electron,0.05,0.0,Ca3PbO_JVASP-17656_e_srniel.csv
Ca3PbO,JVASP-17656,electron,0.055,0.0,Ca3PbO_JVASP-17656_e_srniel.csv
Ca3PbO,JVASP-17656,electron,0.06,0.0,Ca3PbO_JVASP-17656_e_srniel.csv
Ca3PbO,JVASP-17656,electron,0.065,0.0,Ca3PbO_JVASP-17656_e_srniel.csv
Ca3PbO,JVASP-17656,electron,0.07,0.0,Ca3PbO_JVASP-17656_e_srniel.csv
Ca3PbO,JVASP-17656,electron,0.075,0.0,Ca3PbO_JVASP-17656_e_srniel.csv
Ca3PbO,JVASP-17656,electron,0.08,0.0,Ca3PbO_JVASP-17656_e_srniel.csv
Ca3PbO,JVASP-17656,electron,0.085,0.0,Ca3PbO_JVASP-17656_e_srniel.csv
Ca3PbO,JVASP-17656,electron,0.09,0.0,Ca3PbO_JVASP-17656_e_srniel.csv
Ca3PbO,JVASP-17656,electron,0.095,0.0,Ca3PbO_JVASP-17656_e_srniel.csv
Ca3PbO,JVASP-17656,electron,0.1,0.0,Ca3PbO_JVASP-17656_e_srniel.csv
Ca3PbO,JVASP-17656,electron,0.15,1.7919e-06,Ca3PbO_JVASP-17656_e_srniel.csv
Ca3PbO,JVASP-17656,electron,0.2,4.7107e-06,Ca3PbO_JVASP-17656_e_srniel.csv
Ca3PbO,JVASP-17656,electron,0.25,6.6017e-06,Ca3PbO_JVASP-17656_e_srniel.csv
Ca3PbO,JVASP-17656,electron,0.3,7.9482e-06,Ca3PbO_JVASP-17656_e_srniel.csv
Ca3PbO,JVASP-17656,electron,0.35,9.0101e-06,Ca3PbO_JVASP-17656_e_srniel.csv
Ca3PbO,JVASP-17656,electron,0.4,9.9046e-06,Ca3PbO_JVASP-17656_e_srniel.csv
Ca3PbO,JVASP-17656,electron,0.45,1.0691e-05,Ca3PbO_JVASP-17656_e_srniel.csv
Ca3PbO,JVASP-17656,electron,0.5,1.1402e-05,Ca3PbO_JVASP-17656_e_srniel.csv
Ca3PbO,JVASP-17656,electron,0.55,1.3041e-05,Ca3PbO_JVASP-17656_e_srniel.csv
Ca3PbO,JVASP-17656,electron,0.6,1.4974e-05,Ca3PbO_JVASP-17656_e_srniel.csv
Ca3PbO,JVASP-17656,electron,0.65,1.6972e-05,Ca3PbO_JVASP-17656_e_srniel.csv
Ca3PbO,JVASP-17656,electron,0.7,1.8963e-05,Ca3PbO_JVASP-17656_e_srniel.csv
Ca3PbO,JVASP-17656,electron,0.75,2.0907e-05,Ca3PbO_JVASP-17656_e_srniel.csv
Ca3PbO,JVASP-17656,electron,0.8,2.2781e-05,Ca3PbO_JVASP-17656_e_srniel.csv
Ca3PbO,JVASP-17656,electron,0.85,2.4577e-05,Ca3PbO_JVASP-17656_e_srniel.csv
Ca3PbO,JVASP-17656,electron,0.9,2.629e-05,Ca3PbO_JVASP-17656_e_srniel.csv
Ca3PbO,JVASP-17656,electron,0.95,2.7923e-05,Ca3PbO_JVASP-17656_e_srniel.csv
Ca3PbO,JVASP-17656,electron,1.0,2.9477e-05,Ca3PbO_JVASP-17656_e_srniel.csv
Ca3PbO,JVASP-17656,electron,1.5,4.1636e-05,Ca3PbO_JVASP-17656_e_srniel.csv
Ca3PbO,JVASP-17656,electron,2.0,4.9932e-05,Ca3PbO_JVASP-17656_e_srniel.csv
Ca3PbO,JVASP-17656,electron,2.5,5.6153e-05,Ca3PbO_JVASP-17656_e_srniel.csv
Ca3PbO,JVASP-17656,electron,3.0,6.1111e-05,Ca3PbO_JVASP-17656_e_srniel.csv
Ca3PbO,JVASP-17656,electron,3.5,6.5221e-05,Ca3PbO_JVASP-17656_e_srniel.csv
Ca3PbO,JVASP-17656,electron,4.0,6.8726e-05,Ca3PbO_JVASP-17656_e_srniel.csv
Ca3PbO,JVASP-17656,electron,4.5,7.1775e-05,Ca3PbO_JVASP-17656_e_srniel.csv
Ca3PbO,JVASP-17656,electron,5.0,7.447e-05,Ca3PbO_JVASP-17656_e_srniel.csv
Ca3PbO,JVASP-17656,electron,5.5,7.6879e-05,Ca3PbO_JVASP-17656_e_srniel.csv
Ca3PbO,JVASP-17656,electron,6.0,7.9054e-05,Ca3PbO_JVASP-17656_e_srniel.csv
Ca3PbO,JVASP-17656,electron,6.5,8.1033e-05,Ca3PbO_JVASP-17656_e_srniel.csv
Ca3PbO,JVASP-17656,electron,7.0,8.2845e-05,Ca3PbO_JVASP-17656_e_srniel.csv
Ca3PbO,JVASP-17656,electron,7.5,8.4513e-05,Ca3PbO_JVASP-17656_e_srniel.csv
Ca3PbO,JVASP-17656,electron,8.0,8.6057e-05,Ca3PbO_JVASP-17656_e_srniel.csv
Ca3PbO,JVASP-17656,electron,8.5,8.749e-05,Ca3PbO_JVASP-17656_e_srniel.csv
Ca3PbO,JVASP-17656,electron,9.0,8.8826e-05,Ca3PbO_JVASP-17656_e_srniel.csv
Ca3PbO,JVASP-17656,electron,9.5,9.0074e-05,Ca3PbO_JVASP-17656_e_srniel.csv
Ca3PbO,JVASP-17656,electron,10.0,9.1243e-05,Ca3PbO_JVASP-17656_e_srniel.csv
Ca3PbO,JVASP-17656,electron,15.0,9.9852e-05,Ca3PbO_JVASP-17656_e_srniel.csv
Ca3PbO,JVASP-17656,electron,20.0,0.00010501,Ca3PbO_JVASP-17656_e_srniel.csv
Ca3PbO,JVASP-17656,electron,25.0,0.00010822,Ca3PbO_JVASP-17656_e_srniel.csv
Ca3PbO,JVASP-17656,electron,30.0,0.00011023,Ca3PbO_JVASP-17656_e_srniel.csv
Ca3PbO,JVASP-17656,electron,35.0,0.00011145,Ca3PbO_JVASP-17656_e_srniel.csv
Ca3PbO,JVASP-17656,electron,40.0,0.00011213,Ca3PbO_JVASP-17656_e_srniel.csv
Ca3PbO,JVASP-17656,electron,45.0,0.00011246,Ca3PbO_JVASP-17656_e_srniel.csv
Ca3PbO,JVASP-17656,electron,50.0,0.00011255,Ca3PbO_JVASP-17656_e_srniel.csv
Ca3PbO,JVASP-17656,electron,55.0,0.00011249,Ca3PbO_JVASP-17656_e_srniel.csv
Ca3PbO,JVASP-17656,electron,60.0,0.00011234,Ca3PbO_JVASP-17656_e_srniel.csv
Ca3PbO,JVASP-17656,electron,65.0,0.00011213,Ca3PbO_JVASP-17656_e_srniel.csv
Ca3PbO,JVASP-17656,electron,70.0,0.00011188,Ca3PbO_JVASP-17656_e_srniel.csv
Ca3PbO,JVASP-17656,electron,75.0,0.00011162,Ca3PbO_JVASP-17656_e_srniel.csv
Ca3PbO,JVASP-17656,electron,80.0,0.00011136,Ca3PbO_JVASP-17656_e_srniel.csv
Ca3PbO,JVASP-17656,electron,85.0,0.0001111,Ca3PbO_JVASP-17656_e_srniel.csv
Ca3PbO,JVASP-17656,electron,90.0,0.00011085,Ca3PbO_JVASP-17656_e_srniel.csv
Ca3PbO,JVASP-17656,electron,95.0,0.00011061,Ca3PbO_JVASP-17656_e_srniel.csv
Ca3PbO,JVASP-17656,electron,100.0,0.00011038,Ca3PbO_JVASP-17656_e_srniel.csv
Ca3PbO,JVASP-17656,proton,0.0001,0.21601,Ca3PbO_JVASP-17656_p_srniel.csv
Ca3PbO,JVASP-17656,proton,0.00015,0.75378,Ca3PbO_JVASP-17656_p_srniel.csv
Ca3PbO,JVASP-17656,proton,0.0002,1.1547,Ca3PbO_JVASP-17656_p_srniel.csv
Ca3PbO,JVASP-17656,proton,0.00025,1.4198,Ca3PbO_JVASP-17656_p_srniel.csv
Ca3PbO,JVASP-17656,proton,0.0003,1.6058,Ca3PbO_JVASP-17656_p_srniel.csv
Ca3PbO,JVASP-17656,proton,0.00035,1.7413,Ca3PbO_JVASP-17656_p_srniel.csv
Ca3PbO,JVASP-17656,proton,0.0004,1.8423,Ca3PbO_JVASP-17656_p_srniel.csv
Ca3PbO,JVASP-17656,proton,0.00045,1.9353,Ca3PbO_JVASP-17656_p_srniel.csv
Ca3PbO,JVASP-17656,proton,0.0005,2.015,Ca3PbO_JVASP-17656_p_srniel.csv
Ca3PbO,JVASP-17656,proton,0.00055,2.0785,Ca3PbO_JVASP-17656_p_srniel.csv
Ca3PbO,JVASP-17656,proton,0.0006,2.1296,Ca3PbO_JVASP-17656_p_srniel.csv
Ca3PbO,JVASP-17656,proton,0.00065,2.1707,Ca3PbO_JVASP-17656_p_srniel.csv
Ca3PbO,JVASP-17656,proton,0.0007,2.2039,Ca3PbO_JVASP-17656_p_srniel.csv
Ca3PbO,JVASP-17656,proton,0.00075,2.2306,Ca3PbO_JVASP-17656_p_srniel.csv
Ca3PbO,JVASP-17656,proton,0.0008,2.2519,Ca3PbO_JVASP-17656_p_srniel.csv
Ca3PbO,JVASP-17656,proton,0.00085,2.2688,Ca3PbO_JVASP-17656_p_srniel.csv
Ca3PbO,JVASP-17656,proton,0.0009,2.282,Ca3PbO_JVASP-17656_p_srniel.csv
Ca3PbO,JVASP-17656,proton,0.00095,2.2921,Ca3PbO_JVASP-17656_p_srniel.csv
Ca3PbO,JVASP-17656,proton,0.001,2.2996,Ca3PbO_JVASP-17656_p_srniel.csv
Ca3PbO,JVASP-17656,proton,0.0015,2.2905,Ca3PbO_JVASP-17656_p_srniel.csv
Ca3PbO,JVASP-17656,proton,0.002,2.2195,Ca3PbO_JVASP-17656_p_srniel.csv
Ca3PbO,JVASP-17656,proton,0.0025,2.1347,Ca3PbO_JVASP-17656_p_srniel.csv
Ca3PbO,JVASP-17656,proton,0.003,2.05,Ca3PbO_JVASP-17656_p_srniel.csv
Ca3PbO,JVASP-17656,proton,0.0035,1.9696,Ca3PbO_JVASP-17656_p_srniel.csv
Ca3PbO,JVASP-17656,proton,0.004,1.895,Ca3PbO_JVASP-17656_p_srniel.csv
Ca3PbO,JVASP-17656,proton,0.0045,1.8261,Ca3PbO_JVASP-17656_p_srniel.csv
Ca3PbO,JVASP-17656,proton,0.005,1.7626,Ca3PbO_JVASP-17656_p_srniel.csv
Ca3PbO,JVASP-17656,proton,0.0055,1.704,Ca3PbO_JVASP-17656_p_srniel.csv
Ca3PbO,JVASP-17656,proton,0.006,1.6499,Ca3PbO_JVASP-17656_p_srniel.csv
Ca3PbO,JVASP-17656,proton,0.0065,1.5997,Ca3PbO_JVASP-17656_p_srniel.csv
Ca3PbO,JVASP-17656,proton,0.007,1.5531,Ca3PbO_JVASP-17656_p_srniel.csv
Ca3PbO,JVASP-17656,proton,0.0075,1.5097,Ca3PbO_JVASP-17656_p_srniel.csv
Ca3PbO,JVASP-17656,proton,0.008,1.4691,Ca3PbO_JVASP-17656_p_srniel.csv
Ca3PbO,JVASP-17656,proton,0.0085,1.4311,Ca3PbO_JVASP-17656_p_srniel.csv
Ca3PbO,JVASP-17656,proton,0.009,1.3954,Ca3PbO_JVASP-17656_p_srniel.csv
Ca3PbO,JVASP-17656,proton,0.0095,1.3619,Ca3PbO_JVASP-17656_p_srniel.csv
Ca3PbO,JVASP-17656,proton,0.01,1.3302,Ca3PbO_JVASP-17656_p_srniel.csv
Ca3PbO,JVASP-17656,proton,0.015,1.0895,Ca3PbO_JVASP-17656_p_srniel.csv
Ca3PbO,JVASP-17656,proton,0.02,0.93259,Ca3PbO_JVASP-17656_p_srniel.csv
Ca3PbO,JVASP-17656,proton,0.025,0.82048,Ca3PbO_JVASP-17656_p_srniel.csv
Ca3PbO,JVASP-17656,proton,0.03,0.7356,Ca3PbO_JVASP-17656_p_srniel.csv
Ca3PbO,JVASP-17656,proton,0.035,0.66867,Ca3PbO_JVASP-17656_p_srniel.csv
Ca3PbO,JVASP-17656,proton,0.04,0.6143,Ca3PbO_JVASP-17656_p_srniel.csv
Ca3PbO,JVASP-17656,proton,0.045,0.56909,Ca3PbO_JVASP-17656_p_srniel.csv
Ca3PbO,JVASP-17656,proton,0.05,0.53082,Ca3PbO_JVASP-17656_p_srniel.csv
Ca3PbO,JVASP-17656,proton,0.055,0.49785,Ca3PbO_JVASP-17656_p_srniel.csv
Ca3PbO,JVASP-17656,proton,0.06,0.46917,Ca3PbO_JVASP-17656_p_srniel.csv
Ca3PbO,JVASP-17656,proton,0.065,0.44398,Ca3PbO_JVASP-17656_p_srniel.csv
Ca3PbO,JVASP-17656,proton,0.07,0.42164,Ca3PbO_JVASP-17656_p_srniel.csv
Ca3PbO,JVASP-17656,proton,0.075,0.40167,Ca3PbO_JVASP-17656_p_srniel.csv
Ca3PbO,JVASP-17656,proton,0.08,0.38371,Ca3PbO_JVASP-17656_p_srniel.csv
Ca3PbO,JVASP-17656,proton,0.085,0.36745,Ca3PbO_JVASP-17656_p_srniel.csv
Ca3PbO,JVASP-17656,proton,0.09,0.35264,Ca3PbO_JVASP-17656_p_srniel.csv
Ca3PbO,JVASP-17656,proton,0.095,0.33911,Ca3PbO_JVASP-17656_p_srniel.csv
Ca3PbO,JVASP-17656,proton,0.1,0.32667,Ca3PbO_JVASP-17656_p_srniel.csv
Ca3PbO,JVASP-17656,proton,0.15,0.24141,Ca3PbO_JVASP-17656_p_srniel.csv
Ca3PbO,JVASP-17656,proton,0.2,0.19347,Ca3PbO_JVASP-17656_p_srniel.csv
Ca3PbO,JVASP-17656,proton,0.25,0.16256,Ca3PbO_JVASP-17656_p_srniel.csv
Ca3PbO,JVASP-17656,proton,0.3,0.14081,Ca3PbO_JVASP-17656_p_srniel.csv
Ca3PbO,JVASP-17656,proton,0.35,0.12459,Ca3PbO_JVASP-17656_p_srniel.csv
Ca3PbO,JVASP-17656,proton,0.4,0.11198,Ca3PbO_JVASP-17656_p_srniel.csv
Ca3PbO,JVASP-17656,proton,0.45,0.1018,Ca3PbO_JVASP-17656_p_srniel.csv
Ca3PbO,JVASP-17656,proton,0.5,0.093102,Ca3PbO_JVASP-17656_p_srniel.csv
Ca3PbO,JVASP-17656,proton,0.55,0.085839,Ca3PbO_JVASP-17656_p_srniel.csv
Ca3PbO,JVASP-17656,proton,0.6,0.079679,Ca3PbO_JVASP-17656_p_srniel.csv
Ca3PbO,JVASP-17656,proton,0.65,0.074385,Ca3PbO_JVASP-17656_p_srniel.csv
Ca3PbO,JVASP-17656,proton,0.7,0.069789,Ca3PbO_JVASP-17656_p_srniel.csv
Ca3PbO,JVASP-17656,proton,0.75,0.065778,Ca3PbO_JVASP-17656_p_srniel.csv
Ca3PbO,JVASP-17656,proton,0.8,0.062234,Ca3PbO_JVASP-17656_p_srniel.csv
Ca3PbO,JVASP-17656,proton,0.85,0.059077,Ca3PbO_JVASP-17656_p_srniel.csv
Ca3PbO,JVASP-17656,proton,0.9,0.056246,Ca3PbO_JVASP-17656_p_srniel.csv
Ca3PbO,JVASP-17656,proton,0.95,0.053693,Ca3PbO_JVASP-17656_p_srniel.csv
Ca3PbO,JVASP-17656,proton,1.0,0.051376,Ca3PbO_JVASP-17656_p_srniel.csv
Ca3PbO,JVASP-17656,proton,1.5,0.036236,Ca3PbO_JVASP-17656_p_srniel.csv
Ca3PbO,JVASP-17656,proton,2.0,0.028272,Ca3PbO_JVASP-17656_p_srniel.csv
Ca3PbO,JVASP-17656,proton,2.5,0.023104,Ca3PbO_JVASP-17656_p_srniel.csv
Ca3PbO,JVASP-17656,proton,3.0,0.019557,Ca3PbO_JVASP-17656_p_srniel.csv
Ca3PbO,JVASP-17656,proton,3.5,0.017014,Ca3PbO_JVASP-17656_p_srniel.csv
Ca3PbO,JVASP-17656,proton,4.0,0.015147,Ca3PbO_JVASP-17656_p_srniel.csv
Ca3PbO,JVASP-17656,proton,4.5,0.013699,Ca3PbO_JVASP-17656_p_srniel.csv
Ca3PbO,JVASP-17656,proton,5.0,0.012531,Ca3PbO_JVASP-17656_p_srniel.csv
Ca3PbO,JVASP-17656,proton,5.5,0.01157,Ca3PbO_JVASP-17656_p_srniel.csv
Ca3PbO,JVASP-17656,proton,6.0,0.010768,Ca3PbO_JVASP-17656_p_srniel.csv
Ca3PbO,JVASP-17656,proton,6.5,0.010088,Ca3PbO_JVASP-17656_p_srniel.csv
Ca3PbO,JVASP-17656,proton,7.0,0.0095048,Ca3PbO_JVASP-17656_p_srniel.csv
Ca3PbO,JVASP-17656,proton,7.5,0.008998,Ca3PbO_JVASP-17656_p_srniel.csv
Ca3PbO,JVASP-17656,proton,8.0,0.0085535,Ca3PbO_JVASP-17656_p_srniel.csv
Ca3PbO,JVASP-17656,proton,8.5,0.0081606,Ca3PbO_JVASP-17656_p_srniel.csv
Ca3PbO,JVASP-17656,proton,9.0,0.0078107,Ca3PbO_JVASP-17656_p_srniel.csv
Ca3PbO,JVASP-17656,proton,9.5,0.0074973,Ca3PbO_JVASP-17656_p_srniel.csv
Ca3PbO,JVASP-17656,proton,10.0,0.0072151,Ca3PbO_JVASP-17656_p_srniel.csv
Ca3PbO,JVASP-17656,proton,15.0,0.0054424,Ca3PbO_JVASP-17656_p_srniel.csv
Ca3PbO,JVASP-17656,proton,20.0,0.004552,Ca3PbO_JVASP-17656_p_srniel.csv
Ca3PbO,JVASP-17656,proton,25.0,0.0039837,Ca3PbO_JVASP-17656_p_srniel.csv
Ca3PbO,JVASP-17656,proton,30.0,0.0035759,Ca3PbO_JVASP-17656_p_srniel.csv
Ca3PbO,JVASP-17656,proton,35.0,0.0032679,Ca3PbO_JVASP-17656_p_srniel.csv
Ca3PbO,JVASP-17656,proton,40.0,0.0030285,Ca3PbO_JVASP-17656_p_srniel.csv
Ca3PbO,JVASP-17656,proton,45.0,0.0028381,Ca3PbO_JVASP-17656_p_srniel.csv
Ca3PbO,JVASP-17656,proton,50.0,0.0026832,Ca3PbO_JVASP-17656_p_srniel.csv
Ca3PbO,JVASP-17656,proton,55.0,0.0025539,Ca3PbO_JVASP-17656_p_srniel.csv
Ca3PbO,JVASP-17656,proton,60.0,0.0024435,Ca3PbO_JVASP-17656_p_srniel.csv
Ca3PbO,JVASP-17656,proton,65.0,0.0023469,Ca3PbO_JVASP-17656_p_srniel.csv
Ca3PbO,JVASP-17656,proton,70.0,0.0022608,Ca3PbO_JVASP-17656_p_srniel.csv
Ca3PbO,JVASP-17656,proton,75.0,0.0021828,Ca3PbO_JVASP-17656_p_srniel.csv
Ca3PbO,JVASP-17656,proton,80.0,0.0021113,Ca3PbO_JVASP-17656_p_srniel.csv
Ca3PbO,JVASP-17656,proton,85.0,0.0020452,Ca3PbO_JVASP-17656_p_srniel.csv
Ca3PbO,JVASP-17656,proton,90.0,0.0019836,Ca3PbO_JVASP-17656_p_srniel.csv
Ca3PbO,JVASP-17656,proton,95.0,0.0019261,Ca3PbO_JVASP-17656_p_srniel.csv
Ca3PbO,JVASP-17656,proton,100.0,0.0018723,Ca3PbO_JVASP-17656_p_srniel.csv
Ca3PbO,JVASP-17656,proton,150.0,0.0014925,Ca3PbO_JVASP-17656_p_srniel.csv
Ca3PbO,JVASP-17656,proton,200.0,0.0013019,Ca3PbO_JVASP-17656_p_srniel.csv
Ca3PbO,JVASP-17656,proton,250.0,0.0012023,Ca3PbO_JVASP-17656_p_srniel.csv
Ca3PbO,JVASP-17656,proton,300.0,0.0011423,Ca3PbO_JVASP-17656_p_srniel.csv
Ca3PbO,JVASP-17656,proton,350.0,0.0010999,Ca3PbO_JVASP-17656_p_srniel.csv
Ca3PbO,JVASP-17656,proton,400.0,0.0010672,Ca3PbO_JVASP-17656_p_srniel.csv
Ca3PbO,JVASP-17656,proton,450.0,0.001042,Ca3PbO_JVASP-17656_p_srniel.csv
Ca3PbO,JVASP-17656,proton,500.0,0.0010235,Ca3PbO_JVASP-17656_p_srniel.csv
Ca3PbO,JVASP-17656,proton,550.0,0.0010109,Ca3PbO_JVASP-17656_p_srniel.csv
Ca3PbO,JVASP-17656,proton,600.0,0.0010026,Ca3PbO_JVASP-17656_p_srniel.csv
Ca3PbO,JVASP-17656,proton,650.0,0.00099685,Ca3PbO_JVASP-17656_p_srniel.csv
Ca3PbO,JVASP-17656,proton,700.0,0.00099154,Ca3PbO_JVASP-17656_p_srniel.csv
Ca3PbO,JVASP-17656,proton,750.0,0.00098511,Ca3PbO_JVASP-17656_p_srniel.csv
Ca3PbO,JVASP-17656,proton,800.0,0.00097678,Ca3PbO_JVASP-17656_p_srniel.csv
Ca3PbO,JVASP-17656,proton,850.0,0.00096689,Ca3PbO_JVASP-17656_p_srniel.csv
Ca3PbO,JVASP-17656,proton,900.0,0.00095715,Ca3PbO_JVASP-17656_p_srniel.csv
Ca3PbO,JVASP-17656,proton,950.0,0.00095071,Ca3PbO_JVASP-17656_p_srniel.csv
Ca3PbO,JVASP-17656,proton,1000.0,0.00095228,Ca3PbO_JVASP-17656_p_srniel.csv
Ca3SnH2,JVASP-37879,electron,0.04,1.4276e-05,Ca3SnH2_JVASP-37879_e_srniel.csv
Ca3SnH2,JVASP-37879,electron,0.045,1.315e-05,Ca3SnH2_JVASP-37879_e_srniel.csv
Ca3SnH2,JVASP-37879,electron,0.05,1.2222e-05,Ca3SnH2_JVASP-37879_e_srniel.csv
Ca3SnH2,JVASP-37879,electron,0.055,1.1444e-05,Ca3SnH2_JVASP-37879_e_srniel.csv
Ca3SnH2,JVASP-37879,electron,0.06,1.0782e-05,Ca3SnH2_JVASP-37879_e_srniel.csv
Ca3SnH2,JVASP-37879,electron,0.065,1.0211e-05,Ca3SnH2_JVASP-37879_e_srniel.csv
Ca3SnH2,JVASP-37879,electron,0.07,9.7142e-06,Ca3SnH2_JVASP-37879_e_srniel.csv
Ca3SnH2,JVASP-37879,electron,0.075,9.2771e-06,Ca3SnH2_JVASP-37879_e_srniel.csv
Ca3SnH2,JVASP-37879,electron,0.08,8.8897e-06,Ca3SnH2_JVASP-37879_e_srniel.csv
Ca3SnH2,JVASP-37879,electron,0.085,8.544e-06,Ca3SnH2_JVASP-37879_e_srniel.csv
Ca3SnH2,JVASP-37879,electron,0.09,8.2336e-06,Ca3SnH2_JVASP-37879_e_srniel.csv
Ca3SnH2,JVASP-37879,electron,0.095,7.9532e-06,Ca3SnH2_JVASP-37879_e_srniel.csv
Ca3SnH2,JVASP-37879,electron,0.1,7.6988e-06,Ca3SnH2_JVASP-37879_e_srniel.csv
Ca3SnH2,JVASP-37879,electron,0.15,1.1214e-05,Ca3SnH2_JVASP-37879_e_srniel.csv
Ca3SnH2,JVASP-37879,electron,0.2,1.4081e-05,Ca3SnH2_JVASP-37879_e_srniel.csv
Ca3SnH2,JVASP-37879,electron,0.25,1.5806e-05,Ca3SnH2_JVASP-37879_e_srniel.csv
Ca3SnH2,JVASP-37879,electron,0.3,1.7058e-05,Ca3SnH2_JVASP-37879_e_srniel.csv
Ca3SnH2,JVASP-37879,electron,0.35,1.8079e-05,Ca3SnH2_JVASP-37879_e_srniel.csv
Ca3SnH2,JVASP-37879,electron,0.4,1.897e-05,Ca3SnH2_JVASP-37879_e_srniel.csv
Ca3SnH2,JVASP-37879,electron,0.45,1.978e-05,Ca3SnH2_JVASP-37879_e_srniel.csv
Ca3SnH2,JVASP-37879,electron,0.5,2.0535e-05,Ca3SnH2_JVASP-37879_e_srniel.csv
Ca3SnH2,JVASP-37879,electron,0.55,2.1248e-05,Ca3SnH2_JVASP-37879_e_srniel.csv
Ca3SnH2,JVASP-37879,electron,0.6,2.1928e-05,Ca3SnH2_JVASP-37879_e_srniel.csv
Ca3SnH2,JVASP-37879,electron,0.65,2.2581e-05,Ca3SnH2_JVASP-37879_e_srniel.csv
Ca3SnH2,JVASP-37879,electron,0.7,2.3337e-05,Ca3SnH2_JVASP-37879_e_srniel.csv
Ca3SnH2,JVASP-37879,electron,0.75,2.4263e-05,Ca3SnH2_JVASP-37879_e_srniel.csv
Ca3SnH2,JVASP-37879,electron,0.8,2.5236e-05,Ca3SnH2_JVASP-37879_e_srniel.csv
Ca3SnH2,JVASP-37879,electron,0.85,2.6236e-05,Ca3SnH2_JVASP-37879_e_srniel.csv
Ca3SnH2,JVASP-37879,electron,0.9,2.7249e-05,Ca3SnH2_JVASP-37879_e_srniel.csv
Ca3SnH2,JVASP-37879,electron,0.95,2.8264e-05,Ca3SnH2_JVASP-37879_e_srniel.csv
Ca3SnH2,JVASP-37879,electron,1.0,2.9276e-05,Ca3SnH2_JVASP-37879_e_srniel.csv
Ca3SnH2,JVASP-37879,electron,1.5,3.8529e-05,Ca3SnH2_JVASP-37879_e_srniel.csv
Ca3SnH2,JVASP-37879,electron,2.0,4.5992e-05,Ca3SnH2_JVASP-37879_e_srniel.csv
Ca3SnH2,JVASP-37879,electron,2.5,5.2064e-05,Ca3SnH2_JVASP-37879_e_srniel.csv
Ca3SnH2,JVASP-37879,electron,3.0,5.7134e-05,Ca3SnH2_JVASP-37879_e_srniel.csv
Ca3SnH2,JVASP-37879,electron,3.5,6.1464e-05,Ca3SnH2_JVASP-37879_e_srniel.csv
Ca3SnH2,JVASP-37879,electron,4.0,6.523e-05,Ca3SnH2_JVASP-37879_e_srniel.csv
Ca3SnH2,JVASP-37879,electron,4.5,6.8555e-05,Ca3SnH2_JVASP-37879_e_srniel.csv
Ca3SnH2,JVASP-37879,electron,5.0,7.1526e-05,Ca3SnH2_JVASP-37879_e_srniel.csv
Ca3SnH2,JVASP-37879,electron,5.5,7.4205e-05,Ca3SnH2_JVASP-37879_e_srniel.csv
Ca3SnH2,JVASP-37879,electron,6.0,7.6641e-05,Ca3SnH2_JVASP-37879_e_srniel.csv
Ca3SnH2,JVASP-37879,electron,6.5,7.8873e-05,Ca3SnH2_JVASP-37879_e_srniel.csv
Ca3SnH2,JVASP-37879,electron,7.0,8.0928e-05,Ca3SnH2_JVASP-37879_e_srniel.csv
Ca3SnH2,JVASP-37879,electron,7.5,8.2831e-05,Ca3SnH2_JVASP-37879_e_srniel.csv
Ca3SnH2,JVASP-37879,electron,8.0,8.46e-05,Ca3SnH2_JVASP-37879_e_srniel.csv
Ca3SnH2,JVASP-37879,electron,8.5,8.6251e-05,Ca3SnH2_JVASP-37879_e_srniel.csv
Ca3SnH2,JVASP-37879,electron,9.0,8.7798e-05,Ca3SnH2_JVASP-37879_e_srniel.csv
Ca3SnH2,JVASP-37879,electron,9.5,8.9252e-05,Ca3SnH2_JVASP-37879_e_srniel.csv
Ca3SnH2,JVASP-37879,electron,10.0,9.0621e-05,Ca3SnH2_JVASP-37879_e_srniel.csv
Ca3SnH2,JVASP-37879,electron,15.0,0.00010102,Ca3SnH2_JVASP-37879_e_srniel.csv
Ca3SnH2,JVASP-37879,electron,20.0,0.00010776,Ca3SnH2_JVASP-37879_e_srniel.csv
Ca3SnH2,JVASP-37879,electron,25.0,0.00011246,Ca3SnH2_JVASP-37879_e_srniel.csv
Ca3SnH2,JVASP-37879,electron,30.0,0.00011586,Ca3SnH2_JVASP-37879_e_srniel.csv
Ca3SnH2,JVASP-37879,electron,35.0,0.00011836,Ca3SnH2_JVASP-37879_e_srniel.csv
Ca3SnH2,JVASP-37879,electron,40.0,0.00012022,Ca3SnH2_JVASP-37879_e_srniel.csv
Ca3SnH2,JVASP-37879,electron,45.0,0.00012162,Ca3SnH2_JVASP-37879_e_srniel.csv
Ca3SnH2,JVASP-37879,electron,50.0,0.00012265,Ca3SnH2_JVASP-37879_e_srniel.csv
Ca3SnH2,JVASP-37879,electron,55.0,0.00012343,Ca3SnH2_JVASP-37879_e_srniel.csv
Ca3SnH2,JVASP-37879,electron,60.0,0.000124,Ca3SnH2_JVASP-37879_e_srniel.csv
Ca3SnH2,JVASP-37879,electron,65.0,0.00012442,Ca3SnH2_JVASP-37879_e_srniel.csv
Ca3SnH2,JVASP-37879,electron,70.0,0.00012472,Ca3SnH2_JVASP-37879_e_srniel.csv
Ca3SnH2,JVASP-37879,electron,75.0,0.00012493,Ca3SnH2_JVASP-37879_e_srniel.csv
Ca3SnH2,JVASP-37879,electron,80.0,0.00012507,Ca3SnH2_JVASP-37879_e_srniel.csv
Ca3SnH2,JVASP-37879,electron,85.0,0.00012516,Ca3SnH2_JVASP-37879_e_srniel.csv
Ca3SnH2,JVASP-37879,electron,90.0,0.0001252,Ca3SnH2_JVASP-37879_e_srniel.csv
Ca3SnH2,JVASP-37879,electron,95.0,0.00012522,Ca3SnH2_JVASP-37879_e_srniel.csv
Ca3SnH2,JVASP-37879,electron,100.0,0.00012522,Ca3SnH2_JVASP-37879_e_srniel.csv
Ca3SnH2,JVASP-37879,proton,0.0001,4.034,Ca3SnH2_JVASP-37879_p_srniel.csv
Ca3SnH2,JVASP-37879,proton,0.00015,4.127,Ca3SnH2_JVASP-37879_p_srniel.csv
Ca3SnH2,JVASP-37879,proton,0.0002,4.1233,Ca3SnH2_JVASP-37879_p_srniel.csv
Ca3SnH2,JVASP-37879,proton,0.00025,4.0901,Ca3SnH2_JVASP-37879_p_srniel.csv
Ca3SnH2,JVASP-37879,proton,0.0003,4.0466,Ca3SnH2_JVASP-37879_p_srniel.csv
Ca3SnH2,JVASP-37879,proton,0.00035,3.9997,Ca3SnH2_JVASP-37879_p_srniel.csv
Ca3SnH2,JVASP-37879,proton,0.0004,3.9521,Ca3SnH2_JVASP-37879_p_srniel.csv
Ca3SnH2,JVASP-37879,proton,0.00045,3.9049,Ca3SnH2_JVASP-37879_p_srniel.csv
Ca3SnH2,JVASP-37879,proton,0.0005,3.8587,Ca3SnH2_JVASP-37879_p_srniel.csv
Ca3SnH2,JVASP-37879,proton,0.00055,3.8136,Ca3SnH2_JVASP-37879_p_srniel.csv
Ca3SnH2,JVASP-37879,proton,0.0006,3.7698,Ca3SnH2_JVASP-37879_p_srniel.csv
Ca3SnH2,JVASP-37879,proton,0.00065,3.7464,Ca3SnH2_JVASP-37879_p_srniel.csv
Ca3SnH2,JVASP-37879,proton,0.0007,3.7343,Ca3SnH2_JVASP-37879_p_srniel.csv
Ca3SnH2,JVASP-37879,proton,0.00075,3.7203,Ca3SnH2_JVASP-37879_p_srniel.csv
Ca3SnH2,JVASP-37879,proton,0.0008,3.705,Ca3SnH2_JVASP-37879_p_srniel.csv
Ca3SnH2,JVASP-37879,proton,0.00085,3.6886,Ca3SnH2_JVASP-37879_p_srniel.csv
Ca3SnH2,JVASP-37879,proton,0.0009,3.6714,Ca3SnH2_JVASP-37879_p_srniel.csv
Ca3SnH2,JVASP-37879,proton,0.00095,3.6534,Ca3SnH2_JVASP-37879_p_srniel.csv
Ca3SnH2,JVASP-37879,proton,0.001,3.6349,Ca3SnH2_JVASP-37879_p_srniel.csv
Ca3SnH2,JVASP-37879,proton,0.0015,3.4399,Ca3SnH2_JVASP-37879_p_srniel.csv
Ca3SnH2,JVASP-37879,proton,0.002,3.2517,Ca3SnH2_JVASP-37879_p_srniel.csv
Ca3SnH2,JVASP-37879,proton,0.0025,3.081,Ca3SnH2_JVASP-37879_p_srniel.csv
Ca3SnH2,JVASP-37879,proton,0.003,2.9283,Ca3SnH2_JVASP-37879_p_srniel.csv
Ca3SnH2,JVASP-37879,proton,0.0035,2.7917,Ca3SnH2_JVASP-37879_p_srniel.csv
Ca3SnH2,JVASP-37879,proton,0.004,2.6691,Ca3SnH2_JVASP-37879_p_srniel.csv
Ca3SnH2,JVASP-37879,proton,0.0045,2.5586,Ca3SnH2_JVASP-37879_p_srniel.csv
Ca3SnH2,JVASP-37879,proton,0.005,2.4583,Ca3SnH2_JVASP-37879_p_srniel.csv
Ca3SnH2,JVASP-37879,proton,0.0055,2.367,Ca3SnH2_JVASP-37879_p_srniel.csv
Ca3SnH2,JVASP-37879,proton,0.006,2.2834,Ca3SnH2_JVASP-37879_p_srniel.csv
Ca3SnH2,JVASP-37879,proton,0.0065,2.2066,Ca3SnH2_JVASP-37879_p_srniel.csv
Ca3SnH2,JVASP-37879,proton,0.007,2.1356,Ca3SnH2_JVASP-37879_p_srniel.csv
Ca3SnH2,JVASP-37879,proton,0.0075,2.0699,Ca3SnH2_JVASP-37879_p_srniel.csv
Ca3SnH2,JVASP-37879,proton,0.008,2.0088,Ca3SnH2_JVASP-37879_p_srniel.csv
Ca3SnH2,JVASP-37879,proton,0.0085,1.9518,Ca3SnH2_JVASP-37879_p_srniel.csv
Ca3SnH2,JVASP-37879,proton,0.009,1.8985,Ca3SnH2_JVASP-37879_p_srniel.csv
Ca3SnH2,JVASP-37879,proton,0.0095,1.8485,Ca3SnH2_JVASP-37879_p_srniel.csv
Ca3SnH2,JVASP-37879,proton,0.01,1.8015,Ca3SnH2_JVASP-37879_p_srniel.csv
Ca3SnH2,JVASP-37879,proton,0.015,1.4492,Ca3SnH2_JVASP-37879_p_srniel.csv
Ca3SnH2,JVASP-37879,proton,0.02,1.2243,Ca3SnH2_JVASP-37879_p_srniel.csv
Ca3SnH2,JVASP-37879,proton,0.025,1.0663,Ca3SnH2_JVASP-37879_p_srniel.csv
Ca3SnH2,JVASP-37879,proton,0.03,0.94815,Ca3SnH2_JVASP-37879_p_srniel.csv
Ca3SnH2,JVASP-37879,proton,0.035,0.85597,Ca3SnH2_JVASP-37879_p_srniel.csv
Ca3SnH2,JVASP-37879,proton,0.04,0.78176,Ca3SnH2_JVASP-37879_p_srniel.csv
Ca3SnH2,JVASP-37879,proton,0.045,0.72054,Ca3SnH2_JVASP-37879_p_srniel.csv
Ca3SnH2,JVASP-37879,proton,0.05,0.66901,Ca3SnH2_JVASP-37879_p_srniel.csv
Ca3SnH2,JVASP-37879,proton,0.055,0.62489,Ca3SnH2_JVASP-37879_p_srniel.csv
Ca3SnH2,JVASP-37879,proton,0.06,0.58672,Ca3SnH2_JVASP-37879_p_srniel.csv
Ca3SnH2,JVASP-37879,proton,0.065,0.55335,Ca3SnH2_JVASP-37879_p_srniel.csv
Ca3SnH2,JVASP-37879,proton,0.07,0.52388,Ca3SnH2_JVASP-37879_p_srniel.csv
Ca3SnH2,JVASP-37879,proton,0.075,0.49766,Ca3SnH2_JVASP-37879_p_srniel.csv
Ca3SnH2,JVASP-37879,proton,0.08,0.47415,Ca3SnH2_JVASP-37879_p_srniel.csv
Ca3SnH2,JVASP-37879,proton,0.085,0.45294,Ca3SnH2_JVASP-37879_p_srniel.csv
Ca3SnH2,JVASP-37879,proton,0.09,0.4337,Ca3SnH2_JVASP-37879_p_srniel.csv
Ca3SnH2,JVASP-37879,proton,0.095,0.41615,Ca3SnH2_JVASP-37879_p_srniel.csv
Ca3SnH2,JVASP-37879,proton,0.1,0.40009,Ca3SnH2_JVASP-37879_p_srniel.csv
Ca3SnH2,JVASP-37879,proton,0.15,0.29118,Ca3SnH2_JVASP-37879_p_srniel.csv
Ca3SnH2,JVASP-37879,proton,0.2,0.23139,Ca3SnH2_JVASP-37879_p_srniel.csv
Ca3SnH2,JVASP-37879,proton,0.25,0.19333,Ca3SnH2_JVASP-37879_p_srniel.csv
Ca3SnH2,JVASP-37879,proton,0.3,0.16678,Ca3SnH2_JVASP-37879_p_srniel.csv
Ca3SnH2,JVASP-37879,proton,0.35,0.14712,Ca3SnH2_JVASP-37879_p_srniel.csv
Ca3SnH2,JVASP-37879,proton,0.4,0.1319,Ca3SnH2_JVASP-37879_p_srniel.csv
Ca3SnH2,JVASP-37879,proton,0.45,0.11969,Ca3SnH2_JVASP-37879_p_srniel.csv
Ca3SnH2,JVASP-37879,proton,0.5,0.10919,Ca3SnH2_JVASP-37879_p_srniel.csv
Ca3SnH2,JVASP-37879,proton,0.55,0.10047,Ca3SnH2_JVASP-37879_p_srniel.csv
Ca3SnH2,JVASP-37879,proton,0.6,0.09312,Ca3SnH2_JVASP-37879_p_srniel.csv
Ca3SnH2,JVASP-37879,proton,0.65,0.086824,Ca3SnH2_JVASP-37879_p_srniel.csv
Ca3SnH2,JVASP-37879,proton,0.7,0.081371,Ca3SnH2_JVASP-37879_p_srniel.csv
Ca3SnH2,JVASP-37879,proton,0.75,0.076598,Ca3SnH2_JVASP-37879_p_srniel.csv
Ca3SnH2,JVASP-37879,proton,0.8,0.072384,Ca3SnH2_JVASP-37879_p_srniel.csv
Ca3SnH2,JVASP-37879,proton,0.85,0.068635,Ca3SnH2_JVASP-37879_p_srniel.csv
Ca3SnH2,JVASP-37879,proton,0.9,0.065275,Ca3SnH2_JVASP-37879_p_srniel.csv
Ca3SnH2,JVASP-37879,proton,0.95,0.062248,Ca3SnH2_JVASP-37879_p_srniel.csv
Ca3SnH2,JVASP-37879,proton,1.0,0.059504,Ca3SnH2_JVASP-37879_p_srniel.csv
Ca3SnH2,JVASP-37879,proton,1.5,0.041223,Ca3SnH2_JVASP-37879_p_srniel.csv
Ca3SnH2,JVASP-37879,proton,2.0,0.031679,Ca3SnH2_JVASP-37879_p_srniel.csv
Ca3SnH2,JVASP-37879,proton,2.5,0.025803,Ca3SnH2_JVASP-37879_p_srniel.csv
Ca3SnH2,JVASP-37879,proton,3.0,0.021813,Ca3SnH2_JVASP-37879_p_srniel.csv
Ca3SnH2,JVASP-37879,proton,3.5,0.018967,Ca3SnH2_JVASP-37879_p_srniel.csv
Ca3SnH2,JVASP-37879,proton,4.0,0.01687,Ca3SnH2_JVASP-37879_p_srniel.csv
Ca3SnH2,JVASP-37879,proton,4.5,0.015255,Ca3SnH2_JVASP-37879_p_srniel.csv
Ca3SnH2,JVASP-37879,proton,5.0,0.013966,Ca3SnH2_JVASP-37879_p_srniel.csv
Ca3SnH2,JVASP-37879,proton,5.5,0.012909,Ca3SnH2_JVASP-37879_p_srniel.csv
Ca3SnH2,JVASP-37879,proton,6.0,0.01203,Ca3SnH2_JVASP-37879_p_srniel.csv
Ca3SnH2,JVASP-37879,proton,6.5,0.011295,Ca3SnH2_JVASP-37879_p_srniel.csv
Ca3SnH2,JVASP-37879,proton,7.0,0.010671,Ca3SnH2_JVASP-37879_p_srniel.csv
Ca3SnH2,JVASP-37879,proton,7.5,0.010132,Ca3SnH2_JVASP-37879_p_srniel.csv
Ca3SnH2,JVASP-37879,proton,8.0,0.0096574,Ca3SnH2_JVASP-37879_p_srniel.csv
Ca3SnH2,JVASP-37879,proton,8.5,0.0092374,Ca3SnH2_JVASP-37879_p_srniel.csv
Ca3SnH2,JVASP-37879,proton,9.0,0.0088644,Ca3SnH2_JVASP-37879_p_srniel.csv
Ca3SnH2,JVASP-37879,proton,9.5,0.0085323,Ca3SnH2_JVASP-37879_p_srniel.csv
Ca3SnH2,JVASP-37879,proton,10.0,0.008236,Ca3SnH2_JVASP-37879_p_srniel.csv
Ca3SnH2,JVASP-37879,proton,15.0,0.0064771,Ca3SnH2_JVASP-37879_p_srniel.csv
Ca3SnH2,JVASP-37879,proton,20.0,0.0056752,Ca3SnH2_JVASP-37879_p_srniel.csv
Ca3SnH2,JVASP-37879,proton,25.0,0.0051713,Ca3SnH2_JVASP-37879_p_srniel.csv
Ca3SnH2,JVASP-37879,proton,30.0,0.0048084,Ca3SnH2_JVASP-37879_p_srniel.csv
Ca3SnH2,JVASP-37879,proton,35.0,0.0045382,Ca3SnH2_JVASP-37879_p_srniel.csv
Ca3SnH2,JVASP-37879,proton,40.0,0.0043346,Ca3SnH2_JVASP-37879_p_srniel.csv
Ca3SnH2,JVASP-37879,proton,45.0,0.0041788,Ca3SnH2_JVASP-37879_p_srniel.csv
Ca3SnH2,JVASP-37879,proton,50.0,0.0040571,Ca3SnH2_JVASP-37879_p_srniel.csv
Ca3SnH2,JVASP-37879,proton,55.0,0.0039594,Ca3SnH2_JVASP-37879_p_srniel.csv
Ca3SnH2,JVASP-37879,proton,60.0,0.0038785,Ca3SnH2_JVASP-37879_p_srniel.csv
Ca3SnH2,JVASP-37879,proton,65.0,0.0038095,Ca3SnH2_JVASP-37879_p_srniel.csv
Ca3SnH2,JVASP-37879,proton,70.0,0.0037489,Ca3SnH2_JVASP-37879_p_srniel.csv
Ca3SnH2,JVASP-37879,proton,75.0,0.0036944,Ca3SnH2_JVASP-37879_p_srniel.csv
Ca3SnH2,JVASP-37879,proton,80.0,0.0036444,Ca3SnH2_JVASP-37879_p_srniel.csv
Ca3SnH2,JVASP-37879,proton,85.0,0.003598,Ca3SnH2_JVASP-37879_p_srniel.csv
Ca3SnH2,JVASP-37879,proton,90.0,0.0035545,Ca3SnH2_JVASP-37879_p_srniel.csv
Ca3SnH2,JVASP-37879,proton,95.0,0.0035134,Ca3SnH2_JVASP-37879_p_srniel.csv
Ca3SnH2,JVASP-37879,proton,100.0,0.0034746,Ca3SnH2_JVASP-37879_p_srniel.csv
Ca3SnH2,JVASP-37879,proton,150.0,0.0031844,Ca3SnH2_JVASP-37879_p_srniel.csv
Ca3SnH2,JVASP-37879,proton,200.0,0.0030357,Ca3SnH2_JVASP-37879_p_srniel.csv
Ca3SnH2,JVASP-37879,proton,250.0,0.002985,Ca3SnH2_JVASP-37879_p_srniel.csv
Ca3SnH2,JVASP-37879,proton,300.0,0.0029962,Ca3SnH2_JVASP-37879_p_srniel.csv
Ca3SnH2,JVASP-37879,proton,350.0,0.0030426,Ca3SnH2_JVASP-37879_p_srniel.csv
Ca3SnH2,JVASP-37879,proton,400.0,0.0031065,Ca3SnH2_JVASP-37879_p_srniel.csv
Ca3SnH2,JVASP-37879,proton,450.0,0.0031766,Ca3SnH2_JVASP-37879_p_srniel.csv
Ca3SnH2,JVASP-37879,proton,500.0,0.003246,Ca3SnH2_JVASP-37879_p_srniel.csv
Ca3SnH2,JVASP-37879,proton,550.0,0.0033117,Ca3SnH2_JVASP-37879_p_srniel.csv
Ca3SnH2,JVASP-37879,proton,600.0,0.0033728,Ca3SnH2_JVASP-37879_p_srniel.csv
Ca3SnH2,JVASP-37879,proton,650.0,0.0034299,Ca3SnH2_JVASP-37879_p_srniel.csv
Ca3SnH2,JVASP-37879,proton,700.0,0.0034841,Ca3SnH2_JVASP-37879_p_srniel.csv
Ca3SnH2,JVASP-37879,proton,750.0,0.0035357,Ca3SnH2_JVASP-37879_p_srniel.csv
Ca3SnH2,JVASP-37879,proton,800.0,0.0035838,Ca3SnH2_JVASP-37879_p_srniel.csv
Ca3SnH2,JVASP-37879,proton,850.0,0.003626,Ca3SnH2_JVASP-37879_p_srniel.csv
Ca3SnH2,JVASP-37879,proton,900.0,0.0036579,Ca3SnH2_JVASP-37879_p_srniel.csv
Ca3SnH2,JVASP-37879,proton,950.0,0.003673,Ca3SnH2_JVASP-37879_p_srniel.csv
Ca3SnH2,JVASP-37879,proton,1000.0,0.0036632,Ca3SnH2_JVASP-37879_p_srniel.csv
CaSnS3,JVASP-40190,electron,0.04,0.0,CaSnS3_JVASP-40190_e_srniel.csv
CaSnS3,JVASP-40190,electron,0.045,0.0,CaSnS3_JVASP-40190_e_srniel.csv
CaSnS3,JVASP-40190,electron,0.05,0.0,CaSnS3_JVASP-40190_e_srniel.csv
CaSnS3,JVASP-40190,electron,0.055,0.0,CaSnS3_JVASP-40190_e_srniel.csv
CaSnS3,JVASP-40190,electron,0.06,0.0,CaSnS3_JVASP-40190_e_srniel.csv
CaSnS3,JVASP-40190,electron,0.065,0.0,CaSnS3_JVASP-40190_e_srniel.csv
CaSnS3,JVASP-40190,electron,0.07,0.0,CaSnS3_JVASP-40190_e_srniel.csv
CaSnS3,JVASP-40190,electron,0.075,0.0,CaSnS3_JVASP-40190_e_srniel.csv
CaSnS3,JVASP-40190,electron,0.08,0.0,CaSnS3_JVASP-40190_e_srniel.csv
CaSnS3,JVASP-40190,electron,0.085,0.0,CaSnS3_JVASP-40190_e_srniel.csv
CaSnS3,JVASP-40190,electron,0.09,0.0,CaSnS3_JVASP-40190_e_srniel.csv
CaSnS3,JVASP-40190,electron,0.095,0.0,CaSnS3_JVASP-40190_e_srniel.csv
CaSnS3,JVASP-40190,electron,0.1,2.6845e-07,CaSnS3_JVASP-40190_e_srniel.csv
CaSnS3,JVASP-40190,electron,0.15,8.1411e-06,CaSnS3_JVASP-40190_e_srniel.csv
CaSnS3,JVASP-40190,electron,0.2,1.172e-05,CaSnS3_JVASP-40190_e_srniel.csv
CaSnS3,JVASP-40190,electron,0.25,1.3847e-05,CaSnS3_JVASP-40190_e_srniel.csv
CaSnS3,JVASP-40190,electron,0.3,1.5357e-05,CaSnS3_JVASP-40190_e_srniel.csv
CaSnS3,JVASP-40190,electron,0.35,1.6559e-05,CaSnS3_JVASP-40190_e_srniel.csv
CaSnS3,JVASP-40190,electron,0.4,1.7585e-05,CaSnS3_JVASP-40190_e_srniel.csv
CaSnS3,JVASP-40190,electron,0.45,1.85e-05,CaSnS3_JVASP-40190_e_srniel.csv
CaSnS3,JVASP-40190,electron,0.5,1.9903e-05,CaSnS3_JVASP-40190_e_srniel.csv
CaSnS3,JVASP-40190,electron,0.55,2.1325e-05,CaSnS3_JVASP-40190_e_srniel.csv
CaSnS3,JVASP-40190,electron,0.6,2.2736e-05,CaSnS3_JVASP-40190_e_srniel.csv
CaSnS3,JVASP-40190,electron,0.65,2.4122e-05,CaSnS3_JVASP-40190_e_srniel.csv
CaSnS3,JVASP-40190,electron,0.7,2.5476e-05,CaSnS3_JVASP-40190_e_srniel.csv
CaSnS3,JVASP-40190,electron,0.75,2.6793e-05,CaSnS3_JVASP-40190_e_srniel.csv
CaSnS3,JVASP-40190,electron,0.8,2.8072e-05,CaSnS3_JVASP-40190_e_srniel.csv
CaSnS3,JVASP-40190,electron,0.85,2.9311e-05,CaSnS3_JVASP-40190_e_srniel.csv
CaSnS3,JVASP-40190,electron,0.9,3.0512e-05,CaSnS3_JVASP-40190_e_srniel.csv
CaSnS3,JVASP-40190,electron,0.95,3.1675e-05,CaSnS3_JVASP-40190_e_srniel.csv
CaSnS3,JVASP-40190,electron,1.0,3.2801e-05,CaSnS3_JVASP-40190_e_srniel.csv
CaSnS3,JVASP-40190,electron,1.5,4.2367e-05,CaSnS3_JVASP-40190_e_srniel.csv
CaSnS3,JVASP-40190,electron,2.0,4.9707e-05,CaSnS3_JVASP-40190_e_srniel.csv
CaSnS3,JVASP-40190,electron,2.5,5.562e-05,CaSnS3_JVASP-40190_e_srniel.csv
CaSnS3,JVASP-40190,electron,3.0,6.0554e-05,CaSnS3_JVASP-40190_e_srniel.csv
CaSnS3,JVASP-40190,electron,3.5,6.4775e-05,CaSnS3_JVASP-40190_e_srniel.csv
CaSnS3,JVASP-40190,electron,4.0,6.8455e-05,CaSnS3_JVASP-40190_e_srniel.csv
CaSnS3,JVASP-40190,electron,4.5,7.1712e-05,CaSnS3_JVASP-40190_e_srniel.csv
CaSnS3,JVASP-40190,electron,5.0,7.4627e-05,CaSnS3_JVASP-40190_e_srniel.csv
CaSnS3,JVASP-40190,electron,5.5,7.7261e-05,CaSnS3_JVASP-40190_e_srniel.csv
CaSnS3,JVASP-40190,electron,6.0,7.9661e-05,CaSnS3_JVASP-40190_e_srniel.csv
CaSnS3,JVASP-40190,electron,6.5,8.1862e-05,CaSnS3_JVASP-40190_e_srniel.csv
CaSnS3,JVASP-40190,electron,7.0,8.3892e-05,CaSnS3_JVASP-40190_e_srniel.csv
CaSnS3,JVASP-40190,electron,7.5,8.5773e-05,CaSnS3_JVASP-40190_e_srniel.csv
CaSnS3,JVASP-40190,electron,8.0,8.7524e-05,CaSnS3_JVASP-40190_e_srniel.csv
CaSnS3,JVASP-40190,electron,8.5,8.916e-05,CaSnS3_JVASP-40190_e_srniel.csv
CaSnS3,JVASP-40190,electron,9.0,9.0694e-05,CaSnS3_JVASP-40190_e_srniel.csv
CaSnS3,JVASP-40190,electron,9.5,9.2136e-05,CaSnS3_JVASP-40190_e_srniel.csv
CaSnS3,JVASP-40190,electron,10.0,9.3496e-05,CaSnS3_JVASP-40190_e_srniel.csv
CaSnS3,JVASP-40190,electron,15.0,0.00010385,CaSnS3_JVASP-40190_e_srniel.csv
CaSnS3,JVASP-40190,electron,20.0,0.00011058,CaSnS3_JVASP-40190_e_srniel.csv
CaSnS3,JVASP-40190,electron,25.0,0.00011529,CaSnS3_JVASP-40190_e_srniel.csv
CaSnS3,JVASP-40190,electron,30.0,0.0001187,CaSnS3_JVASP-40190_e_srniel.csv
CaSnS3,JVASP-40190,electron,35.0,0.00012123,CaSnS3_JVASP-40190_e_srniel.csv
CaSnS3,JVASP-40190,electron,40.0,0.00012311,CaSnS3_JVASP-40190_e_srniel.csv
CaSnS3,JVASP-40190,electron,45.0,0.00012453,CaSnS3_JVASP-40190_e_srniel.csv
CaSnS3,JVASP-40190,electron,50.0,0.00012559,CaSnS3_JVASP-40190_e_srniel.csv
CaSnS3,JVASP-40190,electron,55.0,0.00012639,CaSnS3_JVASP-40190_e_srniel.csv
CaSnS3,JVASP-40190,electron,60.0,0.00012698,CaSnS3_JVASP-40190_e_srniel.csv
CaSnS3,JVASP-40190,electron,65.0,0.00012743,CaSnS3_JVASP-40190_e_srniel.csv
CaSnS3,JVASP-40190,electron,70.0,0.00012775,CaSnS3_JVASP-40190_e_srniel.csv
CaSnS3,JVASP-40190,electron,75.0,0.00012798,CaSnS3_JVASP-40190_e_srniel.csv
CaSnS3,JVASP-40190,electron,80.0,0.00012815,CaSnS3_JVASP-40190_e_srniel.csv
CaSnS3,JVASP-40190,electron,85.0,0.00012826,CaSnS3_JVASP-40190_e_srniel.csv
CaSnS3,JVASP-40190,electron,90.0,0.00012833,CaSnS3_JVASP-40190_e_srniel.csv
CaSnS3,JVASP-40190,electron,95.0,0.00012837,CaSnS3_JVASP-40190_e_srniel.csv
CaSnS3,JVASP-40190,electron,100.0,0.00012838,CaSnS3_JVASP-40190_e_srniel.csv
CaSnS3,JVASP-40190,proton,0.0001,0.98474,CaSnS3_JVASP-40190_p_srniel.csv
CaSnS3,JVASP-40190,proton,0.00015,1.7397,CaSnS3_JVASP-40190_p_srniel.csv
CaSnS3,JVASP-40190,proton,0.0002,2.1955,CaSnS3_JVASP-40190_p_srniel.csv
CaSnS3,JVASP-40190,proton,0.00025,2.4989,CaSnS3_JVASP-40190_p_srniel.csv
CaSnS3,JVASP-40190,proton,0.0003,2.7119,CaSnS3_JVASP-40190_p_srniel.csv
CaSnS3,JVASP-40190,proton,0.00035,2.8664,CaSnS3_JVASP-40190_p_srniel.csv
CaSnS3,JVASP-40190,proton,0.0004,3.0197,CaSnS3_JVASP-40190_p_srniel.csv
CaSnS3,JVASP-40190,proton,0.00045,3.1464,CaSnS3_JVASP-40190_p_srniel.csv
CaSnS3,JVASP-40190,proton,0.0005,3.2459,CaSnS3_JVASP-40190_p_srniel.csv
CaSnS3,JVASP-40190,proton,0.00055,3.3244,CaSnS3_JVASP-40190_p_srniel.csv
CaSnS3,JVASP-40190,proton,0.0006,3.3867,CaSnS3_JVASP-40190_p_srniel.csv
CaSnS3,JVASP-40190,proton,0.00065,3.4358,CaSnS3_JVASP-40190_p_srniel.csv
CaSnS3,JVASP-40190,proton,0.0007,3.4745,CaSnS3_JVASP-40190_p_srniel.csv
CaSnS3,JVASP-40190,proton,0.00075,3.5047,CaSnS3_JVASP-40190_p_srniel.csv
CaSnS3,JVASP-40190,proton,0.0008,3.5277,CaSnS3_JVASP-40190_p_srniel.csv
CaSnS3,JVASP-40190,proton,0.00085,3.5449,CaSnS3_JVASP-40190_p_srniel.csv
CaSnS3,JVASP-40190,proton,0.0009,3.5573,CaSnS3_JVASP-40190_p_srniel.csv
CaSnS3,JVASP-40190,proton,0.00095,3.5654,CaSnS3_JVASP-40190_p_srniel.csv
CaSnS3,JVASP-40190,proton,0.001,3.5701,CaSnS3_JVASP-40190_p_srniel.csv
CaSnS3,JVASP-40190,proton,0.0015,3.5078,CaSnS3_JVASP-40190_p_srniel.csv
CaSnS3,JVASP-40190,proton,0.002,3.3686,CaSnS3_JVASP-40190_p_srniel.csv
CaSnS3,JVASP-40190,proton,0.0025,3.2167,CaSnS3_JVASP-40190_p_srniel.csv
CaSnS3,JVASP-40190,proton,0.003,3.0699,CaSnS3_JVASP-40190_p_srniel.csv
CaSnS3,JVASP-40190,proton,0.0035,2.9335,CaSnS3_JVASP-40190_p_srniel.csv
CaSnS3,JVASP-40190,proton,0.004,2.8083,CaSnS3_JVASP-40190_p_srniel.csv
CaSnS3,JVASP-40190,proton,0.0045,2.6937,CaSnS3_JVASP-40190_p_srniel.csv
CaSnS3,JVASP-40190,proton,0.005,2.5889,CaSnS3_JVASP-40190_p_srniel.csv
CaSnS3,JVASP-40190,proton,0.0055,2.4929,CaSnS3_JVASP-40190_p_srniel.csv
CaSnS3,JVASP-40190,proton,0.006,2.4046,CaSnS3_JVASP-40190_p_srniel.csv
CaSnS3,JVASP-40190,proton,0.0065,2.3232,CaSnS3_JVASP-40190_p_srniel.csv
CaSnS3,JVASP-40190,proton,0.007,2.2479,CaSnS3_JVASP-40190_p_srniel.csv
CaSnS3,JVASP-40190,proton,0.0075,2.1781,CaSnS3_JVASP-40190_p_srniel.csv
CaSnS3,JVASP-40190,proton,0.008,2.1131,CaSnS3_JVASP-40190_p_srniel.csv
CaSnS3,JVASP-40190,proton,0.0085,2.0524,CaSnS3_JVASP-40190_p_srniel.csv
CaSnS3,JVASP-40190,proton,0.009,1.9957,CaSnS3_JVASP-40190_p_srniel.csv
CaSnS3,JVASP-40190,proton,0.0095,1.9425,CaSnS3_JVASP-40190_p_srniel.csv
CaSnS3,JVASP-40190,proton,0.01,1.8924,CaSnS3_JVASP-40190_p_srniel.csv
CaSnS3,JVASP-40190,proton,0.015,1.5176,CaSnS3_JVASP-40190_p_srniel.csv
CaSnS3,JVASP-40190,proton,0.02,1.2789,CaSnS3_JVASP-40190_p_srniel.csv
CaSnS3,JVASP-40190,proton,0.025,1.1115,CaSnS3_JVASP-40190_p_srniel.csv
CaSnS3,JVASP-40190,proton,0.03,0.98678,CaSnS3_JVASP-40190_p_srniel.csv
CaSnS3,JVASP-40190,proton,0.035,0.88965,CaSnS3_JVASP-40190_p_srniel.csv
CaSnS3,JVASP-40190,proton,0.04,0.8116,CaSnS3_JVASP-40190_p_srniel.csv
CaSnS3,JVASP-40190,proton,0.045,0.74732,CaSnS3_JVASP-40190_p_srniel.csv
CaSnS3,JVASP-40190,proton,0.05,0.69335,CaSnS3_JVASP-40190_p_srniel.csv
CaSnS3,JVASP-40190,proton,0.055,0.64731,CaSnS3_JVASP-40190_p_srniel.csv
CaSnS3,JVASP-40190,proton,0.06,0.60751,CaSnS3_JVASP-40190_p_srniel.csv
CaSnS3,JVASP-40190,proton,0.065,0.57273,CaSnS3_JVASP-40190_p_srniel.csv
CaSnS3,JVASP-40190,proton,0.07,0.54204,CaSnS3_JVASP-40190_p_srniel.csv
CaSnS3,JVASP-40190,proton,0.075,0.51474,CaSnS3_JVASP-40190_p_srniel.csv
CaSnS3,JVASP-40190,proton,0.08,0.49027,CaSnS3_JVASP-40190_p_srniel.csv
CaSnS3,JVASP-40190,proton,0.085,0.46821,CaSnS3_JVASP-40190_p_srniel.csv
CaSnS3,JVASP-40190,proton,0.09,0.4482,CaSnS3_JVASP-40190_p_srniel.csv
CaSnS3,JVASP-40190,proton,0.095,0.42997,CaSnS3_JVASP-40190_p_srniel.csv
CaSnS3,JVASP-40190,proton,0.1,0.41327,CaSnS3_JVASP-40190_p_srniel.csv
CaSnS3,JVASP-40190,proton,0.15,0.30045,CaSnS3_JVASP-40190_p_srniel.csv
CaSnS3,JVASP-40190,proton,0.2,0.23883,CaSnS3_JVASP-40190_p_srniel.csv
CaSnS3,JVASP-40190,proton,0.25,0.19959,CaSnS3_JVASP-40190_p_srniel.csv
CaSnS3,JVASP-40190,proton,0.3,0.17222,CaSnS3_JVASP-40190_p_srniel.csv
CaSnS3,JVASP-40190,proton,0.35,0.15183,CaSnS3_JVASP-40190_p_srniel.csv
CaSnS3,JVASP-40190,proton,0.4,0.13551,CaSnS3_JVASP-40190_p_srniel.csv
CaSnS3,JVASP-40190,proton,0.45,0.12253,CaSnS3_JVASP-40190_p_srniel.csv
CaSnS3,JVASP-40190,proton,0.5,0.11178,CaSnS3_JVASP-40190_p_srniel.csv
CaSnS3,JVASP-40190,proton,0.55,0.10286,CaSnS3_JVASP-40190_p_srniel.csv
CaSnS3,JVASP-40190,proton,0.6,0.095327,CaSnS3_JVASP-40190_p_srniel.csv
CaSnS3,JVASP-40190,proton,0.65,0.088881,CaSnS3_JVASP-40190_p_srniel.csv
CaSnS3,JVASP-40190,proton,0.7,0.083296,CaSnS3_JVASP-40190_p_srniel.csv
CaSnS3,JVASP-40190,proton,0.75,0.078409,CaSnS3_JVASP-40190_p_srniel.csv
CaSnS3,JVASP-40190,proton,0.8,0.074094,CaSnS3_JVASP-40190_p_srniel.csv
CaSnS3,JVASP-40190,proton,0.85,0.070254,CaSnS3_JVASP-40190_p_srniel.csv
CaSnS3,JVASP-40190,proton,0.9,0.066814,CaSnS3_JVASP-40190_p_srniel.csv
CaSnS3,JVASP-40190,proton,0.95,0.063714,CaSnS3_JVASP-40190_p_srniel.csv
CaSnS3,JVASP-40190,proton,1.0,0.060903,CaSnS3_JVASP-40190_p_srniel.csv
CaSnS3,JVASP-40190,proton,1.5,0.042115,CaSnS3_JVASP-40190_p_srniel.csv
CaSnS3,JVASP-40190,proton,2.0,0.032312,CaSnS3_JVASP-40190_p_srniel.csv
CaSnS3,JVASP-40190,proton,2.5,0.026283,CaSnS3_JVASP-40190_p_srniel.csv
CaSnS3,JVASP-40190,proton,3.0,0.0222,CaSnS3_JVASP-40190_p_srniel.csv
CaSnS3,JVASP-40190,proton,3.5,0.019329,CaSnS3_JVASP-40190_p_srniel.csv
CaSnS3,JVASP-40190,proton,4.0,0.017233,CaSnS3_JVASP-40190_p_srniel.csv
CaSnS3,JVASP-40190,proton,4.5,0.015606,CaSnS3_JVASP-40190_p_srniel.csv
CaSnS3,JVASP-40190,proton,5.0,0.014297,CaSnS3_JVASP-40190_p_srniel.csv
CaSnS3,JVASP-40190,proton,5.5,0.013223,CaSnS3_JVASP-40190_p_srniel.csv
CaSnS3,JVASP-40190,proton,6.0,0.01233,CaSnS3_JVASP-40190_p_srniel.csv
CaSnS3,JVASP-40190,proton,6.5,0.011585,CaSnS3_JVASP-40190_p_srniel.csv
CaSnS3,JVASP-40190,proton,7.0,0.010955,CaSnS3_JVASP-40190_p_srniel.csv
CaSnS3,JVASP-40190,proton,7.5,0.010411,CaSnS3_JVASP-40190_p_srniel.csv
CaSnS3,JVASP-40190,proton,8.0,0.009932,CaSnS3_JVASP-40190_p_srniel.csv
CaSnS3,JVASP-40190,proton,8.5,0.0095082,CaSnS3_JVASP-40190_p_srniel.csv
CaSnS3,JVASP-40190,proton,9.0,0.0091312,CaSnS3_JVASP-40190_p_srniel.csv
CaSnS3,JVASP-40190,proton,9.5,0.0087946,CaSnS3_JVASP-40190_p_srniel.csv
CaSnS3,JVASP-40190,proton,10.0,0.0084931,CaSnS3_JVASP-40190_p_srniel.csv
CaSnS3,JVASP-40190,proton,15.0,0.0066623,CaSnS3_JVASP-40190_p_srniel.csv
CaSnS3,JVASP-40190,proton,20.0,0.0057978,CaSnS3_JVASP-40190_p_srniel.csv
CaSnS3,JVASP-40190,proton,25.0,0.0052563,CaSnS3_JVASP-40190_p_srniel.csv
CaSnS3,JVASP-40190,proton,30.0,0.00487,CaSnS3_JVASP-40190_p_srniel.csv
CaSnS3,JVASP-40190,proton,35.0,0.0045817,CaSnS3_JVASP-40190_p_srniel.csv
CaSnS3,JVASP-40190,proton,40.0,0.0043615,CaSnS3_JVASP-40190_p_srniel.csv
CaSnS3,JVASP-40190,proton,45.0,0.0041896,CaSnS3_JVASP-40190_p_srniel.csv
CaSnS3,JVASP-40190,proton,50.0,0.0040519,CaSnS3_JVASP-40190_p_srniel.csv
CaSnS3,JVASP-40190,proton,55.0,0.0039387,CaSnS3_JVASP-40190_p_srniel.csv
CaSnS3,JVASP-40190,proton,60.0,0.0038429,CaSnS3_JVASP-40190_p_srniel.csv
CaSnS3,JVASP-40190,proton,65.0,0.0037599,CaSnS3_JVASP-40190_p_srniel.csv
CaSnS3,JVASP-40190,proton,70.0,0.0036862,CaSnS3_JVASP-40190_p_srniel.csv
CaSnS3,JVASP-40190,proton,75.0,0.0036197,CaSnS3_JVASP-40190_p_srniel.csv
CaSnS3,JVASP-40190,proton,80.0,0.0035588,CaSnS3_JVASP-40190_p_srniel.csv
CaSnS3,JVASP-40190,proton,85.0,0.0035025,CaSnS3_JVASP-40190_p_srniel.csv
CaSnS3,JVASP-40190,proton,90.0,0.00345,CaSnS3_JVASP-40190_p_srniel.csv
CaSnS3,JVASP-40190,proton,95.0,0.0034009,CaSnS3_JVASP-40190_p_srniel.csv
CaSnS3,JVASP-40190,proton,100.0,0.0033547,CaSnS3_JVASP-40190_p_srniel.csv
CaSnS3,JVASP-40190,proton,150.0,0.003019,CaSnS3_JVASP-40190_p_srniel.csv
CaSnS3,JVASP-40190,proton,200.0,0.0028464,CaSnS3_JVASP-40190_p_srniel.csv
CaSnS3,JVASP-40190,proton,250.0,0.0027799,CaSnS3_JVASP-40190_p_srniel.csv
CaSnS3,JVASP-40190,proton,300.0,0.0027805,CaSnS3_JVASP-40190_p_srniel.csv
CaSnS3,JVASP-40190,proton,350.0,0.0028197,CaSnS3_JVASP-40190_p_srniel.csv
CaSnS3,JVASP-40190,proton,400.0,0.0028783,CaSnS3_JVASP-40190_p_srniel.csv
CaSnS3,JVASP-40190,proton,450.0,0.0029433,CaSnS3_JVASP-40190_p_srniel.csv
CaSnS3,JVASP-40190,proton,500.0,0.0030073,CaSnS3_JVASP-40190_p_srniel.csv
CaSnS3,JVASP-40190,proton,550.0,0.0030671,CaSnS3_JVASP-40190_p_srniel.csv
CaSnS3,JVASP-40190,proton,600.0,0.0031222,CaSnS3_JVASP-40190_p_srniel.csv
CaSnS3,JVASP-40190,proton,650.0,0.0031737,CaSnS3_JVASP-40190_p_srniel.csv
CaSnS3,JVASP-40190,proton,700.0,0.003223,CaSnS3_JVASP-40190_p_srniel.csv
CaSnS3,JVASP-40190,proton,750.0,0.003271,CaSnS3_JVASP-40190_p_srniel.csv
CaSnS3,JVASP-40190,proton,800.0,0.0033169,CaSnS3_JVASP-40190_p_srniel.csv
CaSnS3,JVASP-40190,proton,850.0,0.0033581,CaSnS3_JVASP-40190_p_srniel.csv
CaSnS3,JVASP-40190,proton,900.0,0.0033897,CaSnS3_JVASP-40190_p_srniel.csv
CaSnS3,JVASP-40190,proton,950.0,0.0034042,CaSnS3_JVASP-40190_p_srniel.csv
CaSnS3,JVASP-40190,proton,1000.0,0.0033921,CaSnS3_JVASP-40190_p_srniel.csv
Cd2GaAgSe4,JVASP-108799,electron,0.04,0.0,Cd2GaAgSe4_JVASP-108799_e_srniel.csv
Cd2GaAgSe4,JVASP-108799,electron,0.045,0.0,Cd2GaAgSe4_JVASP-108799_e_srniel.csv
Cd2GaAgSe4,JVASP-108799,electron,0.05,0.0,Cd2GaAgSe4_JVASP-108799_e_srniel.csv
Cd2GaAgSe4,JVASP-108799,electron,0.055,0.0,Cd2GaAgSe4_JVASP-108799_e_srniel.csv
Cd2GaAgSe4,JVASP-108799,electron,0.06,0.0,Cd2GaAgSe4_JVASP-108799_e_srniel.csv
Cd2GaAgSe4,JVASP-108799,electron,0.065,0.0,Cd2GaAgSe4_JVASP-108799_e_srniel.csv
Cd2GaAgSe4,JVASP-108799,electron,0.07,3.9407e-07,Cd2GaAgSe4_JVASP-108799_e_srniel.csv
Cd2GaAgSe4,JVASP-108799,electron,0.075,7.8121e-07,Cd2GaAgSe4_JVASP-108799_e_srniel.csv
Cd2GaAgSe4,JVASP-108799,electron,0.08,1.1048e-06,Cd2GaAgSe4_JVASP-108799_e_srniel.csv
Cd2GaAgSe4,JVASP-108799,electron,0.085,1.3784e-06,Cd2GaAgSe4_JVASP-108799_e_srniel.csv
Cd2GaAgSe4,JVASP-108799,electron,0.09,1.6123e-06,Cd2GaAgSe4_JVASP-108799_e_srniel.csv
Cd2GaAgSe4,JVASP-108799,electron,0.095,1.814e-06,Cd2GaAgSe4_JVASP-108799_e_srniel.csv
Cd2GaAgSe4,JVASP-108799,electron,0.1,1.9894e-06,Cd2GaAgSe4_JVASP-108799_e_srniel.csv
Cd2GaAgSe4,JVASP-108799,electron,0.15,2.964e-06,Cd2GaAgSe4_JVASP-108799_e_srniel.csv
Cd2GaAgSe4,JVASP-108799,electron,0.2,3.3713e-06,Cd2GaAgSe4_JVASP-108799_e_srniel.csv
Cd2GaAgSe4,JVASP-108799,electron,0.25,3.8076e-06,Cd2GaAgSe4_JVASP-108799_e_srniel.csv
Cd2GaAgSe4,JVASP-108799,electron,0.3,4.5572e-06,Cd2GaAgSe4_JVASP-108799_e_srniel.csv
Cd2GaAgSe4,JVASP-108799,electron,0.35,5.1875e-06,Cd2GaAgSe4_JVASP-108799_e_srniel.csv
Cd2GaAgSe4,JVASP-108799,electron,0.4,5.7391e-06,Cd2GaAgSe4_JVASP-108799_e_srniel.csv
Cd2GaAgSe4,JVASP-108799,electron,0.45,6.2343e-06,Cd2GaAgSe4_JVASP-108799_e_srniel.csv
Cd2GaAgSe4,JVASP-108799,electron,0.5,6.6865e-06,Cd2GaAgSe4_JVASP-108799_e_srniel.csv
Cd2GaAgSe4,JVASP-108799,electron,0.55,7.3594e-06,Cd2GaAgSe4_JVASP-108799_e_srniel.csv
Cd2GaAgSe4,JVASP-108799,electron,0.6,8.1619e-06,Cd2GaAgSe4_JVASP-108799_e_srniel.csv
Cd2GaAgSe4,JVASP-108799,electron,0.65,9.1832e-06,Cd2GaAgSe4_JVASP-108799_e_srniel.csv
Cd2GaAgSe4,JVASP-108799,electron,0.7,1.0244e-05,Cd2GaAgSe4_JVASP-108799_e_srniel.csv
Cd2GaAgSe4,JVASP-108799,electron,0.75,1.1323e-05,Cd2GaAgSe4_JVASP-108799_e_srniel.csv
Cd2GaAgSe4,JVASP-108799,electron,0.8,1.2405e-05,Cd2GaAgSe4_JVASP-108799_e_srniel.csv
Cd2GaAgSe4,JVASP-108799,electron,0.85,1.3481e-05,Cd2GaAgSe4_JVASP-108799_e_srniel.csv
Cd2GaAgSe4,JVASP-108799,electron,0.9,1.4542e-05,Cd2GaAgSe4_JVASP-108799_e_srniel.csv
Cd2GaAgSe4,JVASP-108799,electron,0.95,1.5586e-05,Cd2GaAgSe4_JVASP-108799_e_srniel.csv
Cd2GaAgSe4,JVASP-108799,electron,1.0,1.6609e-05,Cd2GaAgSe4_JVASP-108799_e_srniel.csv
Cd2GaAgSe4,JVASP-108799,electron,1.5,2.5574e-05,Cd2GaAgSe4_JVASP-108799_e_srniel.csv
Cd2GaAgSe4,JVASP-108799,electron,2.0,3.2575e-05,Cd2GaAgSe4_JVASP-108799_e_srniel.csv
Cd2GaAgSe4,JVASP-108799,electron,2.5,3.8212e-05,Cd2GaAgSe4_JVASP-108799_e_srniel.csv
Cd2GaAgSe4,JVASP-108799,electron,3.0,4.2897e-05,Cd2GaAgSe4_JVASP-108799_e_srniel.csv
Cd2GaAgSe4,JVASP-108799,electron,3.5,4.6889e-05,Cd2GaAgSe4_JVASP-108799_e_srniel.csv
Cd2GaAgSe4,JVASP-108799,electron,4.0,5.0356e-05,Cd2GaAgSe4_JVASP-108799_e_srniel.csv
Cd2GaAgSe4,JVASP-108799,electron,4.5,5.3412e-05,Cd2GaAgSe4_JVASP-108799_e_srniel.csv
Cd2GaAgSe4,JVASP-108799,electron,5.0,5.614e-05,Cd2GaAgSe4_JVASP-108799_e_srniel.csv
Cd2GaAgSe4,JVASP-108799,electron,5.5,5.8598e-05,Cd2GaAgSe4_JVASP-108799_e_srniel.csv
Cd2GaAgSe4,JVASP-108799,electron,6.0,6.0832e-05,Cd2GaAgSe4_JVASP-108799_e_srniel.csv
Cd2GaAgSe4,JVASP-108799,electron,6.5,6.2877e-05,Cd2GaAgSe4_JVASP-108799_e_srniel.csv
Cd2GaAgSe4,JVASP-108799,electron,7.0,6.4759e-05,Cd2GaAgSe4_JVASP-108799_e_srniel.csv
Cd2GaAgSe4,JVASP-108799,electron,7.5,6.65e-05,Cd2GaAgSe4_JVASP-108799_e_srniel.csv
Cd2GaAgSe4,JVASP-108799,electron,8.0,6.8118e-05,Cd2GaAgSe4_JVASP-108799_e_srniel.csv
Cd2GaAgSe4,JVASP-108799,electron,8.5,6.9628e-05,Cd2GaAgSe4_JVASP-108799_e_srniel.csv
Cd2GaAgSe4,JVASP-108799,electron,9.0,7.1041e-05,Cd2GaAgSe4_JVASP-108799_e_srniel.csv
Cd2GaAgSe4,JVASP-108799,electron,9.5,7.2368e-05,Cd2GaAgSe4_JVASP-108799_e_srniel.csv
Cd2GaAgSe4,JVASP-108799,electron,10.0,7.3617e-05,Cd2GaAgSe4_JVASP-108799_e_srniel.csv
Cd2GaAgSe4,JVASP-108799,electron,15.0,8.3075e-05,Cd2GaAgSe4_JVASP-108799_e_srniel.csv
Cd2GaAgSe4,JVASP-108799,electron,20.0,8.9155e-05,Cd2GaAgSe4_JVASP-108799_e_srniel.csv
Cd2GaAgSe4,JVASP-108799,electron,25.0,9.3345e-05,Cd2GaAgSe4_JVASP-108799_e_srniel.csv
Cd2GaAgSe4,JVASP-108799,electron,30.0,9.6327e-05,Cd2GaAgSe4_JVASP-108799_e_srniel.csv
Cd2GaAgSe4,JVASP-108799,electron,35.0,9.8479e-05,Cd2GaAgSe4_JVASP-108799_e_srniel.csv
Cd2GaAgSe4,JVASP-108799,electron,40.0,0.00010004,Cd2GaAgSe4_JVASP-108799_e_srniel.csv
Cd2GaAgSe4,JVASP-108799,electron,45.0,0.00010117,Cd2GaAgSe4_JVASP-108799_e_srniel.csv
Cd2GaAgSe4,JVASP-108799,electron,50.0,0.00010197,Cd2GaAgSe4_JVASP-108799_e_srniel.csv
Cd2GaAgSe4,JVASP-108799,electron,55.0,0.00010254,Cd2GaAgSe4_JVASP-108799_e_srniel.csv
Cd2GaAgSe4,JVASP-108799,electron,60.0,0.00010292,Cd2GaAgSe4_JVASP-108799_e_srniel.csv
Cd2GaAgSe4,JVASP-108799,electron,65.0,0.00010318,Cd2GaAgSe4_JVASP-108799_e_srniel.csv
Cd2GaAgSe4,JVASP-108799,electron,70.0,0.00010333,Cd2GaAgSe4_JVASP-108799_e_srniel.csv
Cd2GaAgSe4,JVASP-108799,electron,75.0,0.00010341,Cd2GaAgSe4_JVASP-108799_e_srniel.csv
Cd2GaAgSe4,JVASP-108799,electron,80.0,0.00010343,Cd2GaAgSe4_JVASP-108799_e_srniel.csv
Cd2GaAgSe4,JVASP-108799,electron,85.0,0.00010342,Cd2GaAgSe4_JVASP-108799_e_srniel.csv
Cd2GaAgSe4,JVASP-108799,electron,90.0,0.00010337,Cd2GaAgSe4_JVASP-108799_e_srniel.csv
Cd2GaAgSe4,JVASP-108799,electron,95.0,0.0001033,Cd2GaAgSe4_JVASP-108799_e_srniel.csv
Cd2GaAgSe4,JVASP-108799,electron,100.0,0.00010322,Cd2GaAgSe4_JVASP-108799_e_srniel.csv
Cd2GaAgSe4,JVASP-108799,proton,0.0001,0.10384,Cd2GaAgSe4_JVASP-108799_p_srniel.csv
Cd2GaAgSe4,JVASP-108799,proton,0.00015,0.14501,Cd2GaAgSe4_JVASP-108799_p_srniel.csv
Cd2GaAgSe4,JVASP-108799,proton,0.0002,0.19879,Cd2GaAgSe4_JVASP-108799_p_srniel.csv
Cd2GaAgSe4,JVASP-108799,proton,0.00025,0.24378,Cd2GaAgSe4_JVASP-108799_p_srniel.csv
Cd2GaAgSe4,JVASP-108799,proton,0.0003,0.27832,Cd2GaAgSe4_JVASP-108799_p_srniel.csv
Cd2GaAgSe4,JVASP-108799,proton,0.00035,0.30578,Cd2GaAgSe4_JVASP-108799_p_srniel.csv
Cd2GaAgSe4,JVASP-108799,proton,0.0004,0.32818,Cd2GaAgSe4_JVASP-108799_p_srniel.csv
Cd2GaAgSe4,JVASP-108799,proton,0.00045,0.36527,Cd2GaAgSe4_JVASP-108799_p_srniel.csv
Cd2GaAgSe4,JVASP-108799,proton,0.0005,0.40877,Cd2GaAgSe4_JVASP-108799_p_srniel.csv
Cd2GaAgSe4,JVASP-108799,proton,0.00055,0.48738,Cd2GaAgSe4_JVASP-108799_p_srniel.csv
Cd2GaAgSe4,JVASP-108799,proton,0.0006,0.57211,Cd2GaAgSe4_JVASP-108799_p_srniel.csv
Cd2GaAgSe4,JVASP-108799,proton,0.00065,0.64646,Cd2GaAgSe4_JVASP-108799_p_srniel.csv
Cd2GaAgSe4,JVASP-108799,proton,0.0007,0.71219,Cd2GaAgSe4_JVASP-108799_p_srniel.csv
Cd2GaAgSe4,JVASP-108799,proton,0.00075,0.77065,Cd2GaAgSe4_JVASP-108799_p_srniel.csv
Cd2GaAgSe4,JVASP-108799,proton,0.0008,0.82293,Cd2GaAgSe4_JVASP-108799_p_srniel.csv
Cd2GaAgSe4,JVASP-108799,proton,0.00085,0.86989,Cd2GaAgSe4_JVASP-108799_p_srniel.csv
Cd2GaAgSe4,JVASP-108799,proton,0.0009,0.91226,Cd2GaAgSe4_JVASP-108799_p_srniel.csv
Cd2GaAgSe4,JVASP-108799,proton,0.00095,0.9506,Cd2GaAgSe4_JVASP-108799_p_srniel.csv
Cd2GaAgSe4,JVASP-108799,proton,0.001,0.98542,Cd2GaAgSe4_JVASP-108799_p_srniel.csv
Cd2GaAgSe4,JVASP-108799,proton,0.0015,1.2064,Cd2GaAgSe4_JVASP-108799_p_srniel.csv
Cd2GaAgSe4,JVASP-108799,proton,0.002,1.3042,Cd2GaAgSe4_JVASP-108799_p_srniel.csv
Cd2GaAgSe4,JVASP-108799,proton,0.0025,1.3471,Cd2GaAgSe4_JVASP-108799_p_srniel.csv
Cd2GaAgSe4,JVASP-108799,proton,0.003,1.3617,Cd2GaAgSe4_JVASP-108799_p_srniel.csv
Cd2GaAgSe4,JVASP-108799,proton,0.0035,1.3606,Cd2GaAgSe4_JVASP-108799_p_srniel.csv
Cd2GaAgSe4,JVASP-108799,proton,0.004,1.3502,Cd2GaAgSe4_JVASP-108799_p_srniel.csv
Cd2GaAgSe4,JVASP-108799,proton,0.0045,1.3345,Cd2GaAgSe4_JVASP-108799_p_srniel.csv
Cd2GaAgSe4,JVASP-108799,proton,0.005,1.3155,Cd2GaAgSe4_JVASP-108799_p_srniel.csv
Cd2GaAgSe4,JVASP-108799,proton,0.0055,1.2947,Cd2GaAgSe4_JVASP-108799_p_srniel.csv
Cd2GaAgSe4,JVASP-108799,proton,0.006,1.2729,Cd2GaAgSe4_JVASP-108799_p_srniel.csv
Cd2GaAgSe4,JVASP-108799,proton,0.0065,1.2507,Cd2GaAgSe4_JVASP-108799_p_srniel.csv
Cd2GaAgSe4,JVASP-108799,proton,0.007,1.2286,Cd2GaAgSe4_JVASP-108799_p_srniel.csv
Cd2GaAgSe4,JVASP-108799,proton,0.0075,1.2066,Cd2GaAgSe4_JVASP-108799_p_srniel.csv
Cd2GaAgSe4,JVASP-108799,proton,0.008,1.185,Cd2GaAgSe4_JVASP-108799_p_srniel.csv
Cd2GaAgSe4,JVASP-108799,proton,0.0085,1.1639,Cd2GaAgSe4_JVASP-108799_p_srniel.csv
Cd2GaAgSe4,JVASP-108799,proton,0.009,1.1434,Cd2GaAgSe4_JVASP-108799_p_srniel.csv
Cd2GaAgSe4,JVASP-108799,proton,0.0095,1.1234,Cd2GaAgSe4_JVASP-108799_p_srniel.csv
Cd2GaAgSe4,JVASP-108799,proton,0.01,1.104,Cd2GaAgSe4_JVASP-108799_p_srniel.csv
Cd2GaAgSe4,JVASP-108799,proton,0.015,0.94137,Cd2GaAgSe4_JVASP-108799_p_srniel.csv
Cd2GaAgSe4,JVASP-108799,proton,0.02,0.82277,Cd2GaAgSe4_JVASP-108799_p_srniel.csv
Cd2GaAgSe4,JVASP-108799,proton,0.025,0.73309,Cd2GaAgSe4_JVASP-108799_p_srniel.csv
Cd2GaAgSe4,JVASP-108799,proton,0.03,0.66283,Cd2GaAgSe4_JVASP-108799_p_srniel.csv
Cd2GaAgSe4,JVASP-108799,proton,0.035,0.60615,Cd2GaAgSe4_JVASP-108799_p_srniel.csv
Cd2GaAgSe4,JVASP-108799,proton,0.04,0.55935,Cd2GaAgSe4_JVASP-108799_p_srniel.csv
Cd2GaAgSe4,JVASP-108799,proton,0.045,0.51998,Cd2GaAgSe4_JVASP-108799_p_srniel.csv
Cd2GaAgSe4,JVASP-108799,proton,0.05,0.48634,Cd2GaAgSe4_JVASP-108799_p_srniel.csv
Cd2GaAgSe4,JVASP-108799,proton,0.055,0.45721,Cd2GaAgSe4_JVASP-108799_p_srniel.csv
Cd2GaAgSe4,JVASP-108799,proton,0.06,0.43172,Cd2GaAgSe4_JVASP-108799_p_srniel.csv
Cd2GaAgSe4,JVASP-108799,proton,0.065,0.40921,Cd2GaAgSe4_JVASP-108799_p_srniel.csv
Cd2GaAgSe4,JVASP-108799,proton,0.07,0.38915,Cd2GaAgSe4_JVASP-108799_p_srniel.csv
Cd2GaAgSe4,JVASP-108799,proton,0.075,0.37115,Cd2GaAgSe4_JVASP-108799_p_srniel.csv
Cd2GaAgSe4,JVASP-108799,proton,0.08,0.35491,Cd2GaAgSe4_JVASP-108799_p_srniel.csv
Cd2GaAgSe4,JVASP-108799,proton,0.085,0.34016,Cd2GaAgSe4_JVASP-108799_p_srniel.csv
Cd2GaAgSe4,JVASP-108799,proton,0.09,0.32671,Cd2GaAgSe4_JVASP-108799_p_srniel.csv
Cd2GaAgSe4,JVASP-108799,proton,0.095,0.31437,Cd2GaAgSe4_JVASP-108799_p_srniel.csv
Cd2GaAgSe4,JVASP-108799,proton,0.1,0.30302,Cd2GaAgSe4_JVASP-108799_p_srniel.csv
Cd2GaAgSe4,JVASP-108799,proton,0.15,0.22468,Cd2GaAgSe4_JVASP-108799_p_srniel.csv
Cd2GaAgSe4,JVASP-108799,proton,0.2,0.18024,Cd2GaAgSe4_JVASP-108799_p_srniel.csv
Cd2GaAgSe4,JVASP-108799,proton,0.25,0.15136,Cd2GaAgSe4_JVASP-108799_p_srniel.csv
Cd2GaAgSe4,JVASP-108799,proton,0.3,0.13092,Cd2GaAgSe4_JVASP-108799_p_srniel.csv
Cd2GaAgSe4,JVASP-108799,proton,0.35,0.11572,Cd2GaAgSe4_JVASP-108799_p_srniel.csv
Cd2GaAgSe4,JVASP-108799,proton,0.4,0.10393,Cd2GaAgSe4_JVASP-108799_p_srniel.csv
Cd2GaAgSe4,JVASP-108799,proton,0.45,0.094541,Cd2GaAgSe4_JVASP-108799_p_srniel.csv
Cd2GaAgSe4,JVASP-108799,proton,0.5,0.08686,Cd2GaAgSe4_JVASP-108799_p_srniel.csv
Cd2GaAgSe4,JVASP-108799,proton,0.55,0.08045,Cd2GaAgSe4_JVASP-108799_p_srniel.csv
Cd2GaAgSe4,JVASP-108799,proton,0.6,0.075013,Cd2GaAgSe4_JVASP-108799_p_srniel.csv
Cd2GaAgSe4,JVASP-108799,proton,0.65,0.070336,Cd2GaAgSe4_JVASP-108799_p_srniel.csv
Cd2GaAgSe4,JVASP-108799,proton,0.7,0.066198,Cd2GaAgSe4_JVASP-108799_p_srniel.csv
Cd2GaAgSe4,JVASP-108799,proton,0.75,0.062524,Cd2GaAgSe4_JVASP-108799_p_srniel.csv
Cd2GaAgSe4,JVASP-108799,proton,0.8,0.059201,Cd2GaAgSe4_JVASP-108799_p_srniel.csv
Cd2GaAgSe4,JVASP-108799,proton,0.85,0.056239,Cd2GaAgSe4_JVASP-108799_p_srniel.csv
Cd2GaAgSe4,JVASP-108799,proton,0.9,0.05358,Cd2GaAgSe4_JVASP-108799_p_srniel.csv
Cd2GaAgSe4,JVASP-108799,proton,0.95,0.051179,Cd2GaAgSe4_JVASP-108799_p_srniel.csv
Cd2GaAgSe4,JVASP-108799,proton,1.0,0.048999,Cd2GaAgSe4_JVASP-108799_p_srniel.csv
Cd2GaAgSe4,JVASP-108799,proton,1.5,0.034318,Cd2GaAgSe4_JVASP-108799_p_srniel.csv
Cd2GaAgSe4,JVASP-108799,proton,2.0,0.026512,Cd2GaAgSe4_JVASP-108799_p_srniel.csv
Cd2GaAgSe4,JVASP-108799,proton,2.5,0.021682,Cd2GaAgSe4_JVASP-108799_p_srniel.csv
Cd2GaAgSe4,JVASP-108799,proton,3.0,0.018386,Cd2GaAgSe4_JVASP-108799_p_srniel.csv
Cd2GaAgSe4,JVASP-108799,proton,3.5,0.015988,Cd2GaAgSe4_JVASP-108799_p_srniel.csv
Cd2GaAgSe4,JVASP-108799,proton,4.0,0.014163,Cd2GaAgSe4_JVASP-108799_p_srniel.csv
Cd2GaAgSe4,JVASP-108799,proton,4.5,0.012744,Cd2GaAgSe4_JVASP-108799_p_srniel.csv
Cd2GaAgSe4,JVASP-108799,proton,5.0,0.011625,Cd2GaAgSe4_JVASP-108799_p_srniel.csv
Cd2GaAgSe4,JVASP-108799,proton,5.5,0.010704,Cd2GaAgSe4_JVASP-108799_p_srniel.csv
Cd2GaAgSe4,JVASP-108799,proton,6.0,0.0099318,Cd2GaAgSe4_JVASP-108799_p_srniel.csv
Cd2GaAgSe4,JVASP-108799,proton,6.5,0.0092873,Cd2GaAgSe4_JVASP-108799_p_srniel.csv
Cd2GaAgSe4,JVASP-108799,proton,7.0,0.0087434,Cd2GaAgSe4_JVASP-108799_p_srniel.csv
Cd2GaAgSe4,JVASP-108799,proton,7.5,0.0082759,Cd2GaAgSe4_JVASP-108799_p_srniel.csv
Cd2GaAgSe4,JVASP-108799,proton,8.0,0.0078691,Cd2GaAgSe4_JVASP-108799_p_srniel.csv
Cd2GaAgSe4,JVASP-108799,proton,8.5,0.0075124,Cd2GaAgSe4_JVASP-108799_p_srniel.csv
Cd2GaAgSe4,JVASP-108799,proton,9.0,0.0071981,Cd2GaAgSe4_JVASP-108799_p_srniel.csv
Cd2GaAgSe4,JVASP-108799,proton,9.5,0.0069197,Cd2GaAgSe4_JVASP-108799_p_srniel.csv
Cd2GaAgSe4,JVASP-108799,proton,10.0,0.0066719,Cd2GaAgSe4_JVASP-108799_p_srniel.csv
Cd2GaAgSe4,JVASP-108799,proton,15.0,0.0051912,Cd2GaAgSe4_JVASP-108799_p_srniel.csv
Cd2GaAgSe4,JVASP-108799,proton,20.0,0.0045705,Cd2GaAgSe4_JVASP-108799_p_srniel.csv
Cd2GaAgSe4,JVASP-108799,proton,25.0,0.0042603,Cd2GaAgSe4_JVASP-108799_p_srniel.csv
Cd2GaAgSe4,JVASP-108799,proton,30.0,0.0040641,Cd2GaAgSe4_JVASP-108799_p_srniel.csv
Cd2GaAgSe4,JVASP-108799,proton,35.0,0.0039136,Cd2GaAgSe4_JVASP-108799_p_srniel.csv
Cd2GaAgSe4,JVASP-108799,proton,40.0,0.0037893,Cd2GaAgSe4_JVASP-108799_p_srniel.csv
Cd2GaAgSe4,JVASP-108799,proton,45.0,0.0036865,Cd2GaAgSe4_JVASP-108799_p_srniel.csv
Cd2GaAgSe4,JVASP-108799,proton,50.0,0.0036037,Cd2GaAgSe4_JVASP-108799_p_srniel.csv
Cd2GaAgSe4,JVASP-108799,proton,55.0,0.003539,Cd2GaAgSe4_JVASP-108799_p_srniel.csv
Cd2GaAgSe4,JVASP-108799,proton,60.0,0.0034897,Cd2GaAgSe4_JVASP-108799_p_srniel.csv
Cd2GaAgSe4,JVASP-108799,proton,65.0,0.0034533,Cd2GaAgSe4_JVASP-108799_p_srniel.csv
Cd2GaAgSe4,JVASP-108799,proton,70.0,0.0034268,Cd2GaAgSe4_JVASP-108799_p_srniel.csv
Cd2GaAgSe4,JVASP-108799,proton,75.0,0.003408,Cd2GaAgSe4_JVASP-108799_p_srniel.csv
Cd2GaAgSe4,JVASP-108799,proton,80.0,0.0033946,Cd2GaAgSe4_JVASP-108799_p_srniel.csv
Cd2GaAgSe4,JVASP-108799,proton,85.0,0.0033848,Cd2GaAgSe4_JVASP-108799_p_srniel.csv
Cd2GaAgSe4,JVASP-108799,proton,90.0,0.0033774,Cd2GaAgSe4_JVASP-108799_p_srniel.csv
Cd2GaAgSe4,JVASP-108799,proton,95.0,0.0033713,Cd2GaAgSe4_JVASP-108799_p_srniel.csv
Cd2GaAgSe4,JVASP-108799,proton,100.0,0.0033656,Cd2GaAgSe4_JVASP-108799_p_srniel.csv
Cd2GaAgSe4,JVASP-108799,proton,150.0,0.0032848,Cd2GaAgSe4_JVASP-108799_p_srniel.csv
Cd2GaAgSe4,JVASP-108799,proton,200.0,0.0032046,Cd2GaAgSe4_JVASP-108799_p_srniel.csv
Cd2GaAgSe4,JVASP-108799,proton,250.0,0.0031916,Cd2GaAgSe4_JVASP-108799_p_srniel.csv
Cd2GaAgSe4,JVASP-108799,proton,300.0,0.00324,Cd2GaAgSe4_JVASP-108799_p_srniel.csv
Cd2GaAgSe4,JVASP-108799,proton,350.0,0.003323,Cd2GaAgSe4_JVASP-108799_p_srniel.csv
Cd2GaAgSe4,JVASP-108799,proton,400.0,0.0034197,Cd2GaAgSe4_JVASP-108799_p_srniel.csv
Cd2GaAgSe4,JVASP-108799,proton,450.0,0.003519,Cd2GaAgSe4_JVASP-108799_p_srniel.csv
Cd2GaAgSe4,JVASP-108799,proton,500.0,0.0036165,Cd2GaAgSe4_JVASP-108799_p_srniel.csv
Cd2GaAgSe4,JVASP-108799,proton,550.0,0.0037113,Cd2GaAgSe4_JVASP-108799_p_srniel.csv
Cd2GaAgSe4,JVASP-108799,proton,600.0,0.0038033,Cd2GaAgSe4_JVASP-108799_p_srniel.csv
Cd2GaAgSe4,JVASP-108799,proton,650.0,0.0038922,Cd2GaAgSe4_JVASP-108799_p_srniel.csv
Cd2GaAgSe4,JVASP-108799,proton,700.0,0.0039759,Cd2GaAgSe4_JVASP-108799_p_srniel.csv
Cd2GaAgSe4,JVASP-108799,proton,750.0,0.0040512,Cd2GaAgSe4_JVASP-108799_p_srniel.csv
Cd2GaAgSe4,JVASP-108799,proton,800.0,0.004114,Cd2GaAgSe4_JVASP-108799_p_srniel.csv
Cd2GaAgSe4,JVASP-108799,proton,850.0,0.0041604,Cd2GaAgSe4_JVASP-108799_p_srniel.csv
Cd2GaAgSe4,JVASP-108799,proton,900.0,0.0041876,Cd2GaAgSe4_JVASP-108799_p_srniel.csv
Cd2GaAgSe4,JVASP-108799,proton,950.0,0.0041948,Cd2GaAgSe4_JVASP-108799_p_srniel.csv
Cd2GaAgSe4,JVASP-108799,proton,1000.0,0.0041837,Cd2GaAgSe4_JVASP-108799_p_srniel.csv
CoC4N6,JVASP-59765,electron,0.04,0.0,CoC4N6_JVASP-59765_e_srniel.csv
CoC4N6,JVASP-59765,electron,0.045,0.0,CoC4N6_JVASP-59765_e_srniel.csv
CoC4N6,JVASP-59765,electron,0.05,0.0,CoC4N6_JVASP-59765_e_srniel.csv
CoC4N6,JVASP-59765,electron,0.055,0.0,CoC4N6_JVASP-59765_e_srniel.csv
CoC4N6,JVASP-59765,electron,0.06,0.0,CoC4N6_JVASP-59765_e_srniel.csv
CoC4N6,JVASP-59765,electron,0.065,0.0,CoC4N6_JVASP-59765_e_srniel.csv
CoC4N6,JVASP-59765,electron,0.07,0.0,CoC4N6_JVASP-59765_e_srniel.csv
CoC4N6,JVASP-59765,electron,0.075,0.0,CoC4N6_JVASP-59765_e_srniel.csv
CoC4N6,JVASP-59765,electron,0.08,0.0,CoC4N6_JVASP-59765_e_srniel.csv
CoC4N6,JVASP-59765,electron,0.085,0.0,CoC4N6_JVASP-59765_e_srniel.csv
CoC4N6,JVASP-59765,electron,0.09,0.0,CoC4N6_JVASP-59765_e_srniel.csv
CoC4N6,JVASP-59765,electron,0.095,0.0,CoC4N6_JVASP-59765_e_srniel.csv
CoC4N6,JVASP-59765,electron,0.1,0.0,CoC4N6_JVASP-59765_e_srniel.csv
CoC4N6,JVASP-59765,electron,0.15,2.5654e-06,CoC4N6_JVASP-59765_e_srniel.csv
CoC4N6,JVASP-59765,electron,0.2,6.4027e-06,CoC4N6_JVASP-59765_e_srniel.csv
CoC4N6,JVASP-59765,electron,0.25,9.2416e-06,CoC4N6_JVASP-59765_e_srniel.csv
CoC4N6,JVASP-59765,electron,0.3,1.1225e-05,CoC4N6_JVASP-59765_e_srniel.csv
CoC4N6,JVASP-59765,electron,0.35,1.2777e-05,CoC4N6_JVASP-59765_e_srniel.csv
CoC4N6,JVASP-59765,electron,0.4,1.4083e-05,CoC4N6_JVASP-59765_e_srniel.csv
CoC4N6,JVASP-59765,electron,0.45,1.5459e-05,CoC4N6_JVASP-59765_e_srniel.csv
CoC4N6,JVASP-59765,electron,0.5,1.6882e-05,CoC4N6_JVASP-59765_e_srniel.csv
CoC4N6,JVASP-59765,electron,0.55,1.8235e-05,CoC4N6_JVASP-59765_e_srniel.csv
CoC4N6,JVASP-59765,electron,0.6,1.9529e-05,CoC4N6_JVASP-59765_e_srniel.csv
CoC4N6,JVASP-59765,electron,0.65,2.0771e-05,CoC4N6_JVASP-59765_e_srniel.csv
CoC4N6,JVASP-59765,electron,0.7,2.1967e-05,CoC4N6_JVASP-59765_e_srniel.csv
CoC4N6,JVASP-59765,electron,0.75,2.3121e-05,CoC4N6_JVASP-59765_e_srniel.csv
CoC4N6,JVASP-59765,electron,0.8,2.4236e-05,CoC4N6_JVASP-59765_e_srniel.csv
CoC4N6,JVASP-59765,electron,0.85,2.5314e-05,CoC4N6_JVASP-59765_e_srniel.csv
CoC4N6,JVASP-59765,electron,0.9,2.6359e-05,CoC4N6_JVASP-59765_e_srniel.csv
CoC4N6,JVASP-59765,electron,0.95,2.7372e-05,CoC4N6_JVASP-59765_e_srniel.csv
CoC4N6,JVASP-59765,electron,1.0,2.8356e-05,CoC4N6_JVASP-59765_e_srniel.csv
CoC4N6,JVASP-59765,electron,1.5,3.6847e-05,CoC4N6_JVASP-59765_e_srniel.csv
CoC4N6,JVASP-59765,electron,2.0,4.3554e-05,CoC4N6_JVASP-59765_e_srniel.csv
CoC4N6,JVASP-59765,electron,2.5,4.9061e-05,CoC4N6_JVASP-59765_e_srniel.csv
CoC4N6,JVASP-59765,electron,3.0,5.3708e-05,CoC4N6_JVASP-59765_e_srniel.csv
CoC4N6,JVASP-59765,electron,3.5,5.7711e-05,CoC4N6_JVASP-59765_e_srniel.csv
CoC4N6,JVASP-59765,electron,4.0,6.1215e-05,CoC4N6_JVASP-59765_e_srniel.csv
CoC4N6,JVASP-59765,electron,4.5,6.4321e-05,CoC4N6_JVASP-59765_e_srniel.csv
CoC4N6,JVASP-59765,electron,5.0,6.7102e-05,CoC4N6_JVASP-59765_e_srniel.csv
CoC4N6,JVASP-59765,electron,5.5,6.9613e-05,CoC4N6_JVASP-59765_e_srniel.csv
CoC4N6,JVASP-59765,electron,6.0,7.1898e-05,CoC4N6_JVASP-59765_e_srniel.csv
CoC4N6,JVASP-59765,electron,6.5,7.3988e-05,CoC4N6_JVASP-59765_e_srniel.csv
CoC4N6,JVASP-59765,electron,7.0,7.5911e-05,CoC4N6_JVASP-59765_e_srniel.csv
CoC4N6,JVASP-59765,electron,7.5,7.7688e-05,CoC4N6_JVASP-59765_e_srniel.csv
CoC4N6,JVASP-59765,electron,8.0,7.9336e-05,CoC4N6_JVASP-59765_e_srniel.csv
CoC4N6,JVASP-59765,electron,8.5,8.0871e-05,CoC4N6_JVASP-59765_e_srniel.csv
CoC4N6,JVASP-59765,electron,9.0,8.2304e-05,CoC4N6_JVASP-59765_e_srniel.csv
CoC4N6,JVASP-59765,electron,9.5,8.3647e-05,CoC4N6_JVASP-59765_e_srniel.csv
CoC4N6,JVASP-59765,electron,10.0,8.4907e-05,CoC4N6_JVASP-59765_e_srniel.csv
CoC4N6,JVASP-59765,electron,15.0,9.4296e-05,CoC4N6_JVASP-59765_e_srniel.csv
CoC4N6,JVASP-59765,electron,20.0,0.00010016,CoC4N6_JVASP-59765_e_srniel.csv
CoC4N6,JVASP-59765,electron,25.0,0.00010412,CoC4N6_JVASP-59765_e_srniel.csv
CoC4N6,JVASP-59765,electron,30.0,0.00010694,CoC4N6_JVASP-59765_e_srniel.csv
CoC4N6,JVASP-59765,electron,35.0,0.000109,CoC4N6_JVASP-59765_e_srniel.csv
CoC4N6,JVASP-59765,electron,40.0,0.00011055,CoC4N6_JVASP-59765_e_srniel.csv
CoC4N6,JVASP-59765,electron,45.0,0.00011173,CoC4N6_JVASP-59765_e_srniel.csv
CoC4N6,JVASP-59765,electron,50.0,0.00011264,CoC4N6_JVASP-59765_e_srniel.csv
CoC4N6,JVASP-59765,electron,55.0,0.00011335,CoC4N6_JVASP-59765_e_srniel.csv
CoC4N6,JVASP-59765,electron,60.0,0.00011391,CoC4N6_JVASP-59765_e_srniel.csv
CoC4N6,JVASP-59765,electron,65.0,0.00011435,CoC4N6_JVASP-59765_e_srniel.csv
CoC4N6,JVASP-59765,electron,70.0,0.0001147,CoC4N6_JVASP-59765_e_srniel.csv
CoC4N6,JVASP-59765,electron,75.0,0.00011498,CoC4N6_JVASP-59765_e_srniel.csv
CoC4N6,JVASP-59765,electron,80.0,0.0001152,CoC4N6_JVASP-59765_e_srniel.csv
CoC4N6,JVASP-59765,electron,85.0,0.00011538,CoC4N6_JVASP-59765_e_srniel.csv
CoC4N6,JVASP-59765,electron,90.0,0.00011553,CoC4N6_JVASP-59765_e_srniel.csv
CoC4N6,JVASP-59765,electron,95.0,0.00011565,CoC4N6_JVASP-59765_e_srniel.csv
CoC4N6,JVASP-59765,electron,100.0,0.00011574,CoC4N6_JVASP-59765_e_srniel.csv
CoC4N6,JVASP-59765,proton,0.0001,0.78167,CoC4N6_JVASP-59765_p_srniel.csv
CoC4N6,JVASP-59765,proton,0.00015,3.3579,CoC4N6_JVASP-59765_p_srniel.csv
CoC4N6,JVASP-59765,proton,0.0002,5.2949,CoC4N6_JVASP-59765_p_srniel.csv
CoC4N6,JVASP-59765,proton,0.00025,6.4129,CoC4N6_JVASP-59765_p_srniel.csv
CoC4N6,JVASP-59765,proton,0.0003,7.0897,CoC4N6_JVASP-59765_p_srniel.csv
CoC4N6,JVASP-59765,proton,0.00035,7.5396,CoC4N6_JVASP-59765_p_srniel.csv
CoC4N6,JVASP-59765,proton,0.0004,7.8768,CoC4N6_JVASP-59765_p_srniel.csv
CoC4N6,JVASP-59765,proton,0.00045,8.0913,CoC4N6_JVASP-59765_p_srniel.csv
CoC4N6,JVASP-59765,proton,0.0005,8.2217,CoC4N6_JVASP-59765_p_srniel.csv
CoC4N6,JVASP-59765,proton,0.00055,8.2928,CoC4N6_JVASP-59765_p_srniel.csv
CoC4N6,JVASP-59765,proton,0.0006,8.3214,CoC4N6_JVASP-59765_p_srniel.csv
CoC4N6,JVASP-59765,proton,0.00065,8.3192,CoC4N6_JVASP-59765_p_srniel.csv
CoC4N6,JVASP-59765,proton,0.0007,8.2945,CoC4N6_JVASP-59765_p_srniel.csv
CoC4N6,JVASP-59765,proton,0.00075,8.253,CoC4N6_JVASP-59765_p_srniel.csv
CoC4N6,JVASP-59765,proton,0.0008,8.1993,CoC4N6_JVASP-59765_p_srniel.csv
CoC4N6,JVASP-59765,proton,0.00085,8.1365,CoC4N6_JVASP-59765_p_srniel.csv
CoC4N6,JVASP-59765,proton,0.0009,8.0671,CoC4N6_JVASP-59765_p_srniel.csv
CoC4N6,JVASP-59765,proton,0.00095,7.993,CoC4N6_JVASP-59765_p_srniel.csv
CoC4N6,JVASP-59765,proton,0.001,7.9155,CoC4N6_JVASP-59765_p_srniel.csv
CoC4N6,JVASP-59765,proton,0.0015,7.1109,CoC4N6_JVASP-59765_p_srniel.csv
CoC4N6,JVASP-59765,proton,0.002,6.407,CoC4N6_JVASP-59765_p_srniel.csv
CoC4N6,JVASP-59765,proton,0.0025,5.8292,CoC4N6_JVASP-59765_p_srniel.csv
CoC4N6,JVASP-59765,proton,0.003,5.3538,CoC4N6_JVASP-59765_p_srniel.csv
CoC4N6,JVASP-59765,proton,0.0035,4.957,CoC4N6_JVASP-59765_p_srniel.csv
CoC4N6,JVASP-59765,proton,0.004,4.6209,CoC4N6_JVASP-59765_p_srniel.csv
CoC4N6,JVASP-59765,proton,0.0045,4.3325,CoC4N6_JVASP-59765_p_srniel.csv
CoC4N6,JVASP-59765,proton,0.005,4.082,CoC4N6_JVASP-59765_p_srniel.csv
CoC4N6,JVASP-59765,proton,0.0055,3.862,CoC4N6_JVASP-59765_p_srniel.csv
CoC4N6,JVASP-59765,proton,0.006,3.6673,CoC4N6_JVASP-59765_p_srniel.csv
CoC4N6,JVASP-59765,proton,0.0065,3.4934,CoC4N6_JVASP-59765_p_srniel.csv
CoC4N6,JVASP-59765,proton,0.007,3.3371,CoC4N6_JVASP-59765_p_srniel.csv
CoC4N6,JVASP-59765,proton,0.0075,3.1958,CoC4N6_JVASP-59765_p_srniel.csv
CoC4N6,JVASP-59765,proton,0.008,3.0672,CoC4N6_JVASP-59765_p_srniel.csv
CoC4N6,JVASP-59765,proton,0.0085,2.9498,CoC4N6_JVASP-59765_p_srniel.csv
CoC4N6,JVASP-59765,proton,0.009,2.8419,CoC4N6_JVASP-59765_p_srniel.csv
CoC4N6,JVASP-59765,proton,0.0095,2.7425,CoC4N6_JVASP-59765_p_srniel.csv
CoC4N6,JVASP-59765,proton,0.01,2.6505,CoC4N6_JVASP-59765_p_srniel.csv
CoC4N6,JVASP-59765,proton,0.015,2.003,CoC4N6_JVASP-59765_p_srniel.csv
CoC4N6,JVASP-59765,proton,0.02,1.6251,CoC4N6_JVASP-59765_p_srniel.csv
CoC4N6,JVASP-59765,proton,0.025,1.3746,CoC4N6_JVASP-59765_p_srniel.csv
CoC4N6,JVASP-59765,proton,0.03,1.195,CoC4N6_JVASP-59765_p_srniel.csv
CoC4N6,JVASP-59765,proton,0.035,1.0594,CoC4N6_JVASP-59765_p_srniel.csv
CoC4N6,JVASP-59765,proton,0.04,0.95258,CoC4N6_JVASP-59765_p_srniel.csv
CoC4N6,JVASP-59765,proton,0.045,0.86591,CoC4N6_JVASP-59765_p_srniel.csv
CoC4N6,JVASP-59765,proton,0.05,0.79374,CoC4N6_JVASP-59765_p_srniel.csv
CoC4N6,JVASP-59765,proton,0.055,0.73352,CoC4N6_JVASP-59765_p_srniel.csv
CoC4N6,JVASP-59765,proton,0.06,0.68243,CoC4N6_JVASP-59765_p_srniel.csv
CoC4N6,JVASP-59765,proton,0.065,0.63849,CoC4N6_JVASP-59765_p_srniel.csv
CoC4N6,JVASP-59765,proton,0.07,0.60028,CoC4N6_JVASP-59765_p_srniel.csv
CoC4N6,JVASP-59765,proton,0.075,0.5667,CoC4N6_JVASP-59765_p_srniel.csv
CoC4N6,JVASP-59765,proton,0.08,0.53696,CoC4N6_JVASP-59765_p_srniel.csv
CoC4N6,JVASP-59765,proton,0.085,0.5104,CoC4N6_JVASP-59765_p_srniel.csv
CoC4N6,JVASP-59765,proton,0.09,0.48654,CoC4N6_JVASP-59765_p_srniel.csv
CoC4N6,JVASP-59765,proton,0.095,0.46497,CoC4N6_JVASP-59765_p_srniel.csv
CoC4N6,JVASP-59765,proton,0.1,0.44537,CoC4N6_JVASP-59765_p_srniel.csv
CoC4N6,JVASP-59765,proton,0.15,0.31433,CoC4N6_JVASP-59765_p_srniel.csv
CoC4N6,JVASP-59765,proton,0.2,0.24304,CoC4N6_JVASP-59765_p_srniel.csv
CoC4N6,JVASP-59765,proton,0.25,0.19864,CoC4N6_JVASP-59765_p_srniel.csv
CoC4N6,JVASP-59765,proton,0.3,0.16833,CoC4N6_JVASP-59765_p_srniel.csv
CoC4N6,JVASP-59765,proton,0.35,0.14626,CoC4N6_JVASP-59765_p_srniel.csv
CoC4N6,JVASP-59765,proton,0.4,0.12946,CoC4N6_JVASP-59765_p_srniel.csv
CoC4N6,JVASP-59765,proton,0.45,0.11621,CoC4N6_JVASP-59765_p_srniel.csv
CoC4N6,JVASP-59765,proton,0.5,0.1055,CoC4N6_JVASP-59765_p_srniel.csv
CoC4N6,JVASP-59765,proton,0.55,0.096647,CoC4N6_JVASP-59765_p_srniel.csv
CoC4N6,JVASP-59765,proton,0.6,0.089083,CoC4N6_JVASP-59765_p_srniel.csv
CoC4N6,JVASP-59765,proton,0.65,0.082618,CoC4N6_JVASP-59765_p_srniel.csv
CoC4N6,JVASP-59765,proton,0.7,0.077042,CoC4N6_JVASP-59765_p_srniel.csv
CoC4N6,JVASP-59765,proton,0.75,0.072183,CoC4N6_JVASP-59765_p_srniel.csv
CoC4N6,JVASP-59765,proton,0.8,0.067909,CoC4N6_JVASP-59765_p_srniel.csv
CoC4N6,JVASP-59765,proton,0.85,0.064121,CoC4N6_JVASP-59765_p_srniel.csv
CoC4N6,JVASP-59765,proton,0.9,0.060739,CoC4N6_JVASP-59765_p_srniel.csv
CoC4N6,JVASP-59765,proton,0.95,0.057701,CoC4N6_JVASP-59765_p_srniel.csv
CoC4N6,JVASP-59765,proton,1.0,0.054957,CoC4N6_JVASP-59765_p_srniel.csv
CoC4N6,JVASP-59765,proton,1.5,0.037336,CoC4N6_JVASP-59765_p_srniel.csv
CoC4N6,JVASP-59765,proton,2.0,0.028342,CoC4N6_JVASP-59765_p_srniel.csv
CoC4N6,JVASP-59765,proton,2.5,0.022873,CoC4N6_JVASP-59765_p_srniel.csv
CoC4N6,JVASP-59765,proton,3.0,0.019193,CoC4N6_JVASP-59765_p_srniel.csv
CoC4N6,JVASP-59765,proton,3.5,0.016596,CoC4N6_JVASP-59765_p_srniel.csv
CoC4N6,JVASP-59765,proton,4.0,0.014855,CoC4N6_JVASP-59765_p_srniel.csv
CoC4N6,JVASP-59765,proton,4.5,0.013479,CoC4N6_JVASP-59765_p_srniel.csv
CoC4N6,JVASP-59765,proton,5.0,0.01231,CoC4N6_JVASP-59765_p_srniel.csv
CoC4N6,JVASP-59765,proton,5.5,0.011356,CoC4N6_JVASP-59765_p_srniel.csv
CoC4N6,JVASP-59765,proton,6.0,0.010583,CoC4N6_JVASP-59765_p_srniel.csv
CoC4N6,JVASP-59765,proton,6.5,0.0099494,CoC4N6_JVASP-59765_p_srniel.csv
CoC4N6,JVASP-59765,proton,7.0,0.0094207,CoC4N6_JVASP-59765_p_srniel.csv
CoC4N6,JVASP-59765,proton,7.5,0.0089687,CoC4N6_JVASP-59765_p_srniel.csv
CoC4N6,JVASP-59765,proton,8.0,0.0085723,CoC4N6_JVASP-59765_p_srniel.csv
CoC4N6,JVASP-59765,proton,8.5,0.0082169,CoC4N6_JVASP-59765_p_srniel.csv
CoC4N6,JVASP-59765,proton,9.0,0.0078933,CoC4N6_JVASP-59765_p_srniel.csv
CoC4N6,JVASP-59765,proton,9.5,0.0075958,CoC4N6_JVASP-59765_p_srniel.csv
CoC4N6,JVASP-59765,proton,10.0,0.0073212,CoC4N6_JVASP-59765_p_srniel.csv
CoC4N6,JVASP-59765,proton,15.0,0.0055271,CoC4N6_JVASP-59765_p_srniel.csv
CoC4N6,JVASP-59765,proton,20.0,0.0047402,CoC4N6_JVASP-59765_p_srniel.csv
CoC4N6,JVASP-59765,proton,25.0,0.0043349,CoC4N6_JVASP-59765_p_srniel.csv
CoC4N6,JVASP-59765,proton,30.0,0.0040539,CoC4N6_JVASP-59765_p_srniel.csv
CoC4N6,JVASP-59765,proton,35.0,0.0038063,CoC4N6_JVASP-59765_p_srniel.csv
CoC4N6,JVASP-59765,proton,40.0,0.003573,CoC4N6_JVASP-59765_p_srniel.csv
CoC4N6,JVASP-59765,proton,45.0,0.0033567,CoC4N6_JVASP-59765_p_srniel.csv
CoC4N6,JVASP-59765,proton,50.0,0.0031622,CoC4N6_JVASP-59765_p_srniel.csv
CoC4N6,JVASP-59765,proton,55.0,0.002991,CoC4N6_JVASP-59765_p_srniel.csv
CoC4N6,JVASP-59765,proton,60.0,0.0028419,CoC4N6_JVASP-59765_p_srniel.csv
CoC4N6,JVASP-59765,proton,65.0,0.0027123,CoC4N6_JVASP-59765_p_srniel.csv
CoC4N6,JVASP-59765,proton,70.0,0.0025994,CoC4N6_JVASP-59765_p_srniel.csv
CoC4N6,JVASP-59765,proton,75.0,0.0025003,CoC4N6_JVASP-59765_p_srniel.csv
CoC4N6,JVASP-59765,proton,80.0,0.0024126,CoC4N6_JVASP-59765_p_srniel.csv
CoC4N6,JVASP-59765,proton,85.0,0.0023343,CoC4N6_JVASP-59765_p_srniel.csv
CoC4N6,JVASP-59765,proton,90.0,0.0022638,CoC4N6_JVASP-59765_p_srniel.csv
CoC4N6,JVASP-59765,proton,95.0,0.0021998,CoC4N6_JVASP-59765_p_srniel.csv
CoC4N6,JVASP-59765,proton,100.0,0.0021412,CoC4N6_JVASP-59765_p_srniel.csv
CoC4N6,JVASP-59765,proton,150.0,0.0017374,CoC4N6_JVASP-59765_p_srniel.csv
CoC4N6,JVASP-59765,proton,200.0,0.0015178,CoC4N6_JVASP-59765_p_srniel.csv
CoC4N6,JVASP-59765,proton,250.0,0.0013978,CoC4N6_JVASP-59765_p_srniel.csv
CoC4N6,JVASP-59765,proton,300.0,0.0013356,CoC4N6_JVASP-59765_p_srniel.csv
CoC4N6,JVASP-59765,proton,350.0,0.0013069,CoC4N6_JVASP-59765_p_srniel.csv
CoC4N6,JVASP-59765,proton,400.0,0.001297,CoC4N6_JVASP-59765_p_srniel.csv
CoC4N6,JVASP-59765,proton,450.0,0.0012971,CoC4N6_JVASP-59765_p_srniel.csv
CoC4N6,JVASP-59765,proton,500.0,0.0013014,CoC4N6_JVASP-59765_p_srniel.csv
CoC4N6,JVASP-59765,proton,550.0,0.0013068,CoC4N6_JVASP-59765_p_srniel.csv
CoC4N6,JVASP-59765,proton,600.0,0.0013115,CoC4N6_JVASP-59765_p_srniel.csv
CoC4N6,JVASP-59765,proton,650.0,0.0013149,CoC4N6_JVASP-59765_p_srniel.csv
CoC4N6,JVASP-59765,proton,700.0,0.0013169,CoC4N6_JVASP-59765_p_srniel.csv
CoC4N6,JVASP-59765,proton,750.0,0.0013176,CoC4N6_JVASP-59765_p_srniel.csv
CoC4N6,JVASP-59765,proton,800.0,0.0013173,CoC4N6_JVASP-59765_p_srniel.csv
CoC4N6,JVASP-59765,proton,850.0,0.0013158,CoC4N6_JVASP-59765_p_srniel.csv
CoC4N6,JVASP-59765,proton,900.0,0.0013129,CoC4N6_JVASP-59765_p_srniel.csv
CoC4N6,JVASP-59765,proton,950.0,0.0013081,CoC4N6_JVASP-59765_p_srniel.csv
CoC4N6,JVASP-59765,proton,1000.0,0.0013007,CoC4N6_JVASP-59765_p_srniel.csv
CrO3,JVASP-44469,electron,0.04,3.9203e-05,CrO3_JVASP-44469_e_srniel.csv
CrO3,JVASP-44469,electron,0.045,4.1563e-05,CrO3_JVASP-44469_e_srniel.csv
CrO3,JVASP-44469,electron,0.05,4.2961e-05,CrO3_JVASP-44469_e_srniel.csv
CrO3,JVASP-44469,electron,0.055,4.3752e-05,CrO3_JVASP-44469_e_srniel.csv
CrO3,JVASP-44469,electron,0.06,4.415e-05,CrO3_JVASP-44469_e_srniel.csv
CrO3,JVASP-44469,electron,0.065,4.429e-05,CrO3_JVASP-44469_e_srniel.csv
CrO3,JVASP-44469,electron,0.07,4.4258e-05,CrO3_JVASP-44469_e_srniel.csv
CrO3,JVASP-44469,electron,0.075,4.4111e-05,CrO3_JVASP-44469_e_srniel.csv
CrO3,JVASP-44469,electron,0.08,4.3889e-05,CrO3_JVASP-44469_e_srniel.csv
CrO3,JVASP-44469,electron,0.085,4.3617e-05,CrO3_JVASP-44469_e_srniel.csv
CrO3,JVASP-44469,electron,0.09,4.3313e-05,CrO3_JVASP-44469_e_srniel.csv
CrO3,JVASP-44469,electron,0.095,4.2992e-05,CrO3_JVASP-44469_e_srniel.csv
CrO3,JVASP-44469,electron,0.1,4.2661e-05,CrO3_JVASP-44469_e_srniel.csv
CrO3,JVASP-44469,electron,0.15,3.9644e-05,CrO3_JVASP-44469_e_srniel.csv
CrO3,JVASP-44469,electron,0.2,3.7601e-05,CrO3_JVASP-44469_e_srniel.csv
CrO3,JVASP-44469,electron,0.25,3.7084e-05,CrO3_JVASP-44469_e_srniel.csv
CrO3,JVASP-44469,electron,0.3,3.7954e-05,CrO3_JVASP-44469_e_srniel.csv
CrO3,JVASP-44469,electron,0.35,3.8853e-05,CrO3_JVASP-44469_e_srniel.csv
CrO3,JVASP-44469,electron,0.4,3.9784e-05,CrO3_JVASP-44469_e_srniel.csv
CrO3,JVASP-44469,electron,0.45,4.0739e-05,CrO3_JVASP-44469_e_srniel.csv
CrO3,JVASP-44469,electron,0.5,4.1709e-05,CrO3_JVASP-44469_e_srniel.csv
CrO3,JVASP-44469,electron,0.55,4.2685e-05,CrO3_JVASP-44469_e_srniel.csv
CrO3,JVASP-44469,electron,0.6,4.366e-05,CrO3_JVASP-44469_e_srniel.csv
CrO3,JVASP-44469,electron,0.65,4.4631e-05,CrO3_JVASP-44469_e_srniel.csv
CrO3,JVASP-44469,electron,0.7,4.5591e-05,CrO3_JVASP-44469_e_srniel.csv
CrO3,JVASP-44469,electron,0.75,4.654e-05,CrO3_JVASP-44469_e_srniel.csv
CrO3,JVASP-44469,electron,0.8,4.7475e-05,CrO3_JVASP-44469_e_srniel.csv
CrO3,JVASP-44469,electron,0.85,4.8395e-05,CrO3_JVASP-44469_e_srniel.csv
CrO3,JVASP-44469,electron,0.9,4.9298e-05,CrO3_JVASP-44469_e_srniel.csv
CrO3,JVASP-44469,electron,0.95,5.0184e-05,CrO3_JVASP-44469_e_srniel.csv
CrO3,JVASP-44469,electron,1.0,5.1054e-05,CrO3_JVASP-44469_e_srniel.csv
CrO3,JVASP-44469,electron,1.5,5.8838e-05,CrO3_JVASP-44469_e_srniel.csv
CrO3,JVASP-44469,electron,2.0,6.522e-05,CrO3_JVASP-44469_e_srniel.csv
CrO3,JVASP-44469,electron,2.5,7.0558e-05,CrO3_JVASP-44469_e_srniel.csv
CrO3,JVASP-44469,electron,3.0,7.5115e-05,CrO3_JVASP-44469_e_srniel.csv
CrO3,JVASP-44469,electron,3.5,7.9074e-05,CrO3_JVASP-44469_e_srniel.csv
CrO3,JVASP-44469,electron,4.0,8.2562e-05,CrO3_JVASP-44469_e_srniel.csv
CrO3,JVASP-44469,electron,4.5,8.5672e-05,CrO3_JVASP-44469_e_srniel.csv
CrO3,JVASP-44469,electron,5.0,8.8471e-05,CrO3_JVASP-44469_e_srniel.csv
CrO3,JVASP-44469,electron,5.5,9.1011e-05,CrO3_JVASP-44469_e_srniel.csv
CrO3,JVASP-44469,electron,6.0,9.3332e-05,CrO3_JVASP-44469_e_srniel.csv
CrO3,JVASP-44469,electron,6.5,9.5465e-05,CrO3_JVASP-44469_e_srniel.csv
CrO3,JVASP-44469,electron,7.0,9.7435e-05,CrO3_JVASP-44469_e_srniel.csv
CrO3,JVASP-44469,electron,7.5,9.9264e-05,CrO3_JVASP-44469_e_srniel.csv
CrO3,JVASP-44469,electron,8.0,0.00010097,CrO3_JVASP-44469_e_srniel.csv
CrO3,JVASP-44469,electron,8.5,0.00010256,CrO3_JVASP-44469_e_srniel.csv
CrO3,JVASP-44469,electron,9.0,0.00010405,CrO3_JVASP-44469_e_srniel.csv
CrO3,JVASP-44469,electron,9.5,0.00010546,CrO3_JVASP-44469_e_srniel.csv
CrO3,JVASP-44469,electron,10.0,0.00010678,CrO3_JVASP-44469_e_srniel.csv
CrO3,JVASP-44469,electron,15.0,0.00011685,CrO3_JVASP-44469_e_srniel.csv
CrO3,JVASP-44469,electron,20.0,0.00012338,CrO3_JVASP-44469_e_srniel.csv
CrO3,JVASP-44469,electron,25.0,0.00012794,CrO3_JVASP-44469_e_srniel.csv
CrO3,JVASP-44469,electron,30.0,0.00013128,CrO3_JVASP-44469_e_srniel.csv
CrO3,JVASP-44469,electron,35.0,0.00013379,CrO3_JVASP-44469_e_srniel.csv
CrO3,JVASP-44469,electron,40.0,0.0001357,CrO3_JVASP-44469_e_srniel.csv
CrO3,JVASP-44469,electron,45.0,0.00013719,CrO3_JVASP-44469_e_srniel.csv
CrO3,JVASP-44469,electron,50.0,0.00013835,CrO3_JVASP-44469_e_srniel.csv
CrO3,JVASP-44469,electron,55.0,0.00013926,CrO3_JVASP-44469_e_srniel.csv
CrO3,JVASP-44469,electron,60.0,0.00013999,CrO3_JVASP-44469_e_srniel.csv
CrO3,JVASP-44469,electron,65.0,0.00014057,CrO3_JVASP-44469_e_srniel.csv
CrO3,JVASP-44469,electron,70.0,0.00014103,CrO3_JVASP-44469_e_srniel.csv
CrO3,JVASP-44469,electron,75.0,0.0001414,CrO3_JVASP-44469_e_srniel.csv
CrO3,JVASP-44469,electron,80.0,0.0001417,CrO3_JVASP-44469_e_srniel.csv
CrO3,JVASP-44469,electron,85.0,0.00014193,CrO3_JVASP-44469_e_srniel.csv
CrO3,JVASP-44469,electron,90.0,0.00014213,CrO3_JVASP-44469_e_srniel.csv
CrO3,JVASP-44469,electron,95.0,0.00014228,CrO3_JVASP-44469_e_srniel.csv
CrO3,JVASP-44469,electron,100.0,0.00014241,CrO3_JVASP-44469_e_srniel.csv
CrO3,JVASP-44469,proton,0.0001,7.5413,CrO3_JVASP-44469_p_srniel.csv
CrO3,JVASP-44469,proton,0.00015,8.2405,CrO3_JVASP-44469_p_srniel.csv
CrO3,JVASP-44469,proton,0.0002,8.7993,CrO3_JVASP-44469_p_srniel.csv
CrO3,JVASP-44469,proton,0.00025,9.1394,CrO3_JVASP-44469_p_srniel.csv
CrO3,JVASP-44469,proton,0.0003,9.3133,CrO3_JVASP-44469_p_srniel.csv
CrO3,JVASP-44469,proton,0.00035,9.388,CrO3_JVASP-44469_p_srniel.csv
CrO3,JVASP-44469,proton,0.0004,9.4004,CrO3_JVASP-44469_p_srniel.csv
CrO3,JVASP-44469,proton,0.00045,9.3723,CrO3_JVASP-44469_p_srniel.csv
CrO3,JVASP-44469,proton,0.0005,9.3174,CrO3_JVASP-44469_p_srniel.csv
CrO3,JVASP-44469,proton,0.00055,9.2446,CrO3_JVASP-44469_p_srniel.csv
CrO3,JVASP-44469,proton,0.0006,9.1597,CrO3_JVASP-44469_p_srniel.csv
CrO3,JVASP-44469,proton,0.00065,9.0668,CrO3_JVASP-44469_p_srniel.csv
CrO3,JVASP-44469,proton,0.0007,8.9689,CrO3_JVASP-44469_p_srniel.csv
CrO3,JVASP-44469,proton,0.00075,8.8679,CrO3_JVASP-44469_p_srniel.csv
CrO3,JVASP-44469,proton,0.0008,8.7653,CrO3_JVASP-44469_p_srniel.csv
CrO3,JVASP-44469,proton,0.00085,8.6622,CrO3_JVASP-44469_p_srniel.csv
CrO3,JVASP-44469,proton,0.0009,8.5594,CrO3_JVASP-44469_p_srniel.csv
CrO3,JVASP-44469,proton,0.00095,8.4573,CrO3_JVASP-44469_p_srniel.csv
CrO3,JVASP-44469,proton,0.001,8.3563,CrO3_JVASP-44469_p_srniel.csv
CrO3,JVASP-44469,proton,0.0015,7.4462,CrO3_JVASP-44469_p_srniel.csv
CrO3,JVASP-44469,proton,0.002,6.7202,CrO3_JVASP-44469_p_srniel.csv
CrO3,JVASP-44469,proton,0.0025,6.138,CrO3_JVASP-44469_p_srniel.csv
CrO3,JVASP-44469,proton,0.003,5.6616,CrO3_JVASP-44469_p_srniel.csv
CrO3,JVASP-44469,proton,0.0035,5.2638,CrO3_JVASP-44469_p_srniel.csv
CrO3,JVASP-44469,proton,0.004,4.9261,CrO3_JVASP-44469_p_srniel.csv
CrO3,JVASP-44469,proton,0.0045,4.6351,CrO3_JVASP-44469_p_srniel.csv
CrO3,JVASP-44469,proton,0.005,4.3813,CrO3_JVASP-44469_p_srniel.csv
CrO3,JVASP-44469,proton,0.0055,4.1577,CrO3_JVASP-44469_p_srniel.csv
CrO3,JVASP-44469,proton,0.006,3.9588,CrO3_JVASP-44469_p_srniel.csv
CrO3,JVASP-44469,proton,0.0065,3.7807,CrO3_JVASP-44469_p_srniel.csv
CrO3,JVASP-44469,proton,0.007,3.62,CrO3_JVASP-44469_p_srniel.csv
CrO3,JVASP-44469,proton,0.0075,3.4742,CrO3_JVASP-44469_p_srniel.csv
CrO3,JVASP-44469,proton,0.008,3.3412,CrO3_JVASP-44469_p_srniel.csv
CrO3,JVASP-44469,proton,0.0085,3.2192,CrO3_JVASP-44469_p_srniel.csv
CrO3,JVASP-44469,proton,0.009,3.107,CrO3_JVASP-44469_p_srniel.csv
CrO3,JVASP-44469,proton,0.0095,3.0033,CrO3_JVASP-44469_p_srniel.csv
CrO3,JVASP-44469,proton,0.01,2.9071,CrO3_JVASP-44469_p_srniel.csv
CrO3,JVASP-44469,proton,0.015,2.2231,CrO3_JVASP-44469_p_srniel.csv
CrO3,JVASP-44469,proton,0.02,1.8178,CrO3_JVASP-44469_p_srniel.csv
CrO3,JVASP-44469,proton,0.025,1.5464,CrO3_JVASP-44469_p_srniel.csv
CrO3,JVASP-44469,proton,0.03,1.3505,CrO3_JVASP-44469_p_srniel.csv
CrO3,JVASP-44469,proton,0.035,1.2016,CrO3_JVASP-44469_p_srniel.csv
CrO3,JVASP-44469,proton,0.04,1.0844,CrO3_JVASP-44469_p_srniel.csv
CrO3,JVASP-44469,proton,0.045,0.98934,CrO3_JVASP-44469_p_srniel.csv
CrO3,JVASP-44469,proton,0.05,0.91061,CrO3_JVASP-44469_p_srniel.csv
CrO3,JVASP-44469,proton,0.055,0.84458,CrO3_JVASP-44469_p_srniel.csv
CrO3,JVASP-44469,proton,0.06,0.78835,CrO3_JVASP-44469_p_srniel.csv
CrO3,JVASP-44469,proton,0.065,0.73976,CrO3_JVASP-44469_p_srniel.csv
CrO3,JVASP-44469,proton,0.07,0.69732,CrO3_JVASP-44469_p_srniel.csv
CrO3,JVASP-44469,proton,0.075,0.6599,CrO3_JVASP-44469_p_srniel.csv
CrO3,JVASP-44469,proton,0.08,0.62663,CrO3_JVASP-44469_p_srniel.csv
CrO3,JVASP-44469,proton,0.085,0.59683,CrO3_JVASP-44469_p_srniel.csv
CrO3,JVASP-44469,proton,0.09,0.56998,CrO3_JVASP-44469_p_srniel.csv
CrO3,JVASP-44469,proton,0.095,0.54565,CrO3_JVASP-44469_p_srniel.csv
CrO3,JVASP-44469,proton,0.1,0.52349,CrO3_JVASP-44469_p_srniel.csv
CrO3,JVASP-44469,proton,0.15,0.37622,CrO3_JVASP-44469_p_srniel.csv
CrO3,JVASP-44469,proton,0.2,0.29229,CrO3_JVASP-44469_p_srniel.csv
CrO3,JVASP-44469,proton,0.25,0.23976,CrO3_JVASP-44469_p_srniel.csv
CrO3,JVASP-44469,proton,0.3,0.20383,CrO3_JVASP-44469_p_srniel.csv
CrO3,JVASP-44469,proton,0.35,0.17764,CrO3_JVASP-44469_p_srniel.csv
CrO3,JVASP-44469,proton,0.4,0.15765,CrO3_JVASP-44469_p_srniel.csv
CrO3,JVASP-44469,proton,0.45,0.14187,CrO3_JVASP-44469_p_srniel.csv
CrO3,JVASP-44469,proton,0.5,0.12909,CrO3_JVASP-44469_p_srniel.csv
CrO3,JVASP-44469,proton,0.55,0.11829,CrO3_JVASP-44469_p_srniel.csv
CrO3,JVASP-44469,proton,0.6,0.10909,CrO3_JVASP-44469_p_srniel.csv
CrO3,JVASP-44469,proton,0.65,0.10124,CrO3_JVASP-44469_p_srniel.csv
CrO3,JVASP-44469,proton,0.7,0.094463,CrO3_JVASP-44469_p_srniel.csv
CrO3,JVASP-44469,proton,0.75,0.088556,CrO3_JVASP-44469_p_srniel.csv
CrO3,JVASP-44469,proton,0.8,0.083358,CrO3_JVASP-44469_p_srniel.csv
CrO3,JVASP-44469,proton,0.85,0.078748,CrO3_JVASP-44469_p_srniel.csv
CrO3,JVASP-44469,proton,0.9,0.074631,CrO3_JVASP-44469_p_srniel.csv
CrO3,JVASP-44469,proton,0.95,0.070931,CrO3_JVASP-44469_p_srniel.csv
CrO3,JVASP-44469,proton,1.0,0.067587,CrO3_JVASP-44469_p_srniel.csv
CrO3,JVASP-44469,proton,1.5,0.046073,CrO3_JVASP-44469_p_srniel.csv
CrO3,JVASP-44469,proton,2.0,0.035055,CrO3_JVASP-44469_p_srniel.csv
CrO3,JVASP-44469,proton,2.5,0.028339,CrO3_JVASP-44469_p_srniel.csv
CrO3,JVASP-44469,proton,3.0,0.023809,CrO3_JVASP-44469_p_srniel.csv
CrO3,JVASP-44469,proton,3.5,0.020565,CrO3_JVASP-44469_p_srniel.csv
CrO3,JVASP-44469,proton,4.0,0.018368,CrO3_JVASP-44469_p_srniel.csv
CrO3,JVASP-44469,proton,4.5,0.016693,CrO3_JVASP-44469_p_srniel.csv
CrO3,JVASP-44469,proton,5.0,0.015269,CrO3_JVASP-44469_p_srniel.csv
CrO3,JVASP-44469,proton,5.5,0.014097,CrO3_JVASP-44469_p_srniel.csv
CrO3,JVASP-44469,proton,6.0,0.01314,CrO3_JVASP-44469_p_srniel.csv
CrO3,JVASP-44469,proton,6.5,0.012351,CrO3_JVASP-44469_p_srniel.csv
CrO3,JVASP-44469,proton,7.0,0.011691,CrO3_JVASP-44469_p_srniel.csv
CrO3,JVASP-44469,proton,7.5,0.011126,CrO3_JVASP-44469_p_srniel.csv
CrO3,JVASP-44469,proton,8.0,0.010632,CrO3_JVASP-44469_p_srniel.csv
CrO3,JVASP-44469,proton,8.5,0.010192,CrO3_JVASP-44469_p_srniel.csv
CrO3,JVASP-44469,proton,9.0,0.0097951,CrO3_JVASP-44469_p_srniel.csv
CrO3,JVASP-44469,proton,9.5,0.0094336,CrO3_JVASP-44469_p_srniel.csv
CrO3,JVASP-44469,proton,10.0,0.009103,CrO3_JVASP-44469_p_srniel.csv
CrO3,JVASP-44469,proton,15.0,0.0070012,CrO3_JVASP-44469_p_srniel.csv
CrO3,JVASP-44469,proton,20.0,0.0060788,CrO3_JVASP-44469_p_srniel.csv
CrO3,JVASP-44469,proton,25.0,0.0055544,CrO3_JVASP-44469_p_srniel.csv
CrO3,JVASP-44469,proton,30.0,0.005159,CrO3_JVASP-44469_p_srniel.csv
CrO3,JVASP-44469,proton,35.0,0.0048195,CrO3_JVASP-44469_p_srniel.csv
CrO3,JVASP-44469,proton,40.0,0.0045234,CrO3_JVASP-44469_p_srniel.csv
CrO3,JVASP-44469,proton,45.0,0.0042692,CrO3_JVASP-44469_p_srniel.csv
CrO3,JVASP-44469,proton,50.0,0.0040538,CrO3_JVASP-44469_p_srniel.csv
CrO3,JVASP-44469,proton,55.0,0.0038715,CrO3_JVASP-44469_p_srniel.csv
CrO3,JVASP-44469,proton,60.0,0.003716,CrO3_JVASP-44469_p_srniel.csv
CrO3,JVASP-44469,proton,65.0,0.0035814,CrO3_JVASP-44469_p_srniel.csv
CrO3,JVASP-44469,proton,70.0,0.0034628,CrO3_JVASP-44469_p_srniel.csv
CrO3,JVASP-44469,proton,75.0,0.0033566,CrO3_JVASP-44469_p_srniel.csv
CrO3,JVASP-44469,proton,80.0,0.0032598,CrO3_JVASP-44469_p_srniel.csv
CrO3,JVASP-44469,proton,85.0,0.0031705,CrO3_JVASP-44469_p_srniel.csv
CrO3,JVASP-44469,proton,90.0,0.0030873,CrO3_JVASP-44469_p_srniel.csv
CrO3,JVASP-44469,proton,95.0,0.0030093,CrO3_JVASP-44469_p_srniel.csv
CrO3,JVASP-44469,proton,100.0,0.0029357,CrO3_JVASP-44469_p_srniel.csv
CrO3,JVASP-44469,proton,150.0,0.0023936,CrO3_JVASP-44469_p_srniel.csv
CrO3,JVASP-44469,proton,200.0,0.0021153,CrO3_JVASP-44469_p_srniel.csv
CrO3,JVASP-44469,proton,250.0,0.0019814,CrO3_JVASP-44469_p_srniel.csv
CrO3,JVASP-44469,proton,300.0,0.0019112,CrO3_JVASP-44469_p_srniel.csv
CrO3,JVASP-44469,proton,350.0,0.0018669,CrO3_JVASP-44469_p_srniel.csv
CrO3,JVASP-44469,proton,400.0,0.0018354,CrO3_JVASP-44469_p_srniel.csv
CrO3,JVASP-44469,proton,450.0,0.0018142,CrO3_JVASP-44469_p_srniel.csv
CrO3,JVASP-44469,proton,500.0,0.0018029,CrO3_JVASP-44469_p_srniel.csv
CrO3,JVASP-44469,proton,550.0,0.0018007,CrO3_JVASP-44469_p_srniel.csv
CrO3,JVASP-44469,proton,600.0,0.0018048,CrO3_JVASP-44469_p_srniel.csv
CrO3,JVASP-44469,proton,650.0,0.0018111,CrO3_JVASP-44469_p_srniel.csv
CrO3,JVASP-44469,proton,700.0,0.0018152,CrO3_JVASP-44469_p_srniel.csv
CrO3,JVASP-44469,proton,750.0,0.0018135,CrO3_JVASP-44469_p_srniel.csv
CrO3,JVASP-44469,proton,800.0,0.0018044,CrO3_JVASP-44469_p_srniel.csv
CrO3,JVASP-44469,proton,850.0,0.001789,CrO3_JVASP-44469_p_srniel.csv
CrO3,JVASP-44469,proton,900.0,0.0017722,CrO3_JVASP-44469_p_srniel.csv
CrO3,JVASP-44469,proton,950.0,0.0017629,CrO3_JVASP-44469_p_srniel.csv
CrO3,JVASP-44469,proton,1000.0,0.0017738,CrO3_JVASP-44469_p_srniel.csv
Cu2SnSe3,JVASP-109764,electron,0.04,3.3681e-05,Cu2SnSe3_JVASP-109764_e_srniel.csv
Cu2SnSe3,JVASP-109764,electron,0.045,3.9189e-05,Cu2SnSe3_JVASP-109764_e_srniel.csv
Cu2SnSe3,JVASP-109764,electron,0.05,4.313e-05,Cu2SnSe3_JVASP-109764_e_srniel.csv
Cu2SnSe3,JVASP-109764,electron,0.055,4.5876e-05,Cu2SnSe3_JVASP-109764_e_srniel.csv
Cu2SnSe3,JVASP-109764,electron,0.06,4.7813e-05,Cu2SnSe3_JVASP-109764_e_srniel.csv
Cu2SnSe3,JVASP-109764,electron,0.065,4.9187e-05,Cu2SnSe3_JVASP-109764_e_srniel.csv
Cu2SnSe3,JVASP-109764,electron,0.07,5.0159e-05,Cu2SnSe3_JVASP-109764_e_srniel.csv
Cu2SnSe3,JVASP-109764,electron,0.075,5.0841e-05,Cu2SnSe3_JVASP-109764_e_srniel.csv
Cu2SnSe3,JVASP-109764,electron,0.08,5.131e-05,Cu2SnSe3_JVASP-109764_e_srniel.csv
Cu2SnSe3,JVASP-109764,electron,0.085,5.162e-05,Cu2SnSe3_JVASP-109764_e_srniel.csv
Cu2SnSe3,JVASP-109764,electron,0.09,5.1811e-05,Cu2SnSe3_JVASP-109764_e_srniel.csv
Cu2SnSe3,JVASP-109764,electron,0.095,5.1912e-05,Cu2SnSe3_JVASP-109764_e_srniel.csv
Cu2SnSe3,JVASP-109764,electron,0.1,5.1946e-05,Cu2SnSe3_JVASP-109764_e_srniel.csv
Cu2SnSe3,JVASP-109764,electron,0.15,5.1298e-05,Cu2SnSe3_JVASP-109764_e_srniel.csv
Cu2SnSe3,JVASP-109764,electron,0.2,5.2059e-05,Cu2SnSe3_JVASP-109764_e_srniel.csv
Cu2SnSe3,JVASP-109764,electron,0.25,5.2494e-05,Cu2SnSe3_JVASP-109764_e_srniel.csv
Cu2SnSe3,JVASP-109764,electron,0.3,5.2957e-05,Cu2SnSe3_JVASP-109764_e_srniel.csv
Cu2SnSe3,JVASP-109764,electron,0.35,5.3502e-05,Cu2SnSe3_JVASP-109764_e_srniel.csv
Cu2SnSe3,JVASP-109764,electron,0.4,5.4122e-05,Cu2SnSe3_JVASP-109764_e_srniel.csv
Cu2SnSe3,JVASP-109764,electron,0.45,5.48e-05,Cu2SnSe3_JVASP-109764_e_srniel.csv
Cu2SnSe3,JVASP-109764,electron,0.5,5.5517e-05,Cu2SnSe3_JVASP-109764_e_srniel.csv
Cu2SnSe3,JVASP-109764,electron,0.55,5.626e-05,Cu2SnSe3_JVASP-109764_e_srniel.csv
Cu2SnSe3,JVASP-109764,electron,0.6,5.7018e-05,Cu2SnSe3_JVASP-109764_e_srniel.csv
Cu2SnSe3,JVASP-109764,electron,0.65,5.7784e-05,Cu2SnSe3_JVASP-109764_e_srniel.csv
Cu2SnSe3,JVASP-109764,electron,0.7,5.8551e-05,Cu2SnSe3_JVASP-109764_e_srniel.csv
Cu2SnSe3,JVASP-109764,electron,0.75,5.9316e-05,Cu2SnSe3_JVASP-109764_e_srniel.csv
Cu2SnSe3,JVASP-109764,electron,0.8,6.0076e-05,Cu2SnSe3_JVASP-109764_e_srniel.csv
Cu2SnSe3,JVASP-109764,electron,0.85,6.0828e-05,Cu2SnSe3_JVASP-109764_e_srniel.csv
Cu2SnSe3,JVASP-109764,electron,0.9,6.157e-05,Cu2SnSe3_JVASP-109764_e_srniel.csv
Cu2SnSe3,JVASP-109764,electron,0.95,6.2303e-05,Cu2SnSe3_JVASP-109764_e_srniel.csv
Cu2SnSe3,JVASP-109764,electron,1.0,6.3024e-05,Cu2SnSe3_JVASP-109764_e_srniel.csv
Cu2SnSe3,JVASP-109764,electron,1.5,6.9583e-05,Cu2SnSe3_JVASP-109764_e_srniel.csv
Cu2SnSe3,JVASP-109764,electron,2.0,7.5056e-05,Cu2SnSe3_JVASP-109764_e_srniel.csv
Cu2SnSe3,JVASP-109764,electron,2.5,7.9678e-05,Cu2SnSe3_JVASP-109764_e_srniel.csv
Cu2SnSe3,JVASP-109764,electron,3.0,8.365e-05,Cu2SnSe3_JVASP-109764_e_srniel.csv
Cu2SnSe3,JVASP-109764,electron,3.5,8.7117e-05,Cu2SnSe3_JVASP-109764_e_srniel.csv
Cu2SnSe3,JVASP-109764,electron,4.0,9.0184e-05,Cu2SnSe3_JVASP-109764_e_srniel.csv
Cu2SnSe3,JVASP-109764,electron,4.5,9.2927e-05,Cu2SnSe3_JVASP-109764_e_srniel.csv
Cu2SnSe3,JVASP-109764,electron,5.0,9.5404e-05,Cu2SnSe3_JVASP-109764_e_srniel.csv
Cu2SnSe3,JVASP-109764,electron,5.5,9.7657e-05,Cu2SnSe3_JVASP-109764_e_srniel.csv
Cu2SnSe3,JVASP-109764,electron,6.0,9.9721e-05,Cu2SnSe3_JVASP-109764_e_srniel.csv
Cu2SnSe3,JVASP-109764,electron,6.5,0.00010162,Cu2SnSe3_JVASP-109764_e_srniel.csv
Cu2SnSe3,JVASP-109764,electron,7.0,0.00010338,Cu2SnSe3_JVASP-109764_e_srniel.csv
Cu2SnSe3,JVASP-109764,electron,7.5,0.00010502,Cu2SnSe3_JVASP-109764_e_srniel.csv
Cu2SnSe3,JVASP-109764,electron,8.0,0.00010655,Cu2SnSe3_JVASP-109764_e_srniel.csv
Cu2SnSe3,JVASP-109764,electron,8.5,0.00010798,Cu2SnSe3_JVASP-109764_e_srniel.csv
Cu2SnSe3,JVASP-109764,electron,9.0,0.00010933,Cu2SnSe3_JVASP-109764_e_srniel.csv
Cu2SnSe3,JVASP-109764,electron,9.5,0.0001106,Cu2SnSe3_JVASP-109764_e_srniel.csv
Cu2SnSe3,JVASP-109764,electron,10.0,0.00011179,Cu2SnSe3_JVASP-109764_e_srniel.csv
Cu2SnSe3,JVASP-109764,electron,15.0,0.00012097,Cu2SnSe3_JVASP-109764_e_srniel.csv
Cu2SnSe3,JVASP-109764,electron,20.0,0.00012697,Cu2SnSe3_JVASP-109764_e_srniel.csv
Cu2SnSe3,JVASP-109764,electron,25.0,0.00013116,Cu2SnSe3_JVASP-109764_e_srniel.csv
Cu2SnSe3,JVASP-109764,electron,30.0,0.00013419,Cu2SnSe3_JVASP-109764_e_srniel.csv
Cu2SnSe3,JVASP-109764,electron,35.0,0.00013641,Cu2SnSe3_JVASP-109764_e_srniel.csv
Cu2SnSe3,JVASP-109764,electron,40.0,0.00013805,Cu2SnSe3_JVASP-109764_e_srniel.csv
Cu2SnSe3,JVASP-109764,electron,45.0,0.00013926,Cu2SnSe3_JVASP-109764_e_srniel.csv
Cu2SnSe3,JVASP-109764,electron,50.0,0.00014015,Cu2SnSe3_JVASP-109764_e_srniel.csv
Cu2SnSe3,JVASP-109764,electron,55.0,0.0001408,Cu2SnSe3_JVASP-109764_e_srniel.csv
Cu2SnSe3,JVASP-109764,electron,60.0,0.00014127,Cu2SnSe3_JVASP-109764_e_srniel.csv
Cu2SnSe3,JVASP-109764,electron,65.0,0.00014159,Cu2SnSe3_JVASP-109764_e_srniel.csv
Cu2SnSe3,JVASP-109764,electron,70.0,0.00014182,Cu2SnSe3_JVASP-109764_e_srniel.csv
Cu2SnSe3,JVASP-109764,electron,75.0,0.00014196,Cu2SnSe3_JVASP-109764_e_srniel.csv
Cu2SnSe3,JVASP-109764,electron,80.0,0.00014204,Cu2SnSe3_JVASP-109764_e_srniel.csv
Cu2SnSe3,JVASP-109764,electron,85.0,0.00014207,Cu2SnSe3_JVASP-109764_e_srniel.csv
Cu2SnSe3,JVASP-109764,electron,90.0,0.00014207,Cu2SnSe3_JVASP-109764_e_srniel.csv
Cu2SnSe3,JVASP-109764,electron,95.0,0.00014205,Cu2SnSe3_JVASP-109764_e_srniel.csv
Cu2SnSe3,JVASP-109764,electron,100.0,0.00014201,Cu2SnSe3_JVASP-109764_e_srniel.csv
Cu2SnSe3,JVASP-109764,proton,0.0001,1.1575,Cu2SnSe3_JVASP-109764_p_srniel.csv
Cu2SnSe3,JVASP-109764,proton,0.00015,1.4637,Cu2SnSe3_JVASP-109764_p_srniel.csv
Cu2SnSe3,JVASP-109764,proton,0.0002,1.6671,Cu2SnSe3_JVASP-109764_p_srniel.csv
Cu2SnSe3,JVASP-109764,proton,0.00025,1.8142,Cu2SnSe3_JVASP-109764_p_srniel.csv
Cu2SnSe3,JVASP-109764,proton,0.0003,1.926,Cu2SnSe3_JVASP-109764_p_srniel.csv
Cu2SnSe3,JVASP-109764,proton,0.00035,2.0137,Cu2SnSe3_JVASP-109764_p_srniel.csv
Cu2SnSe3,JVASP-109764,proton,0.0004,2.0841,Cu2SnSe3_JVASP-109764_p_srniel.csv
Cu2SnSe3,JVASP-109764,proton,0.00045,2.1414,Cu2SnSe3_JVASP-109764_p_srniel.csv
Cu2SnSe3,JVASP-109764,proton,0.0005,2.1887,Cu2SnSe3_JVASP-109764_p_srniel.csv
Cu2SnSe3,JVASP-109764,proton,0.00055,2.228,Cu2SnSe3_JVASP-109764_p_srniel.csv
Cu2SnSe3,JVASP-109764,proton,0.0006,2.2609,Cu2SnSe3_JVASP-109764_p_srniel.csv
Cu2SnSe3,JVASP-109764,proton,0.00065,2.2885,Cu2SnSe3_JVASP-109764_p_srniel.csv
Cu2SnSe3,JVASP-109764,proton,0.0007,2.3117,Cu2SnSe3_JVASP-109764_p_srniel.csv
Cu2SnSe3,JVASP-109764,proton,0.00075,2.3312,Cu2SnSe3_JVASP-109764_p_srniel.csv
Cu2SnSe3,JVASP-109764,proton,0.0008,2.3476,Cu2SnSe3_JVASP-109764_p_srniel.csv
Cu2SnSe3,JVASP-109764,proton,0.00085,2.3612,Cu2SnSe3_JVASP-109764_p_srniel.csv
Cu2SnSe3,JVASP-109764,proton,0.0009,2.3726,Cu2SnSe3_JVASP-109764_p_srniel.csv
Cu2SnSe3,JVASP-109764,proton,0.00095,2.382,Cu2SnSe3_JVASP-109764_p_srniel.csv
Cu2SnSe3,JVASP-109764,proton,0.001,2.3896,Cu2SnSe3_JVASP-109764_p_srniel.csv
Cu2SnSe3,JVASP-109764,proton,0.0015,2.405,Cu2SnSe3_JVASP-109764_p_srniel.csv
Cu2SnSe3,JVASP-109764,proton,0.002,2.3664,Cu2SnSe3_JVASP-109764_p_srniel.csv
Cu2SnSe3,JVASP-109764,proton,0.0025,2.3087,Cu2SnSe3_JVASP-109764_p_srniel.csv
Cu2SnSe3,JVASP-109764,proton,0.003,2.2446,Cu2SnSe3_JVASP-109764_p_srniel.csv
Cu2SnSe3,JVASP-109764,proton,0.0035,2.1795,Cu2SnSe3_JVASP-109764_p_srniel.csv
Cu2SnSe3,JVASP-109764,proton,0.004,2.1158,Cu2SnSe3_JVASP-109764_p_srniel.csv
Cu2SnSe3,JVASP-109764,proton,0.0045,2.0546,Cu2SnSe3_JVASP-109764_p_srniel.csv
Cu2SnSe3,JVASP-109764,proton,0.005,1.9963,Cu2SnSe3_JVASP-109764_p_srniel.csv
Cu2SnSe3,JVASP-109764,proton,0.0055,1.941,Cu2SnSe3_JVASP-109764_p_srniel.csv
Cu2SnSe3,JVASP-109764,proton,0.006,1.8888,Cu2SnSe3_JVASP-109764_p_srniel.csv
Cu2SnSe3,JVASP-109764,proton,0.0065,1.8394,Cu2SnSe3_JVASP-109764_p_srniel.csv
Cu2SnSe3,JVASP-109764,proton,0.007,1.7928,Cu2SnSe3_JVASP-109764_p_srniel.csv
Cu2SnSe3,JVASP-109764,proton,0.0075,1.7487,Cu2SnSe3_JVASP-109764_p_srniel.csv
Cu2SnSe3,JVASP-109764,proton,0.008,1.7069,Cu2SnSe3_JVASP-109764_p_srniel.csv
Cu2SnSe3,JVASP-109764,proton,0.0085,1.6673,Cu2SnSe3_JVASP-109764_p_srniel.csv
Cu2SnSe3,JVASP-109764,proton,0.009,1.6298,Cu2SnSe3_JVASP-109764_p_srniel.csv
Cu2SnSe3,JVASP-109764,proton,0.0095,1.5941,Cu2SnSe3_JVASP-109764_p_srniel.csv
Cu2SnSe3,JVASP-109764,proton,0.01,1.5602,Cu2SnSe3_JVASP-109764_p_srniel.csv
Cu2SnSe3,JVASP-109764,proton,0.015,1.2942,Cu2SnSe3_JVASP-109764_p_srniel.csv
Cu2SnSe3,JVASP-109764,proton,0.02,1.1144,Cu2SnSe3_JVASP-109764_p_srniel.csv
Cu2SnSe3,JVASP-109764,proton,0.025,0.98356,Cu2SnSe3_JVASP-109764_p_srniel.csv
Cu2SnSe3,JVASP-109764,proton,0.03,0.88346,Cu2SnSe3_JVASP-109764_p_srniel.csv
Cu2SnSe3,JVASP-109764,proton,0.035,0.80402,Cu2SnSe3_JVASP-109764_p_srniel.csv
Cu2SnSe3,JVASP-109764,proton,0.04,0.7392,Cu2SnSe3_JVASP-109764_p_srniel.csv
Cu2SnSe3,JVASP-109764,proton,0.045,0.68516,Cu2SnSe3_JVASP-109764_p_srniel.csv
Cu2SnSe3,JVASP-109764,proton,0.05,0.6393,Cu2SnSe3_JVASP-109764_p_srniel.csv
Cu2SnSe3,JVASP-109764,proton,0.055,0.59984,Cu2SnSe3_JVASP-109764_p_srniel.csv
Cu2SnSe3,JVASP-109764,proton,0.06,0.56546,Cu2SnSe3_JVASP-109764_p_srniel.csv
Cu2SnSe3,JVASP-109764,proton,0.065,0.53522,Cu2SnSe3_JVASP-109764_p_srniel.csv
Cu2SnSe3,JVASP-109764,proton,0.07,0.50836,Cu2SnSe3_JVASP-109764_p_srniel.csv
Cu2SnSe3,JVASP-109764,proton,0.075,0.48434,Cu2SnSe3_JVASP-109764_p_srniel.csv
Cu2SnSe3,JVASP-109764,proton,0.08,0.46272,Cu2SnSe3_JVASP-109764_p_srniel.csv
Cu2SnSe3,JVASP-109764,proton,0.085,0.44312,Cu2SnSe3_JVASP-109764_p_srniel.csv
Cu2SnSe3,JVASP-109764,proton,0.09,0.42528,Cu2SnSe3_JVASP-109764_p_srniel.csv
Cu2SnSe3,JVASP-109764,proton,0.095,0.40896,Cu2SnSe3_JVASP-109764_p_srniel.csv
Cu2SnSe3,JVASP-109764,proton,0.1,0.39396,Cu2SnSe3_JVASP-109764_p_srniel.csv
Cu2SnSe3,JVASP-109764,proton,0.15,0.29102,Cu2SnSe3_JVASP-109764_p_srniel.csv
Cu2SnSe3,JVASP-109764,proton,0.2,0.23301,Cu2SnSe3_JVASP-109764_p_srniel.csv
Cu2SnSe3,JVASP-109764,proton,0.25,0.19587,Cu2SnSe3_JVASP-109764_p_srniel.csv
Cu2SnSe3,JVASP-109764,proton,0.3,0.17045,Cu2SnSe3_JVASP-109764_p_srniel.csv
Cu2SnSe3,JVASP-109764,proton,0.35,0.1515,Cu2SnSe3_JVASP-109764_p_srniel.csv
Cu2SnSe3,JVASP-109764,proton,0.4,0.13686,Cu2SnSe3_JVASP-109764_p_srniel.csv
Cu2SnSe3,JVASP-109764,proton,0.45,0.12514,Cu2SnSe3_JVASP-109764_p_srniel.csv
Cu2SnSe3,JVASP-109764,proton,0.5,0.1155,Cu2SnSe3_JVASP-109764_p_srniel.csv
Cu2SnSe3,JVASP-109764,proton,0.55,0.10743,Cu2SnSe3_JVASP-109764_p_srniel.csv
Cu2SnSe3,JVASP-109764,proton,0.6,0.10055,Cu2SnSe3_JVASP-109764_p_srniel.csv
Cu2SnSe3,JVASP-109764,proton,0.65,0.094484,Cu2SnSe3_JVASP-109764_p_srniel.csv
Cu2SnSe3,JVASP-109764,proton,0.7,0.089067,Cu2SnSe3_JVASP-109764_p_srniel.csv
Cu2SnSe3,JVASP-109764,proton,0.75,0.084192,Cu2SnSe3_JVASP-109764_p_srniel.csv
Cu2SnSe3,JVASP-109764,proton,0.8,0.07964,Cu2SnSe3_JVASP-109764_p_srniel.csv
Cu2SnSe3,JVASP-109764,proton,0.85,0.07558,Cu2SnSe3_JVASP-109764_p_srniel.csv
Cu2SnSe3,JVASP-109764,proton,0.9,0.071934,Cu2SnSe3_JVASP-109764_p_srniel.csv
Cu2SnSe3,JVASP-109764,proton,0.95,0.068642,Cu2SnSe3_JVASP-109764_p_srniel.csv
Cu2SnSe3,JVASP-109764,proton,1.0,0.065654,Cu2SnSe3_JVASP-109764_p_srniel.csv
Cu2SnSe3,JVASP-109764,proton,1.5,0.045665,Cu2SnSe3_JVASP-109764_p_srniel.csv
Cu2SnSe3,JVASP-109764,proton,2.0,0.035159,Cu2SnSe3_JVASP-109764_p_srniel.csv
Cu2SnSe3,JVASP-109764,proton,2.5,0.028668,Cu2SnSe3_JVASP-109764_p_srniel.csv
Cu2SnSe3,JVASP-109764,proton,3.0,0.024247,Cu2SnSe3_JVASP-109764_p_srniel.csv
Cu2SnSe3,JVASP-109764,proton,3.5,0.021037,Cu2SnSe3_JVASP-109764_p_srniel.csv
Cu2SnSe3,JVASP-109764,proton,4.0,0.018607,Cu2SnSe3_JVASP-109764_p_srniel.csv
Cu2SnSe3,JVASP-109764,proton,4.5,0.016735,Cu2SnSe3_JVASP-109764_p_srniel.csv
Cu2SnSe3,JVASP-109764,proton,5.0,0.015259,Cu2SnSe3_JVASP-109764_p_srniel.csv
Cu2SnSe3,JVASP-109764,proton,5.5,0.014042,Cu2SnSe3_JVASP-109764_p_srniel.csv
Cu2SnSe3,JVASP-109764,proton,6.0,0.013018,Cu2SnSe3_JVASP-109764_p_srniel.csv
Cu2SnSe3,JVASP-109764,proton,6.5,0.012154,Cu2SnSe3_JVASP-109764_p_srniel.csv
Cu2SnSe3,JVASP-109764,proton,7.0,0.011421,Cu2SnSe3_JVASP-109764_p_srniel.csv
Cu2SnSe3,JVASP-109764,proton,7.5,0.010792,Cu2SnSe3_JVASP-109764_p_srniel.csv
Cu2SnSe3,JVASP-109764,proton,8.0,0.010247,Cu2SnSe3_JVASP-109764_p_srniel.csv
Cu2SnSe3,JVASP-109764,proton,8.5,0.0097722,Cu2SnSe3_JVASP-109764_p_srniel.csv
Cu2SnSe3,JVASP-109764,proton,9.0,0.0093549,Cu2SnSe3_JVASP-109764_p_srniel.csv
Cu2SnSe3,JVASP-109764,proton,9.5,0.0089861,Cu2SnSe3_JVASP-109764_p_srniel.csv
Cu2SnSe3,JVASP-109764,proton,10.0,0.0086582,Cu2SnSe3_JVASP-109764_p_srniel.csv
Cu2SnSe3,JVASP-109764,proton,15.0,0.0066733,Cu2SnSe3_JVASP-109764_p_srniel.csv
Cu2SnSe3,JVASP-109764,proton,20.0,0.0057668,Cu2SnSe3_JVASP-109764_p_srniel.csv
Cu2SnSe3,JVASP-109764,proton,25.0,0.0052659,Cu2SnSe3_JVASP-109764_p_srniel.csv
Cu2SnSe3,JVASP-109764,proton,30.0,0.0049383,Cu2SnSe3_JVASP-109764_p_srniel.csv
Cu2SnSe3,JVASP-109764,proton,35.0,0.0046946,Cu2SnSe3_JVASP-109764_p_srniel.csv
Cu2SnSe3,JVASP-109764,proton,40.0,0.0045009,Cu2SnSe3_JVASP-109764_p_srniel.csv
Cu2SnSe3,JVASP-109764,proton,45.0,0.0043434,Cu2SnSe3_JVASP-109764_p_srniel.csv
Cu2SnSe3,JVASP-109764,proton,50.0,0.0042147,Cu2SnSe3_JVASP-109764_p_srniel.csv
Cu2SnSe3,JVASP-109764,proton,55.0,0.0041096,Cu2SnSe3_JVASP-109764_p_srniel.csv
Cu2SnSe3,JVASP-109764,proton,60.0,0.0040237,Cu2SnSe3_JVASP-109764_p_srniel.csv
Cu2SnSe3,JVASP-109764,proton,65.0,0.0039531,Cu2SnSe3_JVASP-109764_p_srniel.csv
Cu2SnSe3,JVASP-109764,proton,70.0,0.0038947,Cu2SnSe3_JVASP-109764_p_srniel.csv
Cu2SnSe3,JVASP-109764,proton,75.0,0.0038458,Cu2SnSe3_JVASP-109764_p_srniel.csv
Cu2SnSe3,JVASP-109764,proton,80.0,0.0038041,Cu2SnSe3_JVASP-109764_p_srniel.csv
Cu2SnSe3,JVASP-109764,proton,85.0,0.0037679,Cu2SnSe3_JVASP-109764_p_srniel.csv
Cu2SnSe3,JVASP-109764,proton,90.0,0.0037358,Cu2SnSe3_JVASP-109764_p_srniel.csv
Cu2SnSe3,JVASP-109764,proton,95.0,0.0037067,Cu2SnSe3_JVASP-109764_p_srniel.csv
Cu2SnSe3,JVASP-109764,proton,100.0,0.0036798,Cu2SnSe3_JVASP-109764_p_srniel.csv
Cu2SnSe3,JVASP-109764,proton,150.0,0.0034685,Cu2SnSe3_JVASP-109764_p_srniel.csv
Cu2SnSe3,JVASP-109764,proton,200.0,0.0033402,Cu2SnSe3_JVASP-109764_p_srniel.csv
Cu2SnSe3,JVASP-109764,proton,250.0,0.0032951,Cu2SnSe3_JVASP-109764_p_srniel.csv
Cu2SnSe3,JVASP-109764,proton,300.0,0.0033069,Cu2SnSe3_JVASP-109764_p_srniel.csv
Cu2SnSe3,JVASP-109764,proton,350.0,0.0033493,Cu2SnSe3_JVASP-109764_p_srniel.csv
Cu2SnSe3,JVASP-109764,proton,400.0,0.0034065,Cu2SnSe3_JVASP-109764_p_srniel.csv
Cu2SnSe3,JVASP-109764,proton,450.0,0.0034717,Cu2SnSe3_JVASP-109764_p_srniel.csv
Cu2SnSe3,JVASP-109764,proton,500.0,0.0035423,Cu2SnSe3_JVASP-109764_p_srniel.csv
Cu2SnSe3,JVASP-109764,proton,550.0,0.0036169,Cu2SnSe3_JVASP-109764_p_srniel.csv
Cu2SnSe3,JVASP-109764,proton,600.0,0.0036931,Cu2SnSe3_JVASP-109764_p_srniel.csv
Cu2SnSe3,JVASP-109764,proton,650.0,0.0037675,Cu2SnSe3_JVASP-109764_p_srniel.csv
Cu2SnSe3,JVASP-109764,proton,700.0,0.0038356,Cu2SnSe3_JVASP-109764_p_srniel.csv
Cu2SnSe3,JVASP-109764,proton,750.0,0.0038925,Cu2SnSe3_JVASP-109764_p_srniel.csv
Cu2SnSe3,JVASP-109764,proton,800.0,0.0039344,Cu2SnSe3_JVASP-109764_p_srniel.csv
Cu2SnSe3,JVASP-109764,proton,850.0,0.0039594,Cu2SnSe3_JVASP-109764_p_srniel.csv
Cu2SnSe3,JVASP-109764,proton,900.0,0.0039687,Cu2SnSe3_JVASP-109764_p_srniel.csv
Cu2SnSe3,JVASP-109764,proton,950.0,0.0039676,Cu2SnSe3_JVASP-109764_p_srniel.csv
Cu2SnSe3,JVASP-109764,proton,1000.0,0.0039657,Cu2SnSe3_JVASP-109764_p_srniel.csv
CuAs2Pb6Cl7O6,JVASP-53178,electron,0.04,3.112e-06,CuAs2Pb6Cl7O6_JVASP-53178_e_srniel.csv
CuAs2Pb6Cl7O6,JVASP-53178,electron,0.045,3.932e-06,CuAs2Pb6Cl7O6_JVASP-53178_e_srniel.csv
CuAs2Pb6Cl7O6,JVASP-53178,electron,0.05,4.5014e-06,CuAs2Pb6Cl7O6_JVASP-53178_e_srniel.csv
CuAs2Pb6Cl7O6,JVASP-53178,electron,0.055,4.9053e-06,CuAs2Pb6Cl7O6_JVASP-53178_e_srniel.csv
CuAs2Pb6Cl7O6,JVASP-53178,electron,0.06,5.196e-06,CuAs2Pb6Cl7O6_JVASP-53178_e_srniel.csv
CuAs2Pb6Cl7O6,JVASP-53178,electron,0.065,5.4073e-06,CuAs2Pb6Cl7O6_JVASP-53178_e_srniel.csv
CuAs2Pb6Cl7O6,JVASP-53178,electron,0.07,5.5617e-06,CuAs2Pb6Cl7O6_JVASP-53178_e_srniel.csv
CuAs2Pb6Cl7O6,JVASP-53178,electron,0.075,5.6745e-06,CuAs2Pb6Cl7O6_JVASP-53178_e_srniel.csv
CuAs2Pb6Cl7O6,JVASP-53178,electron,0.08,5.7566e-06,CuAs2Pb6Cl7O6_JVASP-53178_e_srniel.csv
CuAs2Pb6Cl7O6,JVASP-53178,electron,0.085,5.8156e-06,CuAs2Pb6Cl7O6_JVASP-53178_e_srniel.csv
CuAs2Pb6Cl7O6,JVASP-53178,electron,0.09,5.8572e-06,CuAs2Pb6Cl7O6_JVASP-53178_e_srniel.csv
CuAs2Pb6Cl7O6,JVASP-53178,electron,0.095,5.8855e-06,CuAs2Pb6Cl7O6_JVASP-53178_e_srniel.csv
CuAs2Pb6Cl7O6,JVASP-53178,electron,0.1,5.9036e-06,CuAs2Pb6Cl7O6_JVASP-53178_e_srniel.csv
CuAs2Pb6Cl7O6,JVASP-53178,electron,0.15,6.7943e-06,CuAs2Pb6Cl7O6_JVASP-53178_e_srniel.csv
CuAs2Pb6Cl7O6,JVASP-53178,electron,0.2,7.6239e-06,CuAs2Pb6Cl7O6_JVASP-53178_e_srniel.csv
CuAs2Pb6Cl7O6,JVASP-53178,electron,0.25,8.2985e-06,CuAs2Pb6Cl7O6_JVASP-53178_e_srniel.csv
CuAs2Pb6Cl7O6,JVASP-53178,electron,0.3,8.9351e-06,CuAs2Pb6Cl7O6_JVASP-53178_e_srniel.csv
CuAs2Pb6Cl7O6,JVASP-53178,electron,0.35,9.4689e-06,CuAs2Pb6Cl7O6_JVASP-53178_e_srniel.csv
CuAs2Pb6Cl7O6,JVASP-53178,electron,0.4,9.9439e-06,CuAs2Pb6Cl7O6_JVASP-53178_e_srniel.csv
CuAs2Pb6Cl7O6,JVASP-53178,electron,0.45,1.0381e-05,CuAs2Pb6Cl7O6_JVASP-53178_e_srniel.csv
CuAs2Pb6Cl7O6,JVASP-53178,electron,0.5,1.0792e-05,CuAs2Pb6Cl7O6_JVASP-53178_e_srniel.csv
CuAs2Pb6Cl7O6,JVASP-53178,electron,0.55,1.1182e-05,CuAs2Pb6Cl7O6_JVASP-53178_e_srniel.csv
CuAs2Pb6Cl7O6,JVASP-53178,electron,0.6,1.2124e-05,CuAs2Pb6Cl7O6_JVASP-53178_e_srniel.csv
CuAs2Pb6Cl7O6,JVASP-53178,electron,0.65,1.3679e-05,CuAs2Pb6Cl7O6_JVASP-53178_e_srniel.csv
CuAs2Pb6Cl7O6,JVASP-53178,electron,0.7,1.5398e-05,CuAs2Pb6Cl7O6_JVASP-53178_e_srniel.csv
CuAs2Pb6Cl7O6,JVASP-53178,electron,0.75,1.7182e-05,CuAs2Pb6Cl7O6_JVASP-53178_e_srniel.csv
CuAs2Pb6Cl7O6,JVASP-53178,electron,0.8,1.8972e-05,CuAs2Pb6Cl7O6_JVASP-53178_e_srniel.csv
CuAs2Pb6Cl7O6,JVASP-53178,electron,0.85,2.0734e-05,CuAs2Pb6Cl7O6_JVASP-53178_e_srniel.csv
CuAs2Pb6Cl7O6,JVASP-53178,electron,0.9,2.2447e-05,CuAs2Pb6Cl7O6_JVASP-53178_e_srniel.csv
CuAs2Pb6Cl7O6,JVASP-53178,electron,0.95,2.4101e-05,CuAs2Pb6Cl7O6_JVASP-53178_e_srniel.csv
CuAs2Pb6Cl7O6,JVASP-53178,electron,1.0,2.569e-05,CuAs2Pb6Cl7O6_JVASP-53178_e_srniel.csv
CuAs2Pb6Cl7O6,JVASP-53178,electron,1.5,3.8289e-05,CuAs2Pb6Cl7O6_JVASP-53178_e_srniel.csv
CuAs2Pb6Cl7O6,JVASP-53178,electron,2.0,4.6799e-05,CuAs2Pb6Cl7O6_JVASP-53178_e_srniel.csv
CuAs2Pb6Cl7O6,JVASP-53178,electron,2.5,5.3062e-05,CuAs2Pb6Cl7O6_JVASP-53178_e_srniel.csv
CuAs2Pb6Cl7O6,JVASP-53178,electron,3.0,5.7972e-05,CuAs2Pb6Cl7O6_JVASP-53178_e_srniel.csv
CuAs2Pb6Cl7O6,JVASP-53178,electron,3.5,6.1992e-05,CuAs2Pb6Cl7O6_JVASP-53178_e_srniel.csv
CuAs2Pb6Cl7O6,JVASP-53178,electron,4.0,6.5384e-05,CuAs2Pb6Cl7O6_JVASP-53178_e_srniel.csv
CuAs2Pb6Cl7O6,JVASP-53178,electron,4.5,6.8312e-05,CuAs2Pb6Cl7O6_JVASP-53178_e_srniel.csv
CuAs2Pb6Cl7O6,JVASP-53178,electron,5.0,7.0882e-05,CuAs2Pb6Cl7O6_JVASP-53178_e_srniel.csv
CuAs2Pb6Cl7O6,JVASP-53178,electron,5.5,7.3167e-05,CuAs2Pb6Cl7O6_JVASP-53178_e_srniel.csv
CuAs2Pb6Cl7O6,JVASP-53178,electron,6.0,7.5221e-05,CuAs2Pb6Cl7O6_JVASP-53178_e_srniel.csv
CuAs2Pb6Cl7O6,JVASP-53178,electron,6.5,7.7081e-05,CuAs2Pb6Cl7O6_JVASP-53178_e_srniel.csv
CuAs2Pb6Cl7O6,JVASP-53178,electron,7.0,7.8779e-05,CuAs2Pb6Cl7O6_JVASP-53178_e_srniel.csv
CuAs2Pb6Cl7O6,JVASP-53178,electron,7.5,8.0337e-05,CuAs2Pb6Cl7O6_JVASP-53178_e_srniel.csv
CuAs2Pb6Cl7O6,JVASP-53178,electron,8.0,8.1774e-05,CuAs2Pb6Cl7O6_JVASP-53178_e_srniel.csv
CuAs2Pb6Cl7O6,JVASP-53178,electron,8.5,8.3104e-05,CuAs2Pb6Cl7O6_JVASP-53178_e_srniel.csv
CuAs2Pb6Cl7O6,JVASP-53178,electron,9.0,8.434e-05,CuAs2Pb6Cl7O6_JVASP-53178_e_srniel.csv
CuAs2Pb6Cl7O6,JVASP-53178,electron,9.5,8.5492e-05,CuAs2Pb6Cl7O6_JVASP-53178_e_srniel.csv
CuAs2Pb6Cl7O6,JVASP-53178,electron,10.0,8.6568e-05,CuAs2Pb6Cl7O6_JVASP-53178_e_srniel.csv
CuAs2Pb6Cl7O6,JVASP-53178,electron,15.0,9.4383e-05,CuAs2Pb6Cl7O6_JVASP-53178_e_srniel.csv
CuAs2Pb6Cl7O6,JVASP-53178,electron,20.0,9.8901e-05,CuAs2Pb6Cl7O6_JVASP-53178_e_srniel.csv
CuAs2Pb6Cl7O6,JVASP-53178,electron,25.0,0.00010158,CuAs2Pb6Cl7O6_JVASP-53178_e_srniel.csv
CuAs2Pb6Cl7O6,JVASP-53178,electron,30.0,0.00010311,CuAs2Pb6Cl7O6_JVASP-53178_e_srniel.csv
CuAs2Pb6Cl7O6,JVASP-53178,electron,35.0,0.0001039,CuAs2Pb6Cl7O6_JVASP-53178_e_srniel.csv
CuAs2Pb6Cl7O6,JVASP-53178,electron,40.0,0.00010421,CuAs2Pb6Cl7O6_JVASP-53178_e_srniel.csv
CuAs2Pb6Cl7O6,JVASP-53178,electron,45.0,0.00010421,CuAs2Pb6Cl7O6_JVASP-53178_e_srniel.csv
CuAs2Pb6Cl7O6,JVASP-53178,electron,50.0,0.000104,CuAs2Pb6Cl7O6_JVASP-53178_e_srniel.csv
CuAs2Pb6Cl7O6,JVASP-53178,electron,55.0,0.00010369,CuAs2Pb6Cl7O6_JVASP-53178_e_srniel.csv
CuAs2Pb6Cl7O6,JVASP-53178,electron,60.0,0.0001033,CuAs2Pb6Cl7O6_JVASP-53178_e_srniel.csv
CuAs2Pb6Cl7O6,JVASP-53178,electron,65.0,0.00010289,CuAs2Pb6Cl7O6_JVASP-53178_e_srniel.csv
CuAs2Pb6Cl7O6,JVASP-53178,electron,70.0,0.00010247,CuAs2Pb6Cl7O6_JVASP-53178_e_srniel.csv
CuAs2Pb6Cl7O6,JVASP-53178,electron,75.0,0.00010206,CuAs2Pb6Cl7O6_JVASP-53178_e_srniel.csv
CuAs2Pb6Cl7O6,JVASP-53178,electron,80.0,0.00010166,CuAs2Pb6Cl7O6_JVASP-53178_e_srniel.csv
CuAs2Pb6Cl7O6,JVASP-53178,electron,85.0,0.00010128,CuAs2Pb6Cl7O6_JVASP-53178_e_srniel.csv
CuAs2Pb6Cl7O6,JVASP-53178,electron,90.0,0.00010093,CuAs2Pb6Cl7O6_JVASP-53178_e_srniel.csv
CuAs2Pb6Cl7O6,JVASP-53178,electron,95.0,0.0001006,CuAs2Pb6Cl7O6_JVASP-53178_e_srniel.csv
CuAs2Pb6Cl7O6,JVASP-53178,electron,100.0,0.00010029,CuAs2Pb6Cl7O6_JVASP-53178_e_srniel.csv
CuAs2Pb6Cl7O6,JVASP-53178,proton,0.0001,0.93675,CuAs2Pb6Cl7O6_JVASP-53178_p_srniel.csv
CuAs2Pb6Cl7O6,JVASP-53178,proton,0.00015,1.2426,CuAs2Pb6Cl7O6_JVASP-53178_p_srniel.csv
CuAs2Pb6Cl7O6,JVASP-53178,proton,0.0002,1.445,CuAs2Pb6Cl7O6_JVASP-53178_p_srniel.csv
CuAs2Pb6Cl7O6,JVASP-53178,proton,0.00025,1.572,CuAs2Pb6Cl7O6_JVASP-53178_p_srniel.csv
CuAs2Pb6Cl7O6,JVASP-53178,proton,0.0003,1.6553,CuAs2Pb6Cl7O6_JVASP-53178_p_srniel.csv
CuAs2Pb6Cl7O6,JVASP-53178,proton,0.00035,1.7112,CuAs2Pb6Cl7O6_JVASP-53178_p_srniel.csv
CuAs2Pb6Cl7O6,JVASP-53178,proton,0.0004,1.7488,CuAs2Pb6Cl7O6_JVASP-53178_p_srniel.csv
CuAs2Pb6Cl7O6,JVASP-53178,proton,0.00045,1.7737,CuAs2Pb6Cl7O6_JVASP-53178_p_srniel.csv
CuAs2Pb6Cl7O6,JVASP-53178,proton,0.0005,1.7953,CuAs2Pb6Cl7O6_JVASP-53178_p_srniel.csv
CuAs2Pb6Cl7O6,JVASP-53178,proton,0.00055,1.827,CuAs2Pb6Cl7O6_JVASP-53178_p_srniel.csv
CuAs2Pb6Cl7O6,JVASP-53178,proton,0.0006,1.8513,CuAs2Pb6Cl7O6_JVASP-53178_p_srniel.csv
CuAs2Pb6Cl7O6,JVASP-53178,proton,0.00065,1.8697,CuAs2Pb6Cl7O6_JVASP-53178_p_srniel.csv
CuAs2Pb6Cl7O6,JVASP-53178,proton,0.0007,1.8835,CuAs2Pb6Cl7O6_JVASP-53178_p_srniel.csv
CuAs2Pb6Cl7O6,JVASP-53178,proton,0.00075,1.8936,CuAs2Pb6Cl7O6_JVASP-53178_p_srniel.csv
CuAs2Pb6Cl7O6,JVASP-53178,proton,0.0008,1.9006,CuAs2Pb6Cl7O6_JVASP-53178_p_srniel.csv
CuAs2Pb6Cl7O6,JVASP-53178,proton,0.00085,1.9051,CuAs2Pb6Cl7O6_JVASP-53178_p_srniel.csv
CuAs2Pb6Cl7O6,JVASP-53178,proton,0.0009,1.9076,CuAs2Pb6Cl7O6_JVASP-53178_p_srniel.csv
CuAs2Pb6Cl7O6,JVASP-53178,proton,0.00095,1.9085,CuAs2Pb6Cl7O6_JVASP-53178_p_srniel.csv
CuAs2Pb6Cl7O6,JVASP-53178,proton,0.001,1.9079,CuAs2Pb6Cl7O6_JVASP-53178_p_srniel.csv
CuAs2Pb6Cl7O6,JVASP-53178,proton,0.0015,1.8605,CuAs2Pb6Cl7O6_JVASP-53178_p_srniel.csv
CuAs2Pb6Cl7O6,JVASP-53178,proton,0.002,1.7873,CuAs2Pb6Cl7O6_JVASP-53178_p_srniel.csv
CuAs2Pb6Cl7O6,JVASP-53178,proton,0.0025,1.7128,CuAs2Pb6Cl7O6_JVASP-53178_p_srniel.csv
CuAs2Pb6Cl7O6,JVASP-53178,proton,0.003,1.6429,CuAs2Pb6Cl7O6_JVASP-53178_p_srniel.csv
CuAs2Pb6Cl7O6,JVASP-53178,proton,0.0035,1.5787,CuAs2Pb6Cl7O6_JVASP-53178_p_srniel.csv
CuAs2Pb6Cl7O6,JVASP-53178,proton,0.004,1.5203,CuAs2Pb6Cl7O6_JVASP-53178_p_srniel.csv
CuAs2Pb6Cl7O6,JVASP-53178,proton,0.0045,1.4669,CuAs2Pb6Cl7O6_JVASP-53178_p_srniel.csv
CuAs2Pb6Cl7O6,JVASP-53178,proton,0.005,1.4181,CuAs2Pb6Cl7O6_JVASP-53178_p_srniel.csv
CuAs2Pb6Cl7O6,JVASP-53178,proton,0.0055,1.3733,CuAs2Pb6Cl7O6_JVASP-53178_p_srniel.csv
CuAs2Pb6Cl7O6,JVASP-53178,proton,0.006,1.332,CuAs2Pb6Cl7O6_JVASP-53178_p_srniel.csv
CuAs2Pb6Cl7O6,JVASP-53178,proton,0.0065,1.2938,CuAs2Pb6Cl7O6_JVASP-53178_p_srniel.csv
CuAs2Pb6Cl7O6,JVASP-53178,proton,0.007,1.2584,CuAs2Pb6Cl7O6_JVASP-53178_p_srniel.csv
CuAs2Pb6Cl7O6,JVASP-53178,proton,0.0075,1.2253,CuAs2Pb6Cl7O6_JVASP-53178_p_srniel.csv
CuAs2Pb6Cl7O6,JVASP-53178,proton,0.008,1.1944,CuAs2Pb6Cl7O6_JVASP-53178_p_srniel.csv
CuAs2Pb6Cl7O6,JVASP-53178,proton,0.0085,1.1655,CuAs2Pb6Cl7O6_JVASP-53178_p_srniel.csv
CuAs2Pb6Cl7O6,JVASP-53178,proton,0.009,1.1383,CuAs2Pb6Cl7O6_JVASP-53178_p_srniel.csv
CuAs2Pb6Cl7O6,JVASP-53178,proton,0.0095,1.1127,CuAs2Pb6Cl7O6_JVASP-53178_p_srniel.csv
CuAs2Pb6Cl7O6,JVASP-53178,proton,0.01,1.0885,CuAs2Pb6Cl7O6_JVASP-53178_p_srniel.csv
CuAs2Pb6Cl7O6,JVASP-53178,proton,0.015,0.90315,CuAs2Pb6Cl7O6_JVASP-53178_p_srniel.csv
CuAs2Pb6Cl7O6,JVASP-53178,proton,0.02,0.7804,CuAs2Pb6Cl7O6_JVASP-53178_p_srniel.csv
CuAs2Pb6Cl7O6,JVASP-53178,proton,0.025,0.69157,CuAs2Pb6Cl7O6_JVASP-53178_p_srniel.csv
CuAs2Pb6Cl7O6,JVASP-53178,proton,0.03,0.6236,CuAs2Pb6Cl7O6_JVASP-53178_p_srniel.csv
CuAs2Pb6Cl7O6,JVASP-53178,proton,0.035,0.56953,CuAs2Pb6Cl7O6_JVASP-53178_p_srniel.csv
CuAs2Pb6Cl7O6,JVASP-53178,proton,0.04,0.52528,CuAs2Pb6Cl7O6_JVASP-53178_p_srniel.csv
CuAs2Pb6Cl7O6,JVASP-53178,proton,0.045,0.48827,CuAs2Pb6Cl7O6_JVASP-53178_p_srniel.csv
CuAs2Pb6Cl7O6,JVASP-53178,proton,0.05,0.45676,CuAs2Pb6Cl7O6_JVASP-53178_p_srniel.csv
CuAs2Pb6Cl7O6,JVASP-53178,proton,0.055,0.42956,CuAs2Pb6Cl7O6_JVASP-53178_p_srniel.csv
CuAs2Pb6Cl7O6,JVASP-53178,proton,0.06,0.40582,CuAs2Pb6Cl7O6_JVASP-53178_p_srniel.csv
CuAs2Pb6Cl7O6,JVASP-53178,proton,0.065,0.38488,CuAs2Pb6Cl7O6_JVASP-53178_p_srniel.csv
CuAs2Pb6Cl7O6,JVASP-53178,proton,0.07,0.36626,CuAs2Pb6Cl7O6_JVASP-53178_p_srniel.csv
CuAs2Pb6Cl7O6,JVASP-53178,proton,0.075,0.34957,CuAs2Pb6Cl7O6_JVASP-53178_p_srniel.csv
CuAs2Pb6Cl7O6,JVASP-53178,proton,0.08,0.3345,CuAs2Pb6Cl7O6_JVASP-53178_p_srniel.csv
CuAs2Pb6Cl7O6,JVASP-53178,proton,0.085,0.32083,CuAs2Pb6Cl7O6_JVASP-53178_p_srniel.csv
CuAs2Pb6Cl7O6,JVASP-53178,proton,0.09,0.30836,CuAs2Pb6Cl7O6_JVASP-53178_p_srniel.csv
CuAs2Pb6Cl7O6,JVASP-53178,proton,0.095,0.29693,CuAs2Pb6Cl7O6_JVASP-53178_p_srniel.csv
CuAs2Pb6Cl7O6,JVASP-53178,proton,0.1,0.28641,CuAs2Pb6Cl7O6_JVASP-53178_p_srniel.csv
CuAs2Pb6Cl7O6,JVASP-53178,proton,0.15,0.21372,CuAs2Pb6Cl7O6_JVASP-53178_p_srniel.csv
CuAs2Pb6Cl7O6,JVASP-53178,proton,0.2,0.17203,CuAs2Pb6Cl7O6_JVASP-53178_p_srniel.csv
CuAs2Pb6Cl7O6,JVASP-53178,proton,0.25,0.14491,CuAs2Pb6Cl7O6_JVASP-53178_p_srniel.csv
CuAs2Pb6Cl7O6,JVASP-53178,proton,0.3,0.12574,CuAs2Pb6Cl7O6_JVASP-53178_p_srniel.csv
CuAs2Pb6Cl7O6,JVASP-53178,proton,0.35,0.11139,CuAs2Pb6Cl7O6_JVASP-53178_p_srniel.csv
CuAs2Pb6Cl7O6,JVASP-53178,proton,0.4,0.099998,CuAs2Pb6Cl7O6_JVASP-53178_p_srniel.csv
CuAs2Pb6Cl7O6,JVASP-53178,proton,0.45,0.09085,CuAs2Pb6Cl7O6_JVASP-53178_p_srniel.csv
CuAs2Pb6Cl7O6,JVASP-53178,proton,0.5,0.083337,CuAs2Pb6Cl7O6_JVASP-53178_p_srniel.csv
CuAs2Pb6Cl7O6,JVASP-53178,proton,0.55,0.077047,CuAs2Pb6Cl7O6_JVASP-53178_p_srniel.csv
CuAs2Pb6Cl7O6,JVASP-53178,proton,0.6,0.071698,CuAs2Pb6Cl7O6_JVASP-53178_p_srniel.csv
CuAs2Pb6Cl7O6,JVASP-53178,proton,0.65,0.067069,CuAs2Pb6Cl7O6_JVASP-53178_p_srniel.csv
CuAs2Pb6Cl7O6,JVASP-53178,proton,0.7,0.063024,CuAs2Pb6Cl7O6_JVASP-53178_p_srniel.csv
CuAs2Pb6Cl7O6,JVASP-53178,proton,0.75,0.059454,CuAs2Pb6Cl7O6_JVASP-53178_p_srniel.csv
CuAs2Pb6Cl7O6,JVASP-53178,proton,0.8,0.056295,CuAs2Pb6Cl7O6_JVASP-53178_p_srniel.csv
CuAs2Pb6Cl7O6,JVASP-53178,proton,0.85,0.053479,CuAs2Pb6Cl7O6_JVASP-53178_p_srniel.csv
CuAs2Pb6Cl7O6,JVASP-53178,proton,0.9,0.050952,CuAs2Pb6Cl7O6_JVASP-53178_p_srniel.csv
CuAs2Pb6Cl7O6,JVASP-53178,proton,0.95,0.048672,CuAs2Pb6Cl7O6_JVASP-53178_p_srniel.csv
CuAs2Pb6Cl7O6,JVASP-53178,proton,1.0,0.046602,CuAs2Pb6Cl7O6_JVASP-53178_p_srniel.csv
CuAs2Pb6Cl7O6,JVASP-53178,proton,1.5,0.033042,CuAs2Pb6Cl7O6_JVASP-53178_p_srniel.csv
CuAs2Pb6Cl7O6,JVASP-53178,proton,2.0,0.025882,CuAs2Pb6Cl7O6_JVASP-53178_p_srniel.csv
CuAs2Pb6Cl7O6,JVASP-53178,proton,2.5,0.021185,CuAs2Pb6Cl7O6_JVASP-53178_p_srniel.csv
CuAs2Pb6Cl7O6,JVASP-53178,proton,3.0,0.017958,CuAs2Pb6Cl7O6_JVASP-53178_p_srniel.csv
CuAs2Pb6Cl7O6,JVASP-53178,proton,3.5,0.015632,CuAs2Pb6Cl7O6_JVASP-53178_p_srniel.csv
CuAs2Pb6Cl7O6,JVASP-53178,proton,4.0,0.013901,CuAs2Pb6Cl7O6_JVASP-53178_p_srniel.csv
CuAs2Pb6Cl7O6,JVASP-53178,proton,4.5,0.01255,CuAs2Pb6Cl7O6_JVASP-53178_p_srniel.csv
CuAs2Pb6Cl7O6,JVASP-53178,proton,5.0,0.011458,CuAs2Pb6Cl7O6_JVASP-53178_p_srniel.csv
CuAs2Pb6Cl7O6,JVASP-53178,proton,5.5,0.010557,CuAs2Pb6Cl7O6_JVASP-53178_p_srniel.csv
CuAs2Pb6Cl7O6,JVASP-53178,proton,6.0,0.0098028,CuAs2Pb6Cl7O6_JVASP-53178_p_srniel.csv
CuAs2Pb6Cl7O6,JVASP-53178,proton,6.5,0.0091627,CuAs2Pb6Cl7O6_JVASP-53178_p_srniel.csv
CuAs2Pb6Cl7O6,JVASP-53178,proton,7.0,0.0086135,CuAs2Pb6Cl7O6_JVASP-53178_p_srniel.csv
CuAs2Pb6Cl7O6,JVASP-53178,proton,7.5,0.0081372,CuAs2Pb6Cl7O6_JVASP-53178_p_srniel.csv
CuAs2Pb6Cl7O6,JVASP-53178,proton,8.0,0.0077198,CuAs2Pb6Cl7O6_JVASP-53178_p_srniel.csv
CuAs2Pb6Cl7O6,JVASP-53178,proton,8.5,0.0073507,CuAs2Pb6Cl7O6_JVASP-53178_p_srniel.csv
CuAs2Pb6Cl7O6,JVASP-53178,proton,9.0,0.0070217,CuAs2Pb6Cl7O6_JVASP-53178_p_srniel.csv
CuAs2Pb6Cl7O6,JVASP-53178,proton,9.5,0.0067264,CuAs2Pb6Cl7O6_JVASP-53178_p_srniel.csv
CuAs2Pb6Cl7O6,JVASP-53178,proton,10.0,0.0064598,CuAs2Pb6Cl7O6_JVASP-53178_p_srniel.csv
CuAs2Pb6Cl7O6,JVASP-53178,proton,15.0,0.0047563,CuAs2Pb6Cl7O6_JVASP-53178_p_srniel.csv
CuAs2Pb6Cl7O6,JVASP-53178,proton,20.0,0.0038988,CuAs2Pb6Cl7O6_JVASP-53178_p_srniel.csv
CuAs2Pb6Cl7O6,JVASP-53178,proton,25.0,0.0033756,CuAs2Pb6Cl7O6_JVASP-53178_p_srniel.csv
CuAs2Pb6Cl7O6,JVASP-53178,proton,30.0,0.0030129,CuAs2Pb6Cl7O6_JVASP-53178_p_srniel.csv
CuAs2Pb6Cl7O6,JVASP-53178,proton,35.0,0.0027403,CuAs2Pb6Cl7O6_JVASP-53178_p_srniel.csv
CuAs2Pb6Cl7O6,JVASP-53178,proton,40.0,0.0025262,CuAs2Pb6Cl7O6_JVASP-53178_p_srniel.csv
CuAs2Pb6Cl7O6,JVASP-53178,proton,45.0,0.0023536,CuAs2Pb6Cl7O6_JVASP-53178_p_srniel.csv
CuAs2Pb6Cl7O6,JVASP-53178,proton,50.0,0.0022119,CuAs2Pb6Cl7O6_JVASP-53178_p_srniel.csv
CuAs2Pb6Cl7O6,JVASP-53178,proton,55.0,0.0020935,CuAs2Pb6Cl7O6_JVASP-53178_p_srniel.csv
CuAs2Pb6Cl7O6,JVASP-53178,proton,60.0,0.001993,CuAs2Pb6Cl7O6_JVASP-53178_p_srniel.csv
CuAs2Pb6Cl7O6,JVASP-53178,proton,65.0,0.0019065,CuAs2Pb6Cl7O6_JVASP-53178_p_srniel.csv
CuAs2Pb6Cl7O6,JVASP-53178,proton,70.0,0.0018308,CuAs2Pb6Cl7O6_JVASP-53178_p_srniel.csv
CuAs2Pb6Cl7O6,JVASP-53178,proton,75.0,0.0017639,CuAs2Pb6Cl7O6_JVASP-53178_p_srniel.csv
CuAs2Pb6Cl7O6,JVASP-53178,proton,80.0,0.001704,CuAs2Pb6Cl7O6_JVASP-53178_p_srniel.csv
CuAs2Pb6Cl7O6,JVASP-53178,proton,85.0,0.0016498,CuAs2Pb6Cl7O6_JVASP-53178_p_srniel.csv
CuAs2Pb6Cl7O6,JVASP-53178,proton,90.0,0.0016004,CuAs2Pb6Cl7O6_JVASP-53178_p_srniel.csv
CuAs2Pb6Cl7O6,JVASP-53178,proton,95.0,0.0015551,CuAs2Pb6Cl7O6_JVASP-53178_p_srniel.csv
CuAs2Pb6Cl7O6,JVASP-53178,proton,100.0,0.0015132,CuAs2Pb6Cl7O6_JVASP-53178_p_srniel.csv
CuAs2Pb6Cl7O6,JVASP-53178,proton,150.0,0.0012233,CuAs2Pb6Cl7O6_JVASP-53178_p_srniel.csv
CuAs2Pb6Cl7O6,JVASP-53178,proton,200.0,0.0010723,CuAs2Pb6Cl7O6_JVASP-53178_p_srniel.csv
CuAs2Pb6Cl7O6,JVASP-53178,proton,250.0,0.00099021,CuAs2Pb6Cl7O6_JVASP-53178_p_srniel.csv
CuAs2Pb6Cl7O6,JVASP-53178,proton,300.0,0.00094165,CuAs2Pb6Cl7O6_JVASP-53178_p_srniel.csv
CuAs2Pb6Cl7O6,JVASP-53178,proton,350.0,0.00090981,CuAs2Pb6Cl7O6_JVASP-53178_p_srniel.csv
CuAs2Pb6Cl7O6,JVASP-53178,proton,400.0,0.00088788,CuAs2Pb6Cl7O6_JVASP-53178_p_srniel.csv
CuAs2Pb6Cl7O6,JVASP-53178,proton,450.0,0.00087345,CuAs2Pb6Cl7O6_JVASP-53178_p_srniel.csv
CuAs2Pb6Cl7O6,JVASP-53178,proton,500.0,0.00086535,CuAs2Pb6Cl7O6_JVASP-53178_p_srniel.csv
CuAs2Pb6Cl7O6,JVASP-53178,proton,550.0,0.00086233,CuAs2Pb6Cl7O6_JVASP-53178_p_srniel.csv
CuAs2Pb6Cl7O6,JVASP-53178,proton,600.0,0.00086257,CuAs2Pb6Cl7O6_JVASP-53178_p_srniel.csv
CuAs2Pb6Cl7O6,JVASP-53178,proton,650.0,0.00086383,CuAs2Pb6Cl7O6_JVASP-53178_p_srniel.csv
CuAs2Pb6Cl7O6,JVASP-53178,proton,700.0,0.00086381,CuAs2Pb6Cl7O6_JVASP-53178_p_srniel.csv
CuAs2Pb6Cl7O6,JVASP-53178,proton,750.0,0.00086074,CuAs2Pb6Cl7O6_JVASP-53178_p_srniel.csv
CuAs2Pb6Cl7O6,JVASP-53178,proton,800.0,0.00085401,CuAs2Pb6Cl7O6_JVASP-53178_p_srniel.csv
CuAs2Pb6Cl7O6,JVASP-53178,proton,850.0,0.00084459,CuAs2Pb6Cl7O6_JVASP-53178_p_srniel.csv
CuAs2Pb6Cl7O6,JVASP-53178,proton,900.0,0.00083526,CuAs2Pb6Cl7O6_JVASP-53178_p_srniel.csv
CuAs2Pb6Cl7O6,JVASP-53178,proton,950.0,0.00083066,CuAs2Pb6Cl7O6_JVASP-53178_p_srniel.csv
CuAs2Pb6Cl7O6,JVASP-53178,proton,1000.0,0.00083769,CuAs2Pb6Cl7O6_JVASP-53178_p_srniel.csv
Ga3BN4,JVASP-35152,electron,0.04,4.3275e-08,Ga3BN4_JVASP-35152_e_srniel.csv
Ga3BN4,JVASP-35152,electron,0.045,4.54e-07,Ga3BN4_JVASP-35152_e_srniel.csv
Ga3BN4,JVASP-35152,electron,0.05,7.4934e-07,Ga3BN4_JVASP-35152_e_srniel.csv
Ga3BN4,JVASP-35152,electron,0.055,1.694e-06,Ga3BN4_JVASP-35152_e_srniel.csv
Ga3BN4,JVASP-35152,electron,0.06,3.2096e-06,Ga3BN4_JVASP-35152_e_srniel.csv
Ga3BN4,JVASP-35152,electron,0.065,4.3987e-06,Ga3BN4_JVASP-35152_e_srniel.csv
Ga3BN4,JVASP-35152,electron,0.07,5.346e-06,Ga3BN4_JVASP-35152_e_srniel.csv
Ga3BN4,JVASP-35152,electron,0.075,6.1104e-06,Ga3BN4_JVASP-35152_e_srniel.csv
Ga3BN4,JVASP-35152,electron,0.08,6.7345e-06,Ga3BN4_JVASP-35152_e_srniel.csv
Ga3BN4,JVASP-35152,electron,0.085,7.2491e-06,Ga3BN4_JVASP-35152_e_srniel.csv
Ga3BN4,JVASP-35152,electron,0.09,7.6773e-06,Ga3BN4_JVASP-35152_e_srniel.csv
Ga3BN4,JVASP-35152,electron,0.095,8.0365e-06,Ga3BN4_JVASP-35152_e_srniel.csv
Ga3BN4,JVASP-35152,electron,0.1,8.3401e-06,Ga3BN4_JVASP-35152_e_srniel.csv
Ga3BN4,JVASP-35152,electron,0.15,9.8182e-06,Ga3BN4_JVASP-35152_e_srniel.csv
Ga3BN4,JVASP-35152,electron,0.2,1.0296e-05,Ga3BN4_JVASP-35152_e_srniel.csv
Ga3BN4,JVASP-35152,electron,0.25,1.055e-05,Ga3BN4_JVASP-35152_e_srniel.csv
Ga3BN4,JVASP-35152,electron,0.3,1.1924e-05,Ga3BN4_JVASP-35152_e_srniel.csv
Ga3BN4,JVASP-35152,electron,0.35,1.3957e-05,Ga3BN4_JVASP-35152_e_srniel.csv
Ga3BN4,JVASP-35152,electron,0.4,1.5789e-05,Ga3BN4_JVASP-35152_e_srniel.csv
Ga3BN4,JVASP-35152,electron,0.45,1.7472e-05,Ga3BN4_JVASP-35152_e_srniel.csv
Ga3BN4,JVASP-35152,electron,0.5,1.9041e-05,Ga3BN4_JVASP-35152_e_srniel.csv
Ga3BN4,JVASP-35152,electron,0.55,2.0516e-05,Ga3BN4_JVASP-35152_e_srniel.csv
Ga3BN4,JVASP-35152,electron,0.6,2.1913e-05,Ga3BN4_JVASP-35152_e_srniel.csv
Ga3BN4,JVASP-35152,electron,0.65,2.3242e-05,Ga3BN4_JVASP-35152_e_srniel.csv
Ga3BN4,JVASP-35152,electron,0.7,2.451e-05,Ga3BN4_JVASP-35152_e_srniel.csv
Ga3BN4,JVASP-35152,electron,0.75,2.5725e-05,Ga3BN4_JVASP-35152_e_srniel.csv
Ga3BN4,JVASP-35152,electron,0.8,2.6891e-05,Ga3BN4_JVASP-35152_e_srniel.csv
Ga3BN4,JVASP-35152,electron,0.85,2.8012e-05,Ga3BN4_JVASP-35152_e_srniel.csv
Ga3BN4,JVASP-35152,electron,0.9,2.9092e-05,Ga3BN4_JVASP-35152_e_srniel.csv
Ga3BN4,JVASP-35152,electron,0.95,3.0134e-05,Ga3BN4_JVASP-35152_e_srniel.csv
Ga3BN4,JVASP-35152,electron,1.0,3.114e-05,Ga3BN4_JVASP-35152_e_srniel.csv
Ga3BN4,JVASP-35152,electron,1.5,3.9687e-05,Ga3BN4_JVASP-35152_e_srniel.csv
Ga3BN4,JVASP-35152,electron,2.0,4.6311e-05,Ga3BN4_JVASP-35152_e_srniel.csv
Ga3BN4,JVASP-35152,electron,2.5,5.1702e-05,Ga3BN4_JVASP-35152_e_srniel.csv
Ga3BN4,JVASP-35152,electron,3.0,5.6233e-05,Ga3BN4_JVASP-35152_e_srniel.csv
Ga3BN4,JVASP-35152,electron,3.5,6.0128e-05,Ga3BN4_JVASP-35152_e_srniel.csv
Ga3BN4,JVASP-35152,electron,4.0,6.3537e-05,Ga3BN4_JVASP-35152_e_srniel.csv
Ga3BN4,JVASP-35152,electron,4.5,6.6559e-05,Ga3BN4_JVASP-35152_e_srniel.csv
Ga3BN4,JVASP-35152,electron,5.0,6.9269e-05,Ga3BN4_JVASP-35152_e_srniel.csv
Ga3BN4,JVASP-35152,electron,5.5,7.1721e-05,Ga3BN4_JVASP-35152_e_srniel.csv
Ga3BN4,JVASP-35152,electron,6.0,7.3955e-05,Ga3BN4_JVASP-35152_e_srniel.csv
Ga3BN4,JVASP-35152,electron,6.5,7.6005e-05,Ga3BN4_JVASP-35152_e_srniel.csv
Ga3BN4,JVASP-35152,electron,7.0,7.7896e-05,Ga3BN4_JVASP-35152_e_srniel.csv
Ga3BN4,JVASP-35152,electron,7.5,7.9648e-05,Ga3BN4_JVASP-35152_e_srniel.csv
Ga3BN4,JVASP-35152,electron,8.0,8.1278e-05,Ga3BN4_JVASP-35152_e_srniel.csv
Ga3BN4,JVASP-35152,electron,8.5,8.2801e-05,Ga3BN4_JVASP-35152_e_srniel.csv
Ga3BN4,JVASP-35152,electron,9.0,8.4227e-05,Ga3BN4_JVASP-35152_e_srniel.csv
Ga3BN4,JVASP-35152,electron,9.5,8.5568e-05,Ga3BN4_JVASP-35152_e_srniel.csv
Ga3BN4,JVASP-35152,electron,10.0,8.6831e-05,Ga3BN4_JVASP-35152_e_srniel.csv
Ga3BN4,JVASP-35152,electron,15.0,9.6411e-05,Ga3BN4_JVASP-35152_e_srniel.csv
Ga3BN4,JVASP-35152,electron,20.0,0.0001026,Ga3BN4_JVASP-35152_e_srniel.csv
Ga3BN4,JVASP-35152,electron,25.0,0.00010692,Ga3BN4_JVASP-35152_e_srniel.csv
Ga3BN4,JVASP-35152,electron,30.0,0.00011006,Ga3BN4_JVASP-35152_e_srniel.csv
Ga3BN4,JVASP-35152,electron,35.0,0.00011239,Ga3BN4_JVASP-35152_e_srniel.csv
Ga3BN4,JVASP-35152,electron,40.0,0.00011415,Ga3BN4_JVASP-35152_e_srniel.csv
Ga3BN4,JVASP-35152,electron,45.0,0.00011548,Ga3BN4_JVASP-35152_e_srniel.csv
Ga3BN4,JVASP-35152,electron,50.0,0.0001165,Ga3BN4_JVASP-35152_e_srniel.csv
Ga3BN4,JVASP-35152,electron,55.0,0.00011729,Ga3BN4_JVASP-35152_e_srniel.csv
Ga3BN4,JVASP-35152,electron,60.0,0.00011789,Ga3BN4_JVASP-35152_e_srniel.csv
Ga3BN4,JVASP-35152,electron,65.0,0.00011834,Ga3BN4_JVASP-35152_e_srniel.csv
Ga3BN4,JVASP-35152,electron,70.0,0.00011869,Ga3BN4_JVASP-35152_e_srniel.csv
Ga3BN4,JVASP-35152,electron,75.0,0.00011896,Ga3BN4_JVASP-35152_e_srniel.csv
Ga3BN4,JVASP-35152,electron,80.0,0.00011915,Ga3BN4_JVASP-35152_e_srniel.csv
Ga3BN4,JVASP-35152,electron,85.0,0.0001193,Ga3BN4_JVASP-35152_e_srniel.csv
Ga3BN4,JVASP-35152,electron,90.0,0.0001194,Ga3BN4_JVASP-35152_e_srniel.csv
Ga3BN4,JVASP-35152,electron,95.0,0.00011947,Ga3BN4_JVASP-35152_e_srniel.csv
Ga3BN4,JVASP-35152,electron,100.0,0.00011952,Ga3BN4_JVASP-35152_e_srniel.csv
Ga3BN4,JVASP-35152,proton,0.0001,3.0977,Ga3BN4_JVASP-35152_p_srniel.csv
Ga3BN4,JVASP-35152,proton,0.00015,3.7297,Ga3BN4_JVASP-35152_p_srniel.csv
Ga3BN4,JVASP-35152,proton,0.0002,4.0536,Ga3BN4_JVASP-35152_p_srniel.csv
Ga3BN4,JVASP-35152,proton,0.00025,4.4361,Ga3BN4_JVASP-35152_p_srniel.csv
Ga3BN4,JVASP-35152,proton,0.0003,4.6723,Ga3BN4_JVASP-35152_p_srniel.csv
Ga3BN4,JVASP-35152,proton,0.00035,4.8203,Ga3BN4_JVASP-35152_p_srniel.csv
Ga3BN4,JVASP-35152,proton,0.0004,4.9117,Ga3BN4_JVASP-35152_p_srniel.csv
Ga3BN4,JVASP-35152,proton,0.00045,4.9654,Ga3BN4_JVASP-35152_p_srniel.csv
Ga3BN4,JVASP-35152,proton,0.0005,4.9929,Ga3BN4_JVASP-35152_p_srniel.csv
Ga3BN4,JVASP-35152,proton,0.00055,5.0021,Ga3BN4_JVASP-35152_p_srniel.csv
Ga3BN4,JVASP-35152,proton,0.0006,4.998,Ga3BN4_JVASP-35152_p_srniel.csv
Ga3BN4,JVASP-35152,proton,0.00065,4.9843,Ga3BN4_JVASP-35152_p_srniel.csv
Ga3BN4,JVASP-35152,proton,0.0007,4.9636,Ga3BN4_JVASP-35152_p_srniel.csv
Ga3BN4,JVASP-35152,proton,0.00075,4.9376,Ga3BN4_JVASP-35152_p_srniel.csv
Ga3BN4,JVASP-35152,proton,0.0008,4.9079,Ga3BN4_JVASP-35152_p_srniel.csv
Ga3BN4,JVASP-35152,proton,0.00085,4.8753,Ga3BN4_JVASP-35152_p_srniel.csv
Ga3BN4,JVASP-35152,proton,0.0009,4.8408,Ga3BN4_JVASP-35152_p_srniel.csv
Ga3BN4,JVASP-35152,proton,0.00095,4.8048,Ga3BN4_JVASP-35152_p_srniel.csv
Ga3BN4,JVASP-35152,proton,0.001,4.7678,Ga3BN4_JVASP-35152_p_srniel.csv
Ga3BN4,JVASP-35152,proton,0.0015,4.3938,Ga3BN4_JVASP-35152_p_srniel.csv
Ga3BN4,JVASP-35152,proton,0.002,4.0625,Ga3BN4_JVASP-35152_p_srniel.csv
Ga3BN4,JVASP-35152,proton,0.0025,3.782,Ga3BN4_JVASP-35152_p_srniel.csv
Ga3BN4,JVASP-35152,proton,0.003,3.5437,Ga3BN4_JVASP-35152_p_srniel.csv
Ga3BN4,JVASP-35152,proton,0.0035,3.3388,Ga3BN4_JVASP-35152_p_srniel.csv
Ga3BN4,JVASP-35152,proton,0.004,3.1606,Ga3BN4_JVASP-35152_p_srniel.csv
Ga3BN4,JVASP-35152,proton,0.0045,3.004,Ga3BN4_JVASP-35152_p_srniel.csv
Ga3BN4,JVASP-35152,proton,0.005,2.8649,Ga3BN4_JVASP-35152_p_srniel.csv
Ga3BN4,JVASP-35152,proton,0.0055,2.7405,Ga3BN4_JVASP-35152_p_srniel.csv
Ga3BN4,JVASP-35152,proton,0.006,2.6283,Ga3BN4_JVASP-35152_p_srniel.csv
Ga3BN4,JVASP-35152,proton,0.0065,2.5265,Ga3BN4_JVASP-35152_p_srniel.csv
Ga3BN4,JVASP-35152,proton,0.007,2.4336,Ga3BN4_JVASP-35152_p_srniel.csv
Ga3BN4,JVASP-35152,proton,0.0075,2.3485,Ga3BN4_JVASP-35152_p_srniel.csv
Ga3BN4,JVASP-35152,proton,0.008,2.2701,Ga3BN4_JVASP-35152_p_srniel.csv
Ga3BN4,JVASP-35152,proton,0.0085,2.1976,Ga3BN4_JVASP-35152_p_srniel.csv
Ga3BN4,JVASP-35152,proton,0.009,2.1303,Ga3BN4_JVASP-35152_p_srniel.csv
Ga3BN4,JVASP-35152,proton,0.0095,2.0676,Ga3BN4_JVASP-35152_p_srniel.csv
Ga3BN4,JVASP-35152,proton,0.01,2.0091,Ga3BN4_JVASP-35152_p_srniel.csv
Ga3BN4,JVASP-35152,proton,0.015,1.5811,Ga3BN4_JVASP-35152_p_srniel.csv
Ga3BN4,JVASP-35152,proton,0.02,1.317,Ga3BN4_JVASP-35152_p_srniel.csv
Ga3BN4,JVASP-35152,proton,0.025,1.1352,Ga3BN4_JVASP-35152_p_srniel.csv
Ga3BN4,JVASP-35152,proton,0.03,1.0015,Ga3BN4_JVASP-35152_p_srniel.csv
Ga3BN4,JVASP-35152,proton,0.035,0.89826,Ga3BN4_JVASP-35152_p_srniel.csv
Ga3BN4,JVASP-35152,proton,0.04,0.81602,Ga3BN4_JVASP-35152_p_srniel.csv
Ga3BN4,JVASP-35152,proton,0.045,0.74872,Ga3BN4_JVASP-35152_p_srniel.csv
Ga3BN4,JVASP-35152,proton,0.05,0.69235,Ga3BN4_JVASP-35152_p_srniel.csv
Ga3BN4,JVASP-35152,proton,0.055,0.64462,Ga3BN4_JVASP-35152_p_srniel.csv
Ga3BN4,JVASP-35152,proton,0.06,0.60362,Ga3BN4_JVASP-35152_p_srniel.csv
Ga3BN4,JVASP-35152,proton,0.065,0.56798,Ga3BN4_JVASP-35152_p_srniel.csv
Ga3BN4,JVASP-35152,proton,0.07,0.53667,Ga3BN4_JVASP-35152_p_srniel.csv
Ga3BN4,JVASP-35152,proton,0.075,0.50892,Ga3BN4_JVASP-35152_p_srniel.csv
Ga3BN4,JVASP-35152,proton,0.08,0.48415,Ga3BN4_JVASP-35152_p_srniel.csv
Ga3BN4,JVASP-35152,proton,0.085,0.46188,Ga3BN4_JVASP-35152_p_srniel.csv
Ga3BN4,JVASP-35152,proton,0.09,0.44171,Ga3BN4_JVASP-35152_p_srniel.csv
Ga3BN4,JVASP-35152,proton,0.095,0.42332,Ga3BN4_JVASP-35152_p_srniel.csv
Ga3BN4,JVASP-35152,proton,0.1,0.40653,Ga3BN4_JVASP-35152_p_srniel.csv
Ga3BN4,JVASP-35152,proton,0.15,0.29313,Ga3BN4_JVASP-35152_p_srniel.csv
Ga3BN4,JVASP-35152,proton,0.2,0.23033,Ga3BN4_JVASP-35152_p_srniel.csv
Ga3BN4,JVASP-35152,proton,0.25,0.19056,Ga3BN4_JVASP-35152_p_srniel.csv
Ga3BN4,JVASP-35152,proton,0.3,0.16317,Ga3BN4_JVASP-35152_p_srniel.csv
Ga3BN4,JVASP-35152,proton,0.35,0.14309,Ga3BN4_JVASP-35152_p_srniel.csv
Ga3BN4,JVASP-35152,proton,0.4,0.12769,Ga3BN4_JVASP-35152_p_srniel.csv
Ga3BN4,JVASP-35152,proton,0.45,0.11549,Ga3BN4_JVASP-35152_p_srniel.csv
Ga3BN4,JVASP-35152,proton,0.5,0.10556,Ga3BN4_JVASP-35152_p_srniel.csv
Ga3BN4,JVASP-35152,proton,0.55,0.09732,Ga3BN4_JVASP-35152_p_srniel.csv
Ga3BN4,JVASP-35152,proton,0.6,0.090357,Ga3BN4_JVASP-35152_p_srniel.csv
Ga3BN4,JVASP-35152,proton,0.65,0.084392,Ga3BN4_JVASP-35152_p_srniel.csv
Ga3BN4,JVASP-35152,proton,0.7,0.07891,Ga3BN4_JVASP-35152_p_srniel.csv
Ga3BN4,JVASP-35152,proton,0.75,0.074091,Ga3BN4_JVASP-35152_p_srniel.csv
Ga3BN4,JVASP-35152,proton,0.8,0.069843,Ga3BN4_JVASP-35152_p_srniel.csv
Ga3BN4,JVASP-35152,proton,0.85,0.066071,Ga3BN4_JVASP-35152_p_srniel.csv
Ga3BN4,JVASP-35152,proton,0.9,0.062697,Ga3BN4_JVASP-35152_p_srniel.csv
Ga3BN4,JVASP-35152,proton,0.95,0.059662,Ga3BN4_JVASP-35152_p_srniel.csv
Ga3BN4,JVASP-35152,proton,1.0,0.056915,Ga3BN4_JVASP-35152_p_srniel.csv
Ga3BN4,JVASP-35152,proton,1.5,0.039154,Ga3BN4_JVASP-35152_p_srniel.csv
Ga3BN4,JVASP-35152,proton,2.0,0.029985,Ga3BN4_JVASP-35152_p_srniel.csv
Ga3BN4,JVASP-35152,proton,2.5,0.024363,Ga3BN4_JVASP-35152_p_srniel.csv
Ga3BN4,JVASP-35152,proton,3.0,0.020553,Ga3BN4_JVASP-35152_p_srniel.csv
Ga3BN4,JVASP-35152,proton,3.5,0.017806,Ga3BN4_JVASP-35152_p_srniel.csv
Ga3BN4,JVASP-35152,proton,4.0,0.015813,Ga3BN4_JVASP-35152_p_srniel.csv
Ga3BN4,JVASP-35152,proton,4.5,0.014259,Ga3BN4_JVASP-35152_p_srniel.csv
Ga3BN4,JVASP-35152,proton,5.0,0.013015,Ga3BN4_JVASP-35152_p_srniel.csv
Ga3BN4,JVASP-35152,proton,5.5,0.012007,Ga3BN4_JVASP-35152_p_srniel.csv
Ga3BN4,JVASP-35152,proton,6.0,0.011173,Ga3BN4_JVASP-35152_p_srniel.csv
Ga3BN4,JVASP-35152,proton,6.5,0.010476,Ga3BN4_JVASP-35152_p_srniel.csv
Ga3BN4,JVASP-35152,proton,7.0,0.0098873,Ga3BN4_JVASP-35152_p_srniel.csv
Ga3BN4,JVASP-35152,proton,7.5,0.009385,Ga3BN4_JVASP-35152_p_srniel.csv
Ga3BN4,JVASP-35152,proton,8.0,0.0089508,Ga3BN4_JVASP-35152_p_srniel.csv
Ga3BN4,JVASP-35152,proton,8.5,0.0085705,Ga3BN4_JVASP-35152_p_srniel.csv
Ga3BN4,JVASP-35152,proton,9.0,0.0082335,Ga3BN4_JVASP-35152_p_srniel.csv
Ga3BN4,JVASP-35152,proton,9.5,0.0079323,Ga3BN4_JVASP-35152_p_srniel.csv
Ga3BN4,JVASP-35152,proton,10.0,0.007661,Ga3BN4_JVASP-35152_p_srniel.csv
Ga3BN4,JVASP-35152,proton,15.0,0.0059753,Ga3BN4_JVASP-35152_p_srniel.csv
Ga3BN4,JVASP-35152,proton,20.0,0.0052435,Ga3BN4_JVASP-35152_p_srniel.csv
Ga3BN4,JVASP-35152,proton,25.0,0.0048675,Ga3BN4_JVASP-35152_p_srniel.csv
Ga3BN4,JVASP-35152,proton,30.0,0.0046097,Ga3BN4_JVASP-35152_p_srniel.csv
Ga3BN4,JVASP-35152,proton,35.0,0.004389,Ga3BN4_JVASP-35152_p_srniel.csv
Ga3BN4,JVASP-35152,proton,40.0,0.0041887,Ga3BN4_JVASP-35152_p_srniel.csv
Ga3BN4,JVASP-35152,proton,45.0,0.0040101,Ga3BN4_JVASP-35152_p_srniel.csv
Ga3BN4,JVASP-35152,proton,50.0,0.0038553,Ga3BN4_JVASP-35152_p_srniel.csv
Ga3BN4,JVASP-35152,proton,55.0,0.003724,Ga3BN4_JVASP-35152_p_srniel.csv
Ga3BN4,JVASP-35152,proton,60.0,0.0036136,Ga3BN4_JVASP-35152_p_srniel.csv
Ga3BN4,JVASP-35152,proton,65.0,0.0035211,Ga3BN4_JVASP-35152_p_srniel.csv
Ga3BN4,JVASP-35152,proton,70.0,0.003443,Ga3BN4_JVASP-35152_p_srniel.csv
Ga3BN4,JVASP-35152,proton,75.0,0.0033763,Ga3BN4_JVASP-35152_p_srniel.csv
Ga3BN4,JVASP-35152,proton,80.0,0.0033184,Ga3BN4_JVASP-35152_p_srniel.csv
Ga3BN4,JVASP-35152,proton,85.0,0.0032672,Ga3BN4_JVASP-35152_p_srniel.csv
Ga3BN4,JVASP-35152,proton,90.0,0.0032211,Ga3BN4_JVASP-35152_p_srniel.csv
Ga3BN4,JVASP-35152,proton,95.0,0.0031787,Ga3BN4_JVASP-35152_p_srniel.csv
Ga3BN4,JVASP-35152,proton,100.0,0.0031392,Ga3BN4_JVASP-35152_p_srniel.csv
Ga3BN4,JVASP-35152,proton,150.0,0.0028219,Ga3BN4_JVASP-35152_p_srniel.csv
Ga3BN4,JVASP-35152,proton,200.0,0.0026144,Ga3BN4_JVASP-35152_p_srniel.csv
Ga3BN4,JVASP-35152,proton,250.0,0.0025086,Ga3BN4_JVASP-35152_p_srniel.csv
Ga3BN4,JVASP-35152,proton,300.0,0.0024708,Ga3BN4_JVASP-35152_p_srniel.csv
Ga3BN4,JVASP-35152,proton,350.0,0.0024703,Ga3BN4_JVASP-35152_p_srniel.csv
Ga3BN4,JVASP-35152,proton,400.0,0.0024887,Ga3BN4_JVASP-35152_p_srniel.csv
Ga3BN4,JVASP-35152,proton,450.0,0.0025165,Ga3BN4_JVASP-35152_p_srniel.csv
Ga3BN4,JVASP-35152,proton,500.0,0.0025491,Ga3BN4_JVASP-35152_p_srniel.csv
Ga3BN4,JVASP-35152,proton,550.0,0.0025838,Ga3BN4_JVASP-35152_p_srniel.csv
Ga3BN4,JVASP-35152,proton,600.0,0.0026181,Ga3BN4_JVASP-35152_p_srniel.csv
Ga3BN4,JVASP-35152,proton,650.0,0.0026489,Ga3BN4_JVASP-35152_p_srniel.csv
Ga3BN4,JVASP-35152,proton,700.0,0.0026731,Ga3BN4_JVASP-35152_p_srniel.csv
Ga3BN4,JVASP-35152,proton,750.0,0.002688,Ga3BN4_JVASP-35152_p_srniel.csv
Ga3BN4,JVASP-35152,proton,800.0,0.0026923,Ga3BN4_JVASP-35152_p_srniel.csv
Ga3BN4,JVASP-35152,proton,850.0,0.0026874,Ga3BN4_JVASP-35152_p_srniel.csv
Ga3BN4,JVASP-35152,proton,900.0,0.0026773,Ga3BN4_JVASP-35152_p_srniel.csv
Ga3BN4,JVASP-35152,proton,950.0,0.0026698,Ga3BN4_JVASP-35152_p_srniel.csv
Ga3BN4,JVASP-35152,proton,1000.0,0.0026765,Ga3BN4_JVASP-35152_p_srniel.csv
GaAgP2Se6,JVASP-27498,electron,0.04,1.7675e-06,GaAgP2Se6_JVASP-27498_e_srniel.csv
GaAgP2Se6,JVASP-27498,electron,0.045,2.6873e-06,GaAgP2Se6_JVASP-27498_e_srniel.csv
GaAgP2Se6,JVASP-27498,electron,0.05,3.3399e-06,GaAgP2Se6_JVASP-27498_e_srniel.csv
GaAgP2Se6,JVASP-27498,electron,0.055,3.814e-06,GaAgP2Se6_JVASP-27498_e_srniel.csv
GaAgP2Se6,JVASP-27498,electron,0.06,4.1648e-06,GaAgP2Se6_JVASP-27498_e_srniel.csv
GaAgP2Se6,JVASP-27498,electron,0.065,4.4281e-06,GaAgP2Se6_JVASP-27498_e_srniel.csv
GaAgP2Se6,JVASP-27498,electron,0.07,4.6279e-06,GaAgP2Se6_JVASP-27498_e_srniel.csv
GaAgP2Se6,JVASP-27498,electron,0.075,4.7808e-06,GaAgP2Se6_JVASP-27498_e_srniel.csv
GaAgP2Se6,JVASP-27498,electron,0.08,4.8984e-06,GaAgP2Se6_JVASP-27498_e_srniel.csv
GaAgP2Se6,JVASP-27498,electron,0.085,5.3701e-06,GaAgP2Se6_JVASP-27498_e_srniel.csv
GaAgP2Se6,JVASP-27498,electron,0.09,7.7824e-06,GaAgP2Se6_JVASP-27498_e_srniel.csv
GaAgP2Se6,JVASP-27498,electron,0.095,9.8672e-06,GaAgP2Se6_JVASP-27498_e_srniel.csv
GaAgP2Se6,JVASP-27498,electron,0.1,1.1686e-05,GaAgP2Se6_JVASP-27498_e_srniel.csv
GaAgP2Se6,JVASP-27498,electron,0.15,2.2032e-05,GaAgP2Se6_JVASP-27498_e_srniel.csv
GaAgP2Se6,JVASP-27498,electron,0.2,2.7279e-05,GaAgP2Se6_JVASP-27498_e_srniel.csv
GaAgP2Se6,JVASP-27498,electron,0.25,3.0428e-05,GaAgP2Se6_JVASP-27498_e_srniel.csv
GaAgP2Se6,JVASP-27498,electron,0.3,3.2693e-05,GaAgP2Se6_JVASP-27498_e_srniel.csv
GaAgP2Se6,JVASP-27498,electron,0.35,3.452e-05,GaAgP2Se6_JVASP-27498_e_srniel.csv
GaAgP2Se6,JVASP-27498,electron,0.4,3.6098e-05,GaAgP2Se6_JVASP-27498_e_srniel.csv
GaAgP2Se6,JVASP-27498,electron,0.45,3.7517e-05,GaAgP2Se6_JVASP-27498_e_srniel.csv
GaAgP2Se6,JVASP-27498,electron,0.5,3.8826e-05,GaAgP2Se6_JVASP-27498_e_srniel.csv
GaAgP2Se6,JVASP-27498,electron,0.55,4.0051e-05,GaAgP2Se6_JVASP-27498_e_srniel.csv
GaAgP2Se6,JVASP-27498,electron,0.6,4.121e-05,GaAgP2Se6_JVASP-27498_e_srniel.csv
GaAgP2Se6,JVASP-27498,electron,0.65,4.2314e-05,GaAgP2Se6_JVASP-27498_e_srniel.csv
GaAgP2Se6,JVASP-27498,electron,0.7,4.337e-05,GaAgP2Se6_JVASP-27498_e_srniel.csv
GaAgP2Se6,JVASP-27498,electron,0.75,4.4385e-05,GaAgP2Se6_JVASP-27498_e_srniel.csv
GaAgP2Se6,JVASP-27498,electron,0.8,4.5362e-05,GaAgP2Se6_JVASP-27498_e_srniel.csv
GaAgP2Se6,JVASP-27498,electron,0.85,4.6305e-05,GaAgP2Se6_JVASP-27498_e_srniel.csv
GaAgP2Se6,JVASP-27498,electron,0.9,4.7218e-05,GaAgP2Se6_JVASP-27498_e_srniel.csv
GaAgP2Se6,JVASP-27498,electron,0.95,4.8102e-05,GaAgP2Se6_JVASP-27498_e_srniel.csv
GaAgP2Se6,JVASP-27498,electron,1.0,4.8959e-05,GaAgP2Se6_JVASP-27498_e_srniel.csv
GaAgP2Se6,JVASP-27498,electron,1.5,5.6369e-05,GaAgP2Se6_JVASP-27498_e_srniel.csv
GaAgP2Se6,JVASP-27498,electron,2.0,6.2258e-05,GaAgP2Se6_JVASP-27498_e_srniel.csv
GaAgP2Se6,JVASP-27498,electron,2.5,6.7128e-05,GaAgP2Se6_JVASP-27498_e_srniel.csv
GaAgP2Se6,JVASP-27498,electron,3.0,7.1265e-05,GaAgP2Se6_JVASP-27498_e_srniel.csv
GaAgP2Se6,JVASP-27498,electron,3.5,7.4851e-05,GaAgP2Se6_JVASP-27498_e_srniel.csv
GaAgP2Se6,JVASP-27498,electron,4.0,7.8009e-05,GaAgP2Se6_JVASP-27498_e_srniel.csv
GaAgP2Se6,JVASP-27498,electron,4.5,8.0823e-05,GaAgP2Se6_JVASP-27498_e_srniel.csv
GaAgP2Se6,JVASP-27498,electron,5.0,8.3358e-05,GaAgP2Se6_JVASP-27498_e_srniel.csv
GaAgP2Se6,JVASP-27498,electron,5.5,8.566e-05,GaAgP2Se6_JVASP-27498_e_srniel.csv
GaAgP2Se6,JVASP-27498,electron,6.0,8.7766e-05,GaAgP2Se6_JVASP-27498_e_srniel.csv
GaAgP2Se6,JVASP-27498,electron,6.5,8.9703e-05,GaAgP2Se6_JVASP-27498_e_srniel.csv
GaAgP2Se6,JVASP-27498,electron,7.0,9.1496e-05,GaAgP2Se6_JVASP-27498_e_srniel.csv
GaAgP2Se6,JVASP-27498,electron,7.5,9.3162e-05,GaAgP2Se6_JVASP-27498_e_srniel.csv
GaAgP2Se6,JVASP-27498,electron,8.0,9.4716e-05,GaAgP2Se6_JVASP-27498_e_srniel.csv
GaAgP2Se6,JVASP-27498,electron,8.5,9.6172e-05,GaAgP2Se6_JVASP-27498_e_srniel.csv
GaAgP2Se6,JVASP-27498,electron,9.0,9.7538e-05,GaAgP2Se6_JVASP-27498_e_srniel.csv
GaAgP2Se6,JVASP-27498,electron,9.5,9.8825e-05,GaAgP2Se6_JVASP-27498_e_srniel.csv
GaAgP2Se6,JVASP-27498,electron,10.0,0.00010004,GaAgP2Se6_JVASP-27498_e_srniel.csv
GaAgP2Se6,JVASP-27498,electron,15.0,0.00010935,GaAgP2Se6_JVASP-27498_e_srniel.csv
GaAgP2Se6,JVASP-27498,electron,20.0,0.00011545,GaAgP2Se6_JVASP-27498_e_srniel.csv
GaAgP2Se6,JVASP-27498,electron,25.0,0.00011973,GaAgP2Se6_JVASP-27498_e_srniel.csv
GaAgP2Se6,JVASP-27498,electron,30.0,0.00012285,GaAgP2Se6_JVASP-27498_e_srniel.csv
GaAgP2Se6,JVASP-27498,electron,35.0,0.00012515,GaAgP2Se6_JVASP-27498_e_srniel.csv
GaAgP2Se6,JVASP-27498,electron,40.0,0.00012686,GaAgP2Se6_JVASP-27498_e_srniel.csv
GaAgP2Se6,JVASP-27498,electron,45.0,0.00012814,GaAgP2Se6_JVASP-27498_e_srniel.csv
GaAgP2Se6,JVASP-27498,electron,50.0,0.0001291,GaAgP2Se6_JVASP-27498_e_srniel.csv
GaAgP2Se6,JVASP-27498,electron,55.0,0.00012981,GaAgP2Se6_JVASP-27498_e_srniel.csv
GaAgP2Se6,JVASP-27498,electron,60.0,0.00013033,GaAgP2Se6_JVASP-27498_e_srniel.csv
GaAgP2Se6,JVASP-27498,electron,65.0,0.00013071,GaAgP2Se6_JVASP-27498_e_srniel.csv
GaAgP2Se6,JVASP-27498,electron,70.0,0.00013098,GaAgP2Se6_JVASP-27498_e_srniel.csv
GaAgP2Se6,JVASP-27498,electron,75.0,0.00013117,GaAgP2Se6_JVASP-27498_e_srniel.csv
GaAgP2Se6,JVASP-27498,electron,80.0,0.00013129,GaAgP2Se6_JVASP-27498_e_srniel.csv
GaAgP2Se6,JVASP-27498,electron,85.0,0.00013136,GaAgP2Se6_JVASP-27498_e_srniel.csv
GaAgP2Se6,JVASP-27498,electron,90.0,0.00013139,GaAgP2Se6_JVASP-27498_e_srniel.csv
GaAgP2Se6,JVASP-27498,electron,95.0,0.0001314,GaAgP2Se6_JVASP-27498_e_srniel.csv
GaAgP2Se6,JVASP-27498,electron,100.0,0.00013138,GaAgP2Se6_JVASP-27498_e_srniel.csv
GaAgP2Se6,JVASP-27498,proton,0.0001,0.98839,GaAgP2Se6_JVASP-27498_p_srniel.csv
GaAgP2Se6,JVASP-27498,proton,0.00015,1.4185,GaAgP2Se6_JVASP-27498_p_srniel.csv
GaAgP2Se6,JVASP-27498,proton,0.0002,1.6953,GaAgP2Se6_JVASP-27498_p_srniel.csv
GaAgP2Se6,JVASP-27498,proton,0.00025,1.8906,GaAgP2Se6_JVASP-27498_p_srniel.csv
GaAgP2Se6,JVASP-27498,proton,0.0003,2.0359,GaAgP2Se6_JVASP-27498_p_srniel.csv
GaAgP2Se6,JVASP-27498,proton,0.00035,2.1477,GaAgP2Se6_JVASP-27498_p_srniel.csv
GaAgP2Se6,JVASP-27498,proton,0.0004,2.2358,GaAgP2Se6_JVASP-27498_p_srniel.csv
GaAgP2Se6,JVASP-27498,proton,0.00045,2.3064,GaAgP2Se6_JVASP-27498_p_srniel.csv
GaAgP2Se6,JVASP-27498,proton,0.0005,2.3636,GaAgP2Se6_JVASP-27498_p_srniel.csv
GaAgP2Se6,JVASP-27498,proton,0.00055,2.4104,GaAgP2Se6_JVASP-27498_p_srniel.csv
GaAgP2Se6,JVASP-27498,proton,0.0006,2.4489,GaAgP2Se6_JVASP-27498_p_srniel.csv
GaAgP2Se6,JVASP-27498,proton,0.00065,2.4806,GaAgP2Se6_JVASP-27498_p_srniel.csv
GaAgP2Se6,JVASP-27498,proton,0.0007,2.5067,GaAgP2Se6_JVASP-27498_p_srniel.csv
GaAgP2Se6,JVASP-27498,proton,0.00075,2.5283,GaAgP2Se6_JVASP-27498_p_srniel.csv
GaAgP2Se6,JVASP-27498,proton,0.0008,2.5459,GaAgP2Se6_JVASP-27498_p_srniel.csv
GaAgP2Se6,JVASP-27498,proton,0.00085,2.5603,GaAgP2Se6_JVASP-27498_p_srniel.csv
GaAgP2Se6,JVASP-27498,proton,0.0009,2.5719,GaAgP2Se6_JVASP-27498_p_srniel.csv
GaAgP2Se6,JVASP-27498,proton,0.00095,2.5811,GaAgP2Se6_JVASP-27498_p_srniel.csv
GaAgP2Se6,JVASP-27498,proton,0.001,2.5882,GaAgP2Se6_JVASP-27498_p_srniel.csv
GaAgP2Se6,JVASP-27498,proton,0.0015,2.5895,GaAgP2Se6_JVASP-27498_p_srniel.csv
GaAgP2Se6,JVASP-27498,proton,0.002,2.5325,GaAgP2Se6_JVASP-27498_p_srniel.csv
GaAgP2Se6,JVASP-27498,proton,0.0025,2.4576,GaAgP2Se6_JVASP-27498_p_srniel.csv
GaAgP2Se6,JVASP-27498,proton,0.003,2.3784,GaAgP2Se6_JVASP-27498_p_srniel.csv
GaAgP2Se6,JVASP-27498,proton,0.0035,2.3002,GaAgP2Se6_JVASP-27498_p_srniel.csv
GaAgP2Se6,JVASP-27498,proton,0.004,2.2253,GaAgP2Se6_JVASP-27498_p_srniel.csv
GaAgP2Se6,JVASP-27498,proton,0.0045,2.1544,GaAgP2Se6_JVASP-27498_p_srniel.csv
GaAgP2Se6,JVASP-27498,proton,0.005,2.0876,GaAgP2Se6_JVASP-27498_p_srniel.csv
GaAgP2Se6,JVASP-27498,proton,0.0055,2.0249,GaAgP2Se6_JVASP-27498_p_srniel.csv
GaAgP2Se6,JVASP-27498,proton,0.006,1.9661,GaAgP2Se6_JVASP-27498_p_srniel.csv
GaAgP2Se6,JVASP-27498,proton,0.0065,1.9108,GaAgP2Se6_JVASP-27498_p_srniel.csv
GaAgP2Se6,JVASP-27498,proton,0.007,1.8589,GaAgP2Se6_JVASP-27498_p_srniel.csv
GaAgP2Se6,JVASP-27498,proton,0.0075,1.8101,GaAgP2Se6_JVASP-27498_p_srniel.csv
GaAgP2Se6,JVASP-27498,proton,0.008,1.7641,GaAgP2Se6_JVASP-27498_p_srniel.csv
GaAgP2Se6,JVASP-27498,proton,0.0085,1.7207,GaAgP2Se6_JVASP-27498_p_srniel.csv
GaAgP2Se6,JVASP-27498,proton,0.009,1.6797,GaAgP2Se6_JVASP-27498_p_srniel.csv
GaAgP2Se6,JVASP-27498,proton,0.0095,1.6409,GaAgP2Se6_JVASP-27498_p_srniel.csv
GaAgP2Se6,JVASP-27498,proton,0.01,1.604,GaAgP2Se6_JVASP-27498_p_srniel.csv
GaAgP2Se6,JVASP-27498,proton,0.015,1.3186,GaAgP2Se6_JVASP-27498_p_srniel.csv
GaAgP2Se6,JVASP-27498,proton,0.02,1.1286,GaAgP2Se6_JVASP-27498_p_srniel.csv
GaAgP2Se6,JVASP-27498,proton,0.025,0.99177,GaAgP2Se6_JVASP-27498_p_srniel.csv
GaAgP2Se6,JVASP-27498,proton,0.03,0.88778,GaAgP2Se6_JVASP-27498_p_srniel.csv
GaAgP2Se6,JVASP-27498,proton,0.035,0.80569,GaAgP2Se6_JVASP-27498_p_srniel.csv
GaAgP2Se6,JVASP-27498,proton,0.04,0.73899,GaAgP2Se6_JVASP-27498_p_srniel.csv
GaAgP2Se6,JVASP-27498,proton,0.045,0.68357,GaAgP2Se6_JVASP-27498_p_srniel.csv
GaAgP2Se6,JVASP-27498,proton,0.05,0.63669,GaAgP2Se6_JVASP-27498_p_srniel.csv
GaAgP2Se6,JVASP-27498,proton,0.055,0.59645,GaAgP2Se6_JVASP-27498_p_srniel.csv
GaAgP2Se6,JVASP-27498,proton,0.06,0.56147,GaAgP2Se6_JVASP-27498_p_srniel.csv
GaAgP2Se6,JVASP-27498,proton,0.065,0.53075,GaAgP2Se6_JVASP-27498_p_srniel.csv
GaAgP2Se6,JVASP-27498,proton,0.07,0.50354,GaAgP2Se6_JVASP-27498_p_srniel.csv
GaAgP2Se6,JVASP-27498,proton,0.075,0.47923,GaAgP2Se6_JVASP-27498_p_srniel.csv
GaAgP2Se6,JVASP-27498,proton,0.08,0.45738,GaAgP2Se6_JVASP-27498_p_srniel.csv
GaAgP2Se6,JVASP-27498,proton,0.085,0.43761,GaAgP2Se6_JVASP-27498_p_srniel.csv
GaAgP2Se6,JVASP-27498,proton,0.09,0.41963,GaAgP2Se6_JVASP-27498_p_srniel.csv
GaAgP2Se6,JVASP-27498,proton,0.095,0.4032,GaAgP2Se6_JVASP-27498_p_srniel.csv
GaAgP2Se6,JVASP-27498,proton,0.1,0.38812,GaAgP2Se6_JVASP-27498_p_srniel.csv
GaAgP2Se6,JVASP-27498,proton,0.15,0.28541,GaAgP2Se6_JVASP-27498_p_srniel.csv
GaAgP2Se6,JVASP-27498,proton,0.2,0.228,GaAgP2Se6_JVASP-27498_p_srniel.csv
GaAgP2Se6,JVASP-27498,proton,0.25,0.19101,GaAgP2Se6_JVASP-27498_p_srniel.csv
GaAgP2Se6,JVASP-27498,proton,0.3,0.16556,GaAgP2Se6_JVASP-27498_p_srniel.csv
GaAgP2Se6,JVASP-27498,proton,0.35,0.14647,GaAgP2Se6_JVASP-27498_p_srniel.csv
GaAgP2Se6,JVASP-27498,proton,0.4,0.13166,GaAgP2Se6_JVASP-27498_p_srniel.csv
GaAgP2Se6,JVASP-27498,proton,0.45,0.11988,GaAgP2Se6_JVASP-27498_p_srniel.csv
GaAgP2Se6,JVASP-27498,proton,0.5,0.11024,GaAgP2Se6_JVASP-27498_p_srniel.csv
GaAgP2Se6,JVASP-27498,proton,0.55,0.10219,GaAgP2Se6_JVASP-27498_p_srniel.csv
GaAgP2Se6,JVASP-27498,proton,0.6,0.095349,GaAgP2Se6_JVASP-27498_p_srniel.csv
GaAgP2Se6,JVASP-27498,proton,0.65,0.089463,GaAgP2Se6_JVASP-27498_p_srniel.csv
GaAgP2Se6,JVASP-27498,proton,0.7,0.084285,GaAgP2Se6_JVASP-27498_p_srniel.csv
GaAgP2Se6,JVASP-27498,proton,0.75,0.079606,GaAgP2Se6_JVASP-27498_p_srniel.csv
GaAgP2Se6,JVASP-27498,proton,0.8,0.075208,GaAgP2Se6_JVASP-27498_p_srniel.csv
GaAgP2Se6,JVASP-27498,proton,0.85,0.071293,GaAgP2Se6_JVASP-27498_p_srniel.csv
GaAgP2Se6,JVASP-27498,proton,0.9,0.067783,GaAgP2Se6_JVASP-27498_p_srniel.csv
GaAgP2Se6,JVASP-27498,proton,0.95,0.064619,GaAgP2Se6_JVASP-27498_p_srniel.csv
GaAgP2Se6,JVASP-27498,proton,1.0,0.061751,GaAgP2Se6_JVASP-27498_p_srniel.csv
GaAgP2Se6,JVASP-27498,proton,1.5,0.042838,GaAgP2Se6_JVASP-27498_p_srniel.csv
GaAgP2Se6,JVASP-27498,proton,2.0,0.032928,GaAgP2Se6_JVASP-27498_p_srniel.csv
GaAgP2Se6,JVASP-27498,proton,2.5,0.026829,GaAgP2Se6_JVASP-27498_p_srniel.csv
GaAgP2Se6,JVASP-27498,proton,3.0,0.022693,GaAgP2Se6_JVASP-27498_p_srniel.csv
GaAgP2Se6,JVASP-27498,proton,3.5,0.019702,GaAgP2Se6_JVASP-27498_p_srniel.csv
GaAgP2Se6,JVASP-27498,proton,4.0,0.017437,GaAgP2Se6_JVASP-27498_p_srniel.csv
GaAgP2Se6,JVASP-27498,proton,4.5,0.015688,GaAgP2Se6_JVASP-27498_p_srniel.csv
GaAgP2Se6,JVASP-27498,proton,5.0,0.014318,GaAgP2Se6_JVASP-27498_p_srniel.csv
GaAgP2Se6,JVASP-27498,proton,5.5,0.013192,GaAgP2Se6_JVASP-27498_p_srniel.csv
GaAgP2Se6,JVASP-27498,proton,6.0,0.012246,GaAgP2Se6_JVASP-27498_p_srniel.csv
GaAgP2Se6,JVASP-27498,proton,6.5,0.011448,GaAgP2Se6_JVASP-27498_p_srniel.csv
GaAgP2Se6,JVASP-27498,proton,7.0,0.01077,GaAgP2Se6_JVASP-27498_p_srniel.csv
GaAgP2Se6,JVASP-27498,proton,7.5,0.01019,GaAgP2Se6_JVASP-27498_p_srniel.csv
GaAgP2Se6,JVASP-27498,proton,8.0,0.0096885,GaAgP2Se6_JVASP-27498_p_srniel.csv
GaAgP2Se6,JVASP-27498,proton,8.5,0.0092521,GaAgP2Se6_JVASP-27498_p_srniel.csv
GaAgP2Se6,JVASP-27498,proton,9.0,0.0088693,GaAgP2Se6_JVASP-27498_p_srniel.csv
GaAgP2Se6,JVASP-27498,proton,9.5,0.0085308,GaAgP2Se6_JVASP-27498_p_srniel.csv
GaAgP2Se6,JVASP-27498,proton,10.0,0.0082293,GaAgP2Se6_JVASP-27498_p_srniel.csv
GaAgP2Se6,JVASP-27498,proton,15.0,0.0063844,GaAgP2Se6_JVASP-27498_p_srniel.csv
GaAgP2Se6,JVASP-27498,proton,20.0,0.0055575,GaAgP2Se6_JVASP-27498_p_srniel.csv
GaAgP2Se6,JVASP-27498,proton,25.0,0.0051208,GaAgP2Se6_JVASP-27498_p_srniel.csv
GaAgP2Se6,JVASP-27498,proton,30.0,0.0048328,GaAgP2Se6_JVASP-27498_p_srniel.csv
GaAgP2Se6,JVASP-27498,proton,35.0,0.0046061,GaAgP2Se6_JVASP-27498_p_srniel.csv
GaAgP2Se6,JVASP-27498,proton,40.0,0.0044156,GaAgP2Se6_JVASP-27498_p_srniel.csv
GaAgP2Se6,JVASP-27498,proton,45.0,0.0042553,GaAgP2Se6_JVASP-27498_p_srniel.csv
GaAgP2Se6,JVASP-27498,proton,50.0,0.0041228,GaAgP2Se6_JVASP-27498_p_srniel.csv
GaAgP2Se6,JVASP-27498,proton,55.0,0.004015,GaAgP2Se6_JVASP-27498_p_srniel.csv
GaAgP2Se6,JVASP-27498,proton,60.0,0.0039282,GaAgP2Se6_JVASP-27498_p_srniel.csv
GaAgP2Se6,JVASP-27498,proton,65.0,0.0038585,GaAgP2Se6_JVASP-27498_p_srniel.csv
GaAgP2Se6,JVASP-27498,proton,70.0,0.0038022,GaAgP2Se6_JVASP-27498_p_srniel.csv
GaAgP2Se6,JVASP-27498,proton,75.0,0.0037559,GaAgP2Se6_JVASP-27498_p_srniel.csv
GaAgP2Se6,JVASP-27498,proton,80.0,0.003717,GaAgP2Se6_JVASP-27498_p_srniel.csv
GaAgP2Se6,JVASP-27498,proton,85.0,0.0036832,GaAgP2Se6_JVASP-27498_p_srniel.csv
GaAgP2Se6,JVASP-27498,proton,90.0,0.0036529,GaAgP2Se6_JVASP-27498_p_srniel.csv
GaAgP2Se6,JVASP-27498,proton,95.0,0.0036248,GaAgP2Se6_JVASP-27498_p_srniel.csv
GaAgP2Se6,JVASP-27498,proton,100.0,0.003598,GaAgP2Se6_JVASP-27498_p_srniel.csv
GaAgP2Se6,JVASP-27498,proton,150.0,0.0033517,GaAgP2Se6_JVASP-27498_p_srniel.csv
GaAgP2Se6,JVASP-27498,proton,200.0,0.003184,GaAgP2Se6_JVASP-27498_p_srniel.csv
GaAgP2Se6,JVASP-27498,proton,250.0,0.0031241,GaAgP2Se6_JVASP-27498_p_srniel.csv
GaAgP2Se6,JVASP-27498,proton,300.0,0.0031327,GaAgP2Se6_JVASP-27498_p_srniel.csv
GaAgP2Se6,JVASP-27498,proton,350.0,0.0031702,GaAgP2Se6_JVASP-27498_p_srniel.csv
GaAgP2Se6,JVASP-27498,proton,400.0,0.0032161,GaAgP2Se6_JVASP-27498_p_srniel.csv
GaAgP2Se6,JVASP-27498,proton,450.0,0.0032649,GaAgP2Se6_JVASP-27498_p_srniel.csv
GaAgP2Se6,JVASP-27498,proton,500.0,0.003318,GaAgP2Se6_JVASP-27498_p_srniel.csv
GaAgP2Se6,JVASP-27498,proton,550.0,0.0033773,GaAgP2Se6_JVASP-27498_p_srniel.csv
GaAgP2Se6,JVASP-27498,proton,600.0,0.0034427,GaAgP2Se6_JVASP-27498_p_srniel.csv
GaAgP2Se6,JVASP-27498,proton,650.0,0.003511,GaAgP2Se6_JVASP-27498_p_srniel.csv
GaAgP2Se6,JVASP-27498,proton,700.0,0.0035762,GaAgP2Se6_JVASP-27498_p_srniel.csv
GaAgP2Se6,JVASP-27498,proton,750.0,0.0036313,GaAgP2Se6_JVASP-27498_p_srniel.csv
GaAgP2Se6,JVASP-27498,proton,800.0,0.0036701,GaAgP2Se6_JVASP-27498_p_srniel.csv
GaAgP2Se6,JVASP-27498,proton,850.0,0.0036894,GaAgP2Se6_JVASP-27498_p_srniel.csv
GaAgP2Se6,JVASP-27498,proton,900.0,0.0036912,GaAgP2Se6_JVASP-27498_p_srniel.csv
GaAgP2Se6,JVASP-27498,proton,950.0,0.0036838,GaAgP2Se6_JVASP-27498_p_srniel.csv
GaAgP2Se6,JVASP-27498,proton,1000.0,0.0036828,GaAgP2Se6_JVASP-27498_p_srniel.csv
GaAgTeSe,JVASP-109402,electron,0.04,0.0,GaAgTeSe_JVASP-109402_e_srniel.csv
GaAgTeSe,JVASP-109402,electron,0.045,0.0,GaAgTeSe_JVASP-109402_e_srniel.csv
GaAgTeSe,JVASP-109402,electron,0.05,0.0,GaAgTeSe_JVASP-109402_e_srniel.csv
GaAgTeSe,JVASP-109402,electron,0.055,2.8791e-07,GaAgTeSe_JVASP-109402_e_srniel.csv
GaAgTeSe,JVASP-109402,electron,0.06,2.4453e-06,GaAgTeSe_JVASP-109402_e_srniel.csv
GaAgTeSe,JVASP-109402,electron,0.065,4.1384e-06,GaAgTeSe_JVASP-109402_e_srniel.csv
GaAgTeSe,JVASP-109402,electron,0.07,5.495e-06,GaAgTeSe_JVASP-109402_e_srniel.csv
GaAgTeSe,JVASP-109402,electron,0.075,6.601e-06,GaAgTeSe_JVASP-109402_e_srniel.csv
GaAgTeSe,JVASP-109402,electron,0.08,8.1055e-06,GaAgTeSe_JVASP-109402_e_srniel.csv
GaAgTeSe,JVASP-109402,electron,0.085,1.0077e-05,GaAgTeSe_JVASP-109402_e_srniel.csv
GaAgTeSe,JVASP-109402,electron,0.09,1.176e-05,GaAgTeSe_JVASP-109402_e_srniel.csv
GaAgTeSe,JVASP-109402,electron,0.095,1.3211e-05,GaAgTeSe_JVASP-109402_e_srniel.csv
GaAgTeSe,JVASP-109402,electron,0.1,1.4472e-05,GaAgTeSe_JVASP-109402_e_srniel.csv
GaAgTeSe,JVASP-109402,electron,0.15,2.148e-05,GaAgTeSe_JVASP-109402_e_srniel.csv
GaAgTeSe,JVASP-109402,electron,0.2,2.5332e-05,GaAgTeSe_JVASP-109402_e_srniel.csv
GaAgTeSe,JVASP-109402,electron,0.25,2.8796e-05,GaAgTeSe_JVASP-109402_e_srniel.csv
GaAgTeSe,JVASP-109402,electron,0.3,3.1345e-05,GaAgTeSe_JVASP-109402_e_srniel.csv
GaAgTeSe,JVASP-109402,electron,0.35,3.3416e-05,GaAgTeSe_JVASP-109402_e_srniel.csv
GaAgTeSe,JVASP-109402,electron,0.4,3.5201e-05,GaAgTeSe_JVASP-109402_e_srniel.csv
GaAgTeSe,JVASP-109402,electron,0.45,3.6796e-05,GaAgTeSe_JVASP-109402_e_srniel.csv
GaAgTeSe,JVASP-109402,electron,0.5,3.8251e-05,GaAgTeSe_JVASP-109402_e_srniel.csv
GaAgTeSe,JVASP-109402,electron,0.55,3.9601e-05,GaAgTeSe_JVASP-109402_e_srniel.csv
GaAgTeSe,JVASP-109402,electron,0.6,4.0864e-05,GaAgTeSe_JVASP-109402_e_srniel.csv
GaAgTeSe,JVASP-109402,electron,0.65,4.2056e-05,GaAgTeSe_JVASP-109402_e_srniel.csv
GaAgTeSe,JVASP-109402,electron,0.7,4.3187e-05,GaAgTeSe_JVASP-109402_e_srniel.csv
GaAgTeSe,JVASP-109402,electron,0.75,4.4266e-05,GaAgTeSe_JVASP-109402_e_srniel.csv
GaAgTeSe,JVASP-109402,electron,0.8,4.5297e-05,GaAgTeSe_JVASP-109402_e_srniel.csv
GaAgTeSe,JVASP-109402,electron,0.85,4.6287e-05,GaAgTeSe_JVASP-109402_e_srniel.csv
GaAgTeSe,JVASP-109402,electron,0.9,4.7239e-05,GaAgTeSe_JVASP-109402_e_srniel.csv
GaAgTeSe,JVASP-109402,electron,0.95,4.8156e-05,GaAgTeSe_JVASP-109402_e_srniel.csv
GaAgTeSe,JVASP-109402,electron,1.0,4.9042e-05,GaAgTeSe_JVASP-109402_e_srniel.csv
GaAgTeSe,JVASP-109402,electron,1.5,5.6575e-05,GaAgTeSe_JVASP-109402_e_srniel.csv
GaAgTeSe,JVASP-109402,electron,2.0,6.2457e-05,GaAgTeSe_JVASP-109402_e_srniel.csv
GaAgTeSe,JVASP-109402,electron,2.5,6.7278e-05,GaAgTeSe_JVASP-109402_e_srniel.csv
GaAgTeSe,JVASP-109402,electron,3.0,7.1351e-05,GaAgTeSe_JVASP-109402_e_srniel.csv
GaAgTeSe,JVASP-109402,electron,3.5,7.4868e-05,GaAgTeSe_JVASP-109402_e_srniel.csv
GaAgTeSe,JVASP-109402,electron,4.0,7.7956e-05,GaAgTeSe_JVASP-109402_e_srniel.csv
GaAgTeSe,JVASP-109402,electron,4.5,8.0702e-05,GaAgTeSe_JVASP-109402_e_srniel.csv
GaAgTeSe,JVASP-109402,electron,5.0,8.3171e-05,GaAgTeSe_JVASP-109402_e_srniel.csv
GaAgTeSe,JVASP-109402,electron,5.5,8.5409e-05,GaAgTeSe_JVASP-109402_e_srniel.csv
GaAgTeSe,JVASP-109402,electron,6.0,8.7454e-05,GaAgTeSe_JVASP-109402_e_srniel.csv
GaAgTeSe,JVASP-109402,electron,6.5,8.9333e-05,GaAgTeSe_JVASP-109402_e_srniel.csv
GaAgTeSe,JVASP-109402,electron,7.0,9.1068e-05,GaAgTeSe_JVASP-109402_e_srniel.csv
GaAgTeSe,JVASP-109402,electron,7.5,9.2679e-05,GaAgTeSe_JVASP-109402_e_srniel.csv
GaAgTeSe,JVASP-109402,electron,8.0,9.4181e-05,GaAgTeSe_JVASP-109402_e_srniel.csv
GaAgTeSe,JVASP-109402,electron,8.5,9.5584e-05,GaAgTeSe_JVASP-109402_e_srniel.csv
GaAgTeSe,JVASP-109402,electron,9.0,9.6901e-05,GaAgTeSe_JVASP-109402_e_srniel.csv
GaAgTeSe,JVASP-109402,electron,9.5,9.8139e-05,GaAgTeSe_JVASP-109402_e_srniel.csv
GaAgTeSe,JVASP-109402,electron,10.0,9.9307e-05,GaAgTeSe_JVASP-109402_e_srniel.csv
GaAgTeSe,JVASP-109402,electron,15.0,0.00010819,GaAgTeSe_JVASP-109402_e_srniel.csv
GaAgTeSe,JVASP-109402,electron,20.0,0.0001139,GaAgTeSe_JVASP-109402_e_srniel.csv
GaAgTeSe,JVASP-109402,electron,25.0,0.00011782,GaAgTeSe_JVASP-109402_e_srniel.csv
GaAgTeSe,JVASP-109402,electron,30.0,0.00012057,GaAgTeSe_JVASP-109402_e_srniel.csv
GaAgTeSe,JVASP-109402,electron,35.0,0.00012253,GaAgTeSe_JVASP-109402_e_srniel.csv
GaAgTeSe,JVASP-109402,electron,40.0,0.00012393,GaAgTeSe_JVASP-109402_e_srniel.csv
GaAgTeSe,JVASP-109402,electron,45.0,0.0001249,GaAgTeSe_JVASP-109402_e_srniel.csv
GaAgTeSe,JVASP-109402,electron,50.0,0.00012558,GaAgTeSe_JVASP-109402_e_srniel.csv
GaAgTeSe,JVASP-109402,electron,55.0,0.00012603,GaAgTeSe_JVASP-109402_e_srniel.csv
GaAgTeSe,JVASP-109402,electron,60.0,0.00012631,GaAgTeSe_JVASP-109402_e_srniel.csv
GaAgTeSe,JVASP-109402,electron,65.0,0.00012648,GaAgTeSe_JVASP-109402_e_srniel.csv
GaAgTeSe,JVASP-109402,electron,70.0,0.00012655,GaAgTeSe_JVASP-109402_e_srniel.csv
GaAgTeSe,JVASP-109402,electron,75.0,0.00012656,GaAgTeSe_JVASP-109402_e_srniel.csv
GaAgTeSe,JVASP-109402,electron,80.0,0.00012652,GaAgTeSe_JVASP-109402_e_srniel.csv
GaAgTeSe,JVASP-109402,electron,85.0,0.00012645,GaAgTeSe_JVASP-109402_e_srniel.csv
GaAgTeSe,JVASP-109402,electron,90.0,0.00012635,GaAgTeSe_JVASP-109402_e_srniel.csv
GaAgTeSe,JVASP-109402,electron,95.0,0.00012624,GaAgTeSe_JVASP-109402_e_srniel.csv
GaAgTeSe,JVASP-109402,electron,100.0,0.00012612,GaAgTeSe_JVASP-109402_e_srniel.csv
GaAgTeSe,JVASP-109402,proton,0.0001,0.48496,GaAgTeSe_JVASP-109402_p_srniel.csv
GaAgTeSe,JVASP-109402,proton,0.00015,0.74671,GaAgTeSe_JVASP-109402_p_srniel.csv
GaAgTeSe,JVASP-109402,proton,0.0002,0.94185,GaAgTeSe_JVASP-109402_p_srniel.csv
GaAgTeSe,JVASP-109402,proton,0.00025,1.0846,GaAgTeSe_JVASP-109402_p_srniel.csv
GaAgTeSe,JVASP-109402,proton,0.0003,1.1945,GaAgTeSe_JVASP-109402_p_srniel.csv
GaAgTeSe,JVASP-109402,proton,0.00035,1.2822,GaAgTeSe_JVASP-109402_p_srniel.csv
GaAgTeSe,JVASP-109402,proton,0.0004,1.3538,GaAgTeSe_JVASP-109402_p_srniel.csv
GaAgTeSe,JVASP-109402,proton,0.00045,1.4133,GaAgTeSe_JVASP-109402_p_srniel.csv
GaAgTeSe,JVASP-109402,proton,0.0005,1.4634,GaAgTeSe_JVASP-109402_p_srniel.csv
GaAgTeSe,JVASP-109402,proton,0.00055,1.5061,GaAgTeSe_JVASP-109402_p_srniel.csv
GaAgTeSe,JVASP-109402,proton,0.0006,1.5428,GaAgTeSe_JVASP-109402_p_srniel.csv
GaAgTeSe,JVASP-109402,proton,0.00065,1.5745,GaAgTeSe_JVASP-109402_p_srniel.csv
GaAgTeSe,JVASP-109402,proton,0.0007,1.6021,GaAgTeSe_JVASP-109402_p_srniel.csv
GaAgTeSe,JVASP-109402,proton,0.00075,1.6261,GaAgTeSe_JVASP-109402_p_srniel.csv
GaAgTeSe,JVASP-109402,proton,0.0008,1.6472,GaAgTeSe_JVASP-109402_p_srniel.csv
GaAgTeSe,JVASP-109402,proton,0.00085,1.6656,GaAgTeSe_JVASP-109402_p_srniel.csv
GaAgTeSe,JVASP-109402,proton,0.0009,1.6818,GaAgTeSe_JVASP-109402_p_srniel.csv
GaAgTeSe,JVASP-109402,proton,0.00095,1.6961,GaAgTeSe_JVASP-109402_p_srniel.csv
GaAgTeSe,JVASP-109402,proton,0.001,1.7086,GaAgTeSe_JVASP-109402_p_srniel.csv
GaAgTeSe,JVASP-109402,proton,0.0015,1.7725,GaAgTeSe_JVASP-109402_p_srniel.csv
GaAgTeSe,JVASP-109402,proton,0.002,1.778,GaAgTeSe_JVASP-109402_p_srniel.csv
GaAgTeSe,JVASP-109402,proton,0.0025,1.7593,GaAgTeSe_JVASP-109402_p_srniel.csv
GaAgTeSe,JVASP-109402,proton,0.003,1.7295,GaAgTeSe_JVASP-109402_p_srniel.csv
GaAgTeSe,JVASP-109402,proton,0.0035,1.6946,GaAgTeSe_JVASP-109402_p_srniel.csv
GaAgTeSe,JVASP-109402,proton,0.004,1.6577,GaAgTeSe_JVASP-109402_p_srniel.csv
GaAgTeSe,JVASP-109402,proton,0.0045,1.6204,GaAgTeSe_JVASP-109402_p_srniel.csv
GaAgTeSe,JVASP-109402,proton,0.005,1.5835,GaAgTeSe_JVASP-109402_p_srniel.csv
GaAgTeSe,JVASP-109402,proton,0.0055,1.5476,GaAgTeSe_JVASP-109402_p_srniel.csv
GaAgTeSe,JVASP-109402,proton,0.006,1.5128,GaAgTeSe_JVASP-109402_p_srniel.csv
GaAgTeSe,JVASP-109402,proton,0.0065,1.4793,GaAgTeSe_JVASP-109402_p_srniel.csv
GaAgTeSe,JVASP-109402,proton,0.007,1.4472,GaAgTeSe_JVASP-109402_p_srniel.csv
GaAgTeSe,JVASP-109402,proton,0.0075,1.4164,GaAgTeSe_JVASP-109402_p_srniel.csv
GaAgTeSe,JVASP-109402,proton,0.008,1.387,GaAgTeSe_JVASP-109402_p_srniel.csv
GaAgTeSe,JVASP-109402,proton,0.0085,1.3587,GaAgTeSe_JVASP-109402_p_srniel.csv
GaAgTeSe,JVASP-109402,proton,0.009,1.3317,GaAgTeSe_JVASP-109402_p_srniel.csv
GaAgTeSe,JVASP-109402,proton,0.0095,1.3059,GaAgTeSe_JVASP-109402_p_srniel.csv
GaAgTeSe,JVASP-109402,proton,0.01,1.2811,GaAgTeSe_JVASP-109402_p_srniel.csv
GaAgTeSe,JVASP-109402,proton,0.015,1.0811,GaAgTeSe_JVASP-109402_p_srniel.csv
GaAgTeSe,JVASP-109402,proton,0.02,0.94092,GaAgTeSe_JVASP-109402_p_srniel.csv
GaAgTeSe,JVASP-109402,proton,0.025,0.83671,GaAgTeSe_JVASP-109402_p_srniel.csv
GaAgTeSe,JVASP-109402,proton,0.03,0.75579,GaAgTeSe_JVASP-109402_p_srniel.csv
GaAgTeSe,JVASP-109402,proton,0.035,0.69086,GaAgTeSe_JVASP-109402_p_srniel.csv
GaAgTeSe,JVASP-109402,proton,0.04,0.63743,GaAgTeSe_JVASP-109402_p_srniel.csv
GaAgTeSe,JVASP-109402,proton,0.045,0.59258,GaAgTeSe_JVASP-109402_p_srniel.csv
GaAgTeSe,JVASP-109402,proton,0.05,0.55431,GaAgTeSe_JVASP-109402_p_srniel.csv
GaAgTeSe,JVASP-109402,proton,0.055,0.52121,GaAgTeSe_JVASP-109402_p_srniel.csv
GaAgTeSe,JVASP-109402,proton,0.06,0.49227,GaAgTeSe_JVASP-109402_p_srniel.csv
GaAgTeSe,JVASP-109402,proton,0.065,0.46671,GaAgTeSe_JVASP-109402_p_srniel.csv
GaAgTeSe,JVASP-109402,proton,0.07,0.44395,GaAgTeSe_JVASP-109402_p_srniel.csv
GaAgTeSe,JVASP-109402,proton,0.075,0.42354,GaAgTeSe_JVASP-109402_p_srniel.csv
GaAgTeSe,JVASP-109402,proton,0.08,0.40511,GaAgTeSe_JVASP-109402_p_srniel.csv
GaAgTeSe,JVASP-109402,proton,0.085,0.38838,GaAgTeSe_JVASP-109402_p_srniel.csv
GaAgTeSe,JVASP-109402,proton,0.09,0.37312,GaAgTeSe_JVASP-109402_p_srniel.csv
GaAgTeSe,JVASP-109402,proton,0.095,0.35913,GaAgTeSe_JVASP-109402_p_srniel.csv
GaAgTeSe,JVASP-109402,proton,0.1,0.34625,GaAgTeSe_JVASP-109402_p_srniel.csv
GaAgTeSe,JVASP-109402,proton,0.15,0.25731,GaAgTeSe_JVASP-109402_p_srniel.csv
GaAgTeSe,JVASP-109402,proton,0.2,0.20676,GaAgTeSe_JVASP-109402_p_srniel.csv
GaAgTeSe,JVASP-109402,proton,0.25,0.17394,GaAgTeSe_JVASP-109402_p_srniel.csv
GaAgTeSe,JVASP-109402,proton,0.3,0.15095,GaAgTeSe_JVASP-109402_p_srniel.csv
GaAgTeSe,JVASP-109402,proton,0.35,0.13378,GaAgTeSe_JVASP-109402_p_srniel.csv
GaAgTeSe,JVASP-109402,proton,0.4,0.12052,GaAgTeSe_JVASP-109402_p_srniel.csv
GaAgTeSe,JVASP-109402,proton,0.45,0.11005,GaAgTeSe_JVASP-109402_p_srniel.csv
GaAgTeSe,JVASP-109402,proton,0.5,0.10145,GaAgTeSe_JVASP-109402_p_srniel.csv
GaAgTeSe,JVASP-109402,proton,0.55,0.09426,GaAgTeSe_JVASP-109402_p_srniel.csv
GaAgTeSe,JVASP-109402,proton,0.6,0.088138,GaAgTeSe_JVASP-109402_p_srniel.csv
GaAgTeSe,JVASP-109402,proton,0.65,0.082859,GaAgTeSe_JVASP-109402_p_srniel.csv
GaAgTeSe,JVASP-109402,proton,0.7,0.07813,GaAgTeSe_JVASP-109402_p_srniel.csv
GaAgTeSe,JVASP-109402,proton,0.75,0.073919,GaAgTeSe_JVASP-109402_p_srniel.csv
GaAgTeSe,JVASP-109402,proton,0.8,0.070104,GaAgTeSe_JVASP-109402_p_srniel.csv
GaAgTeSe,JVASP-109402,proton,0.85,0.066698,GaAgTeSe_JVASP-109402_p_srniel.csv
GaAgTeSe,JVASP-109402,proton,0.9,0.063636,GaAgTeSe_JVASP-109402_p_srniel.csv
GaAgTeSe,JVASP-109402,proton,0.95,0.060869,GaAgTeSe_JVASP-109402_p_srniel.csv
GaAgTeSe,JVASP-109402,proton,1.0,0.058354,GaAgTeSe_JVASP-109402_p_srniel.csv
GaAgTeSe,JVASP-109402,proton,1.5,0.040948,GaAgTeSe_JVASP-109402_p_srniel.csv
GaAgTeSe,JVASP-109402,proton,2.0,0.03157,GaAgTeSe_JVASP-109402_p_srniel.csv
GaAgTeSe,JVASP-109402,proton,2.5,0.025771,GaAgTeSe_JVASP-109402_p_srniel.csv
GaAgTeSe,JVASP-109402,proton,3.0,0.02182,GaAgTeSe_JVASP-109402_p_srniel.csv
GaAgTeSe,JVASP-109402,proton,3.5,0.018948,GaAgTeSe_JVASP-109402_p_srniel.csv
GaAgTeSe,JVASP-109402,proton,4.0,0.016764,GaAgTeSe_JVASP-109402_p_srniel.csv
GaAgTeSe,JVASP-109402,proton,4.5,0.015059,GaAgTeSe_JVASP-109402_p_srniel.csv
GaAgTeSe,JVASP-109402,proton,5.0,0.013703,GaAgTeSe_JVASP-109402_p_srniel.csv
GaAgTeSe,JVASP-109402,proton,5.5,0.012588,GaAgTeSe_JVASP-109402_p_srniel.csv
GaAgTeSe,JVASP-109402,proton,6.0,0.011654,GaAgTeSe_JVASP-109402_p_srniel.csv
GaAgTeSe,JVASP-109402,proton,6.5,0.010867,GaAgTeSe_JVASP-109402_p_srniel.csv
GaAgTeSe,JVASP-109402,proton,7.0,0.010195,GaAgTeSe_JVASP-109402_p_srniel.csv
GaAgTeSe,JVASP-109402,proton,7.5,0.0096148,GaAgTeSe_JVASP-109402_p_srniel.csv
GaAgTeSe,JVASP-109402,proton,8.0,0.0091077,GaAgTeSe_JVASP-109402_p_srniel.csv
GaAgTeSe,JVASP-109402,proton,8.5,0.0086613,GaAgTeSe_JVASP-109402_p_srniel.csv
GaAgTeSe,JVASP-109402,proton,9.0,0.0082659,GaAgTeSe_JVASP-109402_p_srniel.csv
GaAgTeSe,JVASP-109402,proton,9.5,0.0079137,GaAgTeSe_JVASP-109402_p_srniel.csv
GaAgTeSe,JVASP-109402,proton,10.0,0.0075982,GaAgTeSe_JVASP-109402_p_srniel.csv
GaAgTeSe,JVASP-109402,proton,15.0,0.0056482,GaAgTeSe_JVASP-109402_p_srniel.csv
GaAgTeSe,JVASP-109402,proton,20.0,0.0047401,GaAgTeSe_JVASP-109402_p_srniel.csv
GaAgTeSe,JVASP-109402,proton,25.0,0.0042303,GaAgTeSe_JVASP-109402_p_srniel.csv
GaAgTeSe,JVASP-109402,proton,30.0,0.0038941,GaAgTeSe_JVASP-109402_p_srniel.csv
GaAgTeSe,JVASP-109402,proton,35.0,0.0036449,GaAgTeSe_JVASP-109402_p_srniel.csv
GaAgTeSe,JVASP-109402,proton,40.0,0.0034485,GaAgTeSe_JVASP-109402_p_srniel.csv
GaAgTeSe,JVASP-109402,proton,45.0,0.0032902,GaAgTeSe_JVASP-109402_p_srniel.csv
GaAgTeSe,JVASP-109402,proton,50.0,0.0031619,GaAgTeSe_JVASP-109402_p_srniel.csv
GaAgTeSe,JVASP-109402,proton,55.0,0.0030578,GaAgTeSe_JVASP-109402_p_srniel.csv
GaAgTeSe,JVASP-109402,proton,60.0,0.0029733,GaAgTeSe_JVASP-109402_p_srniel.csv
GaAgTeSe,JVASP-109402,proton,65.0,0.0029047,GaAgTeSe_JVASP-109402_p_srniel.csv
GaAgTeSe,JVASP-109402,proton,70.0,0.0028486,GaAgTeSe_JVASP-109402_p_srniel.csv
GaAgTeSe,JVASP-109402,proton,75.0,0.0028022,GaAgTeSe_JVASP-109402_p_srniel.csv
GaAgTeSe,JVASP-109402,proton,80.0,0.0027634,GaAgTeSe_JVASP-109402_p_srniel.csv
GaAgTeSe,JVASP-109402,proton,85.0,0.0027304,GaAgTeSe_JVASP-109402_p_srniel.csv
GaAgTeSe,JVASP-109402,proton,90.0,0.0027017,GaAgTeSe_JVASP-109402_p_srniel.csv
GaAgTeSe,JVASP-109402,proton,95.0,0.0026762,GaAgTeSe_JVASP-109402_p_srniel.csv
GaAgTeSe,JVASP-109402,proton,100.0,0.0026531,GaAgTeSe_JVASP-109402_p_srniel.csv
GaAgTeSe,JVASP-109402,proton,150.0,0.0024748,GaAgTeSe_JVASP-109402_p_srniel.csv
GaAgTeSe,JVASP-109402,proton,200.0,0.0023549,GaAgTeSe_JVASP-109402_p_srniel.csv
GaAgTeSe,JVASP-109402,proton,250.0,0.0023025,GaAgTeSe_JVASP-109402_p_srniel.csv
GaAgTeSe,JVASP-109402,proton,300.0,0.0023032,GaAgTeSe_JVASP-109402_p_srniel.csv
GaAgTeSe,JVASP-109402,proton,350.0,0.0023353,GaAgTeSe_JVASP-109402_p_srniel.csv
GaAgTeSe,JVASP-109402,proton,400.0,0.0023825,GaAgTeSe_JVASP-109402_p_srniel.csv
GaAgTeSe,JVASP-109402,proton,450.0,0.0024353,GaAgTeSe_JVASP-109402_p_srniel.csv
GaAgTeSe,JVASP-109402,proton,500.0,0.0024894,GaAgTeSe_JVASP-109402_p_srniel.csv
GaAgTeSe,JVASP-109402,proton,550.0,0.0025427,GaAgTeSe_JVASP-109402_p_srniel.csv
GaAgTeSe,JVASP-109402,proton,600.0,0.0025945,GaAgTeSe_JVASP-109402_p_srniel.csv
GaAgTeSe,JVASP-109402,proton,650.0,0.002644,GaAgTeSe_JVASP-109402_p_srniel.csv
GaAgTeSe,JVASP-109402,proton,700.0,0.0026898,GaAgTeSe_JVASP-109402_p_srniel.csv
GaAgTeSe,JVASP-109402,proton,750.0,0.0027302,GaAgTeSe_JVASP-109402_p_srniel.csv
GaAgTeSe,JVASP-109402,proton,800.0,0.0027628,GaAgTeSe_JVASP-109402_p_srniel.csv
GaAgTeSe,JVASP-109402,proton,850.0,0.0027859,GaAgTeSe_JVASP-109402_p_srniel.csv
GaAgTeSe,JVASP-109402,proton,900.0,0.0027982,GaAgTeSe_JVASP-109402_p_srniel.csv
GaAgTeSe,JVASP-109402,proton,950.0,0.0028,GaAgTeSe_JVASP-109402_p_srniel.csv
GaAgTeSe,JVASP-109402,proton,1000.0,0.0027929,GaAgTeSe_JVASP-109402_p_srniel.csv
HfS3,JVASP-8218,electron,0.04,0.0,HfS3_JVASP-8218_e_srniel.csv
HfS3,JVASP-8218,electron,0.045,0.0,HfS3_JVASP-8218_e_srniel.csv
HfS3,JVASP-8218,electron,0.05,0.0,HfS3_JVASP-8218_e_srniel.csv
HfS3,JVASP-8218,electron,0.055,0.0,HfS3_JVASP-8218_e_srniel.csv
HfS3,JVASP-8218,electron,0.06,2.0434e-06,HfS3_JVASP-8218_e_srniel.csv
HfS3,JVASP-8218,electron,0.065,4.1003e-06,HfS3_JVASP-8218_e_srniel.csv
HfS3,JVASP-8218,electron,0.07,5.758e-06,HfS3_JVASP-8218_e_srniel.csv
HfS3,JVASP-8218,electron,0.075,7.1125e-06,HfS3_JVASP-8218_e_srniel.csv
HfS3,JVASP-8218,electron,0.08,8.2324e-06,HfS3_JVASP-8218_e_srniel.csv
HfS3,JVASP-8218,electron,0.085,9.1682e-06,HfS3_JVASP-8218_e_srniel.csv
HfS3,JVASP-8218,electron,0.09,9.9576e-06,HfS3_JVASP-8218_e_srniel.csv
HfS3,JVASP-8218,electron,0.095,1.0629e-05,HfS3_JVASP-8218_e_srniel.csv
HfS3,JVASP-8218,electron,0.1,1.1205e-05,HfS3_JVASP-8218_e_srniel.csv
HfS3,JVASP-8218,electron,0.15,1.421e-05,HfS3_JVASP-8218_e_srniel.csv
HfS3,JVASP-8218,electron,0.2,1.5337e-05,HfS3_JVASP-8218_e_srniel.csv
HfS3,JVASP-8218,electron,0.25,1.5972e-05,HfS3_JVASP-8218_e_srniel.csv
HfS3,JVASP-8218,electron,0.3,1.6444e-05,HfS3_JVASP-8218_e_srniel.csv
HfS3,JVASP-8218,electron,0.35,1.6856e-05,HfS3_JVASP-8218_e_srniel.csv
HfS3,JVASP-8218,electron,0.4,1.7244e-05,HfS3_JVASP-8218_e_srniel.csv
HfS3,JVASP-8218,electron,0.45,1.7622e-05,HfS3_JVASP-8218_e_srniel.csv
HfS3,JVASP-8218,electron,0.5,1.7994e-05,HfS3_JVASP-8218_e_srniel.csv
HfS3,JVASP-8218,electron,0.55,1.8362e-05,HfS3_JVASP-8218_e_srniel.csv
HfS3,JVASP-8218,electron,0.6,1.8726e-05,HfS3_JVASP-8218_e_srniel.csv
HfS3,JVASP-8218,electron,0.65,1.9086e-05,HfS3_JVASP-8218_e_srniel.csv
HfS3,JVASP-8218,electron,0.7,1.944e-05,HfS3_JVASP-8218_e_srniel.csv
HfS3,JVASP-8218,electron,0.75,1.9789e-05,HfS3_JVASP-8218_e_srniel.csv
HfS3,JVASP-8218,electron,0.8,2.0133e-05,HfS3_JVASP-8218_e_srniel.csv
HfS3,JVASP-8218,electron,0.85,2.0471e-05,HfS3_JVASP-8218_e_srniel.csv
HfS3,JVASP-8218,electron,0.9,2.0803e-05,HfS3_JVASP-8218_e_srniel.csv
HfS3,JVASP-8218,electron,0.95,2.1129e-05,HfS3_JVASP-8218_e_srniel.csv
HfS3,JVASP-8218,electron,1.0,2.1448e-05,HfS3_JVASP-8218_e_srniel.csv
HfS3,JVASP-8218,electron,1.5,2.7269e-05,HfS3_JVASP-8218_e_srniel.csv
HfS3,JVASP-8218,electron,2.0,3.5521e-05,HfS3_JVASP-8218_e_srniel.csv
HfS3,JVASP-8218,electron,2.5,4.263e-05,HfS3_JVASP-8218_e_srniel.csv
HfS3,JVASP-8218,electron,3.0,4.8493e-05,HfS3_JVASP-8218_e_srniel.csv
HfS3,JVASP-8218,electron,3.5,5.3377e-05,HfS3_JVASP-8218_e_srniel.csv
HfS3,JVASP-8218,electron,4.0,5.7516e-05,HfS3_JVASP-8218_e_srniel.csv
HfS3,JVASP-8218,electron,4.5,6.1084e-05,HfS3_JVASP-8218_e_srniel.csv
HfS3,JVASP-8218,electron,5.0,6.4205e-05,HfS3_JVASP-8218_e_srniel.csv
HfS3,JVASP-8218,electron,5.5,6.697e-05,HfS3_JVASP-8218_e_srniel.csv
HfS3,JVASP-8218,electron,6.0,6.9445e-05,HfS3_JVASP-8218_e_srniel.csv
HfS3,JVASP-8218,electron,6.5,7.1679e-05,HfS3_JVASP-8218_e_srniel.csv
HfS3,JVASP-8218,electron,7.0,7.3712e-05,HfS3_JVASP-8218_e_srniel.csv
HfS3,JVASP-8218,electron,7.5,7.5572e-05,HfS3_JVASP-8218_e_srniel.csv
HfS3,JVASP-8218,electron,8.0,7.7285e-05,HfS3_JVASP-8218_e_srniel.csv
HfS3,JVASP-8218,electron,8.5,7.8868e-05,HfS3_JVASP-8218_e_srniel.csv
HfS3,JVASP-8218,electron,9.0,8.0339e-05,HfS3_JVASP-8218_e_srniel.csv
HfS3,JVASP-8218,electron,9.5,8.1709e-05,HfS3_JVASP-8218_e_srniel.csv
HfS3,JVASP-8218,electron,10.0,8.299e-05,HfS3_JVASP-8218_e_srniel.csv
HfS3,JVASP-8218,electron,15.0,9.2374e-05,HfS3_JVASP-8218_e_srniel.csv
HfS3,JVASP-8218,electron,20.0,9.8041e-05,HfS3_JVASP-8218_e_srniel.csv
HfS3,JVASP-8218,electron,25.0,0.00010168,HfS3_JVASP-8218_e_srniel.csv
HfS3,JVASP-8218,electron,30.0,0.00010406,HfS3_JVASP-8218_e_srniel.csv
HfS3,JVASP-8218,electron,35.0,0.0001056,HfS3_JVASP-8218_e_srniel.csv
HfS3,JVASP-8218,electron,40.0,0.00010656,HfS3_JVASP-8218_e_srniel.csv
HfS3,JVASP-8218,electron,45.0,0.00010714,HfS3_JVASP-8218_e_srniel.csv
HfS3,JVASP-8218,electron,50.0,0.00010744,HfS3_JVASP-8218_e_srniel.csv
HfS3,JVASP-8218,electron,55.0,0.00010756,HfS3_JVASP-8218_e_srniel.csv
HfS3,JVASP-8218,electron,60.0,0.00010754,HfS3_JVASP-8218_e_srniel.csv
HfS3,JVASP-8218,electron,65.0,0.00010745,HfS3_JVASP-8218_e_srniel.csv
HfS3,JVASP-8218,electron,70.0,0.0001073,HfS3_JVASP-8218_e_srniel.csv
HfS3,JVASP-8218,electron,75.0,0.00010712,HfS3_JVASP-8218_e_srniel.csv
HfS3,JVASP-8218,electron,80.0,0.00010692,HfS3_JVASP-8218_e_srniel.csv
HfS3,JVASP-8218,electron,85.0,0.00010671,HfS3_JVASP-8218_e_srniel.csv
HfS3,JVASP-8218,electron,90.0,0.0001065,HfS3_JVASP-8218_e_srniel.csv
HfS3,JVASP-8218,electron,95.0,0.00010629,HfS3_JVASP-8218_e_srniel.csv
HfS3,JVASP-8218,electron,100.0,0.00010608,HfS3_JVASP-8218_e_srniel.csv
HfS3,JVASP-8218,proton,0.0001,1.4136,HfS3_JVASP-8218_p_srniel.csv
HfS3,JVASP-8218,proton,0.00015,1.834,HfS3_JVASP-8218_p_srniel.csv
HfS3,JVASP-8218,proton,0.0002,2.0828,HfS3_JVASP-8218_p_srniel.csv
HfS3,JVASP-8218,proton,0.00025,2.2437,HfS3_JVASP-8218_p_srniel.csv
HfS3,JVASP-8218,proton,0.0003,2.3527,HfS3_JVASP-8218_p_srniel.csv
HfS3,JVASP-8218,proton,0.00035,2.4282,HfS3_JVASP-8218_p_srniel.csv
HfS3,JVASP-8218,proton,0.0004,2.4808,HfS3_JVASP-8218_p_srniel.csv
HfS3,JVASP-8218,proton,0.00045,2.5171,HfS3_JVASP-8218_p_srniel.csv
HfS3,JVASP-8218,proton,0.0005,2.5413,HfS3_JVASP-8218_p_srniel.csv
HfS3,JVASP-8218,proton,0.00055,2.5566,HfS3_JVASP-8218_p_srniel.csv
HfS3,JVASP-8218,proton,0.0006,2.5649,HfS3_JVASP-8218_p_srniel.csv
HfS3,JVASP-8218,proton,0.00065,2.5679,HfS3_JVASP-8218_p_srniel.csv
HfS3,JVASP-8218,proton,0.0007,2.5667,HfS3_JVASP-8218_p_srniel.csv
HfS3,JVASP-8218,proton,0.00075,2.5622,HfS3_JVASP-8218_p_srniel.csv
HfS3,JVASP-8218,proton,0.0008,2.5551,HfS3_JVASP-8218_p_srniel.csv
HfS3,JVASP-8218,proton,0.00085,2.5458,HfS3_JVASP-8218_p_srniel.csv
HfS3,JVASP-8218,proton,0.0009,2.5348,HfS3_JVASP-8218_p_srniel.csv
HfS3,JVASP-8218,proton,0.00095,2.5225,HfS3_JVASP-8218_p_srniel.csv
HfS3,JVASP-8218,proton,0.001,2.5091,HfS3_JVASP-8218_p_srniel.csv
HfS3,JVASP-8218,proton,0.0015,2.3824,HfS3_JVASP-8218_p_srniel.csv
HfS3,JVASP-8218,proton,0.002,2.2975,HfS3_JVASP-8218_p_srniel.csv
HfS3,JVASP-8218,proton,0.0025,2.2021,HfS3_JVASP-8218_p_srniel.csv
HfS3,JVASP-8218,proton,0.003,2.1091,HfS3_JVASP-8218_p_srniel.csv
HfS3,JVASP-8218,proton,0.0035,2.0222,HfS3_JVASP-8218_p_srniel.csv
HfS3,JVASP-8218,proton,0.004,1.9422,HfS3_JVASP-8218_p_srniel.csv
HfS3,JVASP-8218,proton,0.0045,1.8688,HfS3_JVASP-8218_p_srniel.csv
HfS3,JVASP-8218,proton,0.005,1.8016,HfS3_JVASP-8218_p_srniel.csv
HfS3,JVASP-8218,proton,0.0055,1.7398,HfS3_JVASP-8218_p_srniel.csv
HfS3,JVASP-8218,proton,0.006,1.6829,HfS3_JVASP-8218_p_srniel.csv
HfS3,JVASP-8218,proton,0.0065,1.6303,HfS3_JVASP-8218_p_srniel.csv
HfS3,JVASP-8218,proton,0.007,1.5815,HfS3_JVASP-8218_p_srniel.csv
HfS3,JVASP-8218,proton,0.0075,1.5362,HfS3_JVASP-8218_p_srniel.csv
HfS3,JVASP-8218,proton,0.008,1.4939,HfS3_JVASP-8218_p_srniel.csv
HfS3,JVASP-8218,proton,0.0085,1.4544,HfS3_JVASP-8218_p_srniel.csv
HfS3,JVASP-8218,proton,0.009,1.4173,HfS3_JVASP-8218_p_srniel.csv
HfS3,JVASP-8218,proton,0.0095,1.3825,HfS3_JVASP-8218_p_srniel.csv
HfS3,JVASP-8218,proton,0.01,1.3497,HfS3_JVASP-8218_p_srniel.csv
HfS3,JVASP-8218,proton,0.015,1.1012,HfS3_JVASP-8218_p_srniel.csv
HfS3,JVASP-8218,proton,0.02,0.93995,HfS3_JVASP-8218_p_srniel.csv
HfS3,JVASP-8218,proton,0.025,0.82519,HfS3_JVASP-8218_p_srniel.csv
HfS3,JVASP-8218,proton,0.03,0.73852,HfS3_JVASP-8218_p_srniel.csv
HfS3,JVASP-8218,proton,0.035,0.67032,HfS3_JVASP-8218_p_srniel.csv
HfS3,JVASP-8218,proton,0.04,0.61501,HfS3_JVASP-8218_p_srniel.csv
HfS3,JVASP-8218,proton,0.045,0.5691,HfS3_JVASP-8218_p_srniel.csv
HfS3,JVASP-8218,proton,0.05,0.53028,HfS3_JVASP-8218_p_srniel.csv
HfS3,JVASP-8218,proton,0.055,0.49696,HfS3_JVASP-8218_p_srniel.csv
HfS3,JVASP-8218,proton,0.06,0.468,HfS3_JVASP-8218_p_srniel.csv
HfS3,JVASP-8218,proton,0.065,0.44257,HfS3_JVASP-8218_p_srniel.csv
HfS3,JVASP-8218,proton,0.07,0.42002,HfS3_JVASP-8218_p_srniel.csv
HfS3,JVASP-8218,proton,0.075,0.39988,HfS3_JVASP-8218_p_srniel.csv
HfS3,JVASP-8218,proton,0.08,0.38177,HfS3_JVASP-8218_p_srniel.csv
HfS3,JVASP-8218,proton,0.085,0.36538,HfS3_JVASP-8218_p_srniel.csv
HfS3,JVASP-8218,proton,0.09,0.35047,HfS3_JVASP-8218_p_srniel.csv
HfS3,JVASP-8218,proton,0.095,0.33684,HfS3_JVASP-8218_p_srniel.csv
HfS3,JVASP-8218,proton,0.1,0.32433,HfS3_JVASP-8218_p_srniel.csv
HfS3,JVASP-8218,proton,0.15,0.23932,HfS3_JVASP-8218_p_srniel.csv
HfS3,JVASP-8218,proton,0.2,0.19213,HfS3_JVASP-8218_p_srniel.csv
HfS3,JVASP-8218,proton,0.25,0.16167,HfS3_JVASP-8218_p_srniel.csv
HfS3,JVASP-8218,proton,0.3,0.14021,HfS3_JVASP-8218_p_srniel.csv
HfS3,JVASP-8218,proton,0.35,0.12407,HfS3_JVASP-8218_p_srniel.csv
HfS3,JVASP-8218,proton,0.4,0.11081,HfS3_JVASP-8218_p_srniel.csv
HfS3,JVASP-8218,proton,0.45,0.10023,HfS3_JVASP-8218_p_srniel.csv
HfS3,JVASP-8218,proton,0.5,0.091589,HfS3_JVASP-8218_p_srniel.csv
HfS3,JVASP-8218,proton,0.55,0.084381,HfS3_JVASP-8218_p_srniel.csv
HfS3,JVASP-8218,proton,0.6,0.078259,HfS3_JVASP-8218_p_srniel.csv
HfS3,JVASP-8218,proton,0.65,0.073,HfS3_JVASP-8218_p_srniel.csv
HfS3,JVASP-8218,proton,0.7,0.068443,HfS3_JVASP-8218_p_srniel.csv
HfS3,JVASP-8218,proton,0.75,0.064454,HfS3_JVASP-8218_p_srniel.csv
HfS3,JVASP-8218,proton,0.8,0.060931,HfS3_JVASP-8218_p_srniel.csv
HfS3,JVASP-8218,proton,0.85,0.057796,HfS3_JVASP-8218_p_srniel.csv
HfS3,JVASP-8218,proton,0.9,0.054986,HfS3_JVASP-8218_p_srniel.csv
HfS3,JVASP-8218,proton,0.95,0.052453,HfS3_JVASP-8218_p_srniel.csv
HfS3,JVASP-8218,proton,1.0,0.050157,HfS3_JVASP-8218_p_srniel.csv
HfS3,JVASP-8218,proton,1.5,0.035189,HfS3_JVASP-8218_p_srniel.csv
HfS3,JVASP-8218,proton,2.0,0.027214,HfS3_JVASP-8218_p_srniel.csv
HfS3,JVASP-8218,proton,2.5,0.022199,HfS3_JVASP-8218_p_srniel.csv
HfS3,JVASP-8218,proton,3.0,0.018792,HfS3_JVASP-8218_p_srniel.csv
HfS3,JVASP-8218,proton,3.5,0.016386,HfS3_JVASP-8218_p_srniel.csv
HfS3,JVASP-8218,proton,4.0,0.014614,HfS3_JVASP-8218_p_srniel.csv
HfS3,JVASP-8218,proton,4.5,0.013228,HfS3_JVASP-8218_p_srniel.csv
HfS3,JVASP-8218,proton,5.0,0.012108,HfS3_JVASP-8218_p_srniel.csv
HfS3,JVASP-8218,proton,5.5,0.011186,HfS3_JVASP-8218_p_srniel.csv
HfS3,JVASP-8218,proton,6.0,0.010414,HfS3_JVASP-8218_p_srniel.csv
HfS3,JVASP-8218,proton,6.5,0.0097601,HfS3_JVASP-8218_p_srniel.csv
HfS3,JVASP-8218,proton,7.0,0.0091986,HfS3_JVASP-8218_p_srniel.csv
HfS3,JVASP-8218,proton,7.5,0.0087111,HfS3_JVASP-8218_p_srniel.csv
HfS3,JVASP-8218,proton,8.0,0.0082838,HfS3_JVASP-8218_p_srniel.csv
HfS3,JVASP-8218,proton,8.5,0.0079061,HfS3_JVASP-8218_p_srniel.csv
HfS3,JVASP-8218,proton,9.0,0.0075696,HfS3_JVASP-8218_p_srniel.csv
HfS3,JVASP-8218,proton,9.5,0.007268,HfS3_JVASP-8218_p_srniel.csv
HfS3,JVASP-8218,proton,10.0,0.006996,HfS3_JVASP-8218_p_srniel.csv
HfS3,JVASP-8218,proton,15.0,0.0052566,HfS3_JVASP-8218_p_srniel.csv
HfS3,JVASP-8218,proton,20.0,0.0043522,HfS3_JVASP-8218_p_srniel.csv
HfS3,JVASP-8218,proton,25.0,0.0037743,HfS3_JVASP-8218_p_srniel.csv
HfS3,JVASP-8218,proton,30.0,0.0033652,HfS3_JVASP-8218_p_srniel.csv
HfS3,JVASP-8218,proton,35.0,0.0030597,HfS3_JVASP-8218_p_srniel.csv
HfS3,JVASP-8218,proton,40.0,0.0028232,HfS3_JVASP-8218_p_srniel.csv
HfS3,JVASP-8218,proton,45.0,0.0026342,HfS3_JVASP-8218_p_srniel.csv
HfS3,JVASP-8218,proton,50.0,0.002479,HfS3_JVASP-8218_p_srniel.csv
HfS3,JVASP-8218,proton,55.0,0.0023481,HfS3_JVASP-8218_p_srniel.csv
HfS3,JVASP-8218,proton,60.0,0.0022352,HfS3_JVASP-8218_p_srniel.csv
HfS3,JVASP-8218,proton,65.0,0.0021357,HfS3_JVASP-8218_p_srniel.csv
HfS3,JVASP-8218,proton,70.0,0.0020466,HfS3_JVASP-8218_p_srniel.csv
HfS3,JVASP-8218,proton,75.0,0.0019659,HfS3_JVASP-8218_p_srniel.csv
HfS3,JVASP-8218,proton,80.0,0.001892,HfS3_JVASP-8218_p_srniel.csv
HfS3,JVASP-8218,proton,85.0,0.0018239,HfS3_JVASP-8218_p_srniel.csv
HfS3,JVASP-8218,proton,90.0,0.0017609,HfS3_JVASP-8218_p_srniel.csv
HfS3,JVASP-8218,proton,95.0,0.0017024,HfS3_JVASP-8218_p_srniel.csv
HfS3,JVASP-8218,proton,100.0,0.0016479,HfS3_JVASP-8218_p_srniel.csv
HfS3,JVASP-8218,proton,150.0,0.0012701,HfS3_JVASP-8218_p_srniel.csv
HfS3,JVASP-8218,proton,200.0,0.0010795,HfS3_JVASP-8218_p_srniel.csv
HfS3,JVASP-8218,proton,250.0,0.00097703,HfS3_JVASP-8218_p_srniel.csv
HfS3,JVASP-8218,proton,300.0,0.00091553,HfS3_JVASP-8218_p_srniel.csv
HfS3,JVASP-8218,proton,350.0,0.0008738,HfS3_JVASP-8218_p_srniel.csv
HfS3,JVASP-8218,proton,400.0,0.00084287,HfS3_JVASP-8218_p_srniel.csv
HfS3,JVASP-8218,proton,450.0,0.00081908,HfS3_JVASP-8218_p_srniel.csv
HfS3,JVASP-8218,proton,500.0,0.00080081,HfS3_JVASP-8218_p_srniel.csv
HfS3,JVASP-8218,proton,550.0,0.00078699,HfS3_JVASP-8218_p_srniel.csv
HfS3,JVASP-8218,proton,600.0,0.00077657,HfS3_JVASP-8218_p_srniel.csv
HfS3,JVASP-8218,proton,650.0,0.00076842,HfS3_JVASP-8218_p_srniel.csv
HfS3,JVASP-8218,proton,700.0,0.00076145,HfS3_JVASP-8218_p_srniel.csv
HfS3,JVASP-8218,proton,750.0,0.00075473,HfS3_JVASP-8218_p_srniel.csv
HfS3,JVASP-8218,proton,800.0,0.00074772,HfS3_JVASP-8218_p_srniel.csv
HfS3,JVASP-8218,proton,850.0,0.00074039,HfS3_JVASP-8218_p_srniel.csv
HfS3,JVASP-8218,proton,900.0,0.00073335,HfS3_JVASP-8218_p_srniel.csv
HfS3,JVASP-8218,proton,950.0,0.00072793,HfS3_JVASP-8218_p_srniel.csv
HfS3,JVASP-8218,proton,1000.0,0.00072623,HfS3_JVASP-8218_p_srniel.csv
Hg3Cl2O2,JVASP-12474,electron,0.04,5.4354e-06,Hg3Cl2O2_JVASP-12474_e_srniel.csv
Hg3Cl2O2,JVASP-12474,electron,0.045,5.4916e-06,Hg3Cl2O2_JVASP-12474_e_srniel.csv
Hg3Cl2O2,JVASP-12474,electron,0.05,5.4899e-06,Hg3Cl2O2_JVASP-12474_e_srniel.csv
Hg3Cl2O2,JVASP-12474,electron,0.055,5.4549e-06,Hg3Cl2O2_JVASP-12474_e_srniel.csv
Hg3Cl2O2,JVASP-12474,electron,0.06,5.401e-06,Hg3Cl2O2_JVASP-12474_e_srniel.csv
Hg3Cl2O2,JVASP-12474,electron,0.065,5.3366e-06,Hg3Cl2O2_JVASP-12474_e_srniel.csv
Hg3Cl2O2,JVASP-12474,electron,0.07,5.267e-06,Hg3Cl2O2_JVASP-12474_e_srniel.csv
Hg3Cl2O2,JVASP-12474,electron,0.075,5.1954e-06,Hg3Cl2O2_JVASP-12474_e_srniel.csv
Hg3Cl2O2,JVASP-12474,electron,0.08,5.1237e-06,Hg3Cl2O2_JVASP-12474_e_srniel.csv
Hg3Cl2O2,JVASP-12474,electron,0.085,5.0533e-06,Hg3Cl2O2_JVASP-12474_e_srniel.csv
Hg3Cl2O2,JVASP-12474,electron,0.09,4.9849e-06,Hg3Cl2O2_JVASP-12474_e_srniel.csv
Hg3Cl2O2,JVASP-12474,electron,0.095,4.919e-06,Hg3Cl2O2_JVASP-12474_e_srniel.csv
Hg3Cl2O2,JVASP-12474,electron,0.1,4.8558e-06,Hg3Cl2O2_JVASP-12474_e_srniel.csv
Hg3Cl2O2,JVASP-12474,electron,0.15,4.3678e-06,Hg3Cl2O2_JVASP-12474_e_srniel.csv
Hg3Cl2O2,JVASP-12474,electron,0.2,4.4361e-06,Hg3Cl2O2_JVASP-12474_e_srniel.csv
Hg3Cl2O2,JVASP-12474,electron,0.25,4.7161e-06,Hg3Cl2O2_JVASP-12474_e_srniel.csv
Hg3Cl2O2,JVASP-12474,electron,0.3,4.9336e-06,Hg3Cl2O2_JVASP-12474_e_srniel.csv
Hg3Cl2O2,JVASP-12474,electron,0.35,5.1245e-06,Hg3Cl2O2_JVASP-12474_e_srniel.csv
Hg3Cl2O2,JVASP-12474,electron,0.4,5.3024e-06,Hg3Cl2O2_JVASP-12474_e_srniel.csv
Hg3Cl2O2,JVASP-12474,electron,0.45,5.4726e-06,Hg3Cl2O2_JVASP-12474_e_srniel.csv
Hg3Cl2O2,JVASP-12474,electron,0.5,5.6377e-06,Hg3Cl2O2_JVASP-12474_e_srniel.csv
Hg3Cl2O2,JVASP-12474,electron,0.55,5.7985e-06,Hg3Cl2O2_JVASP-12474_e_srniel.csv
Hg3Cl2O2,JVASP-12474,electron,0.6,5.9558e-06,Hg3Cl2O2_JVASP-12474_e_srniel.csv
Hg3Cl2O2,JVASP-12474,electron,0.65,6.1095e-06,Hg3Cl2O2_JVASP-12474_e_srniel.csv
Hg3Cl2O2,JVASP-12474,electron,0.7,6.26e-06,Hg3Cl2O2_JVASP-12474_e_srniel.csv
Hg3Cl2O2,JVASP-12474,electron,0.75,6.4072e-06,Hg3Cl2O2_JVASP-12474_e_srniel.csv
Hg3Cl2O2,JVASP-12474,electron,0.8,6.5511e-06,Hg3Cl2O2_JVASP-12474_e_srniel.csv
Hg3Cl2O2,JVASP-12474,electron,0.85,6.6919e-06,Hg3Cl2O2_JVASP-12474_e_srniel.csv
Hg3Cl2O2,JVASP-12474,electron,0.9,7.0515e-06,Hg3Cl2O2_JVASP-12474_e_srniel.csv
Hg3Cl2O2,JVASP-12474,electron,0.95,7.8486e-06,Hg3Cl2O2_JVASP-12474_e_srniel.csv
Hg3Cl2O2,JVASP-12474,electron,1.0,8.8501e-06,Hg3Cl2O2_JVASP-12474_e_srniel.csv
Hg3Cl2O2,JVASP-12474,electron,1.5,2.1342e-05,Hg3Cl2O2_JVASP-12474_e_srniel.csv
Hg3Cl2O2,JVASP-12474,electron,2.0,3.1641e-05,Hg3Cl2O2_JVASP-12474_e_srniel.csv
Hg3Cl2O2,JVASP-12474,electron,2.5,3.9326e-05,Hg3Cl2O2_JVASP-12474_e_srniel.csv
Hg3Cl2O2,JVASP-12474,electron,3.0,4.5248e-05,Hg3Cl2O2_JVASP-12474_e_srniel.csv
Hg3Cl2O2,JVASP-12474,electron,3.5,4.9985e-05,Hg3Cl2O2_JVASP-12474_e_srniel.csv
Hg3Cl2O2,JVASP-12474,electron,4.0,5.3895e-05,Hg3Cl2O2_JVASP-12474_e_srniel.csv
Hg3Cl2O2,JVASP-12474,electron,4.5,5.7203e-05,Hg3Cl2O2_JVASP-12474_e_srniel.csv
Hg3Cl2O2,JVASP-12474,electron,5.0,6.0057e-05,Hg3Cl2O2_JVASP-12474_e_srniel.csv
Hg3Cl2O2,JVASP-12474,electron,5.5,6.2557e-05,Hg3Cl2O2_JVASP-12474_e_srniel.csv
Hg3Cl2O2,JVASP-12474,electron,6.0,6.4775e-05,Hg3Cl2O2_JVASP-12474_e_srniel.csv
Hg3Cl2O2,JVASP-12474,electron,6.5,6.6762e-05,Hg3Cl2O2_JVASP-12474_e_srniel.csv
Hg3Cl2O2,JVASP-12474,electron,7.0,6.8557e-05,Hg3Cl2O2_JVASP-12474_e_srniel.csv
Hg3Cl2O2,JVASP-12474,electron,7.5,7.0191e-05,Hg3Cl2O2_JVASP-12474_e_srniel.csv
Hg3Cl2O2,JVASP-12474,electron,8.0,7.1686e-05,Hg3Cl2O2_JVASP-12474_e_srniel.csv
Hg3Cl2O2,JVASP-12474,electron,8.5,7.306e-05,Hg3Cl2O2_JVASP-12474_e_srniel.csv
Hg3Cl2O2,JVASP-12474,electron,9.0,7.4329e-05,Hg3Cl2O2_JVASP-12474_e_srniel.csv
Hg3Cl2O2,JVASP-12474,electron,9.5,7.5505e-05,Hg3Cl2O2_JVASP-12474_e_srniel.csv
Hg3Cl2O2,JVASP-12474,electron,10.0,7.6598e-05,Hg3Cl2O2_JVASP-12474_e_srniel.csv
Hg3Cl2O2,JVASP-12474,electron,15.0,8.4357e-05,Hg3Cl2O2_JVASP-12474_e_srniel.csv
Hg3Cl2O2,JVASP-12474,electron,20.0,8.8655e-05,Hg3Cl2O2_JVASP-12474_e_srniel.csv
Hg3Cl2O2,JVASP-12474,electron,25.0,9.106e-05,Hg3Cl2O2_JVASP-12474_e_srniel.csv
Hg3Cl2O2,JVASP-12474,electron,30.0,9.2302e-05,Hg3Cl2O2_JVASP-12474_e_srniel.csv
Hg3Cl2O2,JVASP-12474,electron,35.0,9.28e-05,Hg3Cl2O2_JVASP-12474_e_srniel.csv
Hg3Cl2O2,JVASP-12474,electron,40.0,9.2824e-05,Hg3Cl2O2_JVASP-12474_e_srniel.csv
Hg3Cl2O2,JVASP-12474,electron,45.0,9.255e-05,Hg3Cl2O2_JVASP-12474_e_srniel.csv
Hg3Cl2O2,JVASP-12474,electron,50.0,9.2099e-05,Hg3Cl2O2_JVASP-12474_e_srniel.csv
Hg3Cl2O2,JVASP-12474,electron,55.0,9.1551e-05,Hg3Cl2O2_JVASP-12474_e_srniel.csv
Hg3Cl2O2,JVASP-12474,electron,60.0,9.0959e-05,Hg3Cl2O2_JVASP-12474_e_srniel.csv
Hg3Cl2O2,JVASP-12474,electron,65.0,9.0358e-05,Hg3Cl2O2_JVASP-12474_e_srniel.csv
Hg3Cl2O2,JVASP-12474,electron,70.0,8.977e-05,Hg3Cl2O2_JVASP-12474_e_srniel.csv
Hg3Cl2O2,JVASP-12474,electron,75.0,8.9206e-05,Hg3Cl2O2_JVASP-12474_e_srniel.csv
Hg3Cl2O2,JVASP-12474,electron,80.0,8.8674e-05,Hg3Cl2O2_JVASP-12474_e_srniel.csv
Hg3Cl2O2,JVASP-12474,electron,85.0,8.8177e-05,Hg3Cl2O2_JVASP-12474_e_srniel.csv
Hg3Cl2O2,JVASP-12474,electron,90.0,8.7716e-05,Hg3Cl2O2_JVASP-12474_e_srniel.csv
Hg3Cl2O2,JVASP-12474,electron,95.0,8.729e-05,Hg3Cl2O2_JVASP-12474_e_srniel.csv
Hg3Cl2O2,JVASP-12474,electron,100.0,8.6897e-05,Hg3Cl2O2_JVASP-12474_e_srniel.csv
Hg3Cl2O2,JVASP-12474,proton,0.0001,0.76757,Hg3Cl2O2_JVASP-12474_p_srniel.csv
Hg3Cl2O2,JVASP-12474,proton,0.00015,0.93055,Hg3Cl2O2_JVASP-12474_p_srniel.csv
Hg3Cl2O2,JVASP-12474,proton,0.0002,1.0553,Hg3Cl2O2_JVASP-12474_p_srniel.csv
Hg3Cl2O2,JVASP-12474,proton,0.00025,1.1295,Hg3Cl2O2_JVASP-12474_p_srniel.csv
Hg3Cl2O2,JVASP-12474,proton,0.0003,1.1753,Hg3Cl2O2_JVASP-12474_p_srniel.csv
Hg3Cl2O2,JVASP-12474,proton,0.00035,1.2035,Hg3Cl2O2_JVASP-12474_p_srniel.csv
Hg3Cl2O2,JVASP-12474,proton,0.0004,1.2202,Hg3Cl2O2_JVASP-12474_p_srniel.csv
Hg3Cl2O2,JVASP-12474,proton,0.00045,1.229,Hg3Cl2O2_JVASP-12474_p_srniel.csv
Hg3Cl2O2,JVASP-12474,proton,0.0005,1.2324,Hg3Cl2O2_JVASP-12474_p_srniel.csv
Hg3Cl2O2,JVASP-12474,proton,0.00055,1.2318,Hg3Cl2O2_JVASP-12474_p_srniel.csv
Hg3Cl2O2,JVASP-12474,proton,0.0006,1.2284,Hg3Cl2O2_JVASP-12474_p_srniel.csv
Hg3Cl2O2,JVASP-12474,proton,0.00065,1.2229,Hg3Cl2O2_JVASP-12474_p_srniel.csv
Hg3Cl2O2,JVASP-12474,proton,0.0007,1.2159,Hg3Cl2O2_JVASP-12474_p_srniel.csv
Hg3Cl2O2,JVASP-12474,proton,0.00075,1.2077,Hg3Cl2O2_JVASP-12474_p_srniel.csv
Hg3Cl2O2,JVASP-12474,proton,0.0008,1.1987,Hg3Cl2O2_JVASP-12474_p_srniel.csv
Hg3Cl2O2,JVASP-12474,proton,0.00085,1.189,Hg3Cl2O2_JVASP-12474_p_srniel.csv
Hg3Cl2O2,JVASP-12474,proton,0.0009,1.1814,Hg3Cl2O2_JVASP-12474_p_srniel.csv
Hg3Cl2O2,JVASP-12474,proton,0.00095,1.1892,Hg3Cl2O2_JVASP-12474_p_srniel.csv
Hg3Cl2O2,JVASP-12474,proton,0.001,1.1955,Hg3Cl2O2_JVASP-12474_p_srniel.csv
Hg3Cl2O2,JVASP-12474,proton,0.0015,1.2114,Hg3Cl2O2_JVASP-12474_p_srniel.csv
Hg3Cl2O2,JVASP-12474,proton,0.002,1.1912,Hg3Cl2O2_JVASP-12474_p_srniel.csv
Hg3Cl2O2,JVASP-12474,proton,0.0025,1.1613,Hg3Cl2O2_JVASP-12474_p_srniel.csv
Hg3Cl2O2,JVASP-12474,proton,0.003,1.1293,Hg3Cl2O2_JVASP-12474_p_srniel.csv
Hg3Cl2O2,JVASP-12474,proton,0.0035,1.0977,Hg3Cl2O2_JVASP-12474_p_srniel.csv
Hg3Cl2O2,JVASP-12474,proton,0.004,1.0676,Hg3Cl2O2_JVASP-12474_p_srniel.csv
Hg3Cl2O2,JVASP-12474,proton,0.0045,1.0392,Hg3Cl2O2_JVASP-12474_p_srniel.csv
Hg3Cl2O2,JVASP-12474,proton,0.005,1.0125,Hg3Cl2O2_JVASP-12474_p_srniel.csv
Hg3Cl2O2,JVASP-12474,proton,0.0055,0.98751,Hg3Cl2O2_JVASP-12474_p_srniel.csv
Hg3Cl2O2,JVASP-12474,proton,0.006,0.96401,Hg3Cl2O2_JVASP-12474_p_srniel.csv
Hg3Cl2O2,JVASP-12474,proton,0.0065,0.94191,Hg3Cl2O2_JVASP-12474_p_srniel.csv
Hg3Cl2O2,JVASP-12474,proton,0.007,0.9211,Hg3Cl2O2_JVASP-12474_p_srniel.csv
Hg3Cl2O2,JVASP-12474,proton,0.0075,0.90145,Hg3Cl2O2_JVASP-12474_p_srniel.csv
Hg3Cl2O2,JVASP-12474,proton,0.008,0.88288,Hg3Cl2O2_JVASP-12474_p_srniel.csv
Hg3Cl2O2,JVASP-12474,proton,0.0085,0.86527,Hg3Cl2O2_JVASP-12474_p_srniel.csv
Hg3Cl2O2,JVASP-12474,proton,0.009,0.84857,Hg3Cl2O2_JVASP-12474_p_srniel.csv
Hg3Cl2O2,JVASP-12474,proton,0.0095,0.83268,Hg3Cl2O2_JVASP-12474_p_srniel.csv
Hg3Cl2O2,JVASP-12474,proton,0.01,0.81754,Hg3Cl2O2_JVASP-12474_p_srniel.csv
Hg3Cl2O2,JVASP-12474,proton,0.015,0.69724,Hg3Cl2O2_JVASP-12474_p_srniel.csv
Hg3Cl2O2,JVASP-12474,proton,0.02,0.61338,Hg3Cl2O2_JVASP-12474_p_srniel.csv
Hg3Cl2O2,JVASP-12474,proton,0.025,0.55058,Hg3Cl2O2_JVASP-12474_p_srniel.csv
Hg3Cl2O2,JVASP-12474,proton,0.03,0.50132,Hg3Cl2O2_JVASP-12474_p_srniel.csv
Hg3Cl2O2,JVASP-12474,proton,0.035,0.46139,Hg3Cl2O2_JVASP-12474_p_srniel.csv
Hg3Cl2O2,JVASP-12474,proton,0.04,0.42823,Hg3Cl2O2_JVASP-12474_p_srniel.csv
Hg3Cl2O2,JVASP-12474,proton,0.045,0.40015,Hg3Cl2O2_JVASP-12474_p_srniel.csv
Hg3Cl2O2,JVASP-12474,proton,0.05,0.376,Hg3Cl2O2_JVASP-12474_p_srniel.csv
Hg3Cl2O2,JVASP-12474,proton,0.055,0.35502,Hg3Cl2O2_JVASP-12474_p_srniel.csv
Hg3Cl2O2,JVASP-12474,proton,0.06,0.33659,Hg3Cl2O2_JVASP-12474_p_srniel.csv
Hg3Cl2O2,JVASP-12474,proton,0.065,0.32023,Hg3Cl2O2_JVASP-12474_p_srniel.csv
Hg3Cl2O2,JVASP-12474,proton,0.07,0.30559,Hg3Cl2O2_JVASP-12474_p_srniel.csv
Hg3Cl2O2,JVASP-12474,proton,0.075,0.2924,Hg3Cl2O2_JVASP-12474_p_srniel.csv
Hg3Cl2O2,JVASP-12474,proton,0.08,0.28044,Hg3Cl2O2_JVASP-12474_p_srniel.csv
Hg3Cl2O2,JVASP-12474,proton,0.085,0.26954,Hg3Cl2O2_JVASP-12474_p_srniel.csv
Hg3Cl2O2,JVASP-12474,proton,0.09,0.25956,Hg3Cl2O2_JVASP-12474_p_srniel.csv
Hg3Cl2O2,JVASP-12474,proton,0.095,0.25038,Hg3Cl2O2_JVASP-12474_p_srniel.csv
Hg3Cl2O2,JVASP-12474,proton,0.1,0.24191,Hg3Cl2O2_JVASP-12474_p_srniel.csv
Hg3Cl2O2,JVASP-12474,proton,0.15,0.18258,Hg3Cl2O2_JVASP-12474_p_srniel.csv
Hg3Cl2O2,JVASP-12474,proton,0.2,0.14783,Hg3Cl2O2_JVASP-12474_p_srniel.csv
Hg3Cl2O2,JVASP-12474,proton,0.25,0.12495,Hg3Cl2O2_JVASP-12474_p_srniel.csv
Hg3Cl2O2,JVASP-12474,proton,0.3,0.10864,Hg3Cl2O2_JVASP-12474_p_srniel.csv
Hg3Cl2O2,JVASP-12474,proton,0.35,0.096368,Hg3Cl2O2_JVASP-12474_p_srniel.csv
Hg3Cl2O2,JVASP-12474,proton,0.4,0.086631,Hg3Cl2O2_JVASP-12474_p_srniel.csv
Hg3Cl2O2,JVASP-12474,proton,0.45,0.078789,Hg3Cl2O2_JVASP-12474_p_srniel.csv
Hg3Cl2O2,JVASP-12474,proton,0.5,0.072331,Hg3Cl2O2_JVASP-12474_p_srniel.csv
Hg3Cl2O2,JVASP-12474,proton,0.55,0.066911,Hg3Cl2O2_JVASP-12474_p_srniel.csv
Hg3Cl2O2,JVASP-12474,proton,0.6,0.062292,Hg3Cl2O2_JVASP-12474_p_srniel.csv
Hg3Cl2O2,JVASP-12474,proton,0.65,0.058305,Hg3Cl2O2_JVASP-12474_p_srniel.csv
Hg3Cl2O2,JVASP-12474,proton,0.7,0.054831,Hg3Cl2O2_JVASP-12474_p_srniel.csv
Hg3Cl2O2,JVASP-12474,proton,0.75,0.051782,Hg3Cl2O2_JVASP-12474_p_srniel.csv
Hg3Cl2O2,JVASP-12474,proton,0.8,0.049083,Hg3Cl2O2_JVASP-12474_p_srniel.csv
Hg3Cl2O2,JVASP-12474,proton,0.85,0.046676,Hg3Cl2O2_JVASP-12474_p_srniel.csv
Hg3Cl2O2,JVASP-12474,proton,0.9,0.044515,Hg3Cl2O2_JVASP-12474_p_srniel.csv
Hg3Cl2O2,JVASP-12474,proton,0.95,0.042562,Hg3Cl2O2_JVASP-12474_p_srniel.csv
Hg3Cl2O2,JVASP-12474,proton,1.0,0.040789,Hg3Cl2O2_JVASP-12474_p_srniel.csv
Hg3Cl2O2,JVASP-12474,proton,1.5,0.029137,Hg3Cl2O2_JVASP-12474_p_srniel.csv
Hg3Cl2O2,JVASP-12474,proton,2.0,0.0229,Hg3Cl2O2_JVASP-12474_p_srniel.csv
Hg3Cl2O2,JVASP-12474,proton,2.5,0.018754,Hg3Cl2O2_JVASP-12474_p_srniel.csv
Hg3Cl2O2,JVASP-12474,proton,3.0,0.015928,Hg3Cl2O2_JVASP-12474_p_srniel.csv
Hg3Cl2O2,JVASP-12474,proton,3.5,0.013885,Hg3Cl2O2_JVASP-12474_p_srniel.csv
Hg3Cl2O2,JVASP-12474,proton,4.0,0.012357,Hg3Cl2O2_JVASP-12474_p_srniel.csv
Hg3Cl2O2,JVASP-12474,proton,4.5,0.011157,Hg3Cl2O2_JVASP-12474_p_srniel.csv
Hg3Cl2O2,JVASP-12474,proton,5.0,0.010179,Hg3Cl2O2_JVASP-12474_p_srniel.csv
Hg3Cl2O2,JVASP-12474,proton,5.5,0.0093711,Hg3Cl2O2_JVASP-12474_p_srniel.csv
Hg3Cl2O2,JVASP-12474,proton,6.0,0.0086942,Hg3Cl2O2_JVASP-12474_p_srniel.csv
Hg3Cl2O2,JVASP-12474,proton,6.5,0.0081189,Hg3Cl2O2_JVASP-12474_p_srniel.csv
Hg3Cl2O2,JVASP-12474,proton,7.0,0.0076237,Hg3Cl2O2_JVASP-12474_p_srniel.csv
Hg3Cl2O2,JVASP-12474,proton,7.5,0.0071924,Hg3Cl2O2_JVASP-12474_p_srniel.csv
Hg3Cl2O2,JVASP-12474,proton,8.0,0.0068129,Hg3Cl2O2_JVASP-12474_p_srniel.csv
Hg3Cl2O2,JVASP-12474,proton,8.5,0.0064759,Hg3Cl2O2_JVASP-12474_p_srniel.csv
Hg3Cl2O2,JVASP-12474,proton,9.0,0.0061743,Hg3Cl2O2_JVASP-12474_p_srniel.csv
Hg3Cl2O2,JVASP-12474,proton,9.5,0.0059028,Hg3Cl2O2_JVASP-12474_p_srniel.csv
Hg3Cl2O2,JVASP-12474,proton,10.0,0.0056569,Hg3Cl2O2_JVASP-12474_p_srniel.csv
Hg3Cl2O2,JVASP-12474,proton,15.0,0.004069,Hg3Cl2O2_JVASP-12474_p_srniel.csv
Hg3Cl2O2,JVASP-12474,proton,20.0,0.003253,Hg3Cl2O2_JVASP-12474_p_srniel.csv
Hg3Cl2O2,JVASP-12474,proton,25.0,0.0027487,Hg3Cl2O2_JVASP-12474_p_srniel.csv
Hg3Cl2O2,JVASP-12474,proton,30.0,0.0024007,Hg3Cl2O2_JVASP-12474_p_srniel.csv
Hg3Cl2O2,JVASP-12474,proton,35.0,0.0021433,Hg3Cl2O2_JVASP-12474_p_srniel.csv
Hg3Cl2O2,JVASP-12474,proton,40.0,0.0019441,Hg3Cl2O2_JVASP-12474_p_srniel.csv
Hg3Cl2O2,JVASP-12474,proton,45.0,0.0017851,Hg3Cl2O2_JVASP-12474_p_srniel.csv
Hg3Cl2O2,JVASP-12474,proton,50.0,0.001655,Hg3Cl2O2_JVASP-12474_p_srniel.csv
Hg3Cl2O2,JVASP-12474,proton,55.0,0.0015465,Hg3Cl2O2_JVASP-12474_p_srniel.csv
Hg3Cl2O2,JVASP-12474,proton,60.0,0.0014543,Hg3Cl2O2_JVASP-12474_p_srniel.csv
Hg3Cl2O2,JVASP-12474,proton,65.0,0.0013747,Hg3Cl2O2_JVASP-12474_p_srniel.csv
Hg3Cl2O2,JVASP-12474,proton,70.0,0.001305,Hg3Cl2O2_JVASP-12474_p_srniel.csv
Hg3Cl2O2,JVASP-12474,proton,75.0,0.0012433,Hg3Cl2O2_JVASP-12474_p_srniel.csv
Hg3Cl2O2,JVASP-12474,proton,80.0,0.0011882,Hg3Cl2O2_JVASP-12474_p_srniel.csv
Hg3Cl2O2,JVASP-12474,proton,85.0,0.0011385,Hg3Cl2O2_JVASP-12474_p_srniel.csv
Hg3Cl2O2,JVASP-12474,proton,90.0,0.0010935,Hg3Cl2O2_JVASP-12474_p_srniel.csv
Hg3Cl2O2,JVASP-12474,proton,95.0,0.0010525,Hg3Cl2O2_JVASP-12474_p_srniel.csv
Hg3Cl2O2,JVASP-12474,proton,100.0,0.0010149,Hg3Cl2O2_JVASP-12474_p_srniel.csv
Hg3Cl2O2,JVASP-12474,proton,150.0,0.00076436,Hg3Cl2O2_JVASP-12474_p_srniel.csv
Hg3Cl2O2,JVASP-12474,proton,200.0,0.00063704,Hg3Cl2O2_JVASP-12474_p_srniel.csv
Hg3Cl2O2,JVASP-12474,proton,250.0,0.00056441,Hg3Cl2O2_JVASP-12474_p_srniel.csv
Hg3Cl2O2,JVASP-12474,proton,300.0,0.00051856,Hg3Cl2O2_JVASP-12474_p_srniel.csv
Hg3Cl2O2,JVASP-12474,proton,350.0,0.00048701,Hg3Cl2O2_JVASP-12474_p_srniel.csv
Hg3Cl2O2,JVASP-12474,proton,400.0,0.00046388,Hg3Cl2O2_JVASP-12474_p_srniel.csv
Hg3Cl2O2,JVASP-12474,proton,450.0,0.00044624,Hg3Cl2O2_JVASP-12474_p_srniel.csv
Hg3Cl2O2,JVASP-12474,proton,500.0,0.00043251,Hg3Cl2O2_JVASP-12474_p_srniel.csv
Hg3Cl2O2,JVASP-12474,proton,550.0,0.00042166,Hg3Cl2O2_JVASP-12474_p_srniel.csv
Hg3Cl2O2,JVASP-12474,proton,600.0,0.00041297,Hg3Cl2O2_JVASP-12474_p_srniel.csv
Hg3Cl2O2,JVASP-12474,proton,650.0,0.00040581,Hg3Cl2O2_JVASP-12474_p_srniel.csv
Hg3Cl2O2,JVASP-12474,proton,700.0,0.00039968,Hg3Cl2O2_JVASP-12474_p_srniel.csv
Hg3Cl2O2,JVASP-12474,proton,750.0,0.00039418,Hg3Cl2O2_JVASP-12474_p_srniel.csv
Hg3Cl2O2,JVASP-12474,proton,800.0,0.00038904,Hg3Cl2O2_JVASP-12474_p_srniel.csv
Hg3Cl2O2,JVASP-12474,proton,850.0,0.00038417,Hg3Cl2O2_JVASP-12474_p_srniel.csv
Hg3Cl2O2,JVASP-12474,proton,900.0,0.00037967,Hg3Cl2O2_JVASP-12474_p_srniel.csv
Hg3Cl2O2,JVASP-12474,proton,950.0,0.00037586,Hg3Cl2O2_JVASP-12474_p_srniel.csv
Hg3Cl2O2,JVASP-12474,proton,1000.0,0.00037326,Hg3Cl2O2_JVASP-12474_p_srniel.csv
HgSO4,JVASP-9390,electron,0.04,2.4091e-05,HgSO4_JVASP-9390_e_srniel.csv
HgSO4,JVASP-9390,electron,0.045,2.5291e-05,HgSO4_JVASP-9390_e_srniel.csv
HgSO4,JVASP-9390,electron,0.05,2.651e-05,HgSO4_JVASP-9390_e_srniel.csv
HgSO4,JVASP-9390,electron,0.055,2.727e-05,HgSO4_JVASP-9390_e_srniel.csv
HgSO4,JVASP-9390,electron,0.06,2.7728e-05,HgSO4_JVASP-9390_e_srniel.csv
HgSO4,JVASP-9390,electron,0.065,2.7984e-05,HgSO4_JVASP-9390_e_srniel.csv
HgSO4,JVASP-9390,electron,0.07,2.81e-05,HgSO4_JVASP-9390_e_srniel.csv
HgSO4,JVASP-9390,electron,0.075,2.8122e-05,HgSO4_JVASP-9390_e_srniel.csv
HgSO4,JVASP-9390,electron,0.08,2.8077e-05,HgSO4_JVASP-9390_e_srniel.csv
HgSO4,JVASP-9390,electron,0.085,2.7986e-05,HgSO4_JVASP-9390_e_srniel.csv
HgSO4,JVASP-9390,electron,0.09,2.7865e-05,HgSO4_JVASP-9390_e_srniel.csv
HgSO4,JVASP-9390,electron,0.095,2.7722e-05,HgSO4_JVASP-9390_e_srniel.csv
HgSO4,JVASP-9390,electron,0.1,2.7567e-05,HgSO4_JVASP-9390_e_srniel.csv
HgSO4,JVASP-9390,electron,0.15,2.5958e-05,HgSO4_JVASP-9390_e_srniel.csv
HgSO4,JVASP-9390,electron,0.2,2.4793e-05,HgSO4_JVASP-9390_e_srniel.csv
HgSO4,JVASP-9390,electron,0.25,2.4056e-05,HgSO4_JVASP-9390_e_srniel.csv
HgSO4,JVASP-9390,electron,0.3,2.3611e-05,HgSO4_JVASP-9390_e_srniel.csv
HgSO4,JVASP-9390,electron,0.35,2.3365e-05,HgSO4_JVASP-9390_e_srniel.csv
HgSO4,JVASP-9390,electron,0.4,2.3255e-05,HgSO4_JVASP-9390_e_srniel.csv
HgSO4,JVASP-9390,electron,0.45,2.324e-05,HgSO4_JVASP-9390_e_srniel.csv
HgSO4,JVASP-9390,electron,0.5,2.3293e-05,HgSO4_JVASP-9390_e_srniel.csv
HgSO4,JVASP-9390,electron,0.55,2.3395e-05,HgSO4_JVASP-9390_e_srniel.csv
HgSO4,JVASP-9390,electron,0.6,2.3534e-05,HgSO4_JVASP-9390_e_srniel.csv
HgSO4,JVASP-9390,electron,0.65,2.3699e-05,HgSO4_JVASP-9390_e_srniel.csv
HgSO4,JVASP-9390,electron,0.7,2.3883e-05,HgSO4_JVASP-9390_e_srniel.csv
HgSO4,JVASP-9390,electron,0.75,2.4081e-05,HgSO4_JVASP-9390_e_srniel.csv
HgSO4,JVASP-9390,electron,0.8,2.4289e-05,HgSO4_JVASP-9390_e_srniel.csv
HgSO4,JVASP-9390,electron,0.85,2.4505e-05,HgSO4_JVASP-9390_e_srniel.csv
HgSO4,JVASP-9390,electron,0.9,2.4726e-05,HgSO4_JVASP-9390_e_srniel.csv
HgSO4,JVASP-9390,electron,0.95,2.495e-05,HgSO4_JVASP-9390_e_srniel.csv
HgSO4,JVASP-9390,electron,1.0,2.5176e-05,HgSO4_JVASP-9390_e_srniel.csv
HgSO4,JVASP-9390,electron,1.5,3.0955e-05,HgSO4_JVASP-9390_e_srniel.csv
HgSO4,JVASP-9390,electron,2.0,4.0027e-05,HgSO4_JVASP-9390_e_srniel.csv
HgSO4,JVASP-9390,electron,2.5,4.7647e-05,HgSO4_JVASP-9390_e_srniel.csv
HgSO4,JVASP-9390,electron,3.0,5.377e-05,HgSO4_JVASP-9390_e_srniel.csv
HgSO4,JVASP-9390,electron,3.5,5.8763e-05,HgSO4_JVASP-9390_e_srniel.csv
HgSO4,JVASP-9390,electron,4.0,6.2924e-05,HgSO4_JVASP-9390_e_srniel.csv
HgSO4,JVASP-9390,electron,4.5,6.6463e-05,HgSO4_JVASP-9390_e_srniel.csv
HgSO4,JVASP-9390,electron,5.0,6.9525e-05,HgSO4_JVASP-9390_e_srniel.csv
HgSO4,JVASP-9390,electron,5.5,7.2213e-05,HgSO4_JVASP-9390_e_srniel.csv
HgSO4,JVASP-9390,electron,6.0,7.4601e-05,HgSO4_JVASP-9390_e_srniel.csv
HgSO4,JVASP-9390,electron,6.5,7.6742e-05,HgSO4_JVASP-9390_e_srniel.csv
HgSO4,JVASP-9390,electron,7.0,7.8678e-05,HgSO4_JVASP-9390_e_srniel.csv
HgSO4,JVASP-9390,electron,7.5,8.044e-05,HgSO4_JVASP-9390_e_srniel.csv
HgSO4,JVASP-9390,electron,8.0,8.2054e-05,HgSO4_JVASP-9390_e_srniel.csv
HgSO4,JVASP-9390,electron,8.5,8.3539e-05,HgSO4_JVASP-9390_e_srniel.csv
HgSO4,JVASP-9390,electron,9.0,8.4912e-05,HgSO4_JVASP-9390_e_srniel.csv
HgSO4,JVASP-9390,electron,9.5,8.6185e-05,HgSO4_JVASP-9390_e_srniel.csv
HgSO4,JVASP-9390,electron,10.0,8.7369e-05,HgSO4_JVASP-9390_e_srniel.csv
HgSO4,JVASP-9390,electron,15.0,9.5845e-05,HgSO4_JVASP-9390_e_srniel.csv
HgSO4,JVASP-9390,electron,20.0,0.00010068,HgSO4_JVASP-9390_e_srniel.csv
HgSO4,JVASP-9390,electron,25.0,0.00010356,HgSO4_JVASP-9390_e_srniel.csv
HgSO4,JVASP-9390,electron,30.0,0.00010523,HgSO4_JVASP-9390_e_srniel.csv
HgSO4,JVASP-9390,electron,35.0,0.00010614,HgSO4_JVASP-9390_e_srniel.csv
HgSO4,JVASP-9390,electron,40.0,0.00010654,HgSO4_JVASP-9390_e_srniel.csv
HgSO4,JVASP-9390,electron,45.0,0.00010662,HgSO4_JVASP-9390_e_srniel.csv
HgSO4,JVASP-9390,electron,50.0,0.00010649,HgSO4_JVASP-9390_e_srniel.csv
HgSO4,JVASP-9390,electron,55.0,0.00010624,HgSO4_JVASP-9390_e_srniel.csv
HgSO4,JVASP-9390,electron,60.0,0.00010592,HgSO4_JVASP-9390_e_srniel.csv
HgSO4,JVASP-9390,electron,65.0,0.00010556,HgSO4_JVASP-9390_e_srniel.csv
HgSO4,JVASP-9390,electron,70.0,0.00010519,HgSO4_JVASP-9390_e_srniel.csv
HgSO4,JVASP-9390,electron,75.0,0.00010482,HgSO4_JVASP-9390_e_srniel.csv
HgSO4,JVASP-9390,electron,80.0,0.00010447,HgSO4_JVASP-9390_e_srniel.csv
HgSO4,JVASP-9390,electron,85.0,0.00010413,HgSO4_JVASP-9390_e_srniel.csv
HgSO4,JVASP-9390,electron,90.0,0.0001038,HgSO4_JVASP-9390_e_srniel.csv
HgSO4,JVASP-9390,electron,95.0,0.0001035,HgSO4_JVASP-9390_e_srniel.csv
HgSO4,JVASP-9390,electron,100.0,0.00010322,HgSO4_JVASP-9390_e_srniel.csv
HgSO4,JVASP-9390,proton,0.0001,4.1128,HgSO4_JVASP-9390_p_srniel.csv
HgSO4,JVASP-9390,proton,0.00015,4.5102,HgSO4_JVASP-9390_p_srniel.csv
HgSO4,JVASP-9390,proton,0.0002,4.6822,HgSO4_JVASP-9390_p_srniel.csv
HgSO4,JVASP-9390,proton,0.00025,4.7489,HgSO4_JVASP-9390_p_srniel.csv
HgSO4,JVASP-9390,proton,0.0003,4.7595,HgSO4_JVASP-9390_p_srniel.csv
HgSO4,JVASP-9390,proton,0.00035,4.7378,HgSO4_JVASP-9390_p_srniel.csv
HgSO4,JVASP-9390,proton,0.0004,4.6969,HgSO4_JVASP-9390_p_srniel.csv
HgSO4,JVASP-9390,proton,0.00045,4.6445,HgSO4_JVASP-9390_p_srniel.csv
HgSO4,JVASP-9390,proton,0.0005,4.5851,HgSO4_JVASP-9390_p_srniel.csv
HgSO4,JVASP-9390,proton,0.00055,4.5217,HgSO4_JVASP-9390_p_srniel.csv
HgSO4,JVASP-9390,proton,0.0006,4.4561,HgSO4_JVASP-9390_p_srniel.csv
HgSO4,JVASP-9390,proton,0.00065,4.3898,HgSO4_JVASP-9390_p_srniel.csv
HgSO4,JVASP-9390,proton,0.0007,4.3235,HgSO4_JVASP-9390_p_srniel.csv
HgSO4,JVASP-9390,proton,0.00075,4.2578,HgSO4_JVASP-9390_p_srniel.csv
HgSO4,JVASP-9390,proton,0.0008,4.1932,HgSO4_JVASP-9390_p_srniel.csv
HgSO4,JVASP-9390,proton,0.00085,4.1297,HgSO4_JVASP-9390_p_srniel.csv
HgSO4,JVASP-9390,proton,0.0009,4.0677,HgSO4_JVASP-9390_p_srniel.csv
HgSO4,JVASP-9390,proton,0.00095,4.0072,HgSO4_JVASP-9390_p_srniel.csv
HgSO4,JVASP-9390,proton,0.001,3.9483,HgSO4_JVASP-9390_p_srniel.csv
HgSO4,JVASP-9390,proton,0.0015,3.469,HgSO4_JVASP-9390_p_srniel.csv
HgSO4,JVASP-9390,proton,0.002,3.1565,HgSO4_JVASP-9390_p_srniel.csv
HgSO4,JVASP-9390,proton,0.0025,2.9056,HgSO4_JVASP-9390_p_srniel.csv
HgSO4,JVASP-9390,proton,0.003,2.7002,HgSO4_JVASP-9390_p_srniel.csv
HgSO4,JVASP-9390,proton,0.0035,2.5285,HgSO4_JVASP-9390_p_srniel.csv
HgSO4,JVASP-9390,proton,0.004,2.3826,HgSO4_JVASP-9390_p_srniel.csv
HgSO4,JVASP-9390,proton,0.0045,2.2567,HgSO4_JVASP-9390_p_srniel.csv
HgSO4,JVASP-9390,proton,0.005,2.1467,HgSO4_JVASP-9390_p_srniel.csv
HgSO4,JVASP-9390,proton,0.0055,2.0496,HgSO4_JVASP-9390_p_srniel.csv
HgSO4,JVASP-9390,proton,0.006,1.963,HgSO4_JVASP-9390_p_srniel.csv
HgSO4,JVASP-9390,proton,0.0065,1.8852,HgSO4_JVASP-9390_p_srniel.csv
HgSO4,JVASP-9390,proton,0.007,1.8148,HgSO4_JVASP-9390_p_srniel.csv
HgSO4,JVASP-9390,proton,0.0075,1.7507,HgSO4_JVASP-9390_p_srniel.csv
HgSO4,JVASP-9390,proton,0.008,1.692,HgSO4_JVASP-9390_p_srniel.csv
HgSO4,JVASP-9390,proton,0.0085,1.6381,HgSO4_JVASP-9390_p_srniel.csv
HgSO4,JVASP-9390,proton,0.009,1.5883,HgSO4_JVASP-9390_p_srniel.csv
HgSO4,JVASP-9390,proton,0.0095,1.5421,HgSO4_JVASP-9390_p_srniel.csv
HgSO4,JVASP-9390,proton,0.01,1.4991,HgSO4_JVASP-9390_p_srniel.csv
HgSO4,JVASP-9390,proton,0.015,1.188,HgSO4_JVASP-9390_p_srniel.csv
HgSO4,JVASP-9390,proton,0.02,0.99768,HgSO4_JVASP-9390_p_srniel.csv
HgSO4,JVASP-9390,proton,0.025,0.86665,HgSO4_JVASP-9390_p_srniel.csv
HgSO4,JVASP-9390,proton,0.03,0.76981,HgSO4_JVASP-9390_p_srniel.csv
HgSO4,JVASP-9390,proton,0.035,0.69478,HgSO4_JVASP-9390_p_srniel.csv
HgSO4,JVASP-9390,proton,0.04,0.63462,HgSO4_JVASP-9390_p_srniel.csv
HgSO4,JVASP-9390,proton,0.045,0.58512,HgSO4_JVASP-9390_p_srniel.csv
HgSO4,JVASP-9390,proton,0.05,0.54357,HgSO4_JVASP-9390_p_srniel.csv
HgSO4,JVASP-9390,proton,0.055,0.50835,HgSO4_JVASP-9390_p_srniel.csv
HgSO4,JVASP-9390,proton,0.06,0.47802,HgSO4_JVASP-9390_p_srniel.csv
HgSO4,JVASP-9390,proton,0.065,0.45154,HgSO4_JVASP-9390_p_srniel.csv
HgSO4,JVASP-9390,proton,0.07,0.42819,HgSO4_JVASP-9390_p_srniel.csv
HgSO4,JVASP-9390,proton,0.075,0.40742,HgSO4_JVASP-9390_p_srniel.csv
HgSO4,JVASP-9390,proton,0.08,0.3888,HgSO4_JVASP-9390_p_srniel.csv
HgSO4,JVASP-9390,proton,0.085,0.37201,HgSO4_JVASP-9390_p_srniel.csv
HgSO4,JVASP-9390,proton,0.09,0.35677,HgSO4_JVASP-9390_p_srniel.csv
HgSO4,JVASP-9390,proton,0.095,0.34288,HgSO4_JVASP-9390_p_srniel.csv
HgSO4,JVASP-9390,proton,0.1,0.33014,HgSO4_JVASP-9390_p_srniel.csv
HgSO4,JVASP-9390,proton,0.15,0.2438,HgSO4_JVASP-9390_p_srniel.csv
HgSO4,JVASP-9390,proton,0.2,0.1936,HgSO4_JVASP-9390_p_srniel.csv
HgSO4,JVASP-9390,proton,0.25,0.16135,HgSO4_JVASP-9390_p_srniel.csv
HgSO4,JVASP-9390,proton,0.3,0.13882,HgSO4_JVASP-9390_p_srniel.csv
HgSO4,JVASP-9390,proton,0.35,0.12207,HgSO4_JVASP-9390_p_srniel.csv
HgSO4,JVASP-9390,proton,0.4,0.10888,HgSO4_JVASP-9390_p_srniel.csv
HgSO4,JVASP-9390,proton,0.45,0.098376,HgSO4_JVASP-9390_p_srniel.csv
HgSO4,JVASP-9390,proton,0.5,0.089798,HgSO4_JVASP-9390_p_srniel.csv
HgSO4,JVASP-9390,proton,0.55,0.082655,HgSO4_JVASP-9390_p_srniel.csv
HgSO4,JVASP-9390,proton,0.6,0.07661,HgSO4_JVASP-9390_p_srniel.csv
HgSO4,JVASP-9390,proton,0.65,0.07142,HgSO4_JVASP-9390_p_srniel.csv
HgSO4,JVASP-9390,proton,0.7,0.066905,HgSO4_JVASP-9390_p_srniel.csv
HgSO4,JVASP-9390,proton,0.75,0.062957,HgSO4_JVASP-9390_p_srniel.csv
HgSO4,JVASP-9390,proton,0.8,0.059474,HgSO4_JVASP-9390_p_srniel.csv
HgSO4,JVASP-9390,proton,0.85,0.056377,HgSO4_JVASP-9390_p_srniel.csv
HgSO4,JVASP-9390,proton,0.9,0.053604,HgSO4_JVASP-9390_p_srniel.csv
HgSO4,JVASP-9390,proton,0.95,0.051106,HgSO4_JVASP-9390_p_srniel.csv
HgSO4,JVASP-9390,proton,1.0,0.048843,HgSO4_JVASP-9390_p_srniel.csv
HgSO4,JVASP-9390,proton,1.5,0.03414,HgSO4_JVASP-9390_p_srniel.csv
HgSO4,JVASP-9390,proton,2.0,0.026445,HgSO4_JVASP-9390_p_srniel.csv
HgSO4,JVASP-9390,proton,2.5,0.021531,HgSO4_JVASP-9390_p_srniel.csv
HgSO4,JVASP-9390,proton,3.0,0.018196,HgSO4_JVASP-9390_p_srniel.csv
HgSO4,JVASP-9390,proton,3.5,0.015807,HgSO4_JVASP-9390_p_srniel.csv
HgSO4,JVASP-9390,proton,4.0,0.014104,HgSO4_JVASP-9390_p_srniel.csv
HgSO4,JVASP-9390,proton,4.5,0.012762,HgSO4_JVASP-9390_p_srniel.csv
HgSO4,JVASP-9390,proton,5.0,0.011637,HgSO4_JVASP-9390_p_srniel.csv
HgSO4,JVASP-9390,proton,5.5,0.010708,HgSO4_JVASP-9390_p_srniel.csv
HgSO4,JVASP-9390,proton,6.0,0.0099388,HgSO4_JVASP-9390_p_srniel.csv
HgSO4,JVASP-9390,proton,6.5,0.0092943,HgSO4_JVASP-9390_p_srniel.csv
HgSO4,JVASP-9390,proton,7.0,0.0087456,HgSO4_JVASP-9390_p_srniel.csv
HgSO4,JVASP-9390,proton,7.5,0.0082704,HgSO4_JVASP-9390_p_srniel.csv
HgSO4,JVASP-9390,proton,8.0,0.0078522,HgSO4_JVASP-9390_p_srniel.csv
HgSO4,JVASP-9390,proton,8.5,0.007479,HgSO4_JVASP-9390_p_srniel.csv
HgSO4,JVASP-9390,proton,9.0,0.0071425,HgSO4_JVASP-9390_p_srniel.csv
HgSO4,JVASP-9390,proton,9.5,0.0068367,HgSO4_JVASP-9390_p_srniel.csv
HgSO4,JVASP-9390,proton,10.0,0.0065573,HgSO4_JVASP-9390_p_srniel.csv
HgSO4,JVASP-9390,proton,15.0,0.0047312,HgSO4_JVASP-9390_p_srniel.csv
HgSO4,JVASP-9390,proton,20.0,0.003831,HgSO4_JVASP-9390_p_srniel.csv
HgSO4,JVASP-9390,proton,25.0,0.0032971,HgSO4_JVASP-9390_p_srniel.csv
HgSO4,JVASP-9390,proton,30.0,0.0029247,HgSO4_JVASP-9390_p_srniel.csv
HgSO4,JVASP-9390,proton,35.0,0.0026363,HgSO4_JVASP-9390_p_srniel.csv
HgSO4,JVASP-9390,proton,40.0,0.0024021,HgSO4_JVASP-9390_p_srniel.csv
HgSO4,JVASP-9390,proton,45.0,0.0022083,HgSO4_JVASP-9390_p_srniel.csv
HgSO4,JVASP-9390,proton,50.0,0.0020462,HgSO4_JVASP-9390_p_srniel.csv
HgSO4,JVASP-9390,proton,55.0,0.0019094,HgSO4_JVASP-9390_p_srniel.csv
HgSO4,JVASP-9390,proton,60.0,0.0017926,HgSO4_JVASP-9390_p_srniel.csv
HgSO4,JVASP-9390,proton,65.0,0.0016918,HgSO4_JVASP-9390_p_srniel.csv
HgSO4,JVASP-9390,proton,70.0,0.0016037,HgSO4_JVASP-9390_p_srniel.csv
HgSO4,JVASP-9390,proton,75.0,0.0015259,HgSO4_JVASP-9390_p_srniel.csv
HgSO4,JVASP-9390,proton,80.0,0.0014564,HgSO4_JVASP-9390_p_srniel.csv
HgSO4,JVASP-9390,proton,85.0,0.0013938,HgSO4_JVASP-9390_p_srniel.csv
HgSO4,JVASP-9390,proton,90.0,0.0013369,HgSO4_JVASP-9390_p_srniel.csv
HgSO4,JVASP-9390,proton,95.0,0.001285,HgSO4_JVASP-9390_p_srniel.csv
HgSO4,JVASP-9390,proton,100.0,0.0012374,HgSO4_JVASP-9390_p_srniel.csv
HgSO4,JVASP-9390,proton,150.0,0.00091548,HgSO4_JVASP-9390_p_srniel.csv
HgSO4,JVASP-9390,proton,200.0,0.00075173,HgSO4_JVASP-9390_p_srniel.csv
HgSO4,JVASP-9390,proton,250.0,0.00066174,HgSO4_JVASP-9390_p_srniel.csv
HgSO4,JVASP-9390,proton,300.0,0.00060795,HgSO4_JVASP-9390_p_srniel.csv
HgSO4,JVASP-9390,proton,350.0,0.00057293,HgSO4_JVASP-9390_p_srniel.csv
HgSO4,JVASP-9390,proton,400.0,0.00054844,HgSO4_JVASP-9390_p_srniel.csv
HgSO4,JVASP-9390,proton,450.0,0.00053051,HgSO4_JVASP-9390_p_srniel.csv
HgSO4,JVASP-9390,proton,500.0,0.0005171,HgSO4_JVASP-9390_p_srniel.csv
HgSO4,JVASP-9390,proton,550.0,0.00050697,HgSO4_JVASP-9390_p_srniel.csv
HgSO4,JVASP-9390,proton,600.0,0.0004992,HgSO4_JVASP-9390_p_srniel.csv
HgSO4,JVASP-9390,proton,650.0,0.000493,HgSO4_JVASP-9390_p_srniel.csv
HgSO4,JVASP-9390,proton,700.0,0.00048765,HgSO4_JVASP-9390_p_srniel.csv
HgSO4,JVASP-9390,proton,750.0,0.00048254,HgSO4_JVASP-9390_p_srniel.csv
HgSO4,JVASP-9390,proton,800.0,0.00047733,HgSO4_JVASP-9390_p_srniel.csv
HgSO4,JVASP-9390,proton,850.0,0.00047195,HgSO4_JVASP-9390_p_srniel.csv
HgSO4,JVASP-9390,proton,900.0,0.00046676,HgSO4_JVASP-9390_p_srniel.csv
HgSO4,JVASP-9390,proton,950.0,0.00046252,HgSO4_JVASP-9390_p_srniel.csv
HgSO4,JVASP-9390,proton,1000.0,0.0004605,HgSO4_JVASP-9390_p_srniel.csv
HoSO,JVASP-46072,electron,0.04,0.0,HoSO_JVASP-46072_e_srniel.csv
HoSO,JVASP-46072,electron,0.045,0.0,HoSO_JVASP-46072_e_srniel.csv
HoSO,JVASP-46072,electron,0.05,0.0,HoSO_JVASP-46072_e_srniel.csv
HoSO,JVASP-46072,electron,0.055,0.0,HoSO_JVASP-46072_e_srniel.csv
HoSO,JVASP-46072,electron,0.06,0.0,HoSO_JVASP-46072_e_srniel.csv
HoSO,JVASP-46072,electron,0.065,0.0,HoSO_JVASP-46072_e_srniel.csv
HoSO,JVASP-46072,electron,0.07,0.0,HoSO_JVASP-46072_e_srniel.csv
HoSO,JVASP-46072,electron,0.075,0.0,HoSO_JVASP-46072_e_srniel.csv
HoSO,JVASP-46072,electron,0.08,0.0,HoSO_JVASP-46072_e_srniel.csv
HoSO,JVASP-46072,electron,0.085,0.0,HoSO_JVASP-46072_e_srniel.csv
HoSO,JVASP-46072,electron,0.09,0.0,HoSO_JVASP-46072_e_srniel.csv
HoSO,JVASP-46072,electron,0.095,0.0,HoSO_JVASP-46072_e_srniel.csv
HoSO,JVASP-46072,electron,0.1,0.0,HoSO_JVASP-46072_e_srniel.csv
HoSO,JVASP-46072,electron,0.15,2.188e-06,HoSO_JVASP-46072_e_srniel.csv
HoSO,JVASP-46072,electron,0.2,3.4388e-06,HoSO_JVASP-46072_e_srniel.csv
HoSO,JVASP-46072,electron,0.25,4.3722e-06,HoSO_JVASP-46072_e_srniel.csv
HoSO,JVASP-46072,electron,0.3,5.0321e-06,HoSO_JVASP-46072_e_srniel.csv
HoSO,JVASP-46072,electron,0.35,5.5535e-06,HoSO_JVASP-46072_e_srniel.csv
HoSO,JVASP-46072,electron,0.4,5.9956e-06,HoSO_JVASP-46072_e_srniel.csv
HoSO,JVASP-46072,electron,0.45,6.3877e-06,HoSO_JVASP-46072_e_srniel.csv
HoSO,JVASP-46072,electron,0.5,7.5561e-06,HoSO_JVASP-46072_e_srniel.csv
HoSO,JVASP-46072,electron,0.55,9.2193e-06,HoSO_JVASP-46072_e_srniel.csv
HoSO,JVASP-46072,electron,0.6,1.0967e-05,HoSO_JVASP-46072_e_srniel.csv
HoSO,JVASP-46072,electron,0.65,1.2733e-05,HoSO_JVASP-46072_e_srniel.csv
HoSO,JVASP-46072,electron,0.7,1.4477e-05,HoSO_JVASP-46072_e_srniel.csv
HoSO,JVASP-46072,electron,0.75,1.6177e-05,HoSO_JVASP-46072_e_srniel.csv
HoSO,JVASP-46072,electron,0.8,1.7821e-05,HoSO_JVASP-46072_e_srniel.csv
HoSO,JVASP-46072,electron,0.85,1.9403e-05,HoSO_JVASP-46072_e_srniel.csv
HoSO,JVASP-46072,electron,0.9,2.0921e-05,HoSO_JVASP-46072_e_srniel.csv
HoSO,JVASP-46072,electron,0.95,2.2376e-05,HoSO_JVASP-46072_e_srniel.csv
HoSO,JVASP-46072,electron,1.0,2.377e-05,HoSO_JVASP-46072_e_srniel.csv
HoSO,JVASP-46072,electron,1.5,3.4988e-05,HoSO_JVASP-46072_e_srniel.csv
HoSO,JVASP-46072,electron,2.0,4.292e-05,HoSO_JVASP-46072_e_srniel.csv
HoSO,JVASP-46072,electron,2.5,4.8976e-05,HoSO_JVASP-46072_e_srniel.csv
HoSO,JVASP-46072,electron,3.0,5.3848e-05,HoSO_JVASP-46072_e_srniel.csv
HoSO,JVASP-46072,electron,3.5,5.7908e-05,HoSO_JVASP-46072_e_srniel.csv
HoSO,JVASP-46072,electron,4.0,6.1378e-05,HoSO_JVASP-46072_e_srniel.csv
HoSO,JVASP-46072,electron,4.5,6.4402e-05,HoSO_JVASP-46072_e_srniel.csv
HoSO,JVASP-46072,electron,5.0,6.7076e-05,HoSO_JVASP-46072_e_srniel.csv
HoSO,JVASP-46072,electron,5.5,6.9467e-05,HoSO_JVASP-46072_e_srniel.csv
HoSO,JVASP-46072,electron,6.0,7.1627e-05,HoSO_JVASP-46072_e_srniel.csv
HoSO,JVASP-46072,electron,6.5,7.3591e-05,HoSO_JVASP-46072_e_srniel.csv
HoSO,JVASP-46072,electron,7.0,7.539e-05,HoSO_JVASP-46072_e_srniel.csv
HoSO,JVASP-46072,electron,7.5,7.7046e-05,HoSO_JVASP-46072_e_srniel.csv
HoSO,JVASP-46072,electron,8.0,7.8578e-05,HoSO_JVASP-46072_e_srniel.csv
HoSO,JVASP-46072,electron,8.5,8.0001e-05,HoSO_JVASP-46072_e_srniel.csv
HoSO,JVASP-46072,electron,9.0,8.1327e-05,HoSO_JVASP-46072_e_srniel.csv
HoSO,JVASP-46072,electron,9.5,8.2566e-05,HoSO_JVASP-46072_e_srniel.csv
HoSO,JVASP-46072,electron,10.0,8.3728e-05,HoSO_JVASP-46072_e_srniel.csv
HoSO,JVASP-46072,electron,15.0,9.2308e-05,HoSO_JVASP-46072_e_srniel.csv
HoSO,JVASP-46072,electron,20.0,9.7504e-05,HoSO_JVASP-46072_e_srniel.csv
HoSO,JVASP-46072,electron,25.0,0.00010081,HoSO_JVASP-46072_e_srniel.csv
HoSO,JVASP-46072,electron,30.0,0.00010292,HoSO_JVASP-46072_e_srniel.csv
HoSO,JVASP-46072,electron,35.0,0.00010424,HoSO_JVASP-46072_e_srniel.csv
HoSO,JVASP-46072,electron,40.0,0.00010502,HoSO_JVASP-46072_e_srniel.csv
HoSO,JVASP-46072,electron,45.0,0.00010543,HoSO_JVASP-46072_e_srniel.csv
HoSO,JVASP-46072,electron,50.0,0.00010559,HoSO_JVASP-46072_e_srniel.csv
HoSO,JVASP-46072,electron,55.0,0.00010557,HoSO_JVASP-46072_e_srniel.csv
HoSO,JVASP-46072,electron,60.0,0.00010545,HoSO_JVASP-46072_e_srniel.csv
HoSO,JVASP-46072,electron,65.0,0.00010525,HoSO_JVASP-46072_e_srniel.csv
HoSO,JVASP-46072,electron,70.0,0.000105,HoSO_JVASP-46072_e_srniel.csv
HoSO,JVASP-46072,electron,75.0,0.00010473,HoSO_JVASP-46072_e_srniel.csv
HoSO,JVASP-46072,electron,80.0,0.00010445,HoSO_JVASP-46072_e_srniel.csv
HoSO,JVASP-46072,electron,85.0,0.00010417,HoSO_JVASP-46072_e_srniel.csv
HoSO,JVASP-46072,electron,90.0,0.0001039,HoSO_JVASP-46072_e_srniel.csv
HoSO,JVASP-46072,electron,95.0,0.00010363,HoSO_JVASP-46072_e_srniel.csv
HoSO,JVASP-46072,electron,100.0,0.00010337,HoSO_JVASP-46072_e_srniel.csv
HoSO,JVASP-46072,proton,0.0001,0.29376,HoSO_JVASP-46072_p_srniel.csv
HoSO,JVASP-46072,proton,0.00015,0.67379,HoSO_JVASP-46072_p_srniel.csv
HoSO,JVASP-46072,proton,0.0002,1.0136,HoSO_JVASP-46072_p_srniel.csv
HoSO,JVASP-46072,proton,0.00025,1.2279,HoSO_JVASP-46072_p_srniel.csv
HoSO,JVASP-46072,proton,0.0003,1.371,HoSO_JVASP-46072_p_srniel.csv
HoSO,JVASP-46072,proton,0.00035,1.4697,HoSO_JVASP-46072_p_srniel.csv
HoSO,JVASP-46072,proton,0.0004,1.5651,HoSO_JVASP-46072_p_srniel.csv
HoSO,JVASP-46072,proton,0.00045,1.6565,HoSO_JVASP-46072_p_srniel.csv
HoSO,JVASP-46072,proton,0.0005,1.7277,HoSO_JVASP-46072_p_srniel.csv
HoSO,JVASP-46072,proton,0.00055,1.7837,HoSO_JVASP-46072_p_srniel.csv
HoSO,JVASP-46072,proton,0.0006,1.828,HoSO_JVASP-46072_p_srniel.csv
HoSO,JVASP-46072,proton,0.00065,1.8631,HoSO_JVASP-46072_p_srniel.csv
HoSO,JVASP-46072,proton,0.0007,1.8909,HoSO_JVASP-46072_p_srniel.csv
HoSO,JVASP-46072,proton,0.00075,1.9129,HoSO_JVASP-46072_p_srniel.csv
HoSO,JVASP-46072,proton,0.0008,1.9302,HoSO_JVASP-46072_p_srniel.csv
HoSO,JVASP-46072,proton,0.00085,1.9435,HoSO_JVASP-46072_p_srniel.csv
HoSO,JVASP-46072,proton,0.0009,1.9537,HoSO_JVASP-46072_p_srniel.csv
HoSO,JVASP-46072,proton,0.00095,1.9611,HoSO_JVASP-46072_p_srniel.csv
HoSO,JVASP-46072,proton,0.001,1.9663,HoSO_JVASP-46072_p_srniel.csv
HoSO,JVASP-46072,proton,0.0015,1.9496,HoSO_JVASP-46072_p_srniel.csv
HoSO,JVASP-46072,proton,0.002,1.8857,HoSO_JVASP-46072_p_srniel.csv
HoSO,JVASP-46072,proton,0.0025,1.8134,HoSO_JVASP-46072_p_srniel.csv
HoSO,JVASP-46072,proton,0.003,1.743,HoSO_JVASP-46072_p_srniel.csv
HoSO,JVASP-46072,proton,0.0035,1.6771,HoSO_JVASP-46072_p_srniel.csv
HoSO,JVASP-46072,proton,0.004,1.6164,HoSO_JVASP-46072_p_srniel.csv
HoSO,JVASP-46072,proton,0.0045,1.5606,HoSO_JVASP-46072_p_srniel.csv
HoSO,JVASP-46072,proton,0.005,1.5093,HoSO_JVASP-46072_p_srniel.csv
HoSO,JVASP-46072,proton,0.0055,1.462,HoSO_JVASP-46072_p_srniel.csv
HoSO,JVASP-46072,proton,0.006,1.4184,HoSO_JVASP-46072_p_srniel.csv
HoSO,JVASP-46072,proton,0.0065,1.3779,HoSO_JVASP-46072_p_srniel.csv
HoSO,JVASP-46072,proton,0.007,1.3402,HoSO_JVASP-46072_p_srniel.csv
HoSO,JVASP-46072,proton,0.0075,1.305,HoSO_JVASP-46072_p_srniel.csv
HoSO,JVASP-46072,proton,0.008,1.2721,HoSO_JVASP-46072_p_srniel.csv
HoSO,JVASP-46072,proton,0.0085,1.2413,HoSO_JVASP-46072_p_srniel.csv
HoSO,JVASP-46072,proton,0.009,1.2122,HoSO_JVASP-46072_p_srniel.csv
HoSO,JVASP-46072,proton,0.0095,1.1849,HoSO_JVASP-46072_p_srniel.csv
HoSO,JVASP-46072,proton,0.01,1.159,HoSO_JVASP-46072_p_srniel.csv
HoSO,JVASP-46072,proton,0.015,0.9602,HoSO_JVASP-46072_p_srniel.csv
HoSO,JVASP-46072,proton,0.02,0.82827,HoSO_JVASP-46072_p_srniel.csv
HoSO,JVASP-46072,proton,0.025,0.73278,HoSO_JVASP-46072_p_srniel.csv
HoSO,JVASP-46072,proton,0.03,0.65976,HoSO_JVASP-46072_p_srniel.csv
HoSO,JVASP-46072,proton,0.035,0.60173,HoSO_JVASP-46072_p_srniel.csv
HoSO,JVASP-46072,proton,0.04,0.55429,HoSO_JVASP-46072_p_srniel.csv
HoSO,JVASP-46072,proton,0.045,0.51466,HoSO_JVASP-46072_p_srniel.csv
HoSO,JVASP-46072,proton,0.05,0.48095,HoSO_JVASP-46072_p_srniel.csv
HoSO,JVASP-46072,proton,0.055,0.45177,HoSO_JVASP-46072_p_srniel.csv
HoSO,JVASP-46072,proton,0.06,0.42631,HoSO_JVASP-46072_p_srniel.csv
HoSO,JVASP-46072,proton,0.065,0.40389,HoSO_JVASP-46072_p_srniel.csv
HoSO,JVASP-46072,proton,0.07,0.38397,HoSO_JVASP-46072_p_srniel.csv
HoSO,JVASP-46072,proton,0.075,0.36614,HoSO_JVASP-46072_p_srniel.csv
HoSO,JVASP-46072,proton,0.08,0.35008,HoSO_JVASP-46072_p_srniel.csv
HoSO,JVASP-46072,proton,0.085,0.33551,HoSO_JVASP-46072_p_srniel.csv
HoSO,JVASP-46072,proton,0.09,0.32224,HoSO_JVASP-46072_p_srniel.csv
HoSO,JVASP-46072,proton,0.095,0.31009,HoSO_JVASP-46072_p_srniel.csv
HoSO,JVASP-46072,proton,0.1,0.29891,HoSO_JVASP-46072_p_srniel.csv
HoSO,JVASP-46072,proton,0.15,0.22203,HoSO_JVASP-46072_p_srniel.csv
HoSO,JVASP-46072,proton,0.2,0.17838,HoSO_JVASP-46072_p_srniel.csv
HoSO,JVASP-46072,proton,0.25,0.15001,HoSO_JVASP-46072_p_srniel.csv
HoSO,JVASP-46072,proton,0.3,0.12994,HoSO_JVASP-46072_p_srniel.csv
HoSO,JVASP-46072,proton,0.35,0.11489,HoSO_JVASP-46072_p_srniel.csv
HoSO,JVASP-46072,proton,0.4,0.10293,HoSO_JVASP-46072_p_srniel.csv
HoSO,JVASP-46072,proton,0.45,0.093348,HoSO_JVASP-46072_p_srniel.csv
HoSO,JVASP-46072,proton,0.5,0.085486,HoSO_JVASP-46072_p_srniel.csv
HoSO,JVASP-46072,proton,0.55,0.078953,HoSO_JVASP-46072_p_srniel.csv
HoSO,JVASP-46072,proton,0.6,0.073432,HoSO_JVASP-46072_p_srniel.csv
HoSO,JVASP-46072,proton,0.65,0.068693,HoSO_JVASP-46072_p_srniel.csv
HoSO,JVASP-46072,proton,0.7,0.064578,HoSO_JVASP-46072_p_srniel.csv
HoSO,JVASP-46072,proton,0.75,0.060967,HoSO_JVASP-46072_p_srniel.csv
HoSO,JVASP-46072,proton,0.8,0.057772,HoSO_JVASP-46072_p_srniel.csv
HoSO,JVASP-46072,proton,0.85,0.054923,HoSO_JVASP-46072_p_srniel.csv
HoSO,JVASP-46072,proton,0.9,0.052365,HoSO_JVASP-46072_p_srniel.csv
HoSO,JVASP-46072,proton,0.95,0.050055,HoSO_JVASP-46072_p_srniel.csv
HoSO,JVASP-46072,proton,1.0,0.047957,HoSO_JVASP-46072_p_srniel.csv
HoSO,JVASP-46072,proton,1.5,0.034185,HoSO_JVASP-46072_p_srniel.csv
HoSO,JVASP-46072,proton,2.0,0.026392,HoSO_JVASP-46072_p_srniel.csv
HoSO,JVASP-46072,proton,2.5,0.021546,HoSO_JVASP-46072_p_srniel.csv
HoSO,JVASP-46072,proton,3.0,0.018247,HoSO_JVASP-46072_p_srniel.csv
HoSO,JVASP-46072,proton,3.5,0.015882,HoSO_JVASP-46072_p_srniel.csv
HoSO,JVASP-46072,proton,4.0,0.01414,HoSO_JVASP-46072_p_srniel.csv
HoSO,JVASP-46072,proton,4.5,0.012771,HoSO_JVASP-46072_p_srniel.csv
HoSO,JVASP-46072,proton,5.0,0.011649,HoSO_JVASP-46072_p_srniel.csv
HoSO,JVASP-46072,proton,5.5,0.010723,HoSO_JVASP-46072_p_srniel.csv
HoSO,JVASP-46072,proton,6.0,0.00995,HoSO_JVASP-46072_p_srniel.csv
HoSO,JVASP-46072,proton,6.5,0.0092957,HoSO_JVASP-46072_p_srniel.csv
HoSO,JVASP-46072,proton,7.0,0.0087344,HoSO_JVASP-46072_p_srniel.csv
HoSO,JVASP-46072,proton,7.5,0.0082466,HoSO_JVASP-46072_p_srniel.csv
HoSO,JVASP-46072,proton,8.0,0.0078179,HoSO_JVASP-46072_p_srniel.csv
HoSO,JVASP-46072,proton,8.5,0.0074371,HoSO_JVASP-46072_p_srniel.csv
HoSO,JVASP-46072,proton,9.0,0.0070961,HoSO_JVASP-46072_p_srniel.csv
HoSO,JVASP-46072,proton,9.5,0.0067886,HoSO_JVASP-46072_p_srniel.csv
HoSO,JVASP-46072,proton,10.0,0.0065098,HoSO_JVASP-46072_p_srniel.csv
HoSO,JVASP-46072,proton,15.0,0.0047072,HoSO_JVASP-46072_p_srniel.csv
HoSO,JVASP-46072,proton,20.0,0.00379,HoSO_JVASP-46072_p_srniel.csv
HoSO,JVASP-46072,proton,25.0,0.0032265,HoSO_JVASP-46072_p_srniel.csv
HoSO,JVASP-46072,proton,30.0,0.0028354,HoSO_JVASP-46072_p_srniel.csv
HoSO,JVASP-46072,proton,35.0,0.0025429,HoSO_JVASP-46072_p_srniel.csv
HoSO,JVASP-46072,proton,40.0,0.002314,HoSO_JVASP-46072_p_srniel.csv
HoSO,JVASP-46072,proton,45.0,0.0021299,HoSO_JVASP-46072_p_srniel.csv
HoSO,JVASP-46072,proton,50.0,0.0019786,HoSO_JVASP-46072_p_srniel.csv
HoSO,JVASP-46072,proton,55.0,0.0018518,HoSO_JVASP-46072_p_srniel.csv
HoSO,JVASP-46072,proton,60.0,0.0017437,HoSO_JVASP-46072_p_srniel.csv
HoSO,JVASP-46072,proton,65.0,0.0016502,HoSO_JVASP-46072_p_srniel.csv
HoSO,JVASP-46072,proton,70.0,0.0015681,HoSO_JVASP-46072_p_srniel.csv
HoSO,JVASP-46072,proton,75.0,0.0014952,HoSO_JVASP-46072_p_srniel.csv
HoSO,JVASP-46072,proton,80.0,0.0014298,HoSO_JVASP-46072_p_srniel.csv
HoSO,JVASP-46072,proton,85.0,0.0013707,HoSO_JVASP-46072_p_srniel.csv
HoSO,JVASP-46072,proton,90.0,0.0013169,HoSO_JVASP-46072_p_srniel.csv
HoSO,JVASP-46072,proton,95.0,0.0012677,HoSO_JVASP-46072_p_srniel.csv
HoSO,JVASP-46072,proton,100.0,0.0012224,HoSO_JVASP-46072_p_srniel.csv
HoSO,JVASP-46072,proton,150.0,0.00091747,HoSO_JVASP-46072_p_srniel.csv
HoSO,JVASP-46072,proton,200.0,0.00076296,HoSO_JVASP-46072_p_srniel.csv
HoSO,JVASP-46072,proton,250.0,0.00067683,HoSO_JVASP-46072_p_srniel.csv
HoSO,JVASP-46072,proton,300.0,0.0006237,HoSO_JVASP-46072_p_srniel.csv
HoSO,JVASP-46072,proton,350.0,0.00058763,HoSO_JVASP-46072_p_srniel.csv
HoSO,JVASP-46072,proton,400.0,0.00056133,HoSO_JVASP-46072_p_srniel.csv
HoSO,JVASP-46072,proton,450.0,0.00054136,HoSO_JVASP-46072_p_srniel.csv
HoSO,JVASP-46072,proton,500.0,0.00052597,HoSO_JVASP-46072_p_srniel.csv
HoSO,JVASP-46072,proton,550.0,0.00051405,HoSO_JVASP-46072_p_srniel.csv
HoSO,JVASP-46072,proton,600.0,0.00050473,HoSO_JVASP-46072_p_srniel.csv
HoSO,JVASP-46072,proton,650.0,0.0004972,HoSO_JVASP-46072_p_srniel.csv
HoSO,JVASP-46072,proton,700.0,0.00049075,HoSO_JVASP-46072_p_srniel.csv
HoSO,JVASP-46072,proton,750.0,0.00048479,HoSO_JVASP-46072_p_srniel.csv
HoSO,JVASP-46072,proton,800.0,0.00047897,HoSO_JVASP-46072_p_srniel.csv
HoSO,JVASP-46072,proton,850.0,0.0004732,HoSO_JVASP-46072_p_srniel.csv
HoSO,JVASP-46072,proton,900.0,0.00046777,HoSO_JVASP-46072_p_srniel.csv
HoSO,JVASP-46072,proton,950.0,0.00046335,HoSO_JVASP-46072_p_srniel.csv
HoSO,JVASP-46072,proton,1000.0,0.00046103,HoSO_JVASP-46072_p_srniel.csv
InAgS2,JVASP-12383,electron,0.04,0.0,InAgS2_JVASP-12383_e_srniel.csv
InAgS2,JVASP-12383,electron,0.045,0.0,InAgS2_JVASP-12383_e_srniel.csv
InAgS2,JVASP-12383,electron,0.05,0.0,InAgS2_JVASP-12383_e_srniel.csv
InAgS2,JVASP-12383,electron,0.055,0.0,InAgS2_JVASP-12383_e_srniel.csv
InAgS2,JVASP-12383,electron,0.06,0.0,InAgS2_JVASP-12383_e_srniel.csv
InAgS2,JVASP-12383,electron,0.065,0.0,InAgS2_JVASP-12383_e_srniel.csv
InAgS2,JVASP-12383,electron,0.07,0.0,InAgS2_JVASP-12383_e_srniel.csv
InAgS2,JVASP-12383,electron,0.075,0.0,InAgS2_JVASP-12383_e_srniel.csv
InAgS2,JVASP-12383,electron,0.08,0.0,InAgS2_JVASP-12383_e_srniel.csv
InAgS2,JVASP-12383,electron,0.085,0.0,InAgS2_JVASP-12383_e_srniel.csv
InAgS2,JVASP-12383,electron,0.09,0.0,InAgS2_JVASP-12383_e_srniel.csv
InAgS2,JVASP-12383,electron,0.095,0.0,InAgS2_JVASP-12383_e_srniel.csv
InAgS2,JVASP-12383,electron,0.1,0.0,InAgS2_JVASP-12383_e_srniel.csv
InAgS2,JVASP-12383,electron,0.15,4.1203e-06,InAgS2_JVASP-12383_e_srniel.csv
InAgS2,JVASP-12383,electron,0.2,8.9272e-06,InAgS2_JVASP-12383_e_srniel.csv
InAgS2,JVASP-12383,electron,0.25,1.1884e-05,InAgS2_JVASP-12383_e_srniel.csv
InAgS2,JVASP-12383,electron,0.3,1.4002e-05,InAgS2_JVASP-12383_e_srniel.csv
InAgS2,JVASP-12383,electron,0.35,1.5671e-05,InAgS2_JVASP-12383_e_srniel.csv
InAgS2,JVASP-12383,electron,0.4,1.707e-05,InAgS2_JVASP-12383_e_srniel.csv
InAgS2,JVASP-12383,electron,0.45,1.8292e-05,InAgS2_JVASP-12383_e_srniel.csv
InAgS2,JVASP-12383,electron,0.5,1.9387e-05,InAgS2_JVASP-12383_e_srniel.csv
InAgS2,JVASP-12383,electron,0.55,2.0387e-05,InAgS2_JVASP-12383_e_srniel.csv
InAgS2,JVASP-12383,electron,0.6,2.1312e-05,InAgS2_JVASP-12383_e_srniel.csv
InAgS2,JVASP-12383,electron,0.65,2.2177e-05,InAgS2_JVASP-12383_e_srniel.csv
InAgS2,JVASP-12383,electron,0.7,2.2991e-05,InAgS2_JVASP-12383_e_srniel.csv
InAgS2,JVASP-12383,electron,0.75,2.3762e-05,InAgS2_JVASP-12383_e_srniel.csv
InAgS2,JVASP-12383,electron,0.8,2.4495e-05,InAgS2_JVASP-12383_e_srniel.csv
InAgS2,JVASP-12383,electron,0.85,2.5195e-05,InAgS2_JVASP-12383_e_srniel.csv
InAgS2,JVASP-12383,electron,0.9,2.5865e-05,InAgS2_JVASP-12383_e_srniel.csv
InAgS2,JVASP-12383,electron,0.95,2.651e-05,InAgS2_JVASP-12383_e_srniel.csv
InAgS2,JVASP-12383,electron,1.0,2.7129e-05,InAgS2_JVASP-12383_e_srniel.csv
InAgS2,JVASP-12383,electron,1.5,3.4333e-05,InAgS2_JVASP-12383_e_srniel.csv
InAgS2,JVASP-12383,electron,2.0,4.1134e-05,InAgS2_JVASP-12383_e_srniel.csv
InAgS2,JVASP-12383,electron,2.5,4.6909e-05,InAgS2_JVASP-12383_e_srniel.csv
InAgS2,JVASP-12383,electron,3.0,5.1806e-05,InAgS2_JVASP-12383_e_srniel.csv
InAgS2,JVASP-12383,electron,3.5,5.6016e-05,InAgS2_JVASP-12383_e_srniel.csv
InAgS2,JVASP-12383,electron,4.0,5.9686e-05,InAgS2_JVASP-12383_e_srniel.csv
InAgS2,JVASP-12383,electron,4.5,6.2928e-05,InAgS2_JVASP-12383_e_srniel.csv
InAgS2,JVASP-12383,electron,5.0,6.5824e-05,InAgS2_JVASP-12383_e_srniel.csv
InAgS2,JVASP-12383,electron,5.5,6.8433e-05,InAgS2_JVASP-12383_e_srniel.csv
InAgS2,JVASP-12383,electron,6.0,7.0805e-05,InAgS2_JVASP-12383_e_srniel.csv
InAgS2,JVASP-12383,electron,6.5,7.2974e-05,InAgS2_JVASP-12383_e_srniel.csv
InAgS2,JVASP-12383,electron,7.0,7.497e-05,InAgS2_JVASP-12383_e_srniel.csv
InAgS2,JVASP-12383,electron,7.5,7.6815e-05,InAgS2_JVASP-12383_e_srniel.csv
InAgS2,JVASP-12383,electron,8.0,7.8529e-05,InAgS2_JVASP-12383_e_srniel.csv
InAgS2,JVASP-12383,electron,8.5,8.0127e-05,InAgS2_JVASP-12383_e_srniel.csv
InAgS2,JVASP-12383,electron,9.0,8.1623e-05,InAgS2_JVASP-12383_e_srniel.csv
InAgS2,JVASP-12383,electron,9.5,8.3026e-05,InAgS2_JVASP-12383_e_srniel.csv
InAgS2,JVASP-12383,electron,10.0,8.4346e-05,InAgS2_JVASP-12383_e_srniel.csv
InAgS2,JVASP-12383,electron,15.0,9.431e-05,InAgS2_JVASP-12383_e_srniel.csv
InAgS2,JVASP-12383,electron,20.0,0.00010068,InAgS2_JVASP-12383_e_srniel.csv
InAgS2,JVASP-12383,electron,25.0,0.00010504,InAgS2_JVASP-12383_e_srniel.csv
InAgS2,JVASP-12383,electron,30.0,0.00010812,InAgS2_JVASP-12383_e_srniel.csv
InAgS2,JVASP-12383,electron,35.0,0.00011032,InAgS2_JVASP-12383_e_srniel.csv
InAgS2,JVASP-12383,electron,40.0,0.00011191,InAgS2_JVASP-12383_e_srniel.csv
InAgS2,JVASP-12383,electron,45.0,0.00011304,InAgS2_JVASP-12383_e_srniel.csv
InAgS2,JVASP-12383,electron,50.0,0.00011384,InAgS2_JVASP-12383_e_srniel.csv
InAgS2,JVASP-12383,electron,55.0,0.00011439,InAgS2_JVASP-12383_e_srniel.csv
InAgS2,JVASP-12383,electron,60.0,0.00011476,InAgS2_JVASP-12383_e_srniel.csv
InAgS2,JVASP-12383,electron,65.0,0.000115,InAgS2_JVASP-12383_e_srniel.csv
InAgS2,JVASP-12383,electron,70.0,0.00011513,InAgS2_JVASP-12383_e_srniel.csv
InAgS2,JVASP-12383,electron,75.0,0.00011519,InAgS2_JVASP-12383_e_srniel.csv
InAgS2,JVASP-12383,electron,80.0,0.0001152,InAgS2_JVASP-12383_e_srniel.csv
InAgS2,JVASP-12383,electron,85.0,0.00011516,InAgS2_JVASP-12383_e_srniel.csv
InAgS2,JVASP-12383,electron,90.0,0.0001151,InAgS2_JVASP-12383_e_srniel.csv
InAgS2,JVASP-12383,electron,95.0,0.00011502,InAgS2_JVASP-12383_e_srniel.csv
InAgS2,JVASP-12383,electron,100.0,0.00011492,InAgS2_JVASP-12383_e_srniel.csv
InAgS2,JVASP-12383,proton,0.0001,0.31586,InAgS2_JVASP-12383_p_srniel.csv
InAgS2,JVASP-12383,proton,0.00015,0.78985,InAgS2_JVASP-12383_p_srniel.csv
InAgS2,JVASP-12383,proton,0.0002,1.0826,InAgS2_JVASP-12383_p_srniel.csv
InAgS2,JVASP-12383,proton,0.00025,1.2822,InAgS2_JVASP-12383_p_srniel.csv
InAgS2,JVASP-12383,proton,0.0003,1.4263,InAgS2_JVASP-12383_p_srniel.csv
InAgS2,JVASP-12383,proton,0.00035,1.5341,InAgS2_JVASP-12383_p_srniel.csv
InAgS2,JVASP-12383,proton,0.0004,1.6169,InAgS2_JVASP-12383_p_srniel.csv
InAgS2,JVASP-12383,proton,0.00045,1.6813,InAgS2_JVASP-12383_p_srniel.csv
InAgS2,JVASP-12383,proton,0.0005,1.7322,InAgS2_JVASP-12383_p_srniel.csv
InAgS2,JVASP-12383,proton,0.00055,1.7726,InAgS2_JVASP-12383_p_srniel.csv
InAgS2,JVASP-12383,proton,0.0006,1.8047,InAgS2_JVASP-12383_p_srniel.csv
InAgS2,JVASP-12383,proton,0.00065,1.8303,InAgS2_JVASP-12383_p_srniel.csv
InAgS2,JVASP-12383,proton,0.0007,1.8507,InAgS2_JVASP-12383_p_srniel.csv
InAgS2,JVASP-12383,proton,0.00075,1.8667,InAgS2_JVASP-12383_p_srniel.csv
InAgS2,JVASP-12383,proton,0.0008,1.8792,InAgS2_JVASP-12383_p_srniel.csv
InAgS2,JVASP-12383,proton,0.00085,1.8886,InAgS2_JVASP-12383_p_srniel.csv
InAgS2,JVASP-12383,proton,0.0009,1.8956,InAgS2_JVASP-12383_p_srniel.csv
InAgS2,JVASP-12383,proton,0.00095,1.9006,InAgS2_JVASP-12383_p_srniel.csv
InAgS2,JVASP-12383,proton,0.001,1.9037,InAgS2_JVASP-12383_p_srniel.csv
InAgS2,JVASP-12383,proton,0.0015,1.9647,InAgS2_JVASP-12383_p_srniel.csv
InAgS2,JVASP-12383,proton,0.002,1.9733,InAgS2_JVASP-12383_p_srniel.csv
InAgS2,JVASP-12383,proton,0.0025,1.9451,InAgS2_JVASP-12383_p_srniel.csv
InAgS2,JVASP-12383,proton,0.003,1.9024,InAgS2_JVASP-12383_p_srniel.csv
InAgS2,JVASP-12383,proton,0.0035,1.8542,InAgS2_JVASP-12383_p_srniel.csv
InAgS2,JVASP-12383,proton,0.004,1.8047,InAgS2_JVASP-12383_p_srniel.csv
InAgS2,JVASP-12383,proton,0.0045,1.7558,InAgS2_JVASP-12383_p_srniel.csv
InAgS2,JVASP-12383,proton,0.005,1.7085,InAgS2_JVASP-12383_p_srniel.csv
InAgS2,JVASP-12383,proton,0.0055,1.6631,InAgS2_JVASP-12383_p_srniel.csv
InAgS2,JVASP-12383,proton,0.006,1.6199,InAgS2_JVASP-12383_p_srniel.csv
InAgS2,JVASP-12383,proton,0.0065,1.5788,InAgS2_JVASP-12383_p_srniel.csv
InAgS2,JVASP-12383,proton,0.007,1.5398,InAgS2_JVASP-12383_p_srniel.csv
InAgS2,JVASP-12383,proton,0.0075,1.5028,InAgS2_JVASP-12383_p_srniel.csv
InAgS2,JVASP-12383,proton,0.008,1.4676,InAgS2_JVASP-12383_p_srniel.csv
InAgS2,JVASP-12383,proton,0.0085,1.4343,InAgS2_JVASP-12383_p_srniel.csv
InAgS2,JVASP-12383,proton,0.009,1.4026,InAgS2_JVASP-12383_p_srniel.csv
InAgS2,JVASP-12383,proton,0.0095,1.3724,InAgS2_JVASP-12383_p_srniel.csv
InAgS2,JVASP-12383,proton,0.01,1.3437,InAgS2_JVASP-12383_p_srniel.csv
InAgS2,JVASP-12383,proton,0.015,1.1172,InAgS2_JVASP-12383_p_srniel.csv
InAgS2,JVASP-12383,proton,0.02,0.96311,InAgS2_JVASP-12383_p_srniel.csv
InAgS2,JVASP-12383,proton,0.025,0.85063,InAgS2_JVASP-12383_p_srniel.csv
InAgS2,JVASP-12383,proton,0.03,0.76437,InAgS2_JVASP-12383_p_srniel.csv
InAgS2,JVASP-12383,proton,0.035,0.69579,InAgS2_JVASP-12383_p_srniel.csv
InAgS2,JVASP-12383,proton,0.04,0.63976,InAgS2_JVASP-12383_p_srniel.csv
InAgS2,JVASP-12383,proton,0.045,0.593,InAgS2_JVASP-12383_p_srniel.csv
InAgS2,JVASP-12383,proton,0.05,0.55331,InAgS2_JVASP-12383_p_srniel.csv
InAgS2,JVASP-12383,proton,0.055,0.51912,InAgS2_JVASP-12383_p_srniel.csv
InAgS2,JVASP-12383,proton,0.06,0.48933,InAgS2_JVASP-12383_p_srniel.csv
InAgS2,JVASP-12383,proton,0.065,0.4631,InAgS2_JVASP-12383_p_srniel.csv
InAgS2,JVASP-12383,proton,0.07,0.43982,InAgS2_JVASP-12383_p_srniel.csv
InAgS2,JVASP-12383,proton,0.075,0.41898,InAgS2_JVASP-12383_p_srniel.csv
InAgS2,JVASP-12383,proton,0.08,0.40022,InAgS2_JVASP-12383_p_srniel.csv
InAgS2,JVASP-12383,proton,0.085,0.38322,InAgS2_JVASP-12383_p_srniel.csv
InAgS2,JVASP-12383,proton,0.09,0.36774,InAgS2_JVASP-12383_p_srniel.csv
InAgS2,JVASP-12383,proton,0.095,0.35358,InAgS2_JVASP-12383_p_srniel.csv
InAgS2,JVASP-12383,proton,0.1,0.34056,InAgS2_JVASP-12383_p_srniel.csv
InAgS2,JVASP-12383,proton,0.15,0.25129,InAgS2_JVASP-12383_p_srniel.csv
InAgS2,JVASP-12383,proton,0.2,0.2013,InAgS2_JVASP-12383_p_srniel.csv
InAgS2,JVASP-12383,proton,0.25,0.16897,InAgS2_JVASP-12383_p_srniel.csv
InAgS2,JVASP-12383,proton,0.3,0.14619,InAgS2_JVASP-12383_p_srniel.csv
InAgS2,JVASP-12383,proton,0.35,0.12913,InAgS2_JVASP-12383_p_srniel.csv
InAgS2,JVASP-12383,proton,0.4,0.11557,InAgS2_JVASP-12383_p_srniel.csv
InAgS2,JVASP-12383,proton,0.45,0.10482,InAgS2_JVASP-12383_p_srniel.csv
InAgS2,JVASP-12383,proton,0.5,0.096055,InAgS2_JVASP-12383_p_srniel.csv
InAgS2,JVASP-12383,proton,0.55,0.088753,InAgS2_JVASP-12383_p_srniel.csv
InAgS2,JVASP-12383,proton,0.6,0.08257,InAgS2_JVASP-12383_p_srniel.csv
InAgS2,JVASP-12383,proton,0.65,0.077261,InAgS2_JVASP-12383_p_srniel.csv
InAgS2,JVASP-12383,proton,0.7,0.07265,InAgS2_JVASP-12383_p_srniel.csv
InAgS2,JVASP-12383,proton,0.75,0.068603,InAgS2_JVASP-12383_p_srniel.csv
InAgS2,JVASP-12383,proton,0.8,0.065021,InAgS2_JVASP-12383_p_srniel.csv
InAgS2,JVASP-12383,proton,0.85,0.061826,InAgS2_JVASP-12383_p_srniel.csv
InAgS2,JVASP-12383,proton,0.9,0.058958,InAgS2_JVASP-12383_p_srniel.csv
InAgS2,JVASP-12383,proton,0.95,0.056366,InAgS2_JVASP-12383_p_srniel.csv
InAgS2,JVASP-12383,proton,1.0,0.054013,InAgS2_JVASP-12383_p_srniel.csv
InAgS2,JVASP-12383,proton,1.5,0.037828,InAgS2_JVASP-12383_p_srniel.csv
InAgS2,JVASP-12383,proton,2.0,0.029158,InAgS2_JVASP-12383_p_srniel.csv
InAgS2,JVASP-12383,proton,2.5,0.023801,InAgS2_JVASP-12383_p_srniel.csv
InAgS2,JVASP-12383,proton,3.0,0.020156,InAgS2_JVASP-12383_p_srniel.csv
InAgS2,JVASP-12383,proton,3.5,0.017551,InAgS2_JVASP-12383_p_srniel.csv
InAgS2,JVASP-12383,proton,4.0,0.015606,InAgS2_JVASP-12383_p_srniel.csv
InAgS2,JVASP-12383,proton,4.5,0.01408,InAgS2_JVASP-12383_p_srniel.csv
InAgS2,JVASP-12383,proton,5.0,0.012847,InAgS2_JVASP-12383_p_srniel.csv
InAgS2,JVASP-12383,proton,5.5,0.011831,InAgS2_JVASP-12383_p_srniel.csv
InAgS2,JVASP-12383,proton,6.0,0.010989,InAgS2_JVASP-12383_p_srniel.csv
InAgS2,JVASP-12383,proton,6.5,0.010291,InAgS2_JVASP-12383_p_srniel.csv
InAgS2,JVASP-12383,proton,7.0,0.0097037,InAgS2_JVASP-12383_p_srniel.csv
InAgS2,JVASP-12383,proton,7.5,0.0091955,InAgS2_JVASP-12383_p_srniel.csv
InAgS2,JVASP-12383,proton,8.0,0.0087478,InAgS2_JVASP-12383_p_srniel.csv
InAgS2,JVASP-12383,proton,8.5,0.0083496,InAgS2_JVASP-12383_p_srniel.csv
InAgS2,JVASP-12383,proton,9.0,0.0079941,InAgS2_JVASP-12383_p_srniel.csv
InAgS2,JVASP-12383,proton,9.5,0.007676,InAgS2_JVASP-12383_p_srniel.csv
InAgS2,JVASP-12383,proton,10.0,0.0073907,InAgS2_JVASP-12383_p_srniel.csv
InAgS2,JVASP-12383,proton,15.0,0.0056753,InAgS2_JVASP-12383_p_srniel.csv
InAgS2,JVASP-12383,proton,20.0,0.0049092,InAgS2_JVASP-12383_p_srniel.csv
InAgS2,JVASP-12383,proton,25.0,0.0044592,InAgS2_JVASP-12383_p_srniel.csv
InAgS2,JVASP-12383,proton,30.0,0.004154,InAgS2_JVASP-12383_p_srniel.csv
InAgS2,JVASP-12383,proton,35.0,0.0039355,InAgS2_JVASP-12383_p_srniel.csv
InAgS2,JVASP-12383,proton,40.0,0.0037749,InAgS2_JVASP-12383_p_srniel.csv
InAgS2,JVASP-12383,proton,45.0,0.0036544,InAgS2_JVASP-12383_p_srniel.csv
InAgS2,JVASP-12383,proton,50.0,0.0035621,InAgS2_JVASP-12383_p_srniel.csv
InAgS2,JVASP-12383,proton,55.0,0.0034898,InAgS2_JVASP-12383_p_srniel.csv
InAgS2,JVASP-12383,proton,60.0,0.0034318,InAgS2_JVASP-12383_p_srniel.csv
InAgS2,JVASP-12383,proton,65.0,0.0033842,InAgS2_JVASP-12383_p_srniel.csv
InAgS2,JVASP-12383,proton,70.0,0.0033443,InAgS2_JVASP-12383_p_srniel.csv
InAgS2,JVASP-12383,proton,75.0,0.0033101,InAgS2_JVASP-12383_p_srniel.csv
InAgS2,JVASP-12383,proton,80.0,0.0032802,InAgS2_JVASP-12383_p_srniel.csv
InAgS2,JVASP-12383,proton,85.0,0.0032538,InAgS2_JVASP-12383_p_srniel.csv
InAgS2,JVASP-12383,proton,90.0,0.0032301,InAgS2_JVASP-12383_p_srniel.csv
InAgS2,JVASP-12383,proton,95.0,0.0032087,InAgS2_JVASP-12383_p_srniel.csv
InAgS2,JVASP-12383,proton,100.0,0.0031893,InAgS2_JVASP-12383_p_srniel.csv
InAgS2,JVASP-12383,proton,150.0,0.0030618,InAgS2_JVASP-12383_p_srniel.csv
InAgS2,JVASP-12383,proton,200.0,0.0030108,InAgS2_JVASP-12383_p_srniel.csv
InAgS2,JVASP-12383,proton,250.0,0.003015,InAgS2_JVASP-12383_p_srniel.csv
InAgS2,JVASP-12383,proton,300.0,0.0030624,InAgS2_JVASP-12383_p_srniel.csv
InAgS2,JVASP-12383,proton,350.0,0.0031425,InAgS2_JVASP-12383_p_srniel.csv
InAgS2,JVASP-12383,proton,400.0,0.003245,InAgS2_JVASP-12383_p_srniel.csv
InAgS2,JVASP-12383,proton,450.0,0.0033607,InAgS2_JVASP-12383_p_srniel.csv
InAgS2,JVASP-12383,proton,500.0,0.003481,InAgS2_JVASP-12383_p_srniel.csv
InAgS2,JVASP-12383,proton,550.0,0.0035991,InAgS2_JVASP-12383_p_srniel.csv
InAgS2,JVASP-12383,proton,600.0,0.0037093,InAgS2_JVASP-12383_p_srniel.csv
InAgS2,JVASP-12383,proton,650.0,0.0038079,InAgS2_JVASP-12383_p_srniel.csv
InAgS2,JVASP-12383,proton,700.0,0.0038924,InAgS2_JVASP-12383_p_srniel.csv
InAgS2,JVASP-12383,proton,750.0,0.003962,InAgS2_JVASP-12383_p_srniel.csv
InAgS2,JVASP-12383,proton,800.0,0.0040176,InAgS2_JVASP-12383_p_srniel.csv
InAgS2,JVASP-12383,proton,850.0,0.0040612,InAgS2_JVASP-12383_p_srniel.csv
InAgS2,JVASP-12383,proton,900.0,0.0040958,InAgS2_JVASP-12383_p_srniel.csv
InAgS2,JVASP-12383,proton,950.0,0.0041251,InAgS2_JVASP-12383_p_srniel.csv
InAgS2,JVASP-12383,proton,1000.0,0.0041539,InAgS2_JVASP-12383_p_srniel.csv
InN,JVASP-17841,electron,0.04,0.0,InN_JVASP-17841_e_srniel.csv
InN,JVASP-17841,electron,0.045,0.0,InN_JVASP-17841_e_srniel.csv
InN,JVASP-17841,electron,0.05,0.0,InN_JVASP-17841_e_srniel.csv
InN,JVASP-17841,electron,0.055,0.0,InN_JVASP-17841_e_srniel.csv
InN,JVASP-17841,electron,0.06,0.0,InN_JVASP-17841_e_srniel.csv
InN,JVASP-17841,electron,0.065,0.0,InN_JVASP-17841_e_srniel.csv
InN,JVASP-17841,electron,0.07,0.0,InN_JVASP-17841_e_srniel.csv
InN,JVASP-17841,electron,0.075,0.0,InN_JVASP-17841_e_srniel.csv
InN,JVASP-17841,electron,0.08,0.0,InN_JVASP-17841_e_srniel.csv
InN,JVASP-17841,electron,0.085,0.0,InN_JVASP-17841_e_srniel.csv
InN,JVASP-17841,electron,0.09,0.0,InN_JVASP-17841_e_srniel.csv
InN,JVASP-17841,electron,0.095,0.0,InN_JVASP-17841_e_srniel.csv
InN,JVASP-17841,electron,0.1,0.0,InN_JVASP-17841_e_srniel.csv
InN,JVASP-17841,electron,0.15,0.0,InN_JVASP-17841_e_srniel.csv
InN,JVASP-17841,electron,0.2,0.0,InN_JVASP-17841_e_srniel.csv
InN,JVASP-17841,electron,0.25,0.0,InN_JVASP-17841_e_srniel.csv
InN,JVASP-17841,electron,0.3,2.1275e-07,InN_JVASP-17841_e_srniel.csv
InN,JVASP-17841,electron,0.35,4.6548e-07,InN_JVASP-17841_e_srniel.csv
InN,JVASP-17841,electron,0.4,6.7957e-07,InN_JVASP-17841_e_srniel.csv
InN,JVASP-17841,electron,0.45,8.6885e-07,InN_JVASP-17841_e_srniel.csv
InN,JVASP-17841,electron,0.5,1.0409e-06,InN_JVASP-17841_e_srniel.csv
InN,JVASP-17841,electron,0.55,1.2002e-06,InN_JVASP-17841_e_srniel.csv
InN,JVASP-17841,electron,0.6,1.3495e-06,InN_JVASP-17841_e_srniel.csv
InN,JVASP-17841,electron,0.65,1.4907e-06,InN_JVASP-17841_e_srniel.csv
InN,JVASP-17841,electron,0.7,1.6252e-06,InN_JVASP-17841_e_srniel.csv
InN,JVASP-17841,electron,0.75,1.7538e-06,InN_JVASP-17841_e_srniel.csv
InN,JVASP-17841,electron,0.8,1.8772e-06,InN_JVASP-17841_e_srniel.csv
InN,JVASP-17841,electron,0.85,1.9961e-06,InN_JVASP-17841_e_srniel.csv
InN,JVASP-17841,electron,0.9,2.1107e-06,InN_JVASP-17841_e_srniel.csv
InN,JVASP-17841,electron,0.95,2.2215e-06,InN_JVASP-17841_e_srniel.csv
InN,JVASP-17841,electron,1.0,2.3288e-06,InN_JVASP-17841_e_srniel.csv
InN,JVASP-17841,electron,1.5,3.7477e-06,InN_JVASP-17841_e_srniel.csv
InN,JVASP-17841,electron,2.0,8.5798e-06,InN_JVASP-17841_e_srniel.csv
InN,JVASP-17841,electron,2.5,1.4058e-05,InN_JVASP-17841_e_srniel.csv
InN,JVASP-17841,electron,3.0,1.9111e-05,InN_JVASP-17841_e_srniel.csv
InN,JVASP-17841,electron,3.5,2.3586e-05,InN_JVASP-17841_e_srniel.csv
InN,JVASP-17841,electron,4.0,2.7528e-05,InN_JVASP-17841_e_srniel.csv
InN,JVASP-17841,electron,4.5,3.1015e-05,InN_JVASP-17841_e_srniel.csv
InN,JVASP-17841,electron,5.0,3.4121e-05,InN_JVASP-17841_e_srniel.csv
InN,JVASP-17841,electron,5.5,3.6909e-05,InN_JVASP-17841_e_srniel.csv
InN,JVASP-17841,electron,6.0,3.9429e-05,InN_JVASP-17841_e_srniel.csv
InN,JVASP-17841,electron,6.5,4.1721e-05,InN_JVASP-17841_e_srniel.csv
InN,JVASP-17841,electron,7.0,4.3819e-05,InN_JVASP-17841_e_srniel.csv
InN,JVASP-17841,electron,7.5,4.5748e-05,InN_JVASP-17841_e_srniel.csv
InN,JVASP-17841,electron,8.0,4.7531e-05,InN_JVASP-17841_e_srniel.csv
InN,JVASP-17841,electron,8.5,4.9185e-05,InN_JVASP-17841_e_srniel.csv
InN,JVASP-17841,electron,9.0,5.0725e-05,InN_JVASP-17841_e_srniel.csv
InN,JVASP-17841,electron,9.5,5.2164e-05,InN_JVASP-17841_e_srniel.csv
InN,JVASP-17841,electron,10.0,5.3511e-05,InN_JVASP-17841_e_srniel.csv
InN,JVASP-17841,electron,15.0,6.3487e-05,InN_JVASP-17841_e_srniel.csv
InN,JVASP-17841,electron,20.0,6.9658e-05,InN_JVASP-17841_e_srniel.csv
InN,JVASP-17841,electron,25.0,7.3761e-05,InN_JVASP-17841_e_srniel.csv
InN,JVASP-17841,electron,30.0,7.6576e-05,InN_JVASP-17841_e_srniel.csv
InN,JVASP-17841,electron,35.0,7.8525e-05,InN_JVASP-17841_e_srniel.csv
InN,JVASP-17841,electron,40.0,7.987e-05,InN_JVASP-17841_e_srniel.csv
InN,JVASP-17841,electron,45.0,8.0785e-05,InN_JVASP-17841_e_srniel.csv
InN,JVASP-17841,electron,50.0,8.1389e-05,InN_JVASP-17841_e_srniel.csv
InN,JVASP-17841,electron,55.0,8.1768e-05,InN_JVASP-17841_e_srniel.csv
InN,JVASP-17841,electron,60.0,8.1984e-05,InN_JVASP-17841_e_srniel.csv
InN,JVASP-17841,electron,65.0,8.2083e-05,InN_JVASP-17841_e_srniel.csv
InN,JVASP-17841,electron,70.0,8.2099e-05,InN_JVASP-17841_e_srniel.csv
InN,JVASP-17841,electron,75.0,8.2054e-05,InN_JVASP-17841_e_srniel.csv
InN,JVASP-17841,electron,80.0,8.1969e-05,InN_JVASP-17841_e_srniel.csv
InN,JVASP-17841,electron,85.0,8.1855e-05,InN_JVASP-17841_e_srniel.csv
InN,JVASP-17841,electron,90.0,8.1722e-05,InN_JVASP-17841_e_srniel.csv
InN,JVASP-17841,electron,95.0,8.1578e-05,InN_JVASP-17841_e_srniel.csv
InN,JVASP-17841,electron,100.0,8.1427e-05,InN_JVASP-17841_e_srniel.csv
InN,JVASP-17841,proton,0.0001,0.0,InN_JVASP-17841_p_srniel.csv
InN,JVASP-17841,proton,0.00015,0.0,InN_JVASP-17841_p_srniel.csv
InN,JVASP-17841,proton,0.0002,0.0,InN_JVASP-17841_p_srniel.csv
InN,JVASP-17841,proton,0.00025,0.2193,InN_JVASP-17841_p_srniel.csv
InN,JVASP-17841,proton,0.0003,0.40308,InN_JVASP-17841_p_srniel.csv
InN,JVASP-17841,proton,0.00035,0.52981,InN_JVASP-17841_p_srniel.csv
InN,JVASP-17841,proton,0.0004,0.6196,InN_JVASP-17841_p_srniel.csv
InN,JVASP-17841,proton,0.00045,0.68431,InN_JVASP-17841_p_srniel.csv
InN,JVASP-17841,proton,0.0005,0.73138,InN_JVASP-17841_p_srniel.csv
InN,JVASP-17841,proton,0.00055,0.76571,InN_JVASP-17841_p_srniel.csv
InN,JVASP-17841,proton,0.0006,0.79063,InN_JVASP-17841_p_srniel.csv
InN,JVASP-17841,proton,0.00065,0.80846,InN_JVASP-17841_p_srniel.csv
InN,JVASP-17841,proton,0.0007,0.82089,InN_JVASP-17841_p_srniel.csv
InN,JVASP-17841,proton,0.00075,0.82915,InN_JVASP-17841_p_srniel.csv
InN,JVASP-17841,proton,0.0008,0.83416,InN_JVASP-17841_p_srniel.csv
InN,JVASP-17841,proton,0.00085,0.83663,InN_JVASP-17841_p_srniel.csv
InN,JVASP-17841,proton,0.0009,0.83708,InN_JVASP-17841_p_srniel.csv
InN,JVASP-17841,proton,0.00095,0.83593,InN_JVASP-17841_p_srniel.csv
InN,JVASP-17841,proton,0.001,0.83351,InN_JVASP-17841_p_srniel.csv
InN,JVASP-17841,proton,0.0015,0.77752,InN_JVASP-17841_p_srniel.csv
InN,JVASP-17841,proton,0.002,0.80034,InN_JVASP-17841_p_srniel.csv
InN,JVASP-17841,proton,0.0025,0.87406,InN_JVASP-17841_p_srniel.csv
InN,JVASP-17841,proton,0.003,0.91228,InN_JVASP-17841_p_srniel.csv
InN,JVASP-17841,proton,0.0035,0.93092,InN_JVASP-17841_p_srniel.csv
InN,JVASP-17841,proton,0.004,0.93797,InN_JVASP-17841_p_srniel.csv
InN,JVASP-17841,proton,0.0045,0.93783,InN_JVASP-17841_p_srniel.csv
InN,JVASP-17841,proton,0.005,0.9331,InN_JVASP-17841_p_srniel.csv
InN,JVASP-17841,proton,0.0055,0.92539,InN_JVASP-17841_p_srniel.csv
InN,JVASP-17841,proton,0.006,0.91575,InN_JVASP-17841_p_srniel.csv
InN,JVASP-17841,proton,0.0065,0.90486,InN_JVASP-17841_p_srniel.csv
InN,JVASP-17841,proton,0.007,0.89319,InN_JVASP-17841_p_srniel.csv
InN,JVASP-17841,proton,0.0075,0.88105,InN_JVASP-17841_p_srniel.csv
InN,JVASP-17841,proton,0.008,0.86869,InN_JVASP-17841_p_srniel.csv
InN,JVASP-17841,proton,0.0085,0.85625,InN_JVASP-17841_p_srniel.csv
InN,JVASP-17841,proton,0.009,0.84385,InN_JVASP-17841_p_srniel.csv
InN,JVASP-17841,proton,0.0095,0.83156,InN_JVASP-17841_p_srniel.csv
InN,JVASP-17841,proton,0.01,0.81945,InN_JVASP-17841_p_srniel.csv
InN,JVASP-17841,proton,0.015,0.71223,InN_JVASP-17841_p_srniel.csv
InN,JVASP-17841,proton,0.02,0.62966,InN_JVASP-17841_p_srniel.csv
InN,JVASP-17841,proton,0.025,0.56543,InN_JVASP-17841_p_srniel.csv
InN,JVASP-17841,proton,0.03,0.51419,InN_JVASP-17841_p_srniel.csv
InN,JVASP-17841,proton,0.035,0.47232,InN_JVASP-17841_p_srniel.csv
InN,JVASP-17841,proton,0.04,0.43742,InN_JVASP-17841_p_srniel.csv
InN,JVASP-17841,proton,0.045,0.40779,InN_JVASP-17841_p_srniel.csv
InN,JVASP-17841,proton,0.05,0.38206,InN_JVASP-17841_p_srniel.csv
InN,JVASP-17841,proton,0.055,0.35975,InN_JVASP-17841_p_srniel.csv
InN,JVASP-17841,proton,0.06,0.3402,InN_JVASP-17841_p_srniel.csv
InN,JVASP-17841,proton,0.065,0.32291,InN_JVASP-17841_p_srniel.csv
InN,JVASP-17841,proton,0.07,0.30748,InN_JVASP-17841_p_srniel.csv
InN,JVASP-17841,proton,0.075,0.29362,InN_JVASP-17841_p_srniel.csv
InN,JVASP-17841,proton,0.08,0.28109,InN_JVASP-17841_p_srniel.csv
InN,JVASP-17841,proton,0.085,0.26971,InN_JVASP-17841_p_srniel.csv
InN,JVASP-17841,proton,0.09,0.25931,InN_JVASP-17841_p_srniel.csv
InN,JVASP-17841,proton,0.095,0.24976,InN_JVASP-17841_p_srniel.csv
InN,JVASP-17841,proton,0.1,0.24097,InN_JVASP-17841_p_srniel.csv
InN,JVASP-17841,proton,0.15,0.17984,InN_JVASP-17841_p_srniel.csv
InN,JVASP-17841,proton,0.2,0.14467,InN_JVASP-17841_p_srniel.csv
InN,JVASP-17841,proton,0.25,0.12167,InN_JVASP-17841_p_srniel.csv
InN,JVASP-17841,proton,0.3,0.10535,InN_JVASP-17841_p_srniel.csv
InN,JVASP-17841,proton,0.35,0.093123,InN_JVASP-17841_p_srniel.csv
InN,JVASP-17841,proton,0.4,0.083471,InN_JVASP-17841_p_srniel.csv
InN,JVASP-17841,proton,0.45,0.075704,InN_JVASP-17841_p_srniel.csv
InN,JVASP-17841,proton,0.5,0.069369,InN_JVASP-17841_p_srniel.csv
InN,JVASP-17841,proton,0.55,0.064095,InN_JVASP-17841_p_srniel.csv
InN,JVASP-17841,proton,0.6,0.05963,InN_JVASP-17841_p_srniel.csv
InN,JVASP-17841,proton,0.65,0.055797,InN_JVASP-17841_p_srniel.csv
InN,JVASP-17841,proton,0.7,0.052469,InN_JVASP-17841_p_srniel.csv
InN,JVASP-17841,proton,0.75,0.049548,InN_JVASP-17841_p_srniel.csv
InN,JVASP-17841,proton,0.8,0.046963,InN_JVASP-17841_p_srniel.csv
InN,JVASP-17841,proton,0.85,0.044658,InN_JVASP-17841_p_srniel.csv
InN,JVASP-17841,proton,0.9,0.042589,InN_JVASP-17841_p_srniel.csv
InN,JVASP-17841,proton,0.95,0.040719,InN_JVASP-17841_p_srniel.csv
InN,JVASP-17841,proton,1.0,0.039022,InN_JVASP-17841_p_srniel.csv
InN,JVASP-17841,proton,1.5,0.027475,InN_JVASP-17841_p_srniel.csv
InN,JVASP-17841,proton,2.0,0.021307,InN_JVASP-17841_p_srniel.csv
InN,JVASP-17841,proton,2.5,0.017475,InN_JVASP-17841_p_srniel.csv
InN,JVASP-17841,proton,3.0,0.014853,InN_JVASP-17841_p_srniel.csv
InN,JVASP-17841,proton,3.5,0.012944,InN_JVASP-17841_p_srniel.csv
InN,JVASP-17841,proton,4.0,0.01153,InN_JVASP-17841_p_srniel.csv
InN,JVASP-17841,proton,4.5,0.010407,InN_JVASP-17841_p_srniel.csv
InN,JVASP-17841,proton,5.0,0.009479,InN_JVASP-17841_p_srniel.csv
InN,JVASP-17841,proton,5.5,0.0087121,InN_JVASP-17841_p_srniel.csv
InN,JVASP-17841,proton,6.0,0.0080798,InN_JVASP-17841_p_srniel.csv
InN,JVASP-17841,proton,6.5,0.0075633,InN_JVASP-17841_p_srniel.csv
InN,JVASP-17841,proton,7.0,0.0071359,InN_JVASP-17841_p_srniel.csv
InN,JVASP-17841,proton,7.5,0.0067694,InN_JVASP-17841_p_srniel.csv
InN,JVASP-17841,proton,8.0,0.0064455,InN_JVASP-17841_p_srniel.csv
InN,JVASP-17841,proton,8.5,0.0061544,InN_JVASP-17841_p_srniel.csv
InN,JVASP-17841,proton,9.0,0.0058913,InN_JVASP-17841_p_srniel.csv
InN,JVASP-17841,proton,9.5,0.0056533,InN_JVASP-17841_p_srniel.csv
InN,JVASP-17841,proton,10.0,0.0054381,InN_JVASP-17841_p_srniel.csv
InN,JVASP-17841,proton,15.0,0.0041611,InN_JVASP-17841_p_srniel.csv
InN,JVASP-17841,proton,20.0,0.0036568,InN_JVASP-17841_p_srniel.csv
InN,JVASP-17841,proton,25.0,0.0033832,InN_JVASP-17841_p_srniel.csv
InN,JVASP-17841,proton,30.0,0.0031993,InN_JVASP-17841_p_srniel.csv
InN,JVASP-17841,proton,35.0,0.0030688,InN_JVASP-17841_p_srniel.csv
InN,JVASP-17841,proton,40.0,0.0029771,InN_JVASP-17841_p_srniel.csv
InN,JVASP-17841,proton,45.0,0.0029146,InN_JVASP-17841_p_srniel.csv
InN,JVASP-17841,proton,50.0,0.0028734,InN_JVASP-17841_p_srniel.csv
InN,JVASP-17841,proton,55.0,0.0028471,InN_JVASP-17841_p_srniel.csv
InN,JVASP-17841,proton,60.0,0.0028306,InN_JVASP-17841_p_srniel.csv
InN,JVASP-17841,proton,65.0,0.0028205,InN_JVASP-17841_p_srniel.csv
InN,JVASP-17841,proton,70.0,0.0028142,InN_JVASP-17841_p_srniel.csv
InN,JVASP-17841,proton,75.0,0.0028101,InN_JVASP-17841_p_srniel.csv
InN,JVASP-17841,proton,80.0,0.0028073,InN_JVASP-17841_p_srniel.csv
InN,JVASP-17841,proton,85.0,0.0028053,InN_JVASP-17841_p_srniel.csv
InN,JVASP-17841,proton,90.0,0.0028037,InN_JVASP-17841_p_srniel.csv
InN,JVASP-17841,proton,95.0,0.0028024,InN_JVASP-17841_p_srniel.csv
InN,JVASP-17841,proton,100.0,0.0028015,InN_JVASP-17841_p_srniel.csv
InN,JVASP-17841,proton,150.0,0.0028195,InN_JVASP-17841_p_srniel.csv
InN,JVASP-17841,proton,200.0,0.0028851,InN_JVASP-17841_p_srniel.csv
InN,JVASP-17841,proton,250.0,0.00297,InN_JVASP-17841_p_srniel.csv
InN,JVASP-17841,proton,300.0,0.0030625,InN_JVASP-17841_p_srniel.csv
InN,JVASP-17841,proton,350.0,0.0031662,InN_JVASP-17841_p_srniel.csv
InN,JVASP-17841,proton,400.0,0.0032869,InN_JVASP-17841_p_srniel.csv
InN,JVASP-17841,proton,450.0,0.0034255,InN_JVASP-17841_p_srniel.csv
InN,JVASP-17841,proton,500.0,0.003578,InN_JVASP-17841_p_srniel.csv
InN,JVASP-17841,proton,550.0,0.0037357,InN_JVASP-17841_p_srniel.csv
InN,JVASP-17841,proton,600.0,0.0038876,InN_JVASP-17841_p_srniel.csv
InN,JVASP-17841,proton,650.0,0.0040229,InN_JVASP-17841_p_srniel.csv
InN,JVASP-17841,proton,700.0,0.0041329,InN_JVASP-17841_p_srniel.csv
InN,JVASP-17841,proton,750.0,0.0042137,InN_JVASP-17841_p_srniel.csv
InN,JVASP-17841,proton,800.0,0.004267,InN_JVASP-17841_p_srniel.csv
InN,JVASP-17841,proton,850.0,0.0043012,InN_JVASP-17841_p_srniel.csv
InN,JVASP-17841,proton,900.0,0.0043307,InN_JVASP-17841_p_srniel.csv
InN,JVASP-17841,proton,950.0,0.0043759,InN_JVASP-17841_p_srniel.csv
InN,JVASP-17841,proton,1000.0,0.0044633,InN_JVASP-17841_p_srniel.csv
InS,JVASP-51076,electron,0.04,0.0,InS_JVASP-51076_e_srniel.csv
InS,JVASP-51076,electron,0.045,0.0,InS_JVASP-51076_e_srniel.csv
InS,JVASP-51076,electron,0.05,3.6789e-07,InS_JVASP-51076_e_srniel.csv
InS,JVASP-51076,electron,0.055,2.2527e-06,InS_JVASP-51076_e_srniel.csv
InS,JVASP-51076,electron,0.06,3.7087e-06,InS_JVASP-51076_e_srniel.csv
InS,JVASP-51076,electron,0.065,4.8543e-06,InS_JVASP-51076_e_srniel.csv
InS,JVASP-51076,electron,0.07,5.7696e-06,InS_JVASP-51076_e_srniel.csv
InS,JVASP-51076,electron,0.075,6.5108e-06,InS_JVASP-51076_e_srniel.csv
InS,JVASP-51076,electron,0.08,7.1179e-06,InS_JVASP-51076_e_srniel.csv
InS,JVASP-51076,electron,0.085,7.6204e-06,InS_JVASP-51076_e_srniel.csv
InS,JVASP-51076,electron,0.09,8.0402e-06,InS_JVASP-51076_e_srniel.csv
InS,JVASP-51076,electron,0.095,8.3937e-06,InS_JVASP-51076_e_srniel.csv
InS,JVASP-51076,electron,0.1,8.6937e-06,InS_JVASP-51076_e_srniel.csv
InS,JVASP-51076,electron,0.15,1.0185e-05,InS_JVASP-51076_e_srniel.csv
InS,JVASP-51076,electron,0.2,1.0691e-05,InS_JVASP-51076_e_srniel.csv
InS,JVASP-51076,electron,0.25,1.0966e-05,InS_JVASP-51076_e_srniel.csv
InS,JVASP-51076,electron,0.3,1.118e-05,InS_JVASP-51076_e_srniel.csv
InS,JVASP-51076,electron,0.35,1.138e-05,InS_JVASP-51076_e_srniel.csv
InS,JVASP-51076,electron,0.4,1.1579e-05,InS_JVASP-51076_e_srniel.csv
InS,JVASP-51076,electron,0.45,1.2282e-05,InS_JVASP-51076_e_srniel.csv
InS,JVASP-51076,electron,0.5,1.3618e-05,InS_JVASP-51076_e_srniel.csv
InS,JVASP-51076,electron,0.55,1.5024e-05,InS_JVASP-51076_e_srniel.csv
InS,JVASP-51076,electron,0.6,1.6452e-05,InS_JVASP-51076_e_srniel.csv
InS,JVASP-51076,electron,0.65,1.7875e-05,InS_JVASP-51076_e_srniel.csv
InS,JVASP-51076,electron,0.7,1.9277e-05,InS_JVASP-51076_e_srniel.csv
InS,JVASP-51076,electron,0.75,2.0647e-05,InS_JVASP-51076_e_srniel.csv
InS,JVASP-51076,electron,0.8,2.198e-05,InS_JVASP-51076_e_srniel.csv
InS,JVASP-51076,electron,0.85,2.3273e-05,InS_JVASP-51076_e_srniel.csv
InS,JVASP-51076,electron,0.9,2.4526e-05,InS_JVASP-51076_e_srniel.csv
InS,JVASP-51076,electron,0.95,2.5738e-05,InS_JVASP-51076_e_srniel.csv
InS,JVASP-51076,electron,1.0,2.6911e-05,InS_JVASP-51076_e_srniel.csv
InS,JVASP-51076,electron,1.5,3.6767e-05,InS_JVASP-51076_e_srniel.csv
InS,JVASP-51076,electron,2.0,4.4184e-05,InS_JVASP-51076_e_srniel.csv
InS,JVASP-51076,electron,2.5,5.0076e-05,InS_JVASP-51076_e_srniel.csv
InS,JVASP-51076,electron,3.0,5.4942e-05,InS_JVASP-51076_e_srniel.csv
InS,JVASP-51076,electron,3.5,5.9074e-05,InS_JVASP-51076_e_srniel.csv
InS,JVASP-51076,electron,4.0,6.2655e-05,InS_JVASP-51076_e_srniel.csv
InS,JVASP-51076,electron,4.5,6.581e-05,InS_JVASP-51076_e_srniel.csv
InS,JVASP-51076,electron,5.0,6.8622e-05,InS_JVASP-51076_e_srniel.csv
InS,JVASP-51076,electron,5.5,7.1156e-05,InS_JVASP-51076_e_srniel.csv
InS,JVASP-51076,electron,6.0,7.3458e-05,InS_JVASP-51076_e_srniel.csv
InS,JVASP-51076,electron,6.5,7.5564e-05,InS_JVASP-51076_e_srniel.csv
InS,JVASP-51076,electron,7.0,7.7501e-05,InS_JVASP-51076_e_srniel.csv
InS,JVASP-51076,electron,7.5,7.9293e-05,InS_JVASP-51076_e_srniel.csv
InS,JVASP-51076,electron,8.0,8.0958e-05,InS_JVASP-51076_e_srniel.csv
InS,JVASP-51076,electron,8.5,8.2511e-05,InS_JVASP-51076_e_srniel.csv
InS,JVASP-51076,electron,9.0,8.3965e-05,InS_JVASP-51076_e_srniel.csv
InS,JVASP-51076,electron,9.5,8.5329e-05,InS_JVASP-51076_e_srniel.csv
InS,JVASP-51076,electron,10.0,8.6612e-05,InS_JVASP-51076_e_srniel.csv
InS,JVASP-51076,electron,15.0,9.6308e-05,InS_JVASP-51076_e_srniel.csv
InS,JVASP-51076,electron,20.0,0.0001025,InS_JVASP-51076_e_srniel.csv
InS,JVASP-51076,electron,25.0,0.00010673,InS_JVASP-51076_e_srniel.csv
InS,JVASP-51076,electron,30.0,0.00010971,InS_JVASP-51076_e_srniel.csv
InS,JVASP-51076,electron,35.0,0.00011184,InS_JVASP-51076_e_srniel.csv
InS,JVASP-51076,electron,40.0,0.00011335,InS_JVASP-51076_e_srniel.csv
InS,JVASP-51076,electron,45.0,0.00011443,InS_JVASP-51076_e_srniel.csv
InS,JVASP-51076,electron,50.0,0.00011518,InS_JVASP-51076_e_srniel.csv
InS,JVASP-51076,electron,55.0,0.00011569,InS_JVASP-51076_e_srniel.csv
InS,JVASP-51076,electron,60.0,0.00011602,InS_JVASP-51076_e_srniel.csv
InS,JVASP-51076,electron,65.0,0.00011622,InS_JVASP-51076_e_srniel.csv
InS,JVASP-51076,electron,70.0,0.00011633,InS_JVASP-51076_e_srniel.csv
InS,JVASP-51076,electron,75.0,0.00011637,InS_JVASP-51076_e_srniel.csv
InS,JVASP-51076,electron,80.0,0.00011635,InS_JVASP-51076_e_srniel.csv
InS,JVASP-51076,electron,85.0,0.0001163,InS_JVASP-51076_e_srniel.csv
InS,JVASP-51076,electron,90.0,0.00011623,InS_JVASP-51076_e_srniel.csv
InS,JVASP-51076,electron,95.0,0.00011613,InS_JVASP-51076_e_srniel.csv
InS,JVASP-51076,electron,100.0,0.00011602,InS_JVASP-51076_e_srniel.csv
InS,JVASP-51076,proton,0.0001,0.95955,InS_JVASP-51076_p_srniel.csv
InS,JVASP-51076,proton,0.00015,1.2094,InS_JVASP-51076_p_srniel.csv
InS,JVASP-51076,proton,0.0002,1.3568,InS_JVASP-51076_p_srniel.csv
InS,JVASP-51076,proton,0.00025,1.4517,InS_JVASP-51076_p_srniel.csv
InS,JVASP-51076,proton,0.0003,1.5155,InS_JVASP-51076_p_srniel.csv
InS,JVASP-51076,proton,0.00035,1.5893,InS_JVASP-51076_p_srniel.csv
InS,JVASP-51076,proton,0.0004,1.7035,InS_JVASP-51076_p_srniel.csv
InS,JVASP-51076,proton,0.00045,1.795,InS_JVASP-51076_p_srniel.csv
InS,JVASP-51076,proton,0.0005,1.8691,InS_JVASP-51076_p_srniel.csv
InS,JVASP-51076,proton,0.00055,1.93,InS_JVASP-51076_p_srniel.csv
InS,JVASP-51076,proton,0.0006,1.9803,InS_JVASP-51076_p_srniel.csv
InS,JVASP-51076,proton,0.00065,2.0221,InS_JVASP-51076_p_srniel.csv
InS,JVASP-51076,proton,0.0007,2.057,InS_JVASP-51076_p_srniel.csv
InS,JVASP-51076,proton,0.00075,2.0862,InS_JVASP-51076_p_srniel.csv
InS,JVASP-51076,proton,0.0008,2.1106,InS_JVASP-51076_p_srniel.csv
InS,JVASP-51076,proton,0.00085,2.1309,InS_JVASP-51076_p_srniel.csv
InS,JVASP-51076,proton,0.0009,2.1479,InS_JVASP-51076_p_srniel.csv
InS,JVASP-51076,proton,0.00095,2.1619,InS_JVASP-51076_p_srniel.csv
InS,JVASP-51076,proton,0.001,2.1735,InS_JVASP-51076_p_srniel.csv
InS,JVASP-51076,proton,0.0015,2.2056,InS_JVASP-51076_p_srniel.csv
InS,JVASP-51076,proton,0.002,2.1692,InS_JVASP-51076_p_srniel.csv
InS,JVASP-51076,proton,0.0025,2.1113,InS_JVASP-51076_p_srniel.csv
InS,JVASP-51076,proton,0.003,2.0473,InS_JVASP-51076_p_srniel.csv
InS,JVASP-51076,proton,0.0035,1.9832,InS_JVASP-51076_p_srniel.csv
InS,JVASP-51076,proton,0.004,1.9211,InS_JVASP-51076_p_srniel.csv
InS,JVASP-51076,proton,0.0045,1.8621,InS_JVASP-51076_p_srniel.csv
InS,JVASP-51076,proton,0.005,1.8064,InS_JVASP-51076_p_srniel.csv
InS,JVASP-51076,proton,0.0055,1.7541,InS_JVASP-51076_p_srniel.csv
InS,JVASP-51076,proton,0.006,1.7048,InS_JVASP-51076_p_srniel.csv
InS,JVASP-51076,proton,0.0065,1.6586,InS_JVASP-51076_p_srniel.csv
InS,JVASP-51076,proton,0.007,1.6151,InS_JVASP-51076_p_srniel.csv
InS,JVASP-51076,proton,0.0075,1.5741,InS_JVASP-51076_p_srniel.csv
InS,JVASP-51076,proton,0.008,1.5354,InS_JVASP-51076_p_srniel.csv
InS,JVASP-51076,proton,0.0085,1.4989,InS_JVASP-51076_p_srniel.csv
InS,JVASP-51076,proton,0.009,1.4643,InS_JVASP-51076_p_srniel.csv
InS,JVASP-51076,proton,0.0095,1.4316,InS_JVASP-51076_p_srniel.csv
InS,JVASP-51076,proton,0.01,1.4005,InS_JVASP-51076_p_srniel.csv
InS,JVASP-51076,proton,0.015,1.1583,InS_JVASP-51076_p_srniel.csv
InS,JVASP-51076,proton,0.02,0.9957,InS_JVASP-51076_p_srniel.csv
InS,JVASP-51076,proton,0.025,0.87778,InS_JVASP-51076_p_srniel.csv
InS,JVASP-51076,proton,0.03,0.7877,InS_JVASP-51076_p_srniel.csv
InS,JVASP-51076,proton,0.035,0.71629,InS_JVASP-51076_p_srniel.csv
InS,JVASP-51076,proton,0.04,0.65807,InS_JVASP-51076_p_srniel.csv
InS,JVASP-51076,proton,0.045,0.60955,InS_JVASP-51076_p_srniel.csv
InS,JVASP-51076,proton,0.05,0.56841,InS_JVASP-51076_p_srniel.csv
InS,JVASP-51076,proton,0.055,0.53301,InS_JVASP-51076_p_srniel.csv
InS,JVASP-51076,proton,0.06,0.5022,InS_JVASP-51076_p_srniel.csv
InS,JVASP-51076,proton,0.065,0.47509,InS_JVASP-51076_p_srniel.csv
InS,JVASP-51076,proton,0.07,0.45103,InS_JVASP-51076_p_srniel.csv
InS,JVASP-51076,proton,0.075,0.42952,InS_JVASP-51076_p_srniel.csv
InS,JVASP-51076,proton,0.08,0.41016,InS_JVASP-51076_p_srniel.csv
InS,JVASP-51076,proton,0.085,0.39263,InS_JVASP-51076_p_srniel.csv
InS,JVASP-51076,proton,0.09,0.37667,InS_JVASP-51076_p_srniel.csv
InS,JVASP-51076,proton,0.095,0.36207,InS_JVASP-51076_p_srniel.csv
InS,JVASP-51076,proton,0.1,0.34866,InS_JVASP-51076_p_srniel.csv
InS,JVASP-51076,proton,0.15,0.25721,InS_JVASP-51076_p_srniel.csv
InS,JVASP-51076,proton,0.2,0.20615,InS_JVASP-51076_p_srniel.csv
InS,JVASP-51076,proton,0.25,0.17312,InS_JVASP-51076_p_srniel.csv
InS,JVASP-51076,proton,0.3,0.14984,InS_JVASP-51076_p_srniel.csv
InS,JVASP-51076,proton,0.35,0.13239,InS_JVASP-51076_p_srniel.csv
InS,JVASP-51076,proton,0.4,0.11838,InS_JVASP-51076_p_srniel.csv
InS,JVASP-51076,proton,0.45,0.10725,InS_JVASP-51076_p_srniel.csv
InS,JVASP-51076,proton,0.5,0.098174,InS_JVASP-51076_p_srniel.csv
InS,JVASP-51076,proton,0.55,0.090625,InS_JVASP-51076_p_srniel.csv
InS,JVASP-51076,proton,0.6,0.084237,InS_JVASP-51076_p_srniel.csv
InS,JVASP-51076,proton,0.65,0.078757,InS_JVASP-51076_p_srniel.csv
InS,JVASP-51076,proton,0.7,0.074,InS_JVASP-51076_p_srniel.csv
InS,JVASP-51076,proton,0.75,0.069829,InS_JVASP-51076_p_srniel.csv
InS,JVASP-51076,proton,0.8,0.066139,InS_JVASP-51076_p_srniel.csv
InS,JVASP-51076,proton,0.85,0.06285,InS_JVASP-51076_p_srniel.csv
InS,JVASP-51076,proton,0.9,0.059898,InS_JVASP-51076_p_srniel.csv
InS,JVASP-51076,proton,0.95,0.057233,InS_JVASP-51076_p_srniel.csv
InS,JVASP-51076,proton,1.0,0.054815,InS_JVASP-51076_p_srniel.csv
InS,JVASP-51076,proton,1.5,0.03825,InS_JVASP-51076_p_srniel.csv
InS,JVASP-51076,proton,2.0,0.02945,InS_JVASP-51076_p_srniel.csv
InS,JVASP-51076,proton,2.5,0.024022,InS_JVASP-51076_p_srniel.csv
InS,JVASP-51076,proton,3.0,0.020332,InS_JVASP-51076_p_srniel.csv
InS,JVASP-51076,proton,3.5,0.017696,InS_JVASP-51076_p_srniel.csv
InS,JVASP-51076,proton,4.0,0.015728,InS_JVASP-51076_p_srniel.csv
InS,JVASP-51076,proton,4.5,0.014184,InS_JVASP-51076_p_srniel.csv
InS,JVASP-51076,proton,5.0,0.012937,InS_JVASP-51076_p_srniel.csv
InS,JVASP-51076,proton,5.5,0.01191,InS_JVASP-51076_p_srniel.csv
InS,JVASP-51076,proton,6.0,0.011057,InS_JVASP-51076_p_srniel.csv
InS,JVASP-51076,proton,6.5,0.010349,InS_JVASP-51076_p_srniel.csv
InS,JVASP-51076,proton,7.0,0.0097538,InS_JVASP-51076_p_srniel.csv
InS,JVASP-51076,proton,7.5,0.0092417,InS_JVASP-51076_p_srniel.csv
InS,JVASP-51076,proton,8.0,0.0087918,InS_JVASP-51076_p_srniel.csv
InS,JVASP-51076,proton,8.5,0.008392,InS_JVASP-51076_p_srniel.csv
InS,JVASP-51076,proton,9.0,0.0080348,InS_JVASP-51076_p_srniel.csv
InS,JVASP-51076,proton,9.5,0.0077148,InS_JVASP-51076_p_srniel.csv
InS,JVASP-51076,proton,10.0,0.0074275,InS_JVASP-51076_p_srniel.csv
InS,JVASP-51076,proton,15.0,0.0057007,InS_JVASP-51076_p_srniel.csv
InS,JVASP-51076,proton,20.0,0.0049274,InS_JVASP-51076_p_srniel.csv
InS,JVASP-51076,proton,25.0,0.0044604,InS_JVASP-51076_p_srniel.csv
InS,JVASP-51076,proton,30.0,0.0041372,InS_JVASP-51076_p_srniel.csv
InS,JVASP-51076,proton,35.0,0.0039073,InS_JVASP-51076_p_srniel.csv
InS,JVASP-51076,proton,40.0,0.0037432,InS_JVASP-51076_p_srniel.csv
InS,JVASP-51076,proton,45.0,0.0036253,InS_JVASP-51076_p_srniel.csv
InS,JVASP-51076,proton,50.0,0.0035389,InS_JVASP-51076_p_srniel.csv
InS,JVASP-51076,proton,55.0,0.0034738,InS_JVASP-51076_p_srniel.csv
InS,JVASP-51076,proton,60.0,0.0034227,InS_JVASP-51076_p_srniel.csv
InS,JVASP-51076,proton,65.0,0.0033806,InS_JVASP-51076_p_srniel.csv
InS,JVASP-51076,proton,70.0,0.0033445,InS_JVASP-51076_p_srniel.csv
InS,JVASP-51076,proton,75.0,0.0033123,InS_JVASP-51076_p_srniel.csv
InS,JVASP-51076,proton,80.0,0.0032829,InS_JVASP-51076_p_srniel.csv
InS,JVASP-51076,proton,85.0,0.0032557,InS_JVASP-51076_p_srniel.csv
InS,JVASP-51076,proton,90.0,0.0032302,InS_JVASP-51076_p_srniel.csv
InS,JVASP-51076,proton,95.0,0.0032064,InS_JVASP-51076_p_srniel.csv
InS,JVASP-51076,proton,100.0,0.0031841,InS_JVASP-51076_p_srniel.csv
InS,JVASP-51076,proton,150.0,0.0030475,InS_JVASP-51076_p_srniel.csv
InS,JVASP-51076,proton,200.0,0.0030292,InS_JVASP-51076_p_srniel.csv
InS,JVASP-51076,proton,250.0,0.0030642,InS_JVASP-51076_p_srniel.csv
InS,JVASP-51076,proton,300.0,0.0031216,InS_JVASP-51076_p_srniel.csv
InS,JVASP-51076,proton,350.0,0.0031959,InS_JVASP-51076_p_srniel.csv
InS,JVASP-51076,proton,400.0,0.0032887,InS_JVASP-51076_p_srniel.csv
InS,JVASP-51076,proton,450.0,0.0033999,InS_JVASP-51076_p_srniel.csv
InS,JVASP-51076,proton,500.0,0.0035255,InS_JVASP-51076_p_srniel.csv
InS,JVASP-51076,proton,550.0,0.0036576,InS_JVASP-51076_p_srniel.csv
InS,JVASP-51076,proton,600.0,0.0037863,InS_JVASP-51076_p_srniel.csv
InS,JVASP-51076,proton,650.0,0.0039015,InS_JVASP-51076_p_srniel.csv
InS,JVASP-51076,proton,700.0,0.0039951,InS_JVASP-51076_p_srniel.csv
InS,JVASP-51076,proton,750.0,0.0040631,InS_JVASP-51076_p_srniel.csv
InS,JVASP-51076,proton,800.0,0.0041067,InS_JVASP-51076_p_srniel.csv
InS,JVASP-51076,proton,850.0,0.0041334,InS_JVASP-51076_p_srniel.csv
InS,JVASP-51076,proton,900.0,0.004156,InS_JVASP-51076_p_srniel.csv
InS,JVASP-51076,proton,950.0,0.0041934,InS_JVASP-51076_p_srniel.csv
InS,JVASP-51076,proton,1000.0,0.0042698,InS_JVASP-51076_p_srniel.csv
KNO3,JVASP-53146,electron,0.04,3.9467e-05,KNO3_JVASP-53146_e_srniel.csv
KNO3,JVASP-53146,electron,0.045,4.3482e-05,KNO3_JVASP-53146_e_srniel.csv
KNO3,JVASP-53146,electron,0.05,4.6071e-05,KNO3_JVASP-53146_e_srniel.csv
KNO3,JVASP-53146,electron,0.055,4.7742e-05,KNO3_JVASP-53146_e_srniel.csv
KNO3,JVASP-53146,electron,0.06,4.9773e-05,KNO3_JVASP-53146_e_srniel.csv
KNO3,JVASP-53146,electron,0.065,5.269e-05,KNO3_JVASP-53146_e_srniel.csv
KNO3,JVASP-53146,electron,0.07,5.4886e-05,KNO3_JVASP-53146_e_srniel.csv
KNO3,JVASP-53146,electron,0.075,5.6551e-05,KNO3_JVASP-53146_e_srniel.csv
KNO3,JVASP-53146,electron,0.08,5.7821e-05,KNO3_JVASP-53146_e_srniel.csv
KNO3,JVASP-53146,electron,0.085,5.879e-05,KNO3_JVASP-53146_e_srniel.csv
KNO3,JVASP-53146,electron,0.09,5.953e-05,KNO3_JVASP-53146_e_srniel.csv
KNO3,JVASP-53146,electron,0.095,6.0091e-05,KNO3_JVASP-53146_e_srniel.csv
KNO3,JVASP-53146,electron,0.1,6.0515e-05,KNO3_JVASP-53146_e_srniel.csv
KNO3,JVASP-53146,electron,0.15,6.1352e-05,KNO3_JVASP-53146_e_srniel.csv
KNO3,JVASP-53146,electron,0.2,6.07e-05,KNO3_JVASP-53146_e_srniel.csv
KNO3,JVASP-53146,electron,0.25,6.0189e-05,KNO3_JVASP-53146_e_srniel.csv
KNO3,JVASP-53146,electron,0.3,5.9988e-05,KNO3_JVASP-53146_e_srniel.csv
KNO3,JVASP-53146,electron,0.35,6.0055e-05,KNO3_JVASP-53146_e_srniel.csv
KNO3,JVASP-53146,electron,0.4,6.0328e-05,KNO3_JVASP-53146_e_srniel.csv
KNO3,JVASP-53146,electron,0.45,6.0752e-05,KNO3_JVASP-53146_e_srniel.csv
KNO3,JVASP-53146,electron,0.5,6.1286e-05,KNO3_JVASP-53146_e_srniel.csv
KNO3,JVASP-53146,electron,0.55,6.1899e-05,KNO3_JVASP-53146_e_srniel.csv
KNO3,JVASP-53146,electron,0.6,6.2569e-05,KNO3_JVASP-53146_e_srniel.csv
KNO3,JVASP-53146,electron,0.65,6.3278e-05,KNO3_JVASP-53146_e_srniel.csv
KNO3,JVASP-53146,electron,0.7,6.4015e-05,KNO3_JVASP-53146_e_srniel.csv
KNO3,JVASP-53146,electron,0.75,6.477e-05,KNO3_JVASP-53146_e_srniel.csv
KNO3,JVASP-53146,electron,0.8,6.5536e-05,KNO3_JVASP-53146_e_srniel.csv
KNO3,JVASP-53146,electron,0.85,6.6308e-05,KNO3_JVASP-53146_e_srniel.csv
KNO3,JVASP-53146,electron,0.9,6.708e-05,KNO3_JVASP-53146_e_srniel.csv
KNO3,JVASP-53146,electron,0.95,6.7851e-05,KNO3_JVASP-53146_e_srniel.csv
KNO3,JVASP-53146,electron,1.0,6.8617e-05,KNO3_JVASP-53146_e_srniel.csv
KNO3,JVASP-53146,electron,1.5,7.5802e-05,KNO3_JVASP-53146_e_srniel.csv
KNO3,JVASP-53146,electron,2.0,8.1953e-05,KNO3_JVASP-53146_e_srniel.csv
KNO3,JVASP-53146,electron,2.5,8.7198e-05,KNO3_JVASP-53146_e_srniel.csv
KNO3,JVASP-53146,electron,3.0,9.1725e-05,KNO3_JVASP-53146_e_srniel.csv
KNO3,JVASP-53146,electron,3.5,9.5683e-05,KNO3_JVASP-53146_e_srniel.csv
KNO3,JVASP-53146,electron,4.0,9.9186e-05,KNO3_JVASP-53146_e_srniel.csv
KNO3,JVASP-53146,electron,4.5,0.00010232,KNO3_JVASP-53146_e_srniel.csv
KNO3,JVASP-53146,electron,5.0,0.00010514,KNO3_JVASP-53146_e_srniel.csv
KNO3,JVASP-53146,electron,5.5,0.00010771,KNO3_JVASP-53146_e_srniel.csv
KNO3,JVASP-53146,electron,6.0,0.00011006,KNO3_JVASP-53146_e_srniel.csv
KNO3,JVASP-53146,electron,6.5,0.00011221,KNO3_JVASP-53146_e_srniel.csv
KNO3,JVASP-53146,electron,7.0,0.00011421,KNO3_JVASP-53146_e_srniel.csv
KNO3,JVASP-53146,electron,7.5,0.00011606,KNO3_JVASP-53146_e_srniel.csv
KNO3,JVASP-53146,electron,8.0,0.00011779,KNO3_JVASP-53146_e_srniel.csv
KNO3,JVASP-53146,electron,8.5,0.0001194,KNO3_JVASP-53146_e_srniel.csv
KNO3,JVASP-53146,electron,9.0,0.00012091,KNO3_JVASP-53146_e_srniel.csv
KNO3,JVASP-53146,electron,9.5,0.00012233,KNO3_JVASP-53146_e_srniel.csv
KNO3,JVASP-53146,electron,10.0,0.00012367,KNO3_JVASP-53146_e_srniel.csv
KNO3,JVASP-53146,electron,15.0,0.00013382,KNO3_JVASP-53146_e_srniel.csv
KNO3,JVASP-53146,electron,20.0,0.00014037,KNO3_JVASP-53146_e_srniel.csv
KNO3,JVASP-53146,electron,25.0,0.00014492,KNO3_JVASP-53146_e_srniel.csv
KNO3,JVASP-53146,electron,30.0,0.00014823,KNO3_JVASP-53146_e_srniel.csv
KNO3,JVASP-53146,electron,35.0,0.00015071,KNO3_JVASP-53146_e_srniel.csv
KNO3,JVASP-53146,electron,40.0,0.00015261,KNO3_JVASP-53146_e_srniel.csv
KNO3,JVASP-53146,electron,45.0,0.00015408,KNO3_JVASP-53146_e_srniel.csv
KNO3,JVASP-53146,electron,50.0,0.00015524,KNO3_JVASP-53146_e_srniel.csv
KNO3,JVASP-53146,electron,55.0,0.00015616,KNO3_JVASP-53146_e_srniel.csv
KNO3,JVASP-53146,electron,60.0,0.00015689,KNO3_JVASP-53146_e_srniel.csv
KNO3,JVASP-53146,electron,65.0,0.00015748,KNO3_JVASP-53146_e_srniel.csv
KNO3,JVASP-53146,electron,70.0,0.00015796,KNO3_JVASP-53146_e_srniel.csv
KNO3,JVASP-53146,electron,75.0,0.00015835,KNO3_JVASP-53146_e_srniel.csv
KNO3,JVASP-53146,electron,80.0,0.00015866,KNO3_JVASP-53146_e_srniel.csv
KNO3,JVASP-53146,electron,85.0,0.00015892,KNO3_JVASP-53146_e_srniel.csv
KNO3,JVASP-53146,electron,90.0,0.00015914,KNO3_JVASP-53146_e_srniel.csv
KNO3,JVASP-53146,electron,95.0,0.00015932,KNO3_JVASP-53146_e_srniel.csv
KNO3,JVASP-53146,electron,100.0,0.00015946,KNO3_JVASP-53146_e_srniel.csv
KNO3,JVASP-53146,proton,0.0001,10.746,KNO3_JVASP-53146_p_srniel.csv
KNO3,JVASP-53146,proton,0.00015,12.075,KNO3_JVASP-53146_p_srniel.csv
KNO3,JVASP-53146,proton,0.0002,12.682,KNO3_JVASP-53146_p_srniel.csv
KNO3,JVASP-53146,proton,0.00025,12.95,KNO3_JVASP-53146_p_srniel.csv
KNO3,JVASP-53146,proton,0.0003,13.037,KNO3_JVASP-53146_p_srniel.csv
KNO3,JVASP-53146,proton,0.00035,13.02,KNO3_JVASP-53146_p_srniel.csv
KNO3,JVASP-53146,proton,0.0004,12.939,KNO3_JVASP-53146_p_srniel.csv
KNO3,JVASP-53146,proton,0.00045,12.819,KNO3_JVASP-53146_p_srniel.csv
KNO3,JVASP-53146,proton,0.0005,12.676,KNO3_JVASP-53146_p_srniel.csv
KNO3,JVASP-53146,proton,0.00055,12.517,KNO3_JVASP-53146_p_srniel.csv
KNO3,JVASP-53146,proton,0.0006,12.35,KNO3_JVASP-53146_p_srniel.csv
KNO3,JVASP-53146,proton,0.00065,12.179,KNO3_JVASP-53146_p_srniel.csv
KNO3,JVASP-53146,proton,0.0007,12.006,KNO3_JVASP-53146_p_srniel.csv
KNO3,JVASP-53146,proton,0.00075,11.833,KNO3_JVASP-53146_p_srniel.csv
KNO3,JVASP-53146,proton,0.0008,11.662,KNO3_JVASP-53146_p_srniel.csv
KNO3,JVASP-53146,proton,0.00085,11.493,KNO3_JVASP-53146_p_srniel.csv
KNO3,JVASP-53146,proton,0.0009,11.328,KNO3_JVASP-53146_p_srniel.csv
KNO3,JVASP-53146,proton,0.00095,11.166,KNO3_JVASP-53146_p_srniel.csv
KNO3,JVASP-53146,proton,0.001,11.008,KNO3_JVASP-53146_p_srniel.csv
KNO3,JVASP-53146,proton,0.0015,9.6402,KNO3_JVASP-53146_p_srniel.csv
KNO3,JVASP-53146,proton,0.002,8.5965,KNO3_JVASP-53146_p_srniel.csv
KNO3,JVASP-53146,proton,0.0025,7.7804,KNO3_JVASP-53146_p_srniel.csv
KNO3,JVASP-53146,proton,0.003,7.1242,KNO3_JVASP-53146_p_srniel.csv
KNO3,JVASP-53146,proton,0.0035,6.5837,KNO3_JVASP-53146_p_srniel.csv
KNO3,JVASP-53146,proton,0.004,6.1297,KNO3_JVASP-53146_p_srniel.csv
KNO3,JVASP-53146,proton,0.0045,5.742,KNO3_JVASP-53146_p_srniel.csv
KNO3,JVASP-53146,proton,0.005,5.4065,KNO3_JVASP-53146_p_srniel.csv
KNO3,JVASP-53146,proton,0.0055,5.1129,KNO3_JVASP-53146_p_srniel.csv
KNO3,JVASP-53146,proton,0.006,4.8533,KNO3_JVASP-53146_p_srniel.csv
KNO3,JVASP-53146,proton,0.0065,4.622,KNO3_JVASP-53146_p_srniel.csv
KNO3,JVASP-53146,proton,0.007,4.4143,KNO3_JVASP-53146_p_srniel.csv
KNO3,JVASP-53146,proton,0.0075,4.2267,KNO3_JVASP-53146_p_srniel.csv
KNO3,JVASP-53146,proton,0.008,4.0562,KNO3_JVASP-53146_p_srniel.csv
KNO3,JVASP-53146,proton,0.0085,3.9004,KNO3_JVASP-53146_p_srniel.csv
KNO3,JVASP-53146,proton,0.009,3.7576,KNO3_JVASP-53146_p_srniel.csv
KNO3,JVASP-53146,proton,0.0095,3.626,KNO3_JVASP-53146_p_srniel.csv
KNO3,JVASP-53146,proton,0.01,3.5043,KNO3_JVASP-53146_p_srniel.csv
KNO3,JVASP-53146,proton,0.015,2.6484,KNO3_JVASP-53146_p_srniel.csv
KNO3,JVASP-53146,proton,0.02,2.1495,KNO3_JVASP-53146_p_srniel.csv
KNO3,JVASP-53146,proton,0.025,1.8189,KNO3_JVASP-53146_p_srniel.csv
KNO3,JVASP-53146,proton,0.03,1.582,KNO3_JVASP-53146_p_srniel.csv
KNO3,JVASP-53146,proton,0.035,1.4031,KNO3_JVASP-53146_p_srniel.csv
KNO3,JVASP-53146,proton,0.04,1.2628,KNO3_JVASP-53146_p_srniel.csv
KNO3,JVASP-53146,proton,0.045,1.1495,KNO3_JVASP-53146_p_srniel.csv
KNO3,JVASP-53146,proton,0.05,1.056,KNO3_JVASP-53146_p_srniel.csv
KNO3,JVASP-53146,proton,0.055,0.97776,KNO3_JVASP-53146_p_srniel.csv
KNO3,JVASP-53146,proton,0.06,0.91123,KNO3_JVASP-53146_p_srniel.csv
KNO3,JVASP-53146,proton,0.065,0.8539,KNO3_JVASP-53146_p_srniel.csv
KNO3,JVASP-53146,proton,0.07,0.80392,KNO3_JVASP-53146_p_srniel.csv
KNO3,JVASP-53146,proton,0.075,0.75994,KNO3_JVASP-53146_p_srniel.csv
KNO3,JVASP-53146,proton,0.08,0.7209,KNO3_JVASP-53146_p_srniel.csv
KNO3,JVASP-53146,proton,0.085,0.686,KNO3_JVASP-53146_p_srniel.csv
KNO3,JVASP-53146,proton,0.09,0.65459,KNO3_JVASP-53146_p_srniel.csv
KNO3,JVASP-53146,proton,0.095,0.62616,KNO3_JVASP-53146_p_srniel.csv
KNO3,JVASP-53146,proton,0.1,0.6003,KNO3_JVASP-53146_p_srniel.csv
KNO3,JVASP-53146,proton,0.15,0.42889,KNO3_JVASP-53146_p_srniel.csv
KNO3,JVASP-53146,proton,0.2,0.33275,KNO3_JVASP-53146_p_srniel.csv
KNO3,JVASP-53146,proton,0.25,0.27282,KNO3_JVASP-53146_p_srniel.csv
KNO3,JVASP-53146,proton,0.3,0.23185,KNO3_JVASP-53146_p_srniel.csv
KNO3,JVASP-53146,proton,0.35,0.20198,KNO3_JVASP-53146_p_srniel.csv
KNO3,JVASP-53146,proton,0.4,0.17919,KNO3_JVASP-53146_p_srniel.csv
KNO3,JVASP-53146,proton,0.45,0.16054,KNO3_JVASP-53146_p_srniel.csv
KNO3,JVASP-53146,proton,0.5,0.14543,KNO3_JVASP-53146_p_srniel.csv
KNO3,JVASP-53146,proton,0.55,0.13295,KNO3_JVASP-53146_p_srniel.csv
KNO3,JVASP-53146,proton,0.6,0.12248,KNO3_JVASP-53146_p_srniel.csv
KNO3,JVASP-53146,proton,0.65,0.11356,KNO3_JVASP-53146_p_srniel.csv
KNO3,JVASP-53146,proton,0.7,0.10586,KNO3_JVASP-53146_p_srniel.csv
KNO3,JVASP-53146,proton,0.75,0.099161,KNO3_JVASP-53146_p_srniel.csv
KNO3,JVASP-53146,proton,0.8,0.093269,KNO3_JVASP-53146_p_srniel.csv
KNO3,JVASP-53146,proton,0.85,0.088047,KNO3_JVASP-53146_p_srniel.csv
KNO3,JVASP-53146,proton,0.9,0.083386,KNO3_JVASP-53146_p_srniel.csv
KNO3,JVASP-53146,proton,0.95,0.0792,KNO3_JVASP-53146_p_srniel.csv
KNO3,JVASP-53146,proton,1.0,0.075419,KNO3_JVASP-53146_p_srniel.csv
KNO3,JVASP-53146,proton,1.5,0.051159,KNO3_JVASP-53146_p_srniel.csv
KNO3,JVASP-53146,proton,2.0,0.038788,KNO3_JVASP-53146_p_srniel.csv
KNO3,JVASP-53146,proton,2.5,0.031271,KNO3_JVASP-53146_p_srniel.csv
KNO3,JVASP-53146,proton,3.0,0.026218,KNO3_JVASP-53146_p_srniel.csv
KNO3,JVASP-53146,proton,3.5,0.022652,KNO3_JVASP-53146_p_srniel.csv
KNO3,JVASP-53146,proton,4.0,0.020276,KNO3_JVASP-53146_p_srniel.csv
KNO3,JVASP-53146,proton,4.5,0.018422,KNO3_JVASP-53146_p_srniel.csv
KNO3,JVASP-53146,proton,5.0,0.016824,KNO3_JVASP-53146_p_srniel.csv
KNO3,JVASP-53146,proton,5.5,0.015513,KNO3_JVASP-53146_p_srniel.csv
KNO3,JVASP-53146,proton,6.0,0.014448,KNO3_JVASP-53146_p_srniel.csv
KNO3,JVASP-53146,proton,6.5,0.013574,KNO3_JVASP-53146_p_srniel.csv
KNO3,JVASP-53146,proton,7.0,0.012843,KNO3_JVASP-53146_p_srniel.csv
KNO3,JVASP-53146,proton,7.5,0.012215,KNO3_JVASP-53146_p_srniel.csv
KNO3,JVASP-53146,proton,8.0,0.011665,KNO3_JVASP-53146_p_srniel.csv
KNO3,JVASP-53146,proton,8.5,0.011171,KNO3_JVASP-53146_p_srniel.csv
KNO3,JVASP-53146,proton,9.0,0.010723,KNO3_JVASP-53146_p_srniel.csv
KNO3,JVASP-53146,proton,9.5,0.010312,KNO3_JVASP-53146_p_srniel.csv
KNO3,JVASP-53146,proton,10.0,0.0099346,KNO3_JVASP-53146_p_srniel.csv
KNO3,JVASP-53146,proton,15.0,0.0074805,KNO3_JVASP-53146_p_srniel.csv
KNO3,JVASP-53146,proton,20.0,0.0063615,KNO3_JVASP-53146_p_srniel.csv
KNO3,JVASP-53146,proton,25.0,0.0057208,KNO3_JVASP-53146_p_srniel.csv
KNO3,JVASP-53146,proton,30.0,0.0052496,KNO3_JVASP-53146_p_srniel.csv
KNO3,JVASP-53146,proton,35.0,0.0048527,KNO3_JVASP-53146_p_srniel.csv
KNO3,JVASP-53146,proton,40.0,0.0045079,KNO3_JVASP-53146_p_srniel.csv
KNO3,JVASP-53146,proton,45.0,0.0042106,KNO3_JVASP-53146_p_srniel.csv
KNO3,JVASP-53146,proton,50.0,0.0039564,KNO3_JVASP-53146_p_srniel.csv
KNO3,JVASP-53146,proton,55.0,0.0037392,KNO3_JVASP-53146_p_srniel.csv
KNO3,JVASP-53146,proton,60.0,0.0035522,KNO3_JVASP-53146_p_srniel.csv
KNO3,JVASP-53146,proton,65.0,0.0033892,KNO3_JVASP-53146_p_srniel.csv
KNO3,JVASP-53146,proton,70.0,0.003245,KNO3_JVASP-53146_p_srniel.csv
KNO3,JVASP-53146,proton,75.0,0.0031159,KNO3_JVASP-53146_p_srniel.csv
KNO3,JVASP-53146,proton,80.0,0.0029986,KNO3_JVASP-53146_p_srniel.csv
KNO3,JVASP-53146,proton,85.0,0.0028911,KNO3_JVASP-53146_p_srniel.csv
KNO3,JVASP-53146,proton,90.0,0.0027917,KNO3_JVASP-53146_p_srniel.csv
KNO3,JVASP-53146,proton,95.0,0.0026993,KNO3_JVASP-53146_p_srniel.csv
KNO3,JVASP-53146,proton,100.0,0.0026131,KNO3_JVASP-53146_p_srniel.csv
KNO3,JVASP-53146,proton,150.0,0.0020023,KNO3_JVASP-53146_p_srniel.csv
KNO3,JVASP-53146,proton,200.0,0.0016939,KNO3_JVASP-53146_p_srniel.csv
KNO3,JVASP-53146,proton,250.0,0.0015386,KNO3_JVASP-53146_p_srniel.csv
KNO3,JVASP-53146,proton,300.0,0.0014533,KNO3_JVASP-53146_p_srniel.csv
KNO3,JVASP-53146,proton,350.0,0.0013997,KNO3_JVASP-53146_p_srniel.csv
KNO3,JVASP-53146,proton,400.0,0.0013624,KNO3_JVASP-53146_p_srniel.csv
KNO3,JVASP-53146,proton,450.0,0.0013361,KNO3_JVASP-53146_p_srniel.csv
KNO3,JVASP-53146,proton,500.0,0.0013185,KNO3_JVASP-53146_p_srniel.csv
KNO3,JVASP-53146,proton,550.0,0.0013081,KNO3_JVASP-53146_p_srniel.csv
KNO3,JVASP-53146,proton,600.0,0.0013026,KNO3_JVASP-53146_p_srniel.csv
KNO3,JVASP-53146,proton,650.0,0.0012998,KNO3_JVASP-53146_p_srniel.csv
KNO3,JVASP-53146,proton,700.0,0.0012968,KNO3_JVASP-53146_p_srniel.csv
KNO3,JVASP-53146,proton,750.0,0.0012916,KNO3_JVASP-53146_p_srniel.csv
KNO3,JVASP-53146,proton,800.0,0.001283,KNO3_JVASP-53146_p_srniel.csv
KNO3,JVASP-53146,proton,850.0,0.0012716,KNO3_JVASP-53146_p_srniel.csv
KNO3,JVASP-53146,proton,900.0,0.0012597,KNO3_JVASP-53146_p_srniel.csv
KNO3,JVASP-53146,proton,950.0,0.0012519,KNO3_JVASP-53146_p_srniel.csv
KNO3,JVASP-53146,proton,1000.0,0.0012551,KNO3_JVASP-53146_p_srniel.csv
KP,JVASP-10123,electron,0.04,0.0,KP_JVASP-10123_e_srniel.csv
KP,JVASP-10123,electron,0.045,0.0,KP_JVASP-10123_e_srniel.csv
KP,JVASP-10123,electron,0.05,0.0,KP_JVASP-10123_e_srniel.csv
KP,JVASP-10123,electron,0.055,0.0,KP_JVASP-10123_e_srniel.csv
KP,JVASP-10123,electron,0.06,0.0,KP_JVASP-10123_e_srniel.csv
KP,JVASP-10123,electron,0.065,0.0,KP_JVASP-10123_e_srniel.csv
KP,JVASP-10123,electron,0.07,0.0,KP_JVASP-10123_e_srniel.csv
KP,JVASP-10123,electron,0.075,0.0,KP_JVASP-10123_e_srniel.csv
KP,JVASP-10123,electron,0.08,0.0,KP_JVASP-10123_e_srniel.csv
KP,JVASP-10123,electron,0.085,0.0,KP_JVASP-10123_e_srniel.csv
KP,JVASP-10123,electron,0.09,0.0,KP_JVASP-10123_e_srniel.csv
KP,JVASP-10123,electron,0.095,0.0,KP_JVASP-10123_e_srniel.csv
KP,JVASP-10123,electron,0.1,0.0,KP_JVASP-10123_e_srniel.csv
KP,JVASP-10123,electron,0.15,0.0,KP_JVASP-10123_e_srniel.csv
KP,JVASP-10123,electron,0.2,4.2541e-06,KP_JVASP-10123_e_srniel.csv
KP,JVASP-10123,electron,0.25,8.9112e-06,KP_JVASP-10123_e_srniel.csv
KP,JVASP-10123,electron,0.3,1.2261e-05,KP_JVASP-10123_e_srniel.csv
KP,JVASP-10123,electron,0.35,1.4914e-05,KP_JVASP-10123_e_srniel.csv
KP,JVASP-10123,electron,0.4,1.715e-05,KP_JVASP-10123_e_srniel.csv
KP,JVASP-10123,electron,0.45,1.9113e-05,KP_JVASP-10123_e_srniel.csv
KP,JVASP-10123,electron,0.5,2.0884e-05,KP_JVASP-10123_e_srniel.csv
KP,JVASP-10123,electron,0.55,2.2512e-05,KP_JVASP-10123_e_srniel.csv
KP,JVASP-10123,electron,0.6,2.403e-05,KP_JVASP-10123_e_srniel.csv
KP,JVASP-10123,electron,0.65,2.5457e-05,KP_JVASP-10123_e_srniel.csv
KP,JVASP-10123,electron,0.7,2.6809e-05,KP_JVASP-10123_e_srniel.csv
KP,JVASP-10123,electron,0.75,2.8096e-05,KP_JVASP-10123_e_srniel.csv
KP,JVASP-10123,electron,0.8,2.9327e-05,KP_JVASP-10123_e_srniel.csv
KP,JVASP-10123,electron,0.85,3.0509e-05,KP_JVASP-10123_e_srniel.csv
KP,JVASP-10123,electron,0.9,3.1645e-05,KP_JVASP-10123_e_srniel.csv
KP,JVASP-10123,electron,0.95,3.2741e-05,KP_JVASP-10123_e_srniel.csv
KP,JVASP-10123,electron,1.0,3.3799e-05,KP_JVASP-10123_e_srniel.csv
KP,JVASP-10123,electron,1.5,4.2814e-05,KP_JVASP-10123_e_srniel.csv
KP,JVASP-10123,electron,2.0,4.9866e-05,KP_JVASP-10123_e_srniel.csv
KP,JVASP-10123,electron,2.5,5.5653e-05,KP_JVASP-10123_e_srniel.csv
KP,JVASP-10123,electron,3.0,6.0547e-05,KP_JVASP-10123_e_srniel.csv
KP,JVASP-10123,electron,3.5,6.4778e-05,KP_JVASP-10123_e_srniel.csv
KP,JVASP-10123,electron,4.0,6.8496e-05,KP_JVASP-10123_e_srniel.csv
KP,JVASP-10123,electron,4.5,7.1806e-05,KP_JVASP-10123_e_srniel.csv
KP,JVASP-10123,electron,5.0,7.4785e-05,KP_JVASP-10123_e_srniel.csv
KP,JVASP-10123,electron,5.5,7.7489e-05,KP_JVASP-10123_e_srniel.csv
KP,JVASP-10123,electron,6.0,7.9961e-05,KP_JVASP-10123_e_srniel.csv
KP,JVASP-10123,electron,6.5,8.2236e-05,KP_JVASP-10123_e_srniel.csv
KP,JVASP-10123,electron,7.0,8.4341e-05,KP_JVASP-10123_e_srniel.csv
KP,JVASP-10123,electron,7.5,8.6297e-05,KP_JVASP-10123_e_srniel.csv
KP,JVASP-10123,electron,8.0,8.8122e-05,KP_JVASP-10123_e_srniel.csv
KP,JVASP-10123,electron,8.5,8.9832e-05,KP_JVASP-10123_e_srniel.csv
KP,JVASP-10123,electron,9.0,9.1438e-05,KP_JVASP-10123_e_srniel.csv
KP,JVASP-10123,electron,9.5,9.2952e-05,KP_JVASP-10123_e_srniel.csv
KP,JVASP-10123,electron,10.0,9.4382e-05,KP_JVASP-10123_e_srniel.csv
KP,JVASP-10123,electron,15.0,0.00010539,KP_JVASP-10123_e_srniel.csv
KP,JVASP-10123,electron,20.0,0.00011273,KP_JVASP-10123_e_srniel.csv
KP,JVASP-10123,electron,25.0,0.000118,KP_JVASP-10123_e_srniel.csv
KP,JVASP-10123,electron,30.0,0.00012196,KP_JVASP-10123_e_srniel.csv
KP,JVASP-10123,electron,35.0,0.000125,KP_JVASP-10123_e_srniel.csv
KP,JVASP-10123,electron,40.0,0.00012738,KP_JVASP-10123_e_srniel.csv
KP,JVASP-10123,electron,45.0,0.00012927,KP_JVASP-10123_e_srniel.csv
KP,JVASP-10123,electron,50.0,0.00013077,KP_JVASP-10123_e_srniel.csv
KP,JVASP-10123,electron,55.0,0.00013198,KP_JVASP-10123_e_srniel.csv
KP,JVASP-10123,electron,60.0,0.00013295,KP_JVASP-10123_e_srniel.csv
KP,JVASP-10123,electron,65.0,0.00013374,KP_JVASP-10123_e_srniel.csv
KP,JVASP-10123,electron,70.0,0.00013437,KP_JVASP-10123_e_srniel.csv
KP,JVASP-10123,electron,75.0,0.00013489,KP_JVASP-10123_e_srniel.csv
KP,JVASP-10123,electron,80.0,0.00013532,KP_JVASP-10123_e_srniel.csv
KP,JVASP-10123,electron,85.0,0.00013566,KP_JVASP-10123_e_srniel.csv
KP,JVASP-10123,electron,90.0,0.00013595,KP_JVASP-10123_e_srniel.csv
KP,JVASP-10123,electron,95.0,0.00013618,KP_JVASP-10123_e_srniel.csv
KP,JVASP-10123,electron,100.0,0.00013637,KP_JVASP-10123_e_srniel.csv
KP,JVASP-10123,proton,0.0001,0.0,KP_JVASP-10123_p_srniel.csv
KP,JVASP-10123,proton,0.00015,1.2086,KP_JVASP-10123_p_srniel.csv
KP,JVASP-10123,proton,0.0002,2.2481,KP_JVASP-10123_p_srniel.csv
KP,JVASP-10123,proton,0.00025,2.9484,KP_JVASP-10123_p_srniel.csv
KP,JVASP-10123,proton,0.0003,3.4486,KP_JVASP-10123_p_srniel.csv
KP,JVASP-10123,proton,0.00035,3.8194,KP_JVASP-10123_p_srniel.csv
KP,JVASP-10123,proton,0.0004,4.1011,KP_JVASP-10123_p_srniel.csv
KP,JVASP-10123,proton,0.00045,4.3188,KP_JVASP-10123_p_srniel.csv
KP,JVASP-10123,proton,0.0005,4.4888,KP_JVASP-10123_p_srniel.csv
KP,JVASP-10123,proton,0.00055,4.6224,KP_JVASP-10123_p_srniel.csv
KP,JVASP-10123,proton,0.0006,4.7277,KP_JVASP-10123_p_srniel.csv
KP,JVASP-10123,proton,0.00065,4.8106,KP_JVASP-10123_p_srniel.csv
KP,JVASP-10123,proton,0.0007,4.8755,KP_JVASP-10123_p_srniel.csv
KP,JVASP-10123,proton,0.00075,4.9257,KP_JVASP-10123_p_srniel.csv
KP,JVASP-10123,proton,0.0008,4.9638,KP_JVASP-10123_p_srniel.csv
KP,JVASP-10123,proton,0.00085,4.9921,KP_JVASP-10123_p_srniel.csv
KP,JVASP-10123,proton,0.0009,5.0121,KP_JVASP-10123_p_srniel.csv
KP,JVASP-10123,proton,0.00095,5.0251,KP_JVASP-10123_p_srniel.csv
KP,JVASP-10123,proton,0.001,5.0323,KP_JVASP-10123_p_srniel.csv
KP,JVASP-10123,proton,0.0015,4.9241,KP_JVASP-10123_p_srniel.csv
KP,JVASP-10123,proton,0.002,4.6936,KP_JVASP-10123_p_srniel.csv
KP,JVASP-10123,proton,0.0025,4.4469,KP_JVASP-10123_p_srniel.csv
KP,JVASP-10123,proton,0.003,4.2121,KP_JVASP-10123_p_srniel.csv
KP,JVASP-10123,proton,0.0035,3.9966,KP_JVASP-10123_p_srniel.csv
KP,JVASP-10123,proton,0.004,3.8009,KP_JVASP-10123_p_srniel.csv
KP,JVASP-10123,proton,0.0045,3.6238,KP_JVASP-10123_p_srniel.csv
KP,JVASP-10123,proton,0.005,3.4632,KP_JVASP-10123_p_srniel.csv
KP,JVASP-10123,proton,0.0055,3.3173,KP_JVASP-10123_p_srniel.csv
KP,JVASP-10123,proton,0.006,3.1842,KP_JVASP-10123_p_srniel.csv
KP,JVASP-10123,proton,0.0065,3.0624,KP_JVASP-10123_p_srniel.csv
KP,JVASP-10123,proton,0.007,2.9506,KP_JVASP-10123_p_srniel.csv
KP,JVASP-10123,proton,0.0075,2.8474,KP_JVASP-10123_p_srniel.csv
KP,JVASP-10123,proton,0.008,2.7521,KP_JVASP-10123_p_srniel.csv
KP,JVASP-10123,proton,0.0085,2.6636,KP_JVASP-10123_p_srniel.csv
KP,JVASP-10123,proton,0.009,2.5813,KP_JVASP-10123_p_srniel.csv
KP,JVASP-10123,proton,0.0095,2.5044,KP_JVASP-10123_p_srniel.csv
KP,JVASP-10123,proton,0.01,2.4326,KP_JVASP-10123_p_srniel.csv
KP,JVASP-10123,proton,0.015,1.9051,KP_JVASP-10123_p_srniel.csv
KP,JVASP-10123,proton,0.02,1.5796,KP_JVASP-10123_p_srniel.csv
KP,JVASP-10123,proton,0.025,1.3565,KP_JVASP-10123_p_srniel.csv
KP,JVASP-10123,proton,0.03,1.1929,KP_JVASP-10123_p_srniel.csv
KP,JVASP-10123,proton,0.035,1.0673,KP_JVASP-10123_p_srniel.csv
KP,JVASP-10123,proton,0.04,0.96747,KP_JVASP-10123_p_srniel.csv
KP,JVASP-10123,proton,0.045,0.88601,KP_JVASP-10123_p_srniel.csv
KP,JVASP-10123,proton,0.05,0.81814,KP_JVASP-10123_p_srniel.csv
KP,JVASP-10123,proton,0.055,0.76065,KP_JVASP-10123_p_srniel.csv
KP,JVASP-10123,proton,0.06,0.71125,KP_JVASP-10123_p_srniel.csv
KP,JVASP-10123,proton,0.065,0.66831,KP_JVASP-10123_p_srniel.csv
KP,JVASP-10123,proton,0.07,0.63061,KP_JVASP-10123_p_srniel.csv
KP,JVASP-10123,proton,0.075,0.59721,KP_JVASP-10123_p_srniel.csv
KP,JVASP-10123,proton,0.08,0.5674,KP_JVASP-10123_p_srniel.csv
KP,JVASP-10123,proton,0.085,0.54062,KP_JVASP-10123_p_srniel.csv
KP,JVASP-10123,proton,0.09,0.51642,KP_JVASP-10123_p_srniel.csv
KP,JVASP-10123,proton,0.095,0.49443,KP_JVASP-10123_p_srniel.csv
KP,JVASP-10123,proton,0.1,0.47435,KP_JVASP-10123_p_srniel.csv
KP,JVASP-10123,proton,0.15,0.33984,KP_JVASP-10123_p_srniel.csv
KP,JVASP-10123,proton,0.2,0.26768,KP_JVASP-10123_p_srniel.csv
KP,JVASP-10123,proton,0.25,0.22244,KP_JVASP-10123_p_srniel.csv
KP,JVASP-10123,proton,0.3,0.19122,KP_JVASP-10123_p_srniel.csv
KP,JVASP-10123,proton,0.35,0.1677,KP_JVASP-10123_p_srniel.csv
KP,JVASP-10123,proton,0.4,0.14949,KP_JVASP-10123_p_srniel.csv
KP,JVASP-10123,proton,0.45,0.13447,KP_JVASP-10123_p_srniel.csv
KP,JVASP-10123,proton,0.5,0.12224,KP_JVASP-10123_p_srniel.csv
KP,JVASP-10123,proton,0.55,0.11212,KP_JVASP-10123_p_srniel.csv
KP,JVASP-10123,proton,0.6,0.10359,KP_JVASP-10123_p_srniel.csv
KP,JVASP-10123,proton,0.65,0.096308,KP_JVASP-10123_p_srniel.csv
KP,JVASP-10123,proton,0.7,0.090008,KP_JVASP-10123_p_srniel.csv
KP,JVASP-10123,proton,0.75,0.084505,KP_JVASP-10123_p_srniel.csv
KP,JVASP-10123,proton,0.8,0.079655,KP_JVASP-10123_p_srniel.csv
KP,JVASP-10123,proton,0.85,0.075346,KP_JVASP-10123_p_srniel.csv
KP,JVASP-10123,proton,0.9,0.071492,KP_JVASP-10123_p_srniel.csv
KP,JVASP-10123,proton,0.95,0.068023,KP_JVASP-10123_p_srniel.csv
KP,JVASP-10123,proton,1.0,0.064885,KP_JVASP-10123_p_srniel.csv
KP,JVASP-10123,proton,1.5,0.044577,KP_JVASP-10123_p_srniel.csv
KP,JVASP-10123,proton,2.0,0.034086,KP_JVASP-10123_p_srniel.csv
KP,JVASP-10123,proton,2.5,0.027679,KP_JVASP-10123_p_srniel.csv
KP,JVASP-10123,proton,3.0,0.023396,KP_JVASP-10123_p_srniel.csv
KP,JVASP-10123,proton,3.5,0.020412,KP_JVASP-10123_p_srniel.csv
KP,JVASP-10123,proton,4.0,0.018264,KP_JVASP-10123_p_srniel.csv
KP,JVASP-10123,proton,4.5,0.016626,KP_JVASP-10123_p_srniel.csv
KP,JVASP-10123,proton,5.0,0.015327,KP_JVASP-10123_p_srniel.csv
KP,JVASP-10123,proton,5.5,0.014269,KP_JVASP-10123_p_srniel.csv
KP,JVASP-10123,proton,6.0,0.013391,KP_JVASP-10123_p_srniel.csv
KP,JVASP-10123,proton,6.5,0.012652,KP_JVASP-10123_p_srniel.csv
KP,JVASP-10123,proton,7.0,0.01202,KP_JVASP-10123_p_srniel.csv
KP,JVASP-10123,proton,7.5,0.011475,KP_JVASP-10123_p_srniel.csv
KP,JVASP-10123,proton,8.0,0.010999,KP_JVASP-10123_p_srniel.csv
KP,JVASP-10123,proton,8.5,0.010581,KP_JVASP-10123_p_srniel.csv
KP,JVASP-10123,proton,9.0,0.010211,KP_JVASP-10123_p_srniel.csv
KP,JVASP-10123,proton,9.5,0.0098818,KP_JVASP-10123_p_srniel.csv
KP,JVASP-10123,proton,10.0,0.0095872,KP_JVASP-10123_p_srniel.csv
KP,JVASP-10123,proton,15.0,0.0077692,KP_JVASP-10123_p_srniel.csv
KP,JVASP-10123,proton,20.0,0.0068445,KP_JVASP-10123_p_srniel.csv
KP,JVASP-10123,proton,25.0,0.0062198,KP_JVASP-10123_p_srniel.csv
KP,JVASP-10123,proton,30.0,0.0057486,KP_JVASP-10123_p_srniel.csv
KP,JVASP-10123,proton,35.0,0.0053807,KP_JVASP-10123_p_srniel.csv
KP,JVASP-10123,proton,40.0,0.0050878,KP_JVASP-10123_p_srniel.csv
KP,JVASP-10123,proton,45.0,0.0048492,KP_JVASP-10123_p_srniel.csv
KP,JVASP-10123,proton,50.0,0.0046495,KP_JVASP-10123_p_srniel.csv
KP,JVASP-10123,proton,55.0,0.0044775,KP_JVASP-10123_p_srniel.csv
KP,JVASP-10123,proton,60.0,0.0043252,KP_JVASP-10123_p_srniel.csv
KP,JVASP-10123,proton,65.0,0.0041873,KP_JVASP-10123_p_srniel.csv
KP,JVASP-10123,proton,70.0,0.0040599,KP_JVASP-10123_p_srniel.csv
KP,JVASP-10123,proton,75.0,0.0039409,KP_JVASP-10123_p_srniel.csv
KP,JVASP-10123,proton,80.0,0.0038286,KP_JVASP-10123_p_srniel.csv
KP,JVASP-10123,proton,85.0,0.0037222,KP_JVASP-10123_p_srniel.csv
KP,JVASP-10123,proton,90.0,0.0036212,KP_JVASP-10123_p_srniel.csv
KP,JVASP-10123,proton,95.0,0.0035252,KP_JVASP-10123_p_srniel.csv
KP,JVASP-10123,proton,100.0,0.003434,KP_JVASP-10123_p_srniel.csv
KP,JVASP-10123,proton,150.0,0.0027636,KP_JVASP-10123_p_srniel.csv
KP,JVASP-10123,proton,200.0,0.0024181,KP_JVASP-10123_p_srniel.csv
KP,JVASP-10123,proton,250.0,0.0022425,KP_JVASP-10123_p_srniel.csv
KP,JVASP-10123,proton,300.0,0.0021452,KP_JVASP-10123_p_srniel.csv
KP,JVASP-10123,proton,350.0,0.0020836,KP_JVASP-10123_p_srniel.csv
KP,JVASP-10123,proton,400.0,0.0020405,KP_JVASP-10123_p_srniel.csv
KP,JVASP-10123,proton,450.0,0.0020095,KP_JVASP-10123_p_srniel.csv
KP,JVASP-10123,proton,500.0,0.0019878,KP_JVASP-10123_p_srniel.csv
KP,JVASP-10123,proton,550.0,0.0019732,KP_JVASP-10123_p_srniel.csv
KP,JVASP-10123,proton,600.0,0.0019629,KP_JVASP-10123_p_srniel.csv
KP,JVASP-10123,proton,650.0,0.0019542,KP_JVASP-10123_p_srniel.csv
KP,JVASP-10123,proton,700.0,0.0019446,KP_JVASP-10123_p_srniel.csv
KP,JVASP-10123,proton,750.0,0.0019322,KP_JVASP-10123_p_srniel.csv
KP,JVASP-10123,proton,800.0,0.001917,KP_JVASP-10123_p_srniel.csv
KP,JVASP-10123,proton,850.0,0.0019004,KP_JVASP-10123_p_srniel.csv
KP,JVASP-10123,proton,900.0,0.0018864,KP_JVASP-10123_p_srniel.csv
KP,JVASP-10123,proton,950.0,0.0018813,KP_JVASP-10123_p_srniel.csv
KP,JVASP-10123,proton,1000.0,0.001894,KP_JVASP-10123_p_srniel.csv
Li3VB2O6,JVASP-40731,electron,0.04,7.9052e-07,Li3VB2O6_JVASP-40731_e_srniel.csv
Li3VB2O6,JVASP-40731,electron,0.045,1.7035e-06,Li3VB2O6_JVASP-40731_e_srniel.csv
Li3VB2O6,JVASP-40731,electron,0.05,2.3533e-06,Li3VB2O6_JVASP-40731_e_srniel.csv
Li3VB2O6,JVASP-40731,electron,0.055,2.827e-06,Li3VB2O6_JVASP-40731_e_srniel.csv
Li3VB2O6,JVASP-40731,electron,0.06,3.1788e-06,Li3VB2O6_JVASP-40731_e_srniel.csv
Li3VB2O6,JVASP-40731,electron,0.065,3.4442e-06,Li3VB2O6_JVASP-40731_e_srniel.csv
Li3VB2O6,JVASP-40731,electron,0.07,3.6466e-06,Li3VB2O6_JVASP-40731_e_srniel.csv
Li3VB2O6,JVASP-40731,electron,0.075,3.8025e-06,Li3VB2O6_JVASP-40731_e_srniel.csv
Li3VB2O6,JVASP-40731,electron,0.08,3.9234e-06,Li3VB2O6_JVASP-40731_e_srniel.csv
Li3VB2O6,JVASP-40731,electron,0.085,4.0176e-06,Li3VB2O6_JVASP-40731_e_srniel.csv
Li3VB2O6,JVASP-40731,electron,0.09,4.0912e-06,Li3VB2O6_JVASP-40731_e_srniel.csv
Li3VB2O6,JVASP-40731,electron,0.095,4.1488e-06,Li3VB2O6_JVASP-40731_e_srniel.csv
Li3VB2O6,JVASP-40731,electron,0.1,4.2448e-06,Li3VB2O6_JVASP-40731_e_srniel.csv
Li3VB2O6,JVASP-40731,electron,0.15,5.6955e-06,Li3VB2O6_JVASP-40731_e_srniel.csv
Li3VB2O6,JVASP-40731,electron,0.2,7.8963e-06,Li3VB2O6_JVASP-40731_e_srniel.csv
Li3VB2O6,JVASP-40731,electron,0.25,1.047e-05,Li3VB2O6_JVASP-40731_e_srniel.csv
Li3VB2O6,JVASP-40731,electron,0.3,1.2286e-05,Li3VB2O6_JVASP-40731_e_srniel.csv
Li3VB2O6,JVASP-40731,electron,0.35,1.3724e-05,Li3VB2O6_JVASP-40731_e_srniel.csv
Li3VB2O6,JVASP-40731,electron,0.4,1.4948e-05,Li3VB2O6_JVASP-40731_e_srniel.csv
Li3VB2O6,JVASP-40731,electron,0.45,1.6036e-05,Li3VB2O6_JVASP-40731_e_srniel.csv
Li3VB2O6,JVASP-40731,electron,0.5,1.7287e-05,Li3VB2O6_JVASP-40731_e_srniel.csv
Li3VB2O6,JVASP-40731,electron,0.55,1.849e-05,Li3VB2O6_JVASP-40731_e_srniel.csv
Li3VB2O6,JVASP-40731,electron,0.6,1.9647e-05,Li3VB2O6_JVASP-40731_e_srniel.csv
Li3VB2O6,JVASP-40731,electron,0.65,2.0764e-05,Li3VB2O6_JVASP-40731_e_srniel.csv
Li3VB2O6,JVASP-40731,electron,0.7,2.1844e-05,Li3VB2O6_JVASP-40731_e_srniel.csv
Li3VB2O6,JVASP-40731,electron,0.75,2.289e-05,Li3VB2O6_JVASP-40731_e_srniel.csv
Li3VB2O6,JVASP-40731,electron,0.8,2.3904e-05,Li3VB2O6_JVASP-40731_e_srniel.csv
Li3VB2O6,JVASP-40731,electron,0.85,2.4888e-05,Li3VB2O6_JVASP-40731_e_srniel.csv
Li3VB2O6,JVASP-40731,electron,0.9,2.5844e-05,Li3VB2O6_JVASP-40731_e_srniel.csv
Li3VB2O6,JVASP-40731,electron,0.95,2.6773e-05,Li3VB2O6_JVASP-40731_e_srniel.csv
Li3VB2O6,JVASP-40731,electron,1.0,2.7676e-05,Li3VB2O6_JVASP-40731_e_srniel.csv
Li3VB2O6,JVASP-40731,electron,1.5,3.5531e-05,Li3VB2O6_JVASP-40731_e_srniel.csv
Li3VB2O6,JVASP-40731,electron,2.0,4.178e-05,Li3VB2O6_JVASP-40731_e_srniel.csv
Li3VB2O6,JVASP-40731,electron,2.5,4.6926e-05,Li3VB2O6_JVASP-40731_e_srniel.csv
Li3VB2O6,JVASP-40731,electron,3.0,5.1274e-05,Li3VB2O6_JVASP-40731_e_srniel.csv
Li3VB2O6,JVASP-40731,electron,3.5,5.502e-05,Li3VB2O6_JVASP-40731_e_srniel.csv
Li3VB2O6,JVASP-40731,electron,4.0,5.8299e-05,Li3VB2O6_JVASP-40731_e_srniel.csv
Li3VB2O6,JVASP-40731,electron,4.5,6.1203e-05,Li3VB2O6_JVASP-40731_e_srniel.csv
Li3VB2O6,JVASP-40731,electron,5.0,6.3802e-05,Li3VB2O6_JVASP-40731_e_srniel.csv
Li3VB2O6,JVASP-40731,electron,5.5,6.6148e-05,Li3VB2O6_JVASP-40731_e_srniel.csv
Li3VB2O6,JVASP-40731,electron,6.0,6.8281e-05,Li3VB2O6_JVASP-40731_e_srniel.csv
Li3VB2O6,JVASP-40731,electron,6.5,7.0232e-05,Li3VB2O6_JVASP-40731_e_srniel.csv
Li3VB2O6,JVASP-40731,electron,7.0,7.2025e-05,Li3VB2O6_JVASP-40731_e_srniel.csv
Li3VB2O6,JVASP-40731,electron,7.5,7.3682e-05,Li3VB2O6_JVASP-40731_e_srniel.csv
Li3VB2O6,JVASP-40731,electron,8.0,7.5218e-05,Li3VB2O6_JVASP-40731_e_srniel.csv
Li3VB2O6,JVASP-40731,electron,8.5,7.6648e-05,Li3VB2O6_JVASP-40731_e_srniel.csv
Li3VB2O6,JVASP-40731,electron,9.0,7.7984e-05,Li3VB2O6_JVASP-40731_e_srniel.csv
Li3VB2O6,JVASP-40731,electron,9.5,7.9235e-05,Li3VB2O6_JVASP-40731_e_srniel.csv
Li3VB2O6,JVASP-40731,electron,10.0,8.0409e-05,Li3VB2O6_JVASP-40731_e_srniel.csv
Li3VB2O6,JVASP-40731,electron,15.0,8.9177e-05,Li3VB2O6_JVASP-40731_e_srniel.csv
Li3VB2O6,JVASP-40731,electron,20.0,9.469e-05,Li3VB2O6_JVASP-40731_e_srniel.csv
Li3VB2O6,JVASP-40731,electron,25.0,9.8456e-05,Li3VB2O6_JVASP-40731_e_srniel.csv
Li3VB2O6,JVASP-40731,electron,30.0,0.00010116,Li3VB2O6_JVASP-40731_e_srniel.csv
Li3VB2O6,JVASP-40731,electron,35.0,0.00010315,Li3VB2O6_JVASP-40731_e_srniel.csv
Li3VB2O6,JVASP-40731,electron,40.0,0.00010467,Li3VB2O6_JVASP-40731_e_srniel.csv
Li3VB2O6,JVASP-40731,electron,45.0,0.00010583,Li3VB2O6_JVASP-40731_e_srniel.csv
Li3VB2O6,JVASP-40731,electron,50.0,0.00010674,Li3VB2O6_JVASP-40731_e_srniel.csv
Li3VB2O6,JVASP-40731,electron,55.0,0.00010745,Li3VB2O6_JVASP-40731_e_srniel.csv
Li3VB2O6,JVASP-40731,electron,60.0,0.00010802,Li3VB2O6_JVASP-40731_e_srniel.csv
Li3VB2O6,JVASP-40731,electron,65.0,0.00010847,Li3VB2O6_JVASP-40731_e_srniel.csv
Li3VB2O6,JVASP-40731,electron,70.0,0.00010883,Li3VB2O6_JVASP-40731_e_srniel.csv
Li3VB2O6,JVASP-40731,electron,75.0,0.00010913,Li3VB2O6_JVASP-40731_e_srniel.csv
Li3VB2O6,JVASP-40731,electron,80.0,0.00010937,Li3VB2O6_JVASP-40731_e_srniel.csv
Li3VB2O6,JVASP-40731,electron,85.0,0.00010956,Li3VB2O6_JVASP-40731_e_srniel.csv
Li3VB2O6,JVASP-40731,electron,90.0,0.00010972,Li3VB2O6_JVASP-40731_e_srniel.csv
Li3VB2O6,JVASP-40731,electron,95.0,0.00010985,Li3VB2O6_JVASP-40731_e_srniel.csv
Li3VB2O6,JVASP-40731,electron,100.0,0.00010996,Li3VB2O6_JVASP-40731_e_srniel.csv
Li3VB2O6,JVASP-40731,proton,0.0001,3.381,Li3VB2O6_JVASP-40731_p_srniel.csv
Li3VB2O6,JVASP-40731,proton,0.00015,5.1208,Li3VB2O6_JVASP-40731_p_srniel.csv
Li3VB2O6,JVASP-40731,proton,0.0002,6.715,Li3VB2O6_JVASP-40731_p_srniel.csv
Li3VB2O6,JVASP-40731,proton,0.00025,7.5857,Li3VB2O6_JVASP-40731_p_srniel.csv
Li3VB2O6,JVASP-40731,proton,0.0003,8.0771,Li3VB2O6_JVASP-40731_p_srniel.csv
Li3VB2O6,JVASP-40731,proton,0.00035,8.3498,Li3VB2O6_JVASP-40731_p_srniel.csv
Li3VB2O6,JVASP-40731,proton,0.0004,8.5457,Li3VB2O6_JVASP-40731_p_srniel.csv
Li3VB2O6,JVASP-40731,proton,0.00045,8.6748,Li3VB2O6_JVASP-40731_p_srniel.csv
Li3VB2O6,JVASP-40731,proton,0.0005,8.7348,Li3VB2O6_JVASP-40731_p_srniel.csv
Li3VB2O6,JVASP-40731,proton,0.00055,8.7472,Li3VB2O6_JVASP-40731_p_srniel.csv
Li3VB2O6,JVASP-40731,proton,0.0006,8.7264,Li3VB2O6_JVASP-40731_p_srniel.csv
Li3VB2O6,JVASP-40731,proton,0.00065,8.682,Li3VB2O6_JVASP-40731_p_srniel.csv
Li3VB2O6,JVASP-40731,proton,0.0007,8.6209,Li3VB2O6_JVASP-40731_p_srniel.csv
Li3VB2O6,JVASP-40731,proton,0.00075,8.5479,Li3VB2O6_JVASP-40731_p_srniel.csv
Li3VB2O6,JVASP-40731,proton,0.0008,8.4666,Li3VB2O6_JVASP-40731_p_srniel.csv
Li3VB2O6,JVASP-40731,proton,0.00085,8.3796,Li3VB2O6_JVASP-40731_p_srniel.csv
Li3VB2O6,JVASP-40731,proton,0.0009,8.2887,Li3VB2O6_JVASP-40731_p_srniel.csv
Li3VB2O6,JVASP-40731,proton,0.00095,8.1954,Li3VB2O6_JVASP-40731_p_srniel.csv
Li3VB2O6,JVASP-40731,proton,0.001,8.1008,Li3VB2O6_JVASP-40731_p_srniel.csv
Li3VB2O6,JVASP-40731,proton,0.0015,7.1909,Li3VB2O6_JVASP-40731_p_srniel.csv
Li3VB2O6,JVASP-40731,proton,0.002,6.4379,Li3VB2O6_JVASP-40731_p_srniel.csv
Li3VB2O6,JVASP-40731,proton,0.0025,5.8328,Li3VB2O6_JVASP-40731_p_srniel.csv
Li3VB2O6,JVASP-40731,proton,0.003,5.3403,Li3VB2O6_JVASP-40731_p_srniel.csv
Li3VB2O6,JVASP-40731,proton,0.0035,4.9323,Li3VB2O6_JVASP-40731_p_srniel.csv
Li3VB2O6,JVASP-40731,proton,0.004,4.5885,Li3VB2O6_JVASP-40731_p_srniel.csv
Li3VB2O6,JVASP-40731,proton,0.0045,4.2945,Li3VB2O6_JVASP-40731_p_srniel.csv
Li3VB2O6,JVASP-40731,proton,0.005,4.0399,Li3VB2O6_JVASP-40731_p_srniel.csv
Li3VB2O6,JVASP-40731,proton,0.0055,3.8171,Li3VB2O6_JVASP-40731_p_srniel.csv
Li3VB2O6,JVASP-40731,proton,0.006,3.6202,Li3VB2O6_JVASP-40731_p_srniel.csv
Li3VB2O6,JVASP-40731,proton,0.0065,3.4447,Li3VB2O6_JVASP-40731_p_srniel.csv
Li3VB2O6,JVASP-40731,proton,0.007,3.2872,Li3VB2O6_JVASP-40731_p_srniel.csv
Li3VB2O6,JVASP-40731,proton,0.0075,3.1451,Li3VB2O6_JVASP-40731_p_srniel.csv
Li3VB2O6,JVASP-40731,proton,0.008,3.0159,Li3VB2O6_JVASP-40731_p_srniel.csv
Li3VB2O6,JVASP-40731,proton,0.0085,2.8981,Li3VB2O6_JVASP-40731_p_srniel.csv
Li3VB2O6,JVASP-40731,proton,0.009,2.79,Li3VB2O6_JVASP-40731_p_srniel.csv
Li3VB2O6,JVASP-40731,proton,0.0095,2.6905,Li3VB2O6_JVASP-40731_p_srniel.csv
Li3VB2O6,JVASP-40731,proton,0.01,2.5986,Li3VB2O6_JVASP-40731_p_srniel.csv
Li3VB2O6,JVASP-40731,proton,0.015,1.9538,Li3VB2O6_JVASP-40731_p_srniel.csv
Li3VB2O6,JVASP-40731,proton,0.02,1.5792,Li3VB2O6_JVASP-40731_p_srniel.csv
Li3VB2O6,JVASP-40731,proton,0.025,1.3322,Li3VB2O6_JVASP-40731_p_srniel.csv
Li3VB2O6,JVASP-40731,proton,0.03,1.1561,Li3VB2O6_JVASP-40731_p_srniel.csv
Li3VB2O6,JVASP-40731,proton,0.035,1.0231,Li3VB2O6_JVASP-40731_p_srniel.csv
Li3VB2O6,JVASP-40731,proton,0.04,0.91932,Li3VB2O6_JVASP-40731_p_srniel.csv
Li3VB2O6,JVASP-40731,proton,0.045,0.83583,Li3VB2O6_JVASP-40731_p_srniel.csv
Li3VB2O6,JVASP-40731,proton,0.05,0.76706,Li3VB2O6_JVASP-40731_p_srniel.csv
Li3VB2O6,JVASP-40731,proton,0.055,0.70826,Li3VB2O6_JVASP-40731_p_srniel.csv
Li3VB2O6,JVASP-40731,proton,0.06,0.65819,Li3VB2O6_JVASP-40731_p_srniel.csv
Li3VB2O6,JVASP-40731,proton,0.065,0.6152,Li3VB2O6_JVASP-40731_p_srniel.csv
Li3VB2O6,JVASP-40731,proton,0.07,0.57783,Li3VB2O6_JVASP-40731_p_srniel.csv
Li3VB2O6,JVASP-40731,proton,0.075,0.54505,Li3VB2O6_JVASP-40731_p_srniel.csv
Li3VB2O6,JVASP-40731,proton,0.08,0.51602,Li3VB2O6_JVASP-40731_p_srniel.csv
Li3VB2O6,JVASP-40731,proton,0.085,0.49014,Li3VB2O6_JVASP-40731_p_srniel.csv
Li3VB2O6,JVASP-40731,proton,0.09,0.46685,Li3VB2O6_JVASP-40731_p_srniel.csv
Li3VB2O6,JVASP-40731,proton,0.095,0.44572,Li3VB2O6_JVASP-40731_p_srniel.csv
Li3VB2O6,JVASP-40731,proton,0.1,0.42654,Li3VB2O6_JVASP-40731_p_srniel.csv
Li3VB2O6,JVASP-40731,proton,0.15,0.30073,Li3VB2O6_JVASP-40731_p_srniel.csv
Li3VB2O6,JVASP-40731,proton,0.2,0.23228,Li3VB2O6_JVASP-40731_p_srniel.csv
Li3VB2O6,JVASP-40731,proton,0.25,0.1897,Li3VB2O6_JVASP-40731_p_srniel.csv
Li3VB2O6,JVASP-40731,proton,0.3,0.16065,Li3VB2O6_JVASP-40731_p_srniel.csv
Li3VB2O6,JVASP-40731,proton,0.35,0.13951,Li3VB2O6_JVASP-40731_p_srniel.csv
Li3VB2O6,JVASP-40731,proton,0.4,0.12342,Li3VB2O6_JVASP-40731_p_srniel.csv
Li3VB2O6,JVASP-40731,proton,0.45,0.11075,Li3VB2O6_JVASP-40731_p_srniel.csv
Li3VB2O6,JVASP-40731,proton,0.5,0.10049,Li3VB2O6_JVASP-40731_p_srniel.csv
Li3VB2O6,JVASP-40731,proton,0.55,0.091898,Li3VB2O6_JVASP-40731_p_srniel.csv
Li3VB2O6,JVASP-40731,proton,0.6,0.084684,Li3VB2O6_JVASP-40731_p_srniel.csv
Li3VB2O6,JVASP-40731,proton,0.65,0.078537,Li3VB2O6_JVASP-40731_p_srniel.csv
Li3VB2O6,JVASP-40731,proton,0.7,0.073236,Li3VB2O6_JVASP-40731_p_srniel.csv
Li3VB2O6,JVASP-40731,proton,0.75,0.068615,Li3VB2O6_JVASP-40731_p_srniel.csv
Li3VB2O6,JVASP-40731,proton,0.8,0.064551,Li3VB2O6_JVASP-40731_p_srniel.csv
Li3VB2O6,JVASP-40731,proton,0.85,0.060948,Li3VB2O6_JVASP-40731_p_srniel.csv
Li3VB2O6,JVASP-40731,proton,0.9,0.057732,Li3VB2O6_JVASP-40731_p_srniel.csv
Li3VB2O6,JVASP-40731,proton,0.95,0.054843,Li3VB2O6_JVASP-40731_p_srniel.csv
Li3VB2O6,JVASP-40731,proton,1.0,0.052234,Li3VB2O6_JVASP-40731_p_srniel.csv
Li3VB2O6,JVASP-40731,proton,1.5,0.035472,Li3VB2O6_JVASP-40731_p_srniel.csv
Li3VB2O6,JVASP-40731,proton,2.0,0.026916,Li3VB2O6_JVASP-40731_p_srniel.csv
Li3VB2O6,JVASP-40731,proton,2.5,0.021713,Li3VB2O6_JVASP-40731_p_srniel.csv
Li3VB2O6,JVASP-40731,proton,3.0,0.018211,Li3VB2O6_JVASP-40731_p_srniel.csv
Li3VB2O6,JVASP-40731,proton,3.5,0.015723,Li3VB2O6_JVASP-40731_p_srniel.csv
Li3VB2O6,JVASP-40731,proton,4.0,0.01412,Li3VB2O6_JVASP-40731_p_srniel.csv
Li3VB2O6,JVASP-40731,proton,4.5,0.012865,Li3VB2O6_JVASP-40731_p_srniel.csv
Li3VB2O6,JVASP-40731,proton,5.0,0.01176,Li3VB2O6_JVASP-40731_p_srniel.csv
Li3VB2O6,JVASP-40731,proton,5.5,0.010855,Li3VB2O6_JVASP-40731_p_srniel.csv
Li3VB2O6,JVASP-40731,proton,6.0,0.010125,Li3VB2O6_JVASP-40731_p_srniel.csv
Li3VB2O6,JVASP-40731,proton,6.5,0.0095324,Li3VB2O6_JVASP-40731_p_srniel.csv
Li3VB2O6,JVASP-40731,proton,7.0,0.0090399,Li3VB2O6_JVASP-40731_p_srniel.csv
Li3VB2O6,JVASP-40731,proton,7.5,0.0086195,Li3VB2O6_JVASP-40731_p_srniel.csv
Li3VB2O6,JVASP-40731,proton,8.0,0.0082501,Li3VB2O6_JVASP-40731_p_srniel.csv
Li3VB2O6,JVASP-40731,proton,8.5,0.0079172,Li3VB2O6_JVASP-40731_p_srniel.csv
Li3VB2O6,JVASP-40731,proton,9.0,0.0076124,Li3VB2O6_JVASP-40731_p_srniel.csv
Li3VB2O6,JVASP-40731,proton,9.5,0.0073307,Li3VB2O6_JVASP-40731_p_srniel.csv
Li3VB2O6,JVASP-40731,proton,10.0,0.0070696,Li3VB2O6_JVASP-40731_p_srniel.csv
Li3VB2O6,JVASP-40731,proton,15.0,0.0053623,Li3VB2O6_JVASP-40731_p_srniel.csv
Li3VB2O6,JVASP-40731,proton,20.0,0.004623,Li3VB2O6_JVASP-40731_p_srniel.csv
Li3VB2O6,JVASP-40731,proton,25.0,0.0042271,Li3VB2O6_JVASP-40731_p_srniel.csv
Li3VB2O6,JVASP-40731,proton,30.0,0.003934,Li3VB2O6_JVASP-40731_p_srniel.csv
Li3VB2O6,JVASP-40731,proton,35.0,0.0036715,Li3VB2O6_JVASP-40731_p_srniel.csv
Li3VB2O6,JVASP-40731,proton,40.0,0.0034299,Li3VB2O6_JVASP-40731_p_srniel.csv
Li3VB2O6,JVASP-40731,proton,45.0,0.0032131,Li3VB2O6_JVASP-40731_p_srniel.csv
Li3VB2O6,JVASP-40731,proton,50.0,0.0030237,Li3VB2O6_JVASP-40731_p_srniel.csv
Li3VB2O6,JVASP-40731,proton,55.0,0.0028601,Li3VB2O6_JVASP-40731_p_srniel.csv
Li3VB2O6,JVASP-40731,proton,60.0,0.0027191,Li3VB2O6_JVASP-40731_p_srniel.csv
Li3VB2O6,JVASP-40731,proton,65.0,0.0025966,Li3VB2O6_JVASP-40731_p_srniel.csv
Li3VB2O6,JVASP-40731,proton,70.0,0.0024891,Li3VB2O6_JVASP-40731_p_srniel.csv
Li3VB2O6,JVASP-40731,proton,75.0,0.0023935,Li3VB2O6_JVASP-40731_p_srniel.csv
Li3VB2O6,JVASP-40731,proton,80.0,0.0023074,Li3VB2O6_JVASP-40731_p_srniel.csv
Li3VB2O6,JVASP-40731,proton,85.0,0.0022292,Li3VB2O6_JVASP-40731_p_srniel.csv
Li3VB2O6,JVASP-40731,proton,90.0,0.0021573,Li3VB2O6_JVASP-40731_p_srniel.csv
Li3VB2O6,JVASP-40731,proton,95.0,0.0020908,Li3VB2O6_JVASP-40731_p_srniel.csv
Li3VB2O6,JVASP-40731,proton,100.0,0.002029,Li3VB2O6_JVASP-40731_p_srniel.csv
Li3VB2O6,JVASP-40731,proton,150.0,0.0015906,Li3VB2O6_JVASP-40731_p_srniel.csv
Li3VB2O6,JVASP-40731,proton,200.0,0.001364,Li3VB2O6_JVASP-40731_p_srniel.csv
Li3VB2O6,JVASP-40731,proton,250.0,0.0012488,Li3VB2O6_JVASP-40731_p_srniel.csv
Li3VB2O6,JVASP-40731,proton,300.0,0.0011876,Li3VB2O6_JVASP-40731_p_srniel.csv
Li3VB2O6,JVASP-40731,proton,350.0,0.0011526,Li3VB2O6_JVASP-40731_p_srniel.csv
Li3VB2O6,JVASP-40731,proton,400.0,0.0011316,Li3VB2O6_JVASP-40731_p_srniel.csv
Li3VB2O6,JVASP-40731,proton,450.0,0.0011191,Li3VB2O6_JVASP-40731_p_srniel.csv
Li3VB2O6,JVASP-40731,proton,500.0,0.0011126,Li3VB2O6_JVASP-40731_p_srniel.csv
Li3VB2O6,JVASP-40731,proton,550.0,0.0011104,Li3VB2O6_JVASP-40731_p_srniel.csv
Li3VB2O6,JVASP-40731,proton,600.0,0.0011107,Li3VB2O6_JVASP-40731_p_srniel.csv
Li3VB2O6,JVASP-40731,proton,650.0,0.0011118,Li3VB2O6_JVASP-40731_p_srniel.csv
Li3VB2O6,JVASP-40731,proton,700.0,0.0011121,Li3VB2O6_JVASP-40731_p_srniel.csv
Li3VB2O6,JVASP-40731,proton,750.0,0.0011101,Li3VB2O6_JVASP-40731_p_srniel.csv
Li3VB2O6,JVASP-40731,proton,800.0,0.0011055,Li3VB2O6_JVASP-40731_p_srniel.csv
Li3VB2O6,JVASP-40731,proton,850.0,0.0010984,Li3VB2O6_JVASP-40731_p_srniel.csv
Li3VB2O6,JVASP-40731,proton,900.0,0.0010906,Li3VB2O6_JVASP-40731_p_srniel.csv
Li3VB2O6,JVASP-40731,proton,950.0,0.0010851,Li3VB2O6_JVASP-40731_p_srniel.csv
Li3VB2O6,JVASP-40731,proton,1000.0,0.0010862,Li3VB2O6_JVASP-40731_p_srniel.csv
Mg2Mo3O8,JVASP-19255,electron,0.04,0.0,Mg2Mo3O8_JVASP-19255_e_srniel.csv
Mg2Mo3O8,JVASP-19255,electron,0.045,0.0,Mg2Mo3O8_JVASP-19255_e_srniel.csv
Mg2Mo3O8,JVASP-19255,electron,0.05,0.0,Mg2Mo3O8_JVASP-19255_e_srniel.csv
Mg2Mo3O8,JVASP-19255,electron,0.055,0.0,Mg2Mo3O8_JVASP-19255_e_srniel.csv
Mg2Mo3O8,JVASP-19255,electron,0.06,0.0,Mg2Mo3O8_JVASP-19255_e_srniel.csv
Mg2Mo3O8,JVASP-19255,electron,0.065,0.0,Mg2Mo3O8_JVASP-19255_e_srniel.csv
Mg2Mo3O8,JVASP-19255,electron,0.07,0.0,Mg2Mo3O8_JVASP-19255_e_srniel.csv
Mg2Mo3O8,JVASP-19255,electron,0.075,0.0,Mg2Mo3O8_JVASP-19255_e_srniel.csv
Mg2Mo3O8,JVASP-19255,electron,0.08,0.0,Mg2Mo3O8_JVASP-19255_e_srniel.csv
Mg2Mo3O8,JVASP-19255,electron,0.085,0.0,Mg2Mo3O8_JVASP-19255_e_srniel.csv
Mg2Mo3O8,JVASP-19255,electron,0.09,0.0,Mg2Mo3O8_JVASP-19255_e_srniel.csv
Mg2Mo3O8,JVASP-19255,electron,0.095,0.0,Mg2Mo3O8_JVASP-19255_e_srniel.csv
Mg2Mo3O8,JVASP-19255,electron,0.1,0.0,Mg2Mo3O8_JVASP-19255_e_srniel.csv
Mg2Mo3O8,JVASP-19255,electron,0.15,1.4524e-06,Mg2Mo3O8_JVASP-19255_e_srniel.csv
Mg2Mo3O8,JVASP-19255,electron,0.2,3.0111e-06,Mg2Mo3O8_JVASP-19255_e_srniel.csv
Mg2Mo3O8,JVASP-19255,electron,0.25,4.6342e-06,Mg2Mo3O8_JVASP-19255_e_srniel.csv
Mg2Mo3O8,JVASP-19255,electron,0.3,5.7756e-06,Mg2Mo3O8_JVASP-19255_e_srniel.csv
Mg2Mo3O8,JVASP-19255,electron,0.35,6.6714e-06,Mg2Mo3O8_JVASP-19255_e_srniel.csv
Mg2Mo3O8,JVASP-19255,electron,0.4,7.4257e-06,Mg2Mo3O8_JVASP-19255_e_srniel.csv
Mg2Mo3O8,JVASP-19255,electron,0.45,8.09e-06,Mg2Mo3O8_JVASP-19255_e_srniel.csv
Mg2Mo3O8,JVASP-19255,electron,0.5,8.6927e-06,Mg2Mo3O8_JVASP-19255_e_srniel.csv
Mg2Mo3O8,JVASP-19255,electron,0.55,9.2501e-06,Mg2Mo3O8_JVASP-19255_e_srniel.csv
Mg2Mo3O8,JVASP-19255,electron,0.6,9.7725e-06,Mg2Mo3O8_JVASP-19255_e_srniel.csv
Mg2Mo3O8,JVASP-19255,electron,0.65,1.0267e-05,Mg2Mo3O8_JVASP-19255_e_srniel.csv
Mg2Mo3O8,JVASP-19255,electron,0.7,1.0737e-05,Mg2Mo3O8_JVASP-19255_e_srniel.csv
Mg2Mo3O8,JVASP-19255,electron,0.75,1.1188e-05,Mg2Mo3O8_JVASP-19255_e_srniel.csv
Mg2Mo3O8,JVASP-19255,electron,0.8,1.162e-05,Mg2Mo3O8_JVASP-19255_e_srniel.csv
Mg2Mo3O8,JVASP-19255,electron,0.85,1.2228e-05,Mg2Mo3O8_JVASP-19255_e_srniel.csv
Mg2Mo3O8,JVASP-19255,electron,0.9,1.2925e-05,Mg2Mo3O8_JVASP-19255_e_srniel.csv
Mg2Mo3O8,JVASP-19255,electron,0.95,1.3669e-05,Mg2Mo3O8_JVASP-19255_e_srniel.csv
Mg2Mo3O8,JVASP-19255,electron,1.0,1.4446e-05,Mg2Mo3O8_JVASP-19255_e_srniel.csv
Mg2Mo3O8,JVASP-19255,electron,1.5,2.249e-05,Mg2Mo3O8_JVASP-19255_e_srniel.csv
Mg2Mo3O8,JVASP-19255,electron,2.0,2.9568e-05,Mg2Mo3O8_JVASP-19255_e_srniel.csv
Mg2Mo3O8,JVASP-19255,electron,2.5,3.5486e-05,Mg2Mo3O8_JVASP-19255_e_srniel.csv
Mg2Mo3O8,JVASP-19255,electron,3.0,4.0482e-05,Mg2Mo3O8_JVASP-19255_e_srniel.csv
Mg2Mo3O8,JVASP-19255,electron,3.5,4.4769e-05,Mg2Mo3O8_JVASP-19255_e_srniel.csv
Mg2Mo3O8,JVASP-19255,electron,4.0,4.8505e-05,Mg2Mo3O8_JVASP-19255_e_srniel.csv
Mg2Mo3O8,JVASP-19255,electron,4.5,5.1804e-05,Mg2Mo3O8_JVASP-19255_e_srniel.csv
Mg2Mo3O8,JVASP-19255,electron,5.0,5.475e-05,Mg2Mo3O8_JVASP-19255_e_srniel.csv
Mg2Mo3O8,JVASP-19255,electron,5.5,5.7405e-05,Mg2Mo3O8_JVASP-19255_e_srniel.csv
Mg2Mo3O8,JVASP-19255,electron,6.0,5.9817e-05,Mg2Mo3O8_JVASP-19255_e_srniel.csv
Mg2Mo3O8,JVASP-19255,electron,6.5,6.2022e-05,Mg2Mo3O8_JVASP-19255_e_srniel.csv
Mg2Mo3O8,JVASP-19255,electron,7.0,6.4051e-05,Mg2Mo3O8_JVASP-19255_e_srniel.csv
Mg2Mo3O8,JVASP-19255,electron,7.5,6.5926e-05,Mg2Mo3O8_JVASP-19255_e_srniel.csv
Mg2Mo3O8,JVASP-19255,electron,8.0,6.7666e-05,Mg2Mo3O8_JVASP-19255_e_srniel.csv
Mg2Mo3O8,JVASP-19255,electron,8.5,6.9288e-05,Mg2Mo3O8_JVASP-19255_e_srniel.csv
Mg2Mo3O8,JVASP-19255,electron,9.0,7.0805e-05,Mg2Mo3O8_JVASP-19255_e_srniel.csv
Mg2Mo3O8,JVASP-19255,electron,9.5,7.2227e-05,Mg2Mo3O8_JVASP-19255_e_srniel.csv
Mg2Mo3O8,JVASP-19255,electron,10.0,7.3565e-05,Mg2Mo3O8_JVASP-19255_e_srniel.csv
Mg2Mo3O8,JVASP-19255,electron,15.0,8.3635e-05,Mg2Mo3O8_JVASP-19255_e_srniel.csv
Mg2Mo3O8,JVASP-19255,electron,20.0,9.0052e-05,Mg2Mo3O8_JVASP-19255_e_srniel.csv
Mg2Mo3O8,JVASP-19255,electron,25.0,9.4454e-05,Mg2Mo3O8_JVASP-19255_e_srniel.csv
Mg2Mo3O8,JVASP-19255,electron,30.0,9.7591e-05,Mg2Mo3O8_JVASP-19255_e_srniel.csv
Mg2Mo3O8,JVASP-19255,electron,35.0,9.9871e-05,Mg2Mo3O8_JVASP-19255_e_srniel.csv
Mg2Mo3O8,JVASP-19255,electron,40.0,0.00010155,Mg2Mo3O8_JVASP-19255_e_srniel.csv
Mg2Mo3O8,JVASP-19255,electron,45.0,0.00010278,Mg2Mo3O8_JVASP-19255_e_srniel.csv
Mg2Mo3O8,JVASP-19255,electron,50.0,0.0001037,Mg2Mo3O8_JVASP-19255_e_srniel.csv
Mg2Mo3O8,JVASP-19255,electron,55.0,0.00010437,Mg2Mo3O8_JVASP-19255_e_srniel.csv
Mg2Mo3O8,JVASP-19255,electron,60.0,0.00010487,Mg2Mo3O8_JVASP-19255_e_srniel.csv
Mg2Mo3O8,JVASP-19255,electron,65.0,0.00010522,Mg2Mo3O8_JVASP-19255_e_srniel.csv
Mg2Mo3O8,JVASP-19255,electron,70.0,0.00010548,Mg2Mo3O8_JVASP-19255_e_srniel.csv
Mg2Mo3O8,JVASP-19255,electron,75.0,0.00010565,Mg2Mo3O8_JVASP-19255_e_srniel.csv
Mg2Mo3O8,JVASP-19255,electron,80.0,0.00010577,Mg2Mo3O8_JVASP-19255_e_srniel.csv
Mg2Mo3O8,JVASP-19255,electron,85.0,0.00010584,Mg2Mo3O8_JVASP-19255_e_srniel.csv
Mg2Mo3O8,JVASP-19255,electron,90.0,0.00010587,Mg2Mo3O8_JVASP-19255_e_srniel.csv
Mg2Mo3O8,JVASP-19255,electron,95.0,0.00010589,Mg2Mo3O8_JVASP-19255_e_srniel.csv
Mg2Mo3O8,JVASP-19255,electron,100.0,0.00010588,Mg2Mo3O8_JVASP-19255_e_srniel.csv
Mg2Mo3O8,JVASP-19255,proton,0.0001,0.28702,Mg2Mo3O8_JVASP-19255_p_srniel.csv
Mg2Mo3O8,JVASP-19255,proton,0.00015,1.0591,Mg2Mo3O8_JVASP-19255_p_srniel.csv
Mg2Mo3O8,JVASP-19255,proton,0.0002,1.9265,Mg2Mo3O8_JVASP-19255_p_srniel.csv
Mg2Mo3O8,JVASP-19255,proton,0.00025,2.458,Mg2Mo3O8_JVASP-19255_p_srniel.csv
Mg2Mo3O8,JVASP-19255,proton,0.0003,2.8025,Mg2Mo3O8_JVASP-19255_p_srniel.csv
Mg2Mo3O8,JVASP-19255,proton,0.00035,3.0327,Mg2Mo3O8_JVASP-19255_p_srniel.csv
Mg2Mo3O8,JVASP-19255,proton,0.0004,3.1884,Mg2Mo3O8_JVASP-19255_p_srniel.csv
Mg2Mo3O8,JVASP-19255,proton,0.00045,3.2935,Mg2Mo3O8_JVASP-19255_p_srniel.csv
Mg2Mo3O8,JVASP-19255,proton,0.0005,3.3631,Mg2Mo3O8_JVASP-19255_p_srniel.csv
Mg2Mo3O8,JVASP-19255,proton,0.00055,3.4071,Mg2Mo3O8_JVASP-19255_p_srniel.csv
Mg2Mo3O8,JVASP-19255,proton,0.0006,3.4323,Mg2Mo3O8_JVASP-19255_p_srniel.csv
Mg2Mo3O8,JVASP-19255,proton,0.00065,3.4435,Mg2Mo3O8_JVASP-19255_p_srniel.csv
Mg2Mo3O8,JVASP-19255,proton,0.0007,3.4441,Mg2Mo3O8_JVASP-19255_p_srniel.csv
Mg2Mo3O8,JVASP-19255,proton,0.00075,3.4368,Mg2Mo3O8_JVASP-19255_p_srniel.csv
Mg2Mo3O8,JVASP-19255,proton,0.0008,3.4233,Mg2Mo3O8_JVASP-19255_p_srniel.csv
Mg2Mo3O8,JVASP-19255,proton,0.00085,3.4449,Mg2Mo3O8_JVASP-19255_p_srniel.csv
Mg2Mo3O8,JVASP-19255,proton,0.0009,3.4611,Mg2Mo3O8_JVASP-19255_p_srniel.csv
Mg2Mo3O8,JVASP-19255,proton,0.00095,3.4713,Mg2Mo3O8_JVASP-19255_p_srniel.csv
Mg2Mo3O8,JVASP-19255,proton,0.001,3.4765,Mg2Mo3O8_JVASP-19255_p_srniel.csv
Mg2Mo3O8,JVASP-19255,proton,0.0015,3.3881,Mg2Mo3O8_JVASP-19255_p_srniel.csv
Mg2Mo3O8,JVASP-19255,proton,0.002,3.2159,Mg2Mo3O8_JVASP-19255_p_srniel.csv
Mg2Mo3O8,JVASP-19255,proton,0.0025,3.0398,Mg2Mo3O8_JVASP-19255_p_srniel.csv
Mg2Mo3O8,JVASP-19255,proton,0.003,2.877,Mg2Mo3O8_JVASP-19255_p_srniel.csv
Mg2Mo3O8,JVASP-19255,proton,0.0035,2.7304,Mg2Mo3O8_JVASP-19255_p_srniel.csv
Mg2Mo3O8,JVASP-19255,proton,0.004,2.599,Mg2Mo3O8_JVASP-19255_p_srniel.csv
Mg2Mo3O8,JVASP-19255,proton,0.0045,2.481,Mg2Mo3O8_JVASP-19255_p_srniel.csv
Mg2Mo3O8,JVASP-19255,proton,0.005,2.3748,Mg2Mo3O8_JVASP-19255_p_srniel.csv
Mg2Mo3O8,JVASP-19255,proton,0.0055,2.2786,Mg2Mo3O8_JVASP-19255_p_srniel.csv
Mg2Mo3O8,JVASP-19255,proton,0.006,2.1911,Mg2Mo3O8_JVASP-19255_p_srniel.csv
Mg2Mo3O8,JVASP-19255,proton,0.0065,2.1112,Mg2Mo3O8_JVASP-19255_p_srniel.csv
Mg2Mo3O8,JVASP-19255,proton,0.007,2.0378,Mg2Mo3O8_JVASP-19255_p_srniel.csv
Mg2Mo3O8,JVASP-19255,proton,0.0075,1.9702,Mg2Mo3O8_JVASP-19255_p_srniel.csv
Mg2Mo3O8,JVASP-19255,proton,0.008,1.9077,Mg2Mo3O8_JVASP-19255_p_srniel.csv
Mg2Mo3O8,JVASP-19255,proton,0.0085,1.8496,Mg2Mo3O8_JVASP-19255_p_srniel.csv
Mg2Mo3O8,JVASP-19255,proton,0.009,1.7956,Mg2Mo3O8_JVASP-19255_p_srniel.csv
Mg2Mo3O8,JVASP-19255,proton,0.0095,1.7451,Mg2Mo3O8_JVASP-19255_p_srniel.csv
Mg2Mo3O8,JVASP-19255,proton,0.01,1.6978,Mg2Mo3O8_JVASP-19255_p_srniel.csv
Mg2Mo3O8,JVASP-19255,proton,0.015,1.3484,Mg2Mo3O8_JVASP-19255_p_srniel.csv
Mg2Mo3O8,JVASP-19255,proton,0.02,1.1297,Mg2Mo3O8_JVASP-19255_p_srniel.csv
Mg2Mo3O8,JVASP-19255,proton,0.025,0.97796,Mg2Mo3O8_JVASP-19255_p_srniel.csv
Mg2Mo3O8,JVASP-19255,proton,0.03,0.86557,Mg2Mo3O8_JVASP-19255_p_srniel.csv
Mg2Mo3O8,JVASP-19255,proton,0.035,0.7785,Mg2Mo3O8_JVASP-19255_p_srniel.csv
Mg2Mo3O8,JVASP-19255,proton,0.04,0.70879,Mg2Mo3O8_JVASP-19255_p_srniel.csv
Mg2Mo3O8,JVASP-19255,proton,0.045,0.65156,Mg2Mo3O8_JVASP-19255_p_srniel.csv
Mg2Mo3O8,JVASP-19255,proton,0.05,0.60362,Mg2Mo3O8_JVASP-19255_p_srniel.csv
Mg2Mo3O8,JVASP-19255,proton,0.055,0.56241,Mg2Mo3O8_JVASP-19255_p_srniel.csv
Mg2Mo3O8,JVASP-19255,proton,0.06,0.52686,Mg2Mo3O8_JVASP-19255_p_srniel.csv
Mg2Mo3O8,JVASP-19255,proton,0.065,0.49595,Mg2Mo3O8_JVASP-19255_p_srniel.csv
Mg2Mo3O8,JVASP-19255,proton,0.07,0.46879,Mg2Mo3O8_JVASP-19255_p_srniel.csv
Mg2Mo3O8,JVASP-19255,proton,0.075,0.44471,Mg2Mo3O8_JVASP-19255_p_srniel.csv
Mg2Mo3O8,JVASP-19255,proton,0.08,0.42321,Mg2Mo3O8_JVASP-19255_p_srniel.csv
Mg2Mo3O8,JVASP-19255,proton,0.085,0.40385,Mg2Mo3O8_JVASP-19255_p_srniel.csv
Mg2Mo3O8,JVASP-19255,proton,0.09,0.38634,Mg2Mo3O8_JVASP-19255_p_srniel.csv
Mg2Mo3O8,JVASP-19255,proton,0.095,0.37043,Mg2Mo3O8_JVASP-19255_p_srniel.csv
Mg2Mo3O8,JVASP-19255,proton,0.1,0.3559,Mg2Mo3O8_JVASP-19255_p_srniel.csv
Mg2Mo3O8,JVASP-19255,proton,0.15,0.25835,Mg2Mo3O8_JVASP-19255_p_srniel.csv
Mg2Mo3O8,JVASP-19255,proton,0.2,0.20399,Mg2Mo3O8_JVASP-19255_p_srniel.csv
Mg2Mo3O8,JVASP-19255,proton,0.25,0.16929,Mg2Mo3O8_JVASP-19255_p_srniel.csv
Mg2Mo3O8,JVASP-19255,proton,0.3,0.14485,Mg2Mo3O8_JVASP-19255_p_srniel.csv
Mg2Mo3O8,JVASP-19255,proton,0.35,0.12676,Mg2Mo3O8_JVASP-19255_p_srniel.csv
Mg2Mo3O8,JVASP-19255,proton,0.4,0.1129,Mg2Mo3O8_JVASP-19255_p_srniel.csv
Mg2Mo3O8,JVASP-19255,proton,0.45,0.10193,Mg2Mo3O8_JVASP-19255_p_srniel.csv
Mg2Mo3O8,JVASP-19255,proton,0.5,0.093009,Mg2Mo3O8_JVASP-19255_p_srniel.csv
Mg2Mo3O8,JVASP-19255,proton,0.55,0.085606,Mg2Mo3O8_JVASP-19255_p_srniel.csv
Mg2Mo3O8,JVASP-19255,proton,0.6,0.079358,Mg2Mo3O8_JVASP-19255_p_srniel.csv
Mg2Mo3O8,JVASP-19255,proton,0.65,0.074011,Mg2Mo3O8_JVASP-19255_p_srniel.csv
Mg2Mo3O8,JVASP-19255,proton,0.7,0.069378,Mg2Mo3O8_JVASP-19255_p_srniel.csv
Mg2Mo3O8,JVASP-19255,proton,0.75,0.065324,Mg2Mo3O8_JVASP-19255_p_srniel.csv
Mg2Mo3O8,JVASP-19255,proton,0.8,0.061745,Mg2Mo3O8_JVASP-19255_p_srniel.csv
Mg2Mo3O8,JVASP-19255,proton,0.85,0.05856,Mg2Mo3O8_JVASP-19255_p_srniel.csv
Mg2Mo3O8,JVASP-19255,proton,0.9,0.055626,Mg2Mo3O8_JVASP-19255_p_srniel.csv
Mg2Mo3O8,JVASP-19255,proton,0.95,0.052956,Mg2Mo3O8_JVASP-19255_p_srniel.csv
Mg2Mo3O8,JVASP-19255,proton,1.0,0.050538,Mg2Mo3O8_JVASP-19255_p_srniel.csv
Mg2Mo3O8,JVASP-19255,proton,1.5,0.034865,Mg2Mo3O8_JVASP-19255_p_srniel.csv
Mg2Mo3O8,JVASP-19255,proton,2.0,0.026744,Mg2Mo3O8_JVASP-19255_p_srniel.csv
Mg2Mo3O8,JVASP-19255,proton,2.5,0.021754,Mg2Mo3O8_JVASP-19255_p_srniel.csv
Mg2Mo3O8,JVASP-19255,proton,3.0,0.018368,Mg2Mo3O8_JVASP-19255_p_srniel.csv
Mg2Mo3O8,JVASP-19255,proton,3.5,0.015932,Mg2Mo3O8_JVASP-19255_p_srniel.csv
Mg2Mo3O8,JVASP-19255,proton,4.0,0.014251,Mg2Mo3O8_JVASP-19255_p_srniel.csv
Mg2Mo3O8,JVASP-19255,proton,4.5,0.012921,Mg2Mo3O8_JVASP-19255_p_srniel.csv
Mg2Mo3O8,JVASP-19255,proton,5.0,0.011778,Mg2Mo3O8_JVASP-19255_p_srniel.csv
Mg2Mo3O8,JVASP-19255,proton,5.5,0.010836,Mg2Mo3O8_JVASP-19255_p_srniel.csv
Mg2Mo3O8,JVASP-19255,proton,6.0,0.01008,Mg2Mo3O8_JVASP-19255_p_srniel.csv
Mg2Mo3O8,JVASP-19255,proton,6.5,0.0094683,Mg2Mo3O8_JVASP-19255_p_srniel.csv
Mg2Mo3O8,JVASP-19255,proton,7.0,0.0089551,Mg2Mo3O8_JVASP-19255_p_srniel.csv
Mg2Mo3O8,JVASP-19255,proton,7.5,0.0085111,Mg2Mo3O8_JVASP-19255_p_srniel.csv
Mg2Mo3O8,JVASP-19255,proton,8.0,0.0081185,Mg2Mo3O8_JVASP-19255_p_srniel.csv
Mg2Mo3O8,JVASP-19255,proton,8.5,0.0077663,Mg2Mo3O8_JVASP-19255_p_srniel.csv
Mg2Mo3O8,JVASP-19255,proton,9.0,0.0074477,Mg2Mo3O8_JVASP-19255_p_srniel.csv
Mg2Mo3O8,JVASP-19255,proton,9.5,0.0071577,Mg2Mo3O8_JVASP-19255_p_srniel.csv
Mg2Mo3O8,JVASP-19255,proton,10.0,0.0068931,Mg2Mo3O8_JVASP-19255_p_srniel.csv
Mg2Mo3O8,JVASP-19255,proton,15.0,0.0052314,Mg2Mo3O8_JVASP-19255_p_srniel.csv
Mg2Mo3O8,JVASP-19255,proton,20.0,0.0045313,Mg2Mo3O8_JVASP-19255_p_srniel.csv
Mg2Mo3O8,JVASP-19255,proton,25.0,0.004179,Mg2Mo3O8_JVASP-19255_p_srniel.csv
Mg2Mo3O8,JVASP-19255,proton,30.0,0.0039448,Mg2Mo3O8_JVASP-19255_p_srniel.csv
Mg2Mo3O8,JVASP-19255,proton,35.0,0.0037508,Mg2Mo3O8_JVASP-19255_p_srniel.csv
Mg2Mo3O8,JVASP-19255,proton,40.0,0.0035777,Mg2Mo3O8_JVASP-19255_p_srniel.csv
Mg2Mo3O8,JVASP-19255,proton,45.0,0.0034237,Mg2Mo3O8_JVASP-19255_p_srniel.csv
Mg2Mo3O8,JVASP-19255,proton,50.0,0.0032895,Mg2Mo3O8_JVASP-19255_p_srniel.csv
Mg2Mo3O8,JVASP-19255,proton,55.0,0.0031748,Mg2Mo3O8_JVASP-19255_p_srniel.csv
Mg2Mo3O8,JVASP-19255,proton,60.0,0.003078,Mg2Mo3O8_JVASP-19255_p_srniel.csv
Mg2Mo3O8,JVASP-19255,proton,65.0,0.0029967,Mg2Mo3O8_JVASP-19255_p_srniel.csv
Mg2Mo3O8,JVASP-19255,proton,70.0,0.0029287,Mg2Mo3O8_JVASP-19255_p_srniel.csv
Mg2Mo3O8,JVASP-19255,proton,75.0,0.0028716,Mg2Mo3O8_JVASP-19255_p_srniel.csv
Mg2Mo3O8,JVASP-19255,proton,80.0,0.0028233,Mg2Mo3O8_JVASP-19255_p_srniel.csv
Mg2Mo3O8,JVASP-19255,proton,85.0,0.0027822,Mg2Mo3O8_JVASP-19255_p_srniel.csv
Mg2Mo3O8,JVASP-19255,proton,90.0,0.0027466,Mg2Mo3O8_JVASP-19255_p_srniel.csv
Mg2Mo3O8,JVASP-19255,proton,95.0,0.0027155,Mg2Mo3O8_JVASP-19255_p_srniel.csv
Mg2Mo3O8,JVASP-19255,proton,100.0,0.0026878,Mg2Mo3O8_JVASP-19255_p_srniel.csv
Mg2Mo3O8,JVASP-19255,proton,150.0,0.0024918,Mg2Mo3O8_JVASP-19255_p_srniel.csv
Mg2Mo3O8,JVASP-19255,proton,200.0,0.0023555,Mg2Mo3O8_JVASP-19255_p_srniel.csv
Mg2Mo3O8,JVASP-19255,proton,250.0,0.0022847,Mg2Mo3O8_JVASP-19255_p_srniel.csv
Mg2Mo3O8,JVASP-19255,proton,300.0,0.0022795,Mg2Mo3O8_JVASP-19255_p_srniel.csv
Mg2Mo3O8,JVASP-19255,proton,350.0,0.0023217,Mg2Mo3O8_JVASP-19255_p_srniel.csv
Mg2Mo3O8,JVASP-19255,proton,400.0,0.0023908,Mg2Mo3O8_JVASP-19255_p_srniel.csv
Mg2Mo3O8,JVASP-19255,proton,450.0,0.0024701,Mg2Mo3O8_JVASP-19255_p_srniel.csv
Mg2Mo3O8,JVASP-19255,proton,500.0,0.0025483,Mg2Mo3O8_JVASP-19255_p_srniel.csv
Mg2Mo3O8,JVASP-19255,proton,550.0,0.0026195,Mg2Mo3O8_JVASP-19255_p_srniel.csv
Mg2Mo3O8,JVASP-19255,proton,600.0,0.0026819,Mg2Mo3O8_JVASP-19255_p_srniel.csv
Mg2Mo3O8,JVASP-19255,proton,650.0,0.0027361,Mg2Mo3O8_JVASP-19255_p_srniel.csv
Mg2Mo3O8,JVASP-19255,proton,700.0,0.0027836,Mg2Mo3O8_JVASP-19255_p_srniel.csv
Mg2Mo3O8,JVASP-19255,proton,750.0,0.0028258,Mg2Mo3O8_JVASP-19255_p_srniel.csv
Mg2Mo3O8,JVASP-19255,proton,800.0,0.0028628,Mg2Mo3O8_JVASP-19255_p_srniel.csv
Mg2Mo3O8,JVASP-19255,proton,850.0,0.0028934,Mg2Mo3O8_JVASP-19255_p_srniel.csv
Mg2Mo3O8,JVASP-19255,proton,900.0,0.0029144,Mg2Mo3O8_JVASP-19255_p_srniel.csv
Mg2Mo3O8,JVASP-19255,proton,950.0,0.0029212,Mg2Mo3O8_JVASP-19255_p_srniel.csv
Mg2Mo3O8,JVASP-19255,proton,1000.0,0.0029075,Mg2Mo3O8_JVASP-19255_p_srniel.csv
MgCu2O4,JVASP-9884,electron,0.04,1.4416e-05,MgCu2O4_JVASP-9884_e_srniel.csv
MgCu2O4,JVASP-9884,electron,0.045,1.6819e-05,MgCu2O4_JVASP-9884_e_srniel.csv
MgCu2O4,JVASP-9884,electron,0.05,1.8441e-05,MgCu2O4_JVASP-9884_e_srniel.csv
MgCu2O4,JVASP-9884,electron,0.055,1.9552e-05,MgCu2O4_JVASP-9884_e_srniel.csv
MgCu2O4,JVASP-9884,electron,0.06,2.0317e-05,MgCu2O4_JVASP-9884_e_srniel.csv
MgCu2O4,JVASP-9884,electron,0.065,2.0843e-05,MgCu2O4_JVASP-9884_e_srniel.csv
MgCu2O4,JVASP-9884,electron,0.07,2.1751e-05,MgCu2O4_JVASP-9884_e_srniel.csv
MgCu2O4,JVASP-9884,electron,0.075,2.246e-05,MgCu2O4_JVASP-9884_e_srniel.csv
MgCu2O4,JVASP-9884,electron,0.08,2.3002e-05,MgCu2O4_JVASP-9884_e_srniel.csv
MgCu2O4,JVASP-9884,electron,0.085,2.3417e-05,MgCu2O4_JVASP-9884_e_srniel.csv
MgCu2O4,JVASP-9884,electron,0.09,2.3734e-05,MgCu2O4_JVASP-9884_e_srniel.csv
MgCu2O4,JVASP-9884,electron,0.095,2.5111e-05,MgCu2O4_JVASP-9884_e_srniel.csv
MgCu2O4,JVASP-9884,electron,0.1,2.6671e-05,MgCu2O4_JVASP-9884_e_srniel.csv
MgCu2O4,JVASP-9884,electron,0.15,3.5028e-05,MgCu2O4_JVASP-9884_e_srniel.csv
MgCu2O4,JVASP-9884,electron,0.2,3.8377e-05,MgCu2O4_JVASP-9884_e_srniel.csv
MgCu2O4,JVASP-9884,electron,0.25,4.0332e-05,MgCu2O4_JVASP-9884_e_srniel.csv
MgCu2O4,JVASP-9884,electron,0.3,4.1792e-05,MgCu2O4_JVASP-9884_e_srniel.csv
MgCu2O4,JVASP-9884,electron,0.35,4.3048e-05,MgCu2O4_JVASP-9884_e_srniel.csv
MgCu2O4,JVASP-9884,electron,0.4,4.4208e-05,MgCu2O4_JVASP-9884_e_srniel.csv
MgCu2O4,JVASP-9884,electron,0.45,4.5316e-05,MgCu2O4_JVASP-9884_e_srniel.csv
MgCu2O4,JVASP-9884,electron,0.5,4.639e-05,MgCu2O4_JVASP-9884_e_srniel.csv
MgCu2O4,JVASP-9884,electron,0.55,4.7438e-05,MgCu2O4_JVASP-9884_e_srniel.csv
MgCu2O4,JVASP-9884,electron,0.6,4.8463e-05,MgCu2O4_JVASP-9884_e_srniel.csv
MgCu2O4,JVASP-9884,electron,0.65,4.9467e-05,MgCu2O4_JVASP-9884_e_srniel.csv
MgCu2O4,JVASP-9884,electron,0.7,5.0449e-05,MgCu2O4_JVASP-9884_e_srniel.csv
MgCu2O4,JVASP-9884,electron,0.75,5.1411e-05,MgCu2O4_JVASP-9884_e_srniel.csv
MgCu2O4,JVASP-9884,electron,0.8,5.2353e-05,MgCu2O4_JVASP-9884_e_srniel.csv
MgCu2O4,JVASP-9884,electron,0.85,5.3274e-05,MgCu2O4_JVASP-9884_e_srniel.csv
MgCu2O4,JVASP-9884,electron,0.9,5.4176e-05,MgCu2O4_JVASP-9884_e_srniel.csv
MgCu2O4,JVASP-9884,electron,0.95,5.5058e-05,MgCu2O4_JVASP-9884_e_srniel.csv
MgCu2O4,JVASP-9884,electron,1.0,5.592e-05,MgCu2O4_JVASP-9884_e_srniel.csv
MgCu2O4,JVASP-9884,electron,1.5,6.3593e-05,MgCu2O4_JVASP-9884_e_srniel.csv
MgCu2O4,JVASP-9884,electron,2.0,6.986e-05,MgCu2O4_JVASP-9884_e_srniel.csv
MgCu2O4,JVASP-9884,electron,2.5,7.5104e-05,MgCu2O4_JVASP-9884_e_srniel.csv
MgCu2O4,JVASP-9884,electron,3.0,7.9586e-05,MgCu2O4_JVASP-9884_e_srniel.csv
MgCu2O4,JVASP-9884,electron,3.5,8.3484e-05,MgCu2O4_JVASP-9884_e_srniel.csv
MgCu2O4,JVASP-9884,electron,4.0,8.6922e-05,MgCu2O4_JVASP-9884_e_srniel.csv
MgCu2O4,JVASP-9884,electron,4.5,8.9991e-05,MgCu2O4_JVASP-9884_e_srniel.csv
MgCu2O4,JVASP-9884,electron,5.0,9.2756e-05,MgCu2O4_JVASP-9884_e_srniel.csv
MgCu2O4,JVASP-9884,electron,5.5,9.5268e-05,MgCu2O4_JVASP-9884_e_srniel.csv
MgCu2O4,JVASP-9884,electron,6.0,9.7565e-05,MgCu2O4_JVASP-9884_e_srniel.csv
MgCu2O4,JVASP-9884,electron,6.5,9.9679e-05,MgCu2O4_JVASP-9884_e_srniel.csv
MgCu2O4,JVASP-9884,electron,7.0,0.00010163,MgCu2O4_JVASP-9884_e_srniel.csv
MgCu2O4,JVASP-9884,electron,7.5,0.00010345,MgCu2O4_JVASP-9884_e_srniel.csv
MgCu2O4,JVASP-9884,electron,8.0,0.00010514,MgCu2O4_JVASP-9884_e_srniel.csv
MgCu2O4,JVASP-9884,electron,8.5,0.00010673,MgCu2O4_JVASP-9884_e_srniel.csv
MgCu2O4,JVASP-9884,electron,9.0,0.00010821,MgCu2O4_JVASP-9884_e_srniel.csv
MgCu2O4,JVASP-9884,electron,9.5,0.00010961,MgCu2O4_JVASP-9884_e_srniel.csv
MgCu2O4,JVASP-9884,electron,10.0,0.00011093,MgCu2O4_JVASP-9884_e_srniel.csv
MgCu2O4,JVASP-9884,electron,15.0,0.00012101,MgCu2O4_JVASP-9884_e_srniel.csv
MgCu2O4,JVASP-9884,electron,20.0,0.00012759,MgCu2O4_JVASP-9884_e_srniel.csv
MgCu2O4,JVASP-9884,electron,25.0,0.00013221,MgCu2O4_JVASP-9884_e_srniel.csv
MgCu2O4,JVASP-9884,electron,30.0,0.00013559,MgCu2O4_JVASP-9884_e_srniel.csv
MgCu2O4,JVASP-9884,electron,35.0,0.00013813,MgCu2O4_JVASP-9884_e_srniel.csv
MgCu2O4,JVASP-9884,electron,40.0,0.00014006,MgCu2O4_JVASP-9884_e_srniel.csv
MgCu2O4,JVASP-9884,electron,45.0,0.00014155,MgCu2O4_JVASP-9884_e_srniel.csv
MgCu2O4,JVASP-9884,electron,50.0,0.0001427,MgCu2O4_JVASP-9884_e_srniel.csv
MgCu2O4,JVASP-9884,electron,55.0,0.0001436,MgCu2O4_JVASP-9884_e_srniel.csv
MgCu2O4,JVASP-9884,electron,60.0,0.00014431,MgCu2O4_JVASP-9884_e_srniel.csv
MgCu2O4,JVASP-9884,electron,65.0,0.00014486,MgCu2O4_JVASP-9884_e_srniel.csv
MgCu2O4,JVASP-9884,electron,70.0,0.00014529,MgCu2O4_JVASP-9884_e_srniel.csv
MgCu2O4,JVASP-9884,electron,75.0,0.00014563,MgCu2O4_JVASP-9884_e_srniel.csv
MgCu2O4,JVASP-9884,electron,80.0,0.00014589,MgCu2O4_JVASP-9884_e_srniel.csv
MgCu2O4,JVASP-9884,electron,85.0,0.0001461,MgCu2O4_JVASP-9884_e_srniel.csv
MgCu2O4,JVASP-9884,electron,90.0,0.00014626,MgCu2O4_JVASP-9884_e_srniel.csv
MgCu2O4,JVASP-9884,electron,95.0,0.00014638,MgCu2O4_JVASP-9884_e_srniel.csv
MgCu2O4,JVASP-9884,electron,100.0,0.00014647,MgCu2O4_JVASP-9884_e_srniel.csv
MgCu2O4,JVASP-9884,proton,0.0001,5.3847,MgCu2O4_JVASP-9884_p_srniel.csv
MgCu2O4,JVASP-9884,proton,0.00015,6.3991,MgCu2O4_JVASP-9884_p_srniel.csv
MgCu2O4,JVASP-9884,proton,0.0002,6.9282,MgCu2O4_JVASP-9884_p_srniel.csv
MgCu2O4,JVASP-9884,proton,0.00025,7.2229,MgCu2O4_JVASP-9884_p_srniel.csv
MgCu2O4,JVASP-9884,proton,0.0003,7.387,MgCu2O4_JVASP-9884_p_srniel.csv
MgCu2O4,JVASP-9884,proton,0.00035,7.472,MgCu2O4_JVASP-9884_p_srniel.csv
MgCu2O4,JVASP-9884,proton,0.0004,7.5062,MgCu2O4_JVASP-9884_p_srniel.csv
MgCu2O4,JVASP-9884,proton,0.00045,7.5068,MgCu2O4_JVASP-9884_p_srniel.csv
MgCu2O4,JVASP-9884,proton,0.0005,7.4845,MgCu2O4_JVASP-9884_p_srniel.csv
MgCu2O4,JVASP-9884,proton,0.00055,7.4464,MgCu2O4_JVASP-9884_p_srniel.csv
MgCu2O4,JVASP-9884,proton,0.0006,7.3972,MgCu2O4_JVASP-9884_p_srniel.csv
MgCu2O4,JVASP-9884,proton,0.00065,7.3404,MgCu2O4_JVASP-9884_p_srniel.csv
MgCu2O4,JVASP-9884,proton,0.0007,7.2783,MgCu2O4_JVASP-9884_p_srniel.csv
MgCu2O4,JVASP-9884,proton,0.00075,7.2126,MgCu2O4_JVASP-9884_p_srniel.csv
MgCu2O4,JVASP-9884,proton,0.0008,7.1446,MgCu2O4_JVASP-9884_p_srniel.csv
MgCu2O4,JVASP-9884,proton,0.00085,7.0752,MgCu2O4_JVASP-9884_p_srniel.csv
MgCu2O4,JVASP-9884,proton,0.0009,7.005,MgCu2O4_JVASP-9884_p_srniel.csv
MgCu2O4,JVASP-9884,proton,0.00095,6.9347,MgCu2O4_JVASP-9884_p_srniel.csv
MgCu2O4,JVASP-9884,proton,0.001,6.8646,MgCu2O4_JVASP-9884_p_srniel.csv
MgCu2O4,JVASP-9884,proton,0.0015,6.2116,MgCu2O4_JVASP-9884_p_srniel.csv
MgCu2O4,JVASP-9884,proton,0.002,5.6715,MgCu2O4_JVASP-9884_p_srniel.csv
MgCu2O4,JVASP-9884,proton,0.0025,5.2286,MgCu2O4_JVASP-9884_p_srniel.csv
MgCu2O4,JVASP-9884,proton,0.003,4.8601,MgCu2O4_JVASP-9884_p_srniel.csv
MgCu2O4,JVASP-9884,proton,0.0035,4.5485,MgCu2O4_JVASP-9884_p_srniel.csv
MgCu2O4,JVASP-9884,proton,0.004,4.2809,MgCu2O4_JVASP-9884_p_srniel.csv
MgCu2O4,JVASP-9884,proton,0.0045,4.0482,MgCu2O4_JVASP-9884_p_srniel.csv
MgCu2O4,JVASP-9884,proton,0.005,3.8436,MgCu2O4_JVASP-9884_p_srniel.csv
MgCu2O4,JVASP-9884,proton,0.0055,3.662,MgCu2O4_JVASP-9884_p_srniel.csv
MgCu2O4,JVASP-9884,proton,0.006,3.4995,MgCu2O4_JVASP-9884_p_srniel.csv
MgCu2O4,JVASP-9884,proton,0.0065,3.3531,MgCu2O4_JVASP-9884_p_srniel.csv
MgCu2O4,JVASP-9884,proton,0.007,3.2204,MgCu2O4_JVASP-9884_p_srniel.csv
MgCu2O4,JVASP-9884,proton,0.0075,3.0993,MgCu2O4_JVASP-9884_p_srniel.csv
MgCu2O4,JVASP-9884,proton,0.008,2.9884,MgCu2O4_JVASP-9884_p_srniel.csv
MgCu2O4,JVASP-9884,proton,0.0085,2.8863,MgCu2O4_JVASP-9884_p_srniel.csv
MgCu2O4,JVASP-9884,proton,0.009,2.7919,MgCu2O4_JVASP-9884_p_srniel.csv
MgCu2O4,JVASP-9884,proton,0.0095,2.7044,MgCu2O4_JVASP-9884_p_srniel.csv
MgCu2O4,JVASP-9884,proton,0.01,2.623,MgCu2O4_JVASP-9884_p_srniel.csv
MgCu2O4,JVASP-9884,proton,0.015,2.0363,MgCu2O4_JVASP-9884_p_srniel.csv
MgCu2O4,JVASP-9884,proton,0.02,1.6818,MgCu2O4_JVASP-9884_p_srniel.csv
MgCu2O4,JVASP-9884,proton,0.025,1.4412,MgCu2O4_JVASP-9884_p_srniel.csv
MgCu2O4,JVASP-9884,proton,0.03,1.2658,MgCu2O4_JVASP-9884_p_srniel.csv
MgCu2O4,JVASP-9884,proton,0.035,1.1315,MgCu2O4_JVASP-9884_p_srniel.csv
MgCu2O4,JVASP-9884,proton,0.04,1.025,MgCu2O4_JVASP-9884_p_srniel.csv
MgCu2O4,JVASP-9884,proton,0.045,0.93831,MgCu2O4_JVASP-9884_p_srniel.csv
MgCu2O4,JVASP-9884,proton,0.05,0.86614,MgCu2O4_JVASP-9884_p_srniel.csv
MgCu2O4,JVASP-9884,proton,0.055,0.80516,MgCu2O4_JVASP-9884_p_srniel.csv
MgCu2O4,JVASP-9884,proton,0.06,0.75294,MgCu2O4_JVASP-9884_p_srniel.csv
MgCu2O4,JVASP-9884,proton,0.065,0.70765,MgCu2O4_JVASP-9884_p_srniel.csv
MgCu2O4,JVASP-9884,proton,0.07,0.66795,MgCu2O4_JVASP-9884_p_srniel.csv
MgCu2O4,JVASP-9884,proton,0.075,0.63285,MgCu2O4_JVASP-9884_p_srniel.csv
MgCu2O4,JVASP-9884,proton,0.08,0.60156,MgCu2O4_JVASP-9884_p_srniel.csv
MgCu2O4,JVASP-9884,proton,0.085,0.57347,MgCu2O4_JVASP-9884_p_srniel.csv
MgCu2O4,JVASP-9884,proton,0.09,0.54811,MgCu2O4_JVASP-9884_p_srniel.csv
MgCu2O4,JVASP-9884,proton,0.095,0.5251,MgCu2O4_JVASP-9884_p_srniel.csv
MgCu2O4,JVASP-9884,proton,0.1,0.50411,MgCu2O4_JVASP-9884_p_srniel.csv
MgCu2O4,JVASP-9884,proton,0.15,0.3639,MgCu2O4_JVASP-9884_p_srniel.csv
MgCu2O4,JVASP-9884,proton,0.2,0.28525,MgCu2O4_JVASP-9884_p_srniel.csv
MgCu2O4,JVASP-9884,proton,0.25,0.23595,MgCu2O4_JVASP-9884_p_srniel.csv
MgCu2O4,JVASP-9884,proton,0.3,0.20176,MgCu2O4_JVASP-9884_p_srniel.csv
MgCu2O4,JVASP-9884,proton,0.35,0.17671,MgCu2O4_JVASP-9884_p_srniel.csv
MgCu2O4,JVASP-9884,proton,0.4,0.15751,MgCu2O4_JVASP-9884_p_srniel.csv
MgCu2O4,JVASP-9884,proton,0.45,0.14231,MgCu2O4_JVASP-9884_p_srniel.csv
MgCu2O4,JVASP-9884,proton,0.5,0.12995,MgCu2O4_JVASP-9884_p_srniel.csv
MgCu2O4,JVASP-9884,proton,0.55,0.1197,MgCu2O4_JVASP-9884_p_srniel.csv
MgCu2O4,JVASP-9884,proton,0.6,0.11104,MgCu2O4_JVASP-9884_p_srniel.csv
MgCu2O4,JVASP-9884,proton,0.65,0.10338,MgCu2O4_JVASP-9884_p_srniel.csv
MgCu2O4,JVASP-9884,proton,0.7,0.096542,MgCu2O4_JVASP-9884_p_srniel.csv
MgCu2O4,JVASP-9884,proton,0.75,0.090569,MgCu2O4_JVASP-9884_p_srniel.csv
MgCu2O4,JVASP-9884,proton,0.8,0.085309,MgCu2O4_JVASP-9884_p_srniel.csv
MgCu2O4,JVASP-9884,proton,0.85,0.08064,MgCu2O4_JVASP-9884_p_srniel.csv
MgCu2O4,JVASP-9884,proton,0.9,0.076466,MgCu2O4_JVASP-9884_p_srniel.csv
MgCu2O4,JVASP-9884,proton,0.95,0.072713,MgCu2O4_JVASP-9884_p_srniel.csv
MgCu2O4,JVASP-9884,proton,1.0,0.06932,MgCu2O4_JVASP-9884_p_srniel.csv
MgCu2O4,JVASP-9884,proton,1.5,0.047428,MgCu2O4_JVASP-9884_p_srniel.csv
MgCu2O4,JVASP-9884,proton,2.0,0.036174,MgCu2O4_JVASP-9884_p_srniel.csv
MgCu2O4,JVASP-9884,proton,2.5,0.029298,MgCu2O4_JVASP-9884_p_srniel.csv
MgCu2O4,JVASP-9884,proton,3.0,0.024651,MgCu2O4_JVASP-9884_p_srniel.csv
MgCu2O4,JVASP-9884,proton,3.5,0.021317,MgCu2O4_JVASP-9884_p_srniel.csv
MgCu2O4,JVASP-9884,proton,4.0,0.018996,MgCu2O4_JVASP-9884_p_srniel.csv
MgCu2O4,JVASP-9884,proton,4.5,0.017216,MgCu2O4_JVASP-9884_p_srniel.csv
MgCu2O4,JVASP-9884,proton,5.0,0.015732,MgCu2O4_JVASP-9884_p_srniel.csv
MgCu2O4,JVASP-9884,proton,5.5,0.014505,MgCu2O4_JVASP-9884_p_srniel.csv
MgCu2O4,JVASP-9884,proton,6.0,0.013493,MgCu2O4_JVASP-9884_p_srniel.csv
MgCu2O4,JVASP-9884,proton,6.5,0.012652,MgCu2O4_JVASP-9884_p_srniel.csv
MgCu2O4,JVASP-9884,proton,7.0,0.011944,MgCu2O4_JVASP-9884_p_srniel.csv
MgCu2O4,JVASP-9884,proton,7.5,0.011339,MgCu2O4_JVASP-9884_p_srniel.csv
MgCu2O4,JVASP-9884,proton,8.0,0.010815,MgCu2O4_JVASP-9884_p_srniel.csv
MgCu2O4,JVASP-9884,proton,8.5,0.010354,MgCu2O4_JVASP-9884_p_srniel.csv
MgCu2O4,JVASP-9884,proton,9.0,0.0099432,MgCu2O4_JVASP-9884_p_srniel.csv
MgCu2O4,JVASP-9884,proton,9.5,0.0095748,MgCu2O4_JVASP-9884_p_srniel.csv
MgCu2O4,JVASP-9884,proton,10.0,0.009242,MgCu2O4_JVASP-9884_p_srniel.csv
MgCu2O4,JVASP-9884,proton,15.0,0.007148,MgCu2O4_JVASP-9884_p_srniel.csv
MgCu2O4,JVASP-9884,proton,20.0,0.0061577,MgCu2O4_JVASP-9884_p_srniel.csv
MgCu2O4,JVASP-9884,proton,25.0,0.0055842,MgCu2O4_JVASP-9884_p_srniel.csv
MgCu2O4,JVASP-9884,proton,30.0,0.0051875,MgCu2O4_JVASP-9884_p_srniel.csv
MgCu2O4,JVASP-9884,proton,35.0,0.0048756,MgCu2O4_JVASP-9884_p_srniel.csv
MgCu2O4,JVASP-9884,proton,40.0,0.0046146,MgCu2O4_JVASP-9884_p_srniel.csv
MgCu2O4,JVASP-9884,proton,45.0,0.0043905,MgCu2O4_JVASP-9884_p_srniel.csv
MgCu2O4,JVASP-9884,proton,50.0,0.0041959,MgCu2O4_JVASP-9884_p_srniel.csv
MgCu2O4,JVASP-9884,proton,55.0,0.0040254,MgCu2O4_JVASP-9884_p_srniel.csv
MgCu2O4,JVASP-9884,proton,60.0,0.0038748,MgCu2O4_JVASP-9884_p_srniel.csv
MgCu2O4,JVASP-9884,proton,65.0,0.0037407,MgCu2O4_JVASP-9884_p_srniel.csv
MgCu2O4,JVASP-9884,proton,70.0,0.0036207,MgCu2O4_JVASP-9884_p_srniel.csv
MgCu2O4,JVASP-9884,proton,75.0,0.0035126,MgCu2O4_JVASP-9884_p_srniel.csv
MgCu2O4,JVASP-9884,proton,80.0,0.0034147,MgCu2O4_JVASP-9884_p_srniel.csv
MgCu2O4,JVASP-9884,proton,85.0,0.0033258,MgCu2O4_JVASP-9884_p_srniel.csv
MgCu2O4,JVASP-9884,proton,90.0,0.0032447,MgCu2O4_JVASP-9884_p_srniel.csv
MgCu2O4,JVASP-9884,proton,95.0,0.0031707,MgCu2O4_JVASP-9884_p_srniel.csv
MgCu2O4,JVASP-9884,proton,100.0,0.0031028,MgCu2O4_JVASP-9884_p_srniel.csv
MgCu2O4,JVASP-9884,proton,150.0,0.002657,MgCu2O4_JVASP-9884_p_srniel.csv
MgCu2O4,JVASP-9884,proton,200.0,0.0024373,MgCu2O4_JVASP-9884_p_srniel.csv
MgCu2O4,JVASP-9884,proton,250.0,0.0023102,MgCu2O4_JVASP-9884_p_srniel.csv
MgCu2O4,JVASP-9884,proton,300.0,0.0022321,MgCu2O4_JVASP-9884_p_srniel.csv
MgCu2O4,JVASP-9884,proton,350.0,0.0021886,MgCu2O4_JVASP-9884_p_srniel.csv
MgCu2O4,JVASP-9884,proton,400.0,0.0021726,MgCu2O4_JVASP-9884_p_srniel.csv
MgCu2O4,JVASP-9884,proton,450.0,0.0021777,MgCu2O4_JVASP-9884_p_srniel.csv
MgCu2O4,JVASP-9884,proton,500.0,0.002197,MgCu2O4_JVASP-9884_p_srniel.csv
MgCu2O4,JVASP-9884,proton,550.0,0.0022231,MgCu2O4_JVASP-9884_p_srniel.csv
MgCu2O4,JVASP-9884,proton,600.0,0.0022491,MgCu2O4_JVASP-9884_p_srniel.csv
MgCu2O4,JVASP-9884,proton,650.0,0.0022691,MgCu2O4_JVASP-9884_p_srniel.csv
MgCu2O4,JVASP-9884,proton,700.0,0.0022789,MgCu2O4_JVASP-9884_p_srniel.csv
MgCu2O4,JVASP-9884,proton,750.0,0.002277,MgCu2O4_JVASP-9884_p_srniel.csv
MgCu2O4,JVASP-9884,proton,800.0,0.0022648,MgCu2O4_JVASP-9884_p_srniel.csv
MgCu2O4,JVASP-9884,proton,850.0,0.0022462,MgCu2O4_JVASP-9884_p_srniel.csv
MgCu2O4,JVASP-9884,proton,900.0,0.002228,MgCu2O4_JVASP-9884_p_srniel.csv
MgCu2O4,JVASP-9884,proton,950.0,0.0022189,MgCu2O4_JVASP-9884_p_srniel.csv
MgCu2O4,JVASP-9884,proton,1000.0,0.0022303,MgCu2O4_JVASP-9884_p_srniel.csv
MgCu2O4,JVASP-9908,electron,0.04,7.039e-06,MgCu2O4_JVASP-9908_e_srniel.csv
MgCu2O4,JVASP-9908,electron,0.045,1.014e-05,MgCu2O4_JVASP-9908_e_srniel.csv
MgCu2O4,JVASP-9908,electron,0.05,1.2322e-05,MgCu2O4_JVASP-9908_e_srniel.csv
MgCu2O4,JVASP-9908,electron,0.055,1.3893e-05,MgCu2O4_JVASP-9908_e_srniel.csv
MgCu2O4,JVASP-9908,electron,0.06,1.5043e-05,MgCu2O4_JVASP-9908_e_srniel.csv
MgCu2O4,JVASP-9908,electron,0.065,1.5896e-05,MgCu2O4_JVASP-9908_e_srniel.csv
MgCu2O4,JVASP-9908,electron,0.07,1.6534e-05,MgCu2O4_JVASP-9908_e_srniel.csv
MgCu2O4,JVASP-9908,electron,0.075,1.7015e-05,MgCu2O4_JVASP-9908_e_srniel.csv
MgCu2O4,JVASP-9908,electron,0.08,1.7378e-05,MgCu2O4_JVASP-9908_e_srniel.csv
MgCu2O4,JVASP-9908,electron,0.085,1.7651e-05,MgCu2O4_JVASP-9908_e_srniel.csv
MgCu2O4,JVASP-9908,electron,0.09,1.7857e-05,MgCu2O4_JVASP-9908_e_srniel.csv
MgCu2O4,JVASP-9908,electron,0.095,1.801e-05,MgCu2O4_JVASP-9908_e_srniel.csv
MgCu2O4,JVASP-9908,electron,0.1,1.8123e-05,MgCu2O4_JVASP-9908_e_srniel.csv
MgCu2O4,JVASP-9908,electron,0.15,1.8314e-05,MgCu2O4_JVASP-9908_e_srniel.csv
MgCu2O4,JVASP-9908,electron,0.2,1.8895e-05,MgCu2O4_JVASP-9908_e_srniel.csv
MgCu2O4,JVASP-9908,electron,0.25,2.1439e-05,MgCu2O4_JVASP-9908_e_srniel.csv
MgCu2O4,JVASP-9908,electron,0.3,2.3735e-05,MgCu2O4_JVASP-9908_e_srniel.csv
MgCu2O4,JVASP-9908,electron,0.35,2.566e-05,MgCu2O4_JVASP-9908_e_srniel.csv
MgCu2O4,JVASP-9908,electron,0.4,2.7365e-05,MgCu2O4_JVASP-9908_e_srniel.csv
MgCu2O4,JVASP-9908,electron,0.45,2.8923e-05,MgCu2O4_JVASP-9908_e_srniel.csv
MgCu2O4,JVASP-9908,electron,0.5,3.0375e-05,MgCu2O4_JVASP-9908_e_srniel.csv
MgCu2O4,JVASP-9908,electron,0.55,3.1744e-05,MgCu2O4_JVASP-9908_e_srniel.csv
MgCu2O4,JVASP-9908,electron,0.6,3.3047e-05,MgCu2O4_JVASP-9908_e_srniel.csv
MgCu2O4,JVASP-9908,electron,0.65,3.4293e-05,MgCu2O4_JVASP-9908_e_srniel.csv
MgCu2O4,JVASP-9908,electron,0.7,3.5489e-05,MgCu2O4_JVASP-9908_e_srniel.csv
MgCu2O4,JVASP-9908,electron,0.75,3.664e-05,MgCu2O4_JVASP-9908_e_srniel.csv
MgCu2O4,JVASP-9908,electron,0.8,3.775e-05,MgCu2O4_JVASP-9908_e_srniel.csv
MgCu2O4,JVASP-9908,electron,0.85,3.8823e-05,MgCu2O4_JVASP-9908_e_srniel.csv
MgCu2O4,JVASP-9908,electron,0.9,3.9861e-05,MgCu2O4_JVASP-9908_e_srniel.csv
MgCu2O4,JVASP-9908,electron,0.95,4.0867e-05,MgCu2O4_JVASP-9908_e_srniel.csv
MgCu2O4,JVASP-9908,electron,1.0,4.1843e-05,MgCu2O4_JVASP-9908_e_srniel.csv
MgCu2O4,JVASP-9908,electron,1.5,5.0265e-05,MgCu2O4_JVASP-9908_e_srniel.csv
MgCu2O4,JVASP-9908,electron,2.0,5.6928e-05,MgCu2O4_JVASP-9908_e_srniel.csv
MgCu2O4,JVASP-9908,electron,2.5,6.2415e-05,MgCu2O4_JVASP-9908_e_srniel.csv
MgCu2O4,JVASP-9908,electron,3.0,6.7062e-05,MgCu2O4_JVASP-9908_e_srniel.csv
MgCu2O4,JVASP-9908,electron,3.5,7.1078e-05,MgCu2O4_JVASP-9908_e_srniel.csv
MgCu2O4,JVASP-9908,electron,4.0,7.4606e-05,MgCu2O4_JVASP-9908_e_srniel.csv
MgCu2O4,JVASP-9908,electron,4.5,7.7745e-05,MgCu2O4_JVASP-9908_e_srniel.csv
MgCu2O4,JVASP-9908,electron,5.0,8.0566e-05,MgCu2O4_JVASP-9908_e_srniel.csv
MgCu2O4,JVASP-9908,electron,5.5,8.3124e-05,MgCu2O4_JVASP-9908_e_srniel.csv
MgCu2O4,JVASP-9908,electron,6.0,8.546e-05,MgCu2O4_JVASP-9908_e_srniel.csv
MgCu2O4,JVASP-9908,electron,6.5,8.7607e-05,MgCu2O4_JVASP-9908_e_srniel.csv
MgCu2O4,JVASP-9908,electron,7.0,8.9589e-05,MgCu2O4_JVASP-9908_e_srniel.csv
MgCu2O4,JVASP-9908,electron,7.5,9.1429e-05,MgCu2O4_JVASP-9908_e_srniel.csv
MgCu2O4,JVASP-9908,electron,8.0,9.3143e-05,MgCu2O4_JVASP-9908_e_srniel.csv
MgCu2O4,JVASP-9908,electron,8.5,9.4746e-05,MgCu2O4_JVASP-9908_e_srniel.csv
MgCu2O4,JVASP-9908,electron,9.0,9.6249e-05,MgCu2O4_JVASP-9908_e_srniel.csv
MgCu2O4,JVASP-9908,electron,9.5,9.7663e-05,MgCu2O4_JVASP-9908_e_srniel.csv
MgCu2O4,JVASP-9908,electron,10.0,9.8996e-05,MgCu2O4_JVASP-9908_e_srniel.csv
MgCu2O4,JVASP-9908,electron,15.0,0.00010916,MgCu2O4_JVASP-9908_e_srniel.csv
MgCu2O4,JVASP-9908,electron,20.0,0.00011578,MgCu2O4_JVASP-9908_e_srniel.csv
MgCu2O4,JVASP-9908,electron,25.0,0.00012043,MgCu2O4_JVASP-9908_e_srniel.csv
MgCu2O4,JVASP-9908,electron,30.0,0.00012383,MgCu2O4_JVASP-9908_e_srniel.csv
MgCu2O4,JVASP-9908,electron,35.0,0.00012638,MgCu2O4_JVASP-9908_e_srniel.csv
MgCu2O4,JVASP-9908,electron,40.0,0.00012832,MgCu2O4_JVASP-9908_e_srniel.csv
MgCu2O4,JVASP-9908,electron,45.0,0.00012981,MgCu2O4_JVASP-9908_e_srniel.csv
MgCu2O4,JVASP-9908,electron,50.0,0.00013097,MgCu2O4_JVASP-9908_e_srniel.csv
MgCu2O4,JVASP-9908,electron,55.0,0.00013188,MgCu2O4_JVASP-9908_e_srniel.csv
MgCu2O4,JVASP-9908,electron,60.0,0.00013259,MgCu2O4_JVASP-9908_e_srniel.csv
MgCu2O4,JVASP-9908,electron,65.0,0.00013314,MgCu2O4_JVASP-9908_e_srniel.csv
MgCu2O4,JVASP-9908,electron,70.0,0.00013357,MgCu2O4_JVASP-9908_e_srniel.csv
MgCu2O4,JVASP-9908,electron,75.0,0.00013392,MgCu2O4_JVASP-9908_e_srniel.csv
MgCu2O4,JVASP-9908,electron,80.0,0.00013418,MgCu2O4_JVASP-9908_e_srniel.csv
MgCu2O4,JVASP-9908,electron,85.0,0.00013439,MgCu2O4_JVASP-9908_e_srniel.csv
MgCu2O4,JVASP-9908,electron,90.0,0.00013455,MgCu2O4_JVASP-9908_e_srniel.csv
MgCu2O4,JVASP-9908,electron,95.0,0.00013468,MgCu2O4_JVASP-9908_e_srniel.csv
MgCu2O4,JVASP-9908,electron,100.0,0.00013477,MgCu2O4_JVASP-9908_e_srniel.csv
MgCu2O4,JVASP-9908,proton,0.0001,3.9752,MgCu2O4_JVASP-9908_p_srniel.csv
MgCu2O4,JVASP-9908,proton,0.00015,4.8957,MgCu2O4_JVASP-9908_p_srniel.csv
MgCu2O4,JVASP-9908,proton,0.0002,5.6061,MgCu2O4_JVASP-9908_p_srniel.csv
MgCu2O4,JVASP-9908,proton,0.00025,6.0287,MgCu2O4_JVASP-9908_p_srniel.csv
MgCu2O4,JVASP-9908,proton,0.0003,6.2894,MgCu2O4_JVASP-9908_p_srniel.csv
MgCu2O4,JVASP-9908,proton,0.00035,6.451,MgCu2O4_JVASP-9908_p_srniel.csv
MgCu2O4,JVASP-9908,proton,0.0004,6.548,MgCu2O4_JVASP-9908_p_srniel.csv
MgCu2O4,JVASP-9908,proton,0.00045,6.6012,MgCu2O4_JVASP-9908_p_srniel.csv
MgCu2O4,JVASP-9908,proton,0.0005,6.624,MgCu2O4_JVASP-9908_p_srniel.csv
MgCu2O4,JVASP-9908,proton,0.00055,6.625,MgCu2O4_JVASP-9908_p_srniel.csv
MgCu2O4,JVASP-9908,proton,0.0006,6.6103,MgCu2O4_JVASP-9908_p_srniel.csv
MgCu2O4,JVASP-9908,proton,0.00065,6.5841,MgCu2O4_JVASP-9908_p_srniel.csv
MgCu2O4,JVASP-9908,proton,0.0007,6.5494,MgCu2O4_JVASP-9908_p_srniel.csv
MgCu2O4,JVASP-9908,proton,0.00075,6.5086,MgCu2O4_JVASP-9908_p_srniel.csv
MgCu2O4,JVASP-9908,proton,0.0008,6.4631,MgCu2O4_JVASP-9908_p_srniel.csv
MgCu2O4,JVASP-9908,proton,0.00085,6.4144,MgCu2O4_JVASP-9908_p_srniel.csv
MgCu2O4,JVASP-9908,proton,0.0009,6.3632,MgCu2O4_JVASP-9908_p_srniel.csv
MgCu2O4,JVASP-9908,proton,0.00095,6.3104,MgCu2O4_JVASP-9908_p_srniel.csv
MgCu2O4,JVASP-9908,proton,0.001,6.2566,MgCu2O4_JVASP-9908_p_srniel.csv
MgCu2O4,JVASP-9908,proton,0.0015,5.7203,MgCu2O4_JVASP-9908_p_srniel.csv
MgCu2O4,JVASP-9908,proton,0.002,5.2513,MgCu2O4_JVASP-9908_p_srniel.csv
MgCu2O4,JVASP-9908,proton,0.0025,4.8574,MgCu2O4_JVASP-9908_p_srniel.csv
MgCu2O4,JVASP-9908,proton,0.003,4.5253,MgCu2O4_JVASP-9908_p_srniel.csv
MgCu2O4,JVASP-9908,proton,0.0035,4.2421,MgCu2O4_JVASP-9908_p_srniel.csv
MgCu2O4,JVASP-9908,proton,0.004,3.9974,MgCu2O4_JVASP-9908_p_srniel.csv
MgCu2O4,JVASP-9908,proton,0.0045,3.7838,MgCu2O4_JVASP-9908_p_srniel.csv
MgCu2O4,JVASP-9908,proton,0.005,3.5953,MgCu2O4_JVASP-9908_p_srniel.csv
MgCu2O4,JVASP-9908,proton,0.0055,3.4275,MgCu2O4_JVASP-9908_p_srniel.csv
MgCu2O4,JVASP-9908,proton,0.006,3.2771,MgCu2O4_JVASP-9908_p_srniel.csv
MgCu2O4,JVASP-9908,proton,0.0065,3.1413,MgCu2O4_JVASP-9908_p_srniel.csv
MgCu2O4,JVASP-9908,proton,0.007,3.018,MgCu2O4_JVASP-9908_p_srniel.csv
MgCu2O4,JVASP-9908,proton,0.0075,2.9054,MgCu2O4_JVASP-9908_p_srniel.csv
MgCu2O4,JVASP-9908,proton,0.008,2.8022,MgCu2O4_JVASP-9908_p_srniel.csv
MgCu2O4,JVASP-9908,proton,0.0085,2.707,MgCu2O4_JVASP-9908_p_srniel.csv
MgCu2O4,JVASP-9908,proton,0.009,2.619,MgCu2O4_JVASP-9908_p_srniel.csv
MgCu2O4,JVASP-9908,proton,0.0095,2.5374,MgCu2O4_JVASP-9908_p_srniel.csv
MgCu2O4,JVASP-9908,proton,0.01,2.4614,MgCu2O4_JVASP-9908_p_srniel.csv
MgCu2O4,JVASP-9908,proton,0.015,1.9122,MgCu2O4_JVASP-9908_p_srniel.csv
MgCu2O4,JVASP-9908,proton,0.02,1.5796,MgCu2O4_JVASP-9908_p_srniel.csv
MgCu2O4,JVASP-9908,proton,0.025,1.3535,MgCu2O4_JVASP-9908_p_srniel.csv
MgCu2O4,JVASP-9908,proton,0.03,1.1886,MgCu2O4_JVASP-9908_p_srniel.csv
MgCu2O4,JVASP-9908,proton,0.035,1.0624,MgCu2O4_JVASP-9908_p_srniel.csv
MgCu2O4,JVASP-9908,proton,0.04,0.96226,MgCu2O4_JVASP-9908_p_srniel.csv
MgCu2O4,JVASP-9908,proton,0.045,0.8807,MgCu2O4_JVASP-9908_p_srniel.csv
MgCu2O4,JVASP-9908,proton,0.05,0.81283,MgCu2O4_JVASP-9908_p_srniel.csv
MgCu2O4,JVASP-9908,proton,0.055,0.75541,MgCu2O4_JVASP-9908_p_srniel.csv
MgCu2O4,JVASP-9908,proton,0.06,0.70623,MgCu2O4_JVASP-9908_p_srniel.csv
MgCu2O4,JVASP-9908,proton,0.065,0.6636,MgCu2O4_JVASP-9908_p_srniel.csv
MgCu2O4,JVASP-9908,proton,0.07,0.62624,MgCu2O4_JVASP-9908_p_srniel.csv
MgCu2O4,JVASP-9908,proton,0.075,0.59321,MgCu2O4_JVASP-9908_p_srniel.csv
MgCu2O4,JVASP-9908,proton,0.08,0.56377,MgCu2O4_JVASP-9908_p_srniel.csv
MgCu2O4,JVASP-9908,proton,0.085,0.53731,MgCu2O4_JVASP-9908_p_srniel.csv
MgCu2O4,JVASP-9908,proton,0.09,0.51342,MgCu2O4_JVASP-9908_p_srniel.csv
MgCu2O4,JVASP-9908,proton,0.095,0.49175,MgCu2O4_JVASP-9908_p_srniel.csv
MgCu2O4,JVASP-9908,proton,0.1,0.47198,MgCu2O4_JVASP-9908_p_srniel.csv
MgCu2O4,JVASP-9908,proton,0.15,0.34012,MgCu2O4_JVASP-9908_p_srniel.csv
MgCu2O4,JVASP-9908,proton,0.2,0.26632,MgCu2O4_JVASP-9908_p_srniel.csv
MgCu2O4,JVASP-9908,proton,0.25,0.21979,MgCu2O4_JVASP-9908_p_srniel.csv
MgCu2O4,JVASP-9908,proton,0.3,0.1876,MgCu2O4_JVASP-9908_p_srniel.csv
MgCu2O4,JVASP-9908,proton,0.35,0.16405,MgCu2O4_JVASP-9908_p_srniel.csv
MgCu2O4,JVASP-9908,proton,0.4,0.14603,MgCu2O4_JVASP-9908_p_srniel.csv
MgCu2O4,JVASP-9908,proton,0.45,0.13177,MgCu2O4_JVASP-9908_p_srniel.csv
MgCu2O4,JVASP-9908,proton,0.5,0.12019,MgCu2O4_JVASP-9908_p_srniel.csv
MgCu2O4,JVASP-9908,proton,0.55,0.11059,MgCu2O4_JVASP-9908_p_srniel.csv
MgCu2O4,JVASP-9908,proton,0.6,0.10249,MgCu2O4_JVASP-9908_p_srniel.csv
MgCu2O4,JVASP-9908,proton,0.65,0.095388,MgCu2O4_JVASP-9908_p_srniel.csv
MgCu2O4,JVASP-9908,proton,0.7,0.089089,MgCu2O4_JVASP-9908_p_srniel.csv
MgCu2O4,JVASP-9908,proton,0.75,0.08359,MgCu2O4_JVASP-9908_p_srniel.csv
MgCu2O4,JVASP-9908,proton,0.8,0.078746,MgCu2O4_JVASP-9908_p_srniel.csv
MgCu2O4,JVASP-9908,proton,0.85,0.074447,MgCu2O4_JVASP-9908_p_srniel.csv
MgCu2O4,JVASP-9908,proton,0.9,0.070604,MgCu2O4_JVASP-9908_p_srniel.csv
MgCu2O4,JVASP-9908,proton,0.95,0.067148,MgCu2O4_JVASP-9908_p_srniel.csv
MgCu2O4,JVASP-9908,proton,1.0,0.064022,MgCu2O4_JVASP-9908_p_srniel.csv
MgCu2O4,JVASP-9908,proton,1.5,0.043852,MgCu2O4_JVASP-9908_p_srniel.csv
MgCu2O4,JVASP-9908,proton,2.0,0.033475,MgCu2O4_JVASP-9908_p_srniel.csv
MgCu2O4,JVASP-9908,proton,2.5,0.027128,MgCu2O4_JVASP-9908_p_srniel.csv
MgCu2O4,JVASP-9908,proton,3.0,0.022838,MgCu2O4_JVASP-9908_p_srniel.csv
MgCu2O4,JVASP-9908,proton,3.5,0.019759,MgCu2O4_JVASP-9908_p_srniel.csv
MgCu2O4,JVASP-9908,proton,4.0,0.01763,MgCu2O4_JVASP-9908_p_srniel.csv
MgCu2O4,JVASP-9908,proton,4.5,0.016,MgCu2O4_JVASP-9908_p_srniel.csv
MgCu2O4,JVASP-9908,proton,5.0,0.014635,MgCu2O4_JVASP-9908_p_srniel.csv
MgCu2O4,JVASP-9908,proton,5.5,0.013507,MgCu2O4_JVASP-9908_p_srniel.csv
MgCu2O4,JVASP-9908,proton,6.0,0.012577,MgCu2O4_JVASP-9908_p_srniel.csv
MgCu2O4,JVASP-9908,proton,6.5,0.011805,MgCu2O4_JVASP-9908_p_srniel.csv
MgCu2O4,JVASP-9908,proton,7.0,0.011156,MgCu2O4_JVASP-9908_p_srniel.csv
MgCu2O4,JVASP-9908,proton,7.5,0.010603,MgCu2O4_JVASP-9908_p_srniel.csv
MgCu2O4,JVASP-9908,proton,8.0,0.010124,MgCu2O4_JVASP-9908_p_srniel.csv
MgCu2O4,JVASP-9908,proton,8.5,0.009703,MgCu2O4_JVASP-9908_p_srniel.csv
MgCu2O4,JVASP-9908,proton,9.0,0.0093281,MgCu2O4_JVASP-9908_p_srniel.csv
MgCu2O4,JVASP-9908,proton,9.5,0.0089915,MgCu2O4_JVASP-9908_p_srniel.csv
MgCu2O4,JVASP-9908,proton,10.0,0.0086874,MgCu2O4_JVASP-9908_p_srniel.csv
MgCu2O4,JVASP-9908,proton,15.0,0.0067749,MgCu2O4_JVASP-9908_p_srniel.csv
MgCu2O4,JVASP-9908,proton,20.0,0.0058755,MgCu2O4_JVASP-9908_p_srniel.csv
MgCu2O4,JVASP-9908,proton,25.0,0.0053566,MgCu2O4_JVASP-9908_p_srniel.csv
MgCu2O4,JVASP-9908,proton,30.0,0.0049963,MgCu2O4_JVASP-9908_p_srniel.csv
MgCu2O4,JVASP-9908,proton,35.0,0.0047105,MgCu2O4_JVASP-9908_p_srniel.csv
MgCu2O4,JVASP-9908,proton,40.0,0.0044689,MgCu2O4_JVASP-9908_p_srniel.csv
MgCu2O4,JVASP-9908,proton,45.0,0.0042601,MgCu2O4_JVASP-9908_p_srniel.csv
MgCu2O4,JVASP-9908,proton,50.0,0.0040776,MgCu2O4_JVASP-9908_p_srniel.csv
MgCu2O4,JVASP-9908,proton,55.0,0.003917,MgCu2O4_JVASP-9908_p_srniel.csv
MgCu2O4,JVASP-9908,proton,60.0,0.0037747,MgCu2O4_JVASP-9908_p_srniel.csv
MgCu2O4,JVASP-9908,proton,65.0,0.0036476,MgCu2O4_JVASP-9908_p_srniel.csv
MgCu2O4,JVASP-9908,proton,70.0,0.0035336,MgCu2O4_JVASP-9908_p_srniel.csv
MgCu2O4,JVASP-9908,proton,75.0,0.0034307,MgCu2O4_JVASP-9908_p_srniel.csv
MgCu2O4,JVASP-9908,proton,80.0,0.0033374,MgCu2O4_JVASP-9908_p_srniel.csv
MgCu2O4,JVASP-9908,proton,85.0,0.0032525,MgCu2O4_JVASP-9908_p_srniel.csv
MgCu2O4,JVASP-9908,proton,90.0,0.003175,MgCu2O4_JVASP-9908_p_srniel.csv
MgCu2O4,JVASP-9908,proton,95.0,0.0031041,MgCu2O4_JVASP-9908_p_srniel.csv
MgCu2O4,JVASP-9908,proton,100.0,0.0030391,MgCu2O4_JVASP-9908_p_srniel.csv
MgCu2O4,JVASP-9908,proton,150.0,0.0026116,MgCu2O4_JVASP-9908_p_srniel.csv
MgCu2O4,JVASP-9908,proton,200.0,0.0024009,MgCu2O4_JVASP-9908_p_srniel.csv
MgCu2O4,JVASP-9908,proton,250.0,0.0022792,MgCu2O4_JVASP-9908_p_srniel.csv
MgCu2O4,JVASP-9908,proton,300.0,0.0022046,MgCu2O4_JVASP-9908_p_srniel.csv
MgCu2O4,JVASP-9908,proton,350.0,0.0021637,MgCu2O4_JVASP-9908_p_srniel.csv
MgCu2O4,JVASP-9908,proton,400.0,0.0021496,MgCu2O4_JVASP-9908_p_srniel.csv
MgCu2O4,JVASP-9908,proton,450.0,0.0021562,MgCu2O4_JVASP-9908_p_srniel.csv
MgCu2O4,JVASP-9908,proton,500.0,0.0021766,MgCu2O4_JVASP-9908_p_srniel.csv
MgCu2O4,JVASP-9908,proton,550.0,0.0022037,MgCu2O4_JVASP-9908_p_srniel.csv
MgCu2O4,JVASP-9908,proton,600.0,0.0022305,MgCu2O4_JVASP-9908_p_srniel.csv
MgCu2O4,JVASP-9908,proton,650.0,0.0022511,MgCu2O4_JVASP-9908_p_srniel.csv
MgCu2O4,JVASP-9908,proton,700.0,0.0022615,MgCu2O4_JVASP-9908_p_srniel.csv
MgCu2O4,JVASP-9908,proton,750.0,0.0022601,MgCu2O4_JVASP-9908_p_srniel.csv
MgCu2O4,JVASP-9908,proton,800.0,0.0022483,MgCu2O4_JVASP-9908_p_srniel.csv
MgCu2O4,JVASP-9908,proton,850.0,0.0022301,MgCu2O4_JVASP-9908_p_srniel.csv
MgCu2O4,JVASP-9908,proton,900.0,0.0022122,MgCu2O4_JVASP-9908_p_srniel.csv
MgCu2O4,JVASP-9908,proton,950.0,0.0022034,MgCu2O4_JVASP-9908_p_srniel.csv
MgCu2O4,JVASP-9908,proton,1000.0,0.0022151,MgCu2O4_JVASP-9908_p_srniel.csv
MoH2O4,JVASP-54713,electron,0.04,2.0643e-05,MoH2O4_JVASP-54713_e_srniel.csv
MoH2O4,JVASP-54713,electron,0.045,1.9026e-05,MoH2O4_JVASP-54713_e_srniel.csv
MoH2O4,JVASP-54713,electron,0.05,2.0169e-05,MoH2O4_JVASP-54713_e_srniel.csv
MoH2O4,JVASP-54713,electron,0.055,2.2164e-05,MoH2O4_JVASP-54713_e_srniel.csv
MoH2O4,JVASP-54713,electron,0.06,2.3599e-05,MoH2O4_JVASP-54713_e_srniel.csv
MoH2O4,JVASP-54713,electron,0.065,2.464e-05,MoH2O4_JVASP-54713_e_srniel.csv
MoH2O4,JVASP-54713,electron,0.07,2.5399e-05,MoH2O4_JVASP-54713_e_srniel.csv
MoH2O4,JVASP-54713,electron,0.075,2.5953e-05,MoH2O4_JVASP-54713_e_srniel.csv
MoH2O4,JVASP-54713,electron,0.08,2.6354e-05,MoH2O4_JVASP-54713_e_srniel.csv
MoH2O4,JVASP-54713,electron,0.085,2.6643e-05,MoH2O4_JVASP-54713_e_srniel.csv
MoH2O4,JVASP-54713,electron,0.09,2.6845e-05,MoH2O4_JVASP-54713_e_srniel.csv
MoH2O4,JVASP-54713,electron,0.095,2.8243e-05,MoH2O4_JVASP-54713_e_srniel.csv
MoH2O4,JVASP-54713,electron,0.1,2.9809e-05,MoH2O4_JVASP-54713_e_srniel.csv
MoH2O4,JVASP-54713,electron,0.15,3.8128e-05,MoH2O4_JVASP-54713_e_srniel.csv
MoH2O4,JVASP-54713,electron,0.2,4.1435e-05,MoH2O4_JVASP-54713_e_srniel.csv
MoH2O4,JVASP-54713,electron,0.25,4.3363e-05,MoH2O4_JVASP-54713_e_srniel.csv
MoH2O4,JVASP-54713,electron,0.3,4.4809e-05,MoH2O4_JVASP-54713_e_srniel.csv
MoH2O4,JVASP-54713,electron,0.35,4.6059e-05,MoH2O4_JVASP-54713_e_srniel.csv
MoH2O4,JVASP-54713,electron,0.4,4.7216e-05,MoH2O4_JVASP-54713_e_srniel.csv
MoH2O4,JVASP-54713,electron,0.45,4.8322e-05,MoH2O4_JVASP-54713_e_srniel.csv
MoH2O4,JVASP-54713,electron,0.5,4.9391e-05,MoH2O4_JVASP-54713_e_srniel.csv
MoH2O4,JVASP-54713,electron,0.55,5.0431e-05,MoH2O4_JVASP-54713_e_srniel.csv
MoH2O4,JVASP-54713,electron,0.6,5.1445e-05,MoH2O4_JVASP-54713_e_srniel.csv
MoH2O4,JVASP-54713,electron,0.65,5.2435e-05,MoH2O4_JVASP-54713_e_srniel.csv
MoH2O4,JVASP-54713,electron,0.7,5.3402e-05,MoH2O4_JVASP-54713_e_srniel.csv
MoH2O4,JVASP-54713,electron,0.75,5.4346e-05,MoH2O4_JVASP-54713_e_srniel.csv
MoH2O4,JVASP-54713,electron,0.8,5.5268e-05,MoH2O4_JVASP-54713_e_srniel.csv
MoH2O4,JVASP-54713,electron,0.85,5.6168e-05,MoH2O4_JVASP-54713_e_srniel.csv
MoH2O4,JVASP-54713,electron,0.9,5.7048e-05,MoH2O4_JVASP-54713_e_srniel.csv
MoH2O4,JVASP-54713,electron,0.95,5.7907e-05,MoH2O4_JVASP-54713_e_srniel.csv
MoH2O4,JVASP-54713,electron,1.0,5.8746e-05,MoH2O4_JVASP-54713_e_srniel.csv
MoH2O4,JVASP-54713,electron,1.5,6.6179e-05,MoH2O4_JVASP-54713_e_srniel.csv
MoH2O4,JVASP-54713,electron,2.0,7.2223e-05,MoH2O4_JVASP-54713_e_srniel.csv
MoH2O4,JVASP-54713,electron,2.5,7.7265e-05,MoH2O4_JVASP-54713_e_srniel.csv
MoH2O4,JVASP-54713,electron,3.0,8.1565e-05,MoH2O4_JVASP-54713_e_srniel.csv
MoH2O4,JVASP-54713,electron,3.5,8.5297e-05,MoH2O4_JVASP-54713_e_srniel.csv
MoH2O4,JVASP-54713,electron,4.0,8.8585e-05,MoH2O4_JVASP-54713_e_srniel.csv
MoH2O4,JVASP-54713,electron,4.5,9.1514e-05,MoH2O4_JVASP-54713_e_srniel.csv
MoH2O4,JVASP-54713,electron,5.0,9.415e-05,MoH2O4_JVASP-54713_e_srniel.csv
MoH2O4,JVASP-54713,electron,5.5,9.6541e-05,MoH2O4_JVASP-54713_e_srniel.csv
MoH2O4,JVASP-54713,electron,6.0,9.8725e-05,MoH2O4_JVASP-54713_e_srniel.csv
MoH2O4,JVASP-54713,electron,6.5,0.00010073,MoH2O4_JVASP-54713_e_srniel.csv
MoH2O4,JVASP-54713,electron,7.0,0.00010258,MoH2O4_JVASP-54713_e_srniel.csv
MoH2O4,JVASP-54713,electron,7.5,0.0001043,MoH2O4_JVASP-54713_e_srniel.csv
MoH2O4,JVASP-54713,electron,8.0,0.0001059,MoH2O4_JVASP-54713_e_srniel.csv
MoH2O4,JVASP-54713,electron,8.5,0.0001074,MoH2O4_JVASP-54713_e_srniel.csv
MoH2O4,JVASP-54713,electron,9.0,0.0001088,MoH2O4_JVASP-54713_e_srniel.csv
MoH2O4,JVASP-54713,electron,9.5,0.00011012,MoH2O4_JVASP-54713_e_srniel.csv
MoH2O4,JVASP-54713,electron,10.0,0.00011136,MoH2O4_JVASP-54713_e_srniel.csv
MoH2O4,JVASP-54713,electron,15.0,0.00012075,MoH2O4_JVASP-54713_e_srniel.csv
MoH2O4,JVASP-54713,electron,20.0,0.00012676,MoH2O4_JVASP-54713_e_srniel.csv
MoH2O4,JVASP-54713,electron,25.0,0.00013088,MoH2O4_JVASP-54713_e_srniel.csv
MoH2O4,JVASP-54713,electron,30.0,0.0001338,MoH2O4_JVASP-54713_e_srniel.csv
MoH2O4,JVASP-54713,electron,35.0,0.00013591,MoH2O4_JVASP-54713_e_srniel.csv
MoH2O4,JVASP-54713,electron,40.0,0.00013746,MoH2O4_JVASP-54713_e_srniel.csv
MoH2O4,JVASP-54713,electron,45.0,0.0001386,MoH2O4_JVASP-54713_e_srniel.csv
MoH2O4,JVASP-54713,electron,50.0,0.00013943,MoH2O4_JVASP-54713_e_srniel.csv
MoH2O4,JVASP-54713,electron,55.0,0.00014004,MoH2O4_JVASP-54713_e_srniel.csv
MoH2O4,JVASP-54713,electron,60.0,0.00014048,MoH2O4_JVASP-54713_e_srniel.csv
MoH2O4,JVASP-54713,electron,65.0,0.00014079,MoH2O4_JVASP-54713_e_srniel.csv
MoH2O4,JVASP-54713,electron,70.0,0.00014101,MoH2O4_JVASP-54713_e_srniel.csv
MoH2O4,JVASP-54713,electron,75.0,0.00014116,MoH2O4_JVASP-54713_e_srniel.csv
MoH2O4,JVASP-54713,electron,80.0,0.00014125,MoH2O4_JVASP-54713_e_srniel.csv
MoH2O4,JVASP-54713,electron,85.0,0.00014131,MoH2O4_JVASP-54713_e_srniel.csv
MoH2O4,JVASP-54713,electron,90.0,0.00014133,MoH2O4_JVASP-54713_e_srniel.csv
MoH2O4,JVASP-54713,electron,95.0,0.00014133,MoH2O4_JVASP-54713_e_srniel.csv
MoH2O4,JVASP-54713,electron,100.0,0.00014131,MoH2O4_JVASP-54713_e_srniel.csv
MoH2O4,JVASP-54713,proton,0.0001,9.7859,MoH2O4_JVASP-54713_p_srniel.csv
MoH2O4,JVASP-54713,proton,0.00015,10.107,MoH2O4_JVASP-54713_p_srniel.csv
MoH2O4,JVASP-54713,proton,0.0002,10.095,MoH2O4_JVASP-54713_p_srniel.csv
MoH2O4,JVASP-54713,proton,0.00025,9.9636,MoH2O4_JVASP-54713_p_srniel.csv
MoH2O4,JVASP-54713,proton,0.0003,9.7854,MoH2O4_JVASP-54713_p_srniel.csv
MoH2O4,JVASP-54713,proton,0.00035,9.5893,MoH2O4_JVASP-54713_p_srniel.csv
MoH2O4,JVASP-54713,proton,0.0004,9.3888,MoH2O4_JVASP-54713_p_srniel.csv
MoH2O4,JVASP-54713,proton,0.00045,9.1903,MoH2O4_JVASP-54713_p_srniel.csv
MoH2O4,JVASP-54713,proton,0.0005,8.9972,MoH2O4_JVASP-54713_p_srniel.csv
MoH2O4,JVASP-54713,proton,0.00055,8.8109,MoH2O4_JVASP-54713_p_srniel.csv
MoH2O4,JVASP-54713,proton,0.0006,8.6322,MoH2O4_JVASP-54713_p_srniel.csv
MoH2O4,JVASP-54713,proton,0.00065,8.4611,MoH2O4_JVASP-54713_p_srniel.csv
MoH2O4,JVASP-54713,proton,0.0007,8.2975,MoH2O4_JVASP-54713_p_srniel.csv
MoH2O4,JVASP-54713,proton,0.00075,8.1413,MoH2O4_JVASP-54713_p_srniel.csv
MoH2O4,JVASP-54713,proton,0.0008,7.992,MoH2O4_JVASP-54713_p_srniel.csv
MoH2O4,JVASP-54713,proton,0.00085,7.8493,MoH2O4_JVASP-54713_p_srniel.csv
MoH2O4,JVASP-54713,proton,0.0009,7.7128,MoH2O4_JVASP-54713_p_srniel.csv
MoH2O4,JVASP-54713,proton,0.00095,7.5822,MoH2O4_JVASP-54713_p_srniel.csv
MoH2O4,JVASP-54713,proton,0.001,7.4571,MoH2O4_JVASP-54713_p_srniel.csv
MoH2O4,JVASP-54713,proton,0.0015,6.4452,MoH2O4_JVASP-54713_p_srniel.csv
MoH2O4,JVASP-54713,proton,0.002,5.7277,MoH2O4_JVASP-54713_p_srniel.csv
MoH2O4,JVASP-54713,proton,0.0025,5.1864,MoH2O4_JVASP-54713_p_srniel.csv
MoH2O4,JVASP-54713,proton,0.003,4.7598,MoH2O4_JVASP-54713_p_srniel.csv
MoH2O4,JVASP-54713,proton,0.0035,4.4125,MoH2O4_JVASP-54713_p_srniel.csv
MoH2O4,JVASP-54713,proton,0.004,4.1228,MoH2O4_JVASP-54713_p_srniel.csv
MoH2O4,JVASP-54713,proton,0.0045,3.8764,MoH2O4_JVASP-54713_p_srniel.csv
MoH2O4,JVASP-54713,proton,0.005,3.6635,MoH2O4_JVASP-54713_p_srniel.csv
MoH2O4,JVASP-54713,proton,0.0055,3.4774,MoH2O4_JVASP-54713_p_srniel.csv
MoH2O4,JVASP-54713,proton,0.006,3.3127,MoH2O4_JVASP-54713_p_srniel.csv
MoH2O4,JVASP-54713,proton,0.0065,3.1659,MoH2O4_JVASP-54713_p_srniel.csv
MoH2O4,JVASP-54713,proton,0.007,3.0338,MoH2O4_JVASP-54713_p_srniel.csv
MoH2O4,JVASP-54713,proton,0.0075,2.9143,MoH2O4_JVASP-54713_p_srniel.csv
MoH2O4,JVASP-54713,proton,0.008,2.8055,MoH2O4_JVASP-54713_p_srniel.csv
MoH2O4,JVASP-54713,proton,0.0085,2.7059,MoH2O4_JVASP-54713_p_srniel.csv
MoH2O4,JVASP-54713,proton,0.009,2.6143,MoH2O4_JVASP-54713_p_srniel.csv
MoH2O4,JVASP-54713,proton,0.0095,2.5298,MoH2O4_JVASP-54713_p_srniel.csv
MoH2O4,JVASP-54713,proton,0.01,2.4514,MoH2O4_JVASP-54713_p_srniel.csv
MoH2O4,JVASP-54713,proton,0.015,1.8938,MoH2O4_JVASP-54713_p_srniel.csv
MoH2O4,JVASP-54713,proton,0.02,1.5621,MoH2O4_JVASP-54713_p_srniel.csv
MoH2O4,JVASP-54713,proton,0.025,1.3386,MoH2O4_JVASP-54713_p_srniel.csv
MoH2O4,JVASP-54713,proton,0.03,1.1762,MoH2O4_JVASP-54713_p_srniel.csv
MoH2O4,JVASP-54713,proton,0.035,1.052,MoH2O4_JVASP-54713_p_srniel.csv
MoH2O4,JVASP-54713,proton,0.04,0.95369,MoH2O4_JVASP-54713_p_srniel.csv
MoH2O4,JVASP-54713,proton,0.045,0.8736,MoH2O4_JVASP-54713_p_srniel.csv
MoH2O4,JVASP-54713,proton,0.05,0.80688,MoH2O4_JVASP-54713_p_srniel.csv
MoH2O4,JVASP-54713,proton,0.055,0.75009,MoH2O4_JVASP-54713_p_srniel.csv
MoH2O4,JVASP-54713,proton,0.06,0.70146,MoH2O4_JVASP-54713_p_srniel.csv
MoH2O4,JVASP-54713,proton,0.065,0.65934,MoH2O4_JVASP-54713_p_srniel.csv
MoH2O4,JVASP-54713,proton,0.07,0.62246,MoH2O4_JVASP-54713_p_srniel.csv
MoH2O4,JVASP-54713,proton,0.075,0.58986,MoH2O4_JVASP-54713_p_srniel.csv
MoH2O4,JVASP-54713,proton,0.08,0.56082,MoH2O4_JVASP-54713_p_srniel.csv
MoH2O4,JVASP-54713,proton,0.085,0.53477,MoH2O4_JVASP-54713_p_srniel.csv
MoH2O4,JVASP-54713,proton,0.09,0.51125,MoH2O4_JVASP-54713_p_srniel.csv
MoH2O4,JVASP-54713,proton,0.095,0.48991,MoH2O4_JVASP-54713_p_srniel.csv
MoH2O4,JVASP-54713,proton,0.1,0.47043,MoH2O4_JVASP-54713_p_srniel.csv
MoH2O4,JVASP-54713,proton,0.15,0.34022,MoH2O4_JVASP-54713_p_srniel.csv
MoH2O4,JVASP-54713,proton,0.2,0.26671,MoH2O4_JVASP-54713_p_srniel.csv
MoH2O4,JVASP-54713,proton,0.25,0.22014,MoH2O4_JVASP-54713_p_srniel.csv
MoH2O4,JVASP-54713,proton,0.3,0.18804,MoH2O4_JVASP-54713_p_srniel.csv
MoH2O4,JVASP-54713,proton,0.35,0.16481,MoH2O4_JVASP-54713_p_srniel.csv
MoH2O4,JVASP-54713,proton,0.4,0.14701,MoH2O4_JVASP-54713_p_srniel.csv
MoH2O4,JVASP-54713,proton,0.45,0.13291,MoH2O4_JVASP-54713_p_srniel.csv
MoH2O4,JVASP-54713,proton,0.5,0.12144,MoH2O4_JVASP-54713_p_srniel.csv
MoH2O4,JVASP-54713,proton,0.55,0.11192,MoH2O4_JVASP-54713_p_srniel.csv
MoH2O4,JVASP-54713,proton,0.6,0.10388,MoH2O4_JVASP-54713_p_srniel.csv
MoH2O4,JVASP-54713,proton,0.65,0.096999,MoH2O4_JVASP-54713_p_srniel.csv
MoH2O4,JVASP-54713,proton,0.7,0.091032,MoH2O4_JVASP-54713_p_srniel.csv
MoH2O4,JVASP-54713,proton,0.75,0.085808,MoH2O4_JVASP-54713_p_srniel.csv
MoH2O4,JVASP-54713,proton,0.8,0.081193,MoH2O4_JVASP-54713_p_srniel.csv
MoH2O4,JVASP-54713,proton,0.85,0.077085,MoH2O4_JVASP-54713_p_srniel.csv
MoH2O4,JVASP-54713,proton,0.9,0.073195,MoH2O4_JVASP-54713_p_srniel.csv
MoH2O4,JVASP-54713,proton,0.95,0.069624,MoH2O4_JVASP-54713_p_srniel.csv
MoH2O4,JVASP-54713,proton,1.0,0.066392,MoH2O4_JVASP-54713_p_srniel.csv
MoH2O4,JVASP-54713,proton,1.5,0.04551,MoH2O4_JVASP-54713_p_srniel.csv
MoH2O4,JVASP-54713,proton,2.0,0.03475,MoH2O4_JVASP-54713_p_srniel.csv
MoH2O4,JVASP-54713,proton,2.5,0.028167,MoH2O4_JVASP-54713_p_srniel.csv
MoH2O4,JVASP-54713,proton,3.0,0.023716,MoH2O4_JVASP-54713_p_srniel.csv
MoH2O4,JVASP-54713,proton,3.5,0.020514,MoH2O4_JVASP-54713_p_srniel.csv
MoH2O4,JVASP-54713,proton,4.0,0.018259,MoH2O4_JVASP-54713_p_srniel.csv
MoH2O4,JVASP-54713,proton,4.5,0.016483,MoH2O4_JVASP-54713_p_srniel.csv
MoH2O4,JVASP-54713,proton,5.0,0.014975,MoH2O4_JVASP-54713_p_srniel.csv
MoH2O4,JVASP-54713,proton,5.5,0.013735,MoH2O4_JVASP-54713_p_srniel.csv
MoH2O4,JVASP-54713,proton,6.0,0.012733,MoH2O4_JVASP-54713_p_srniel.csv
MoH2O4,JVASP-54713,proton,6.5,0.011912,MoH2O4_JVASP-54713_p_srniel.csv
MoH2O4,JVASP-54713,proton,7.0,0.011221,MoH2O4_JVASP-54713_p_srniel.csv
MoH2O4,JVASP-54713,proton,7.5,0.010623,MoH2O4_JVASP-54713_p_srniel.csv
MoH2O4,JVASP-54713,proton,8.0,0.010095,MoH2O4_JVASP-54713_p_srniel.csv
MoH2O4,JVASP-54713,proton,8.5,0.009623,MoH2O4_JVASP-54713_p_srniel.csv
MoH2O4,JVASP-54713,proton,9.0,0.0091963,MoH2O4_JVASP-54713_p_srniel.csv
MoH2O4,JVASP-54713,proton,9.5,0.0088085,MoH2O4_JVASP-54713_p_srniel.csv
MoH2O4,JVASP-54713,proton,10.0,0.0084549,MoH2O4_JVASP-54713_p_srniel.csv
MoH2O4,JVASP-54713,proton,15.0,0.00622,MoH2O4_JVASP-54713_p_srniel.csv
MoH2O4,JVASP-54713,proton,20.0,0.0052424,MoH2O4_JVASP-54713_p_srniel.csv
MoH2O4,JVASP-54713,proton,25.0,0.0047325,MoH2O4_JVASP-54713_p_srniel.csv
MoH2O4,JVASP-54713,proton,30.0,0.0043948,MoH2O4_JVASP-54713_p_srniel.csv
MoH2O4,JVASP-54713,proton,35.0,0.0041242,MoH2O4_JVASP-54713_p_srniel.csv
MoH2O4,JVASP-54713,proton,40.0,0.0038905,MoH2O4_JVASP-54713_p_srniel.csv
MoH2O4,JVASP-54713,proton,45.0,0.0036873,MoH2O4_JVASP-54713_p_srniel.csv
MoH2O4,JVASP-54713,proton,50.0,0.0035126,MoH2O4_JVASP-54713_p_srniel.csv
MoH2O4,JVASP-54713,proton,55.0,0.0033645,MoH2O4_JVASP-54713_p_srniel.csv
MoH2O4,JVASP-54713,proton,60.0,0.0032398,MoH2O4_JVASP-54713_p_srniel.csv
MoH2O4,JVASP-54713,proton,65.0,0.0031354,MoH2O4_JVASP-54713_p_srniel.csv
MoH2O4,JVASP-54713,proton,70.0,0.0030478,MoH2O4_JVASP-54713_p_srniel.csv
MoH2O4,JVASP-54713,proton,75.0,0.0029741,MoH2O4_JVASP-54713_p_srniel.csv
MoH2O4,JVASP-54713,proton,80.0,0.0029117,MoH2O4_JVASP-54713_p_srniel.csv
MoH2O4,JVASP-54713,proton,85.0,0.0028583,MoH2O4_JVASP-54713_p_srniel.csv
MoH2O4,JVASP-54713,proton,90.0,0.0028123,MoH2O4_JVASP-54713_p_srniel.csv
MoH2O4,JVASP-54713,proton,95.0,0.0027719,MoH2O4_JVASP-54713_p_srniel.csv
MoH2O4,JVASP-54713,proton,100.0,0.0027361,MoH2O4_JVASP-54713_p_srniel.csv
MoH2O4,JVASP-54713,proton,150.0,0.0024922,MoH2O4_JVASP-54713_p_srniel.csv
MoH2O4,JVASP-54713,proton,200.0,0.0023329,MoH2O4_JVASP-54713_p_srniel.csv
MoH2O4,JVASP-54713,proton,250.0,0.0022473,MoH2O4_JVASP-54713_p_srniel.csv
MoH2O4,JVASP-54713,proton,300.0,0.0022305,MoH2O4_JVASP-54713_p_srniel.csv
MoH2O4,JVASP-54713,proton,350.0,0.0022633,MoH2O4_JVASP-54713_p_srniel.csv
MoH2O4,JVASP-54713,proton,400.0,0.0023244,MoH2O4_JVASP-54713_p_srniel.csv
MoH2O4,JVASP-54713,proton,450.0,0.0023967,MoH2O4_JVASP-54713_p_srniel.csv
MoH2O4,JVASP-54713,proton,500.0,0.0024689,MoH2O4_JVASP-54713_p_srniel.csv
MoH2O4,JVASP-54713,proton,550.0,0.0025348,MoH2O4_JVASP-54713_p_srniel.csv
MoH2O4,JVASP-54713,proton,600.0,0.0025925,MoH2O4_JVASP-54713_p_srniel.csv
MoH2O4,JVASP-54713,proton,650.0,0.0026425,MoH2O4_JVASP-54713_p_srniel.csv
MoH2O4,JVASP-54713,proton,700.0,0.0026863,MoH2O4_JVASP-54713_p_srniel.csv
MoH2O4,JVASP-54713,proton,750.0,0.0027254,MoH2O4_JVASP-54713_p_srniel.csv
MoH2O4,JVASP-54713,proton,800.0,0.0027598,MoH2O4_JVASP-54713_p_srniel.csv
MoH2O4,JVASP-54713,proton,850.0,0.0027884,MoH2O4_JVASP-54713_p_srniel.csv
MoH2O4,JVASP-54713,proton,900.0,0.002808,MoH2O4_JVASP-54713_p_srniel.csv
MoH2O4,JVASP-54713,proton,950.0,0.0028137,MoH2O4_JVASP-54713_p_srniel.csv
MoH2O4,JVASP-54713,proton,1000.0,0.0027993,MoH2O4_JVASP-54713_p_srniel.csv
MoWSe2S2,JVASP-28698,electron,0.04,0.0,MoWSe2S2_JVASP-28698_e_srniel.csv
MoWSe2S2,JVASP-28698,electron,0.045,0.0,MoWSe2S2_JVASP-28698_e_srniel.csv
MoWSe2S2,JVASP-28698,electron,0.05,0.0,MoWSe2S2_JVASP-28698_e_srniel.csv
MoWSe2S2,JVASP-28698,electron,0.055,0.0,MoWSe2S2_JVASP-28698_e_srniel.csv
MoWSe2S2,JVASP-28698,electron,0.06,0.0,MoWSe2S2_JVASP-28698_e_srniel.csv
MoWSe2S2,JVASP-28698,electron,0.065,0.0,MoWSe2S2_JVASP-28698_e_srniel.csv
MoWSe2S2,JVASP-28698,electron,0.07,0.0,MoWSe2S2_JVASP-28698_e_srniel.csv
MoWSe2S2,JVASP-28698,electron,0.075,0.0,MoWSe2S2_JVASP-28698_e_srniel.csv
MoWSe2S2,JVASP-28698,electron,0.08,0.0,MoWSe2S2_JVASP-28698_e_srniel.csv
MoWSe2S2,JVASP-28698,electron,0.085,0.0,MoWSe2S2_JVASP-28698_e_srniel.csv
MoWSe2S2,JVASP-28698,electron,0.09,0.0,MoWSe2S2_JVASP-28698_e_srniel.csv
MoWSe2S2,JVASP-28698,electron,0.095,0.0,MoWSe2S2_JVASP-28698_e_srniel.csv
MoWSe2S2,JVASP-28698,electron,0.1,0.0,MoWSe2S2_JVASP-28698_e_srniel.csv
MoWSe2S2,JVASP-28698,electron,0.15,1.8572e-06,MoWSe2S2_JVASP-28698_e_srniel.csv
MoWSe2S2,JVASP-28698,electron,0.2,2.7087e-06,MoWSe2S2_JVASP-28698_e_srniel.csv
MoWSe2S2,JVASP-28698,electron,0.25,3.9727e-06,MoWSe2S2_JVASP-28698_e_srniel.csv
MoWSe2S2,JVASP-28698,electron,0.3,5.3452e-06,MoWSe2S2_JVASP-28698_e_srniel.csv
MoWSe2S2,JVASP-28698,electron,0.35,6.4653e-06,MoWSe2S2_JVASP-28698_e_srniel.csv
MoWSe2S2,JVASP-28698,electron,0.4,7.4262e-06,MoWSe2S2_JVASP-28698_e_srniel.csv
MoWSe2S2,JVASP-28698,electron,0.45,8.2785e-06,MoWSe2S2_JVASP-28698_e_srniel.csv
MoWSe2S2,JVASP-28698,electron,0.5,9.0517e-06,MoWSe2S2_JVASP-28698_e_srniel.csv
MoWSe2S2,JVASP-28698,electron,0.55,9.7641e-06,MoWSe2S2_JVASP-28698_e_srniel.csv
MoWSe2S2,JVASP-28698,electron,0.6,1.0428e-05,MoWSe2S2_JVASP-28698_e_srniel.csv
MoWSe2S2,JVASP-28698,electron,0.65,1.1052e-05,MoWSe2S2_JVASP-28698_e_srniel.csv
MoWSe2S2,JVASP-28698,electron,0.7,1.1641e-05,MoWSe2S2_JVASP-28698_e_srniel.csv
MoWSe2S2,JVASP-28698,electron,0.75,1.2201e-05,MoWSe2S2_JVASP-28698_e_srniel.csv
MoWSe2S2,JVASP-28698,electron,0.8,1.2734e-05,MoWSe2S2_JVASP-28698_e_srniel.csv
MoWSe2S2,JVASP-28698,electron,0.85,1.3303e-05,MoWSe2S2_JVASP-28698_e_srniel.csv
MoWSe2S2,JVASP-28698,electron,0.9,1.3884e-05,MoWSe2S2_JVASP-28698_e_srniel.csv
MoWSe2S2,JVASP-28698,electron,0.95,1.4463e-05,MoWSe2S2_JVASP-28698_e_srniel.csv
MoWSe2S2,JVASP-28698,electron,1.0,1.5039e-05,MoWSe2S2_JVASP-28698_e_srniel.csv
MoWSe2S2,JVASP-28698,electron,1.5,2.0325e-05,MoWSe2S2_JVASP-28698_e_srniel.csv
MoWSe2S2,JVASP-28698,electron,2.0,2.5334e-05,MoWSe2S2_JVASP-28698_e_srniel.csv
MoWSe2S2,JVASP-28698,electron,2.5,3.1199e-05,MoWSe2S2_JVASP-28698_e_srniel.csv
MoWSe2S2,JVASP-28698,electron,3.0,3.6582e-05,MoWSe2S2_JVASP-28698_e_srniel.csv
MoWSe2S2,JVASP-28698,electron,3.5,4.1266e-05,MoWSe2S2_JVASP-28698_e_srniel.csv
MoWSe2S2,JVASP-28698,electron,4.0,4.5322e-05,MoWSe2S2_JVASP-28698_e_srniel.csv
MoWSe2S2,JVASP-28698,electron,4.5,4.8861e-05,MoWSe2S2_JVASP-28698_e_srniel.csv
MoWSe2S2,JVASP-28698,electron,5.0,5.1978e-05,MoWSe2S2_JVASP-28698_e_srniel.csv
MoWSe2S2,JVASP-28698,electron,5.5,5.475e-05,MoWSe2S2_JVASP-28698_e_srniel.csv
MoWSe2S2,JVASP-28698,electron,6.0,5.7237e-05,MoWSe2S2_JVASP-28698_e_srniel.csv
MoWSe2S2,JVASP-28698,electron,6.5,5.9487e-05,MoWSe2S2_JVASP-28698_e_srniel.csv
MoWSe2S2,JVASP-28698,electron,7.0,6.1536e-05,MoWSe2S2_JVASP-28698_e_srniel.csv
MoWSe2S2,JVASP-28698,electron,7.5,6.3413e-05,MoWSe2S2_JVASP-28698_e_srniel.csv
MoWSe2S2,JVASP-28698,electron,8.0,6.5142e-05,MoWSe2S2_JVASP-28698_e_srniel.csv
MoWSe2S2,JVASP-28698,electron,8.5,6.6742e-05,MoWSe2S2_JVASP-28698_e_srniel.csv
MoWSe2S2,JVASP-28698,electron,9.0,6.8229e-05,MoWSe2S2_JVASP-28698_e_srniel.csv
MoWSe2S2,JVASP-28698,electron,9.5,6.9615e-05,MoWSe2S2_JVASP-28698_e_srniel.csv
MoWSe2S2,JVASP-28698,electron,10.0,7.0912e-05,MoWSe2S2_JVASP-28698_e_srniel.csv
MoWSe2S2,JVASP-28698,electron,15.0,8.0461e-05,MoWSe2S2_JVASP-28698_e_srniel.csv
MoWSe2S2,JVASP-28698,electron,20.0,8.6322e-05,MoWSe2S2_JVASP-28698_e_srniel.csv
MoWSe2S2,JVASP-28698,electron,25.0,9.0182e-05,MoWSe2S2_JVASP-28698_e_srniel.csv
MoWSe2S2,JVASP-28698,electron,30.0,9.2792e-05,MoWSe2S2_JVASP-28698_e_srniel.csv
MoWSe2S2,JVASP-28698,electron,35.0,9.4566e-05,MoWSe2S2_JVASP-28698_e_srniel.csv
MoWSe2S2,JVASP-28698,electron,40.0,9.5761e-05,MoWSe2S2_JVASP-28698_e_srniel.csv
MoWSe2S2,JVASP-28698,electron,45.0,9.6548e-05,MoWSe2S2_JVASP-28698_e_srniel.csv
MoWSe2S2,JVASP-28698,electron,50.0,9.7044e-05,MoWSe2S2_JVASP-28698_e_srniel.csv
MoWSe2S2,JVASP-28698,electron,55.0,9.7334e-05,MoWSe2S2_JVASP-28698_e_srniel.csv
MoWSe2S2,JVASP-28698,electron,60.0,9.7477e-05,MoWSe2S2_JVASP-28698_e_srniel.csv
MoWSe2S2,JVASP-28698,electron,65.0,9.7518e-05,MoWSe2S2_JVASP-28698_e_srniel.csv
MoWSe2S2,JVASP-28698,electron,70.0,9.7487e-05,MoWSe2S2_JVASP-28698_e_srniel.csv
MoWSe2S2,JVASP-28698,electron,75.0,9.7406e-05,MoWSe2S2_JVASP-28698_e_srniel.csv
MoWSe2S2,JVASP-28698,electron,80.0,9.7293e-05,MoWSe2S2_JVASP-28698_e_srniel.csv
MoWSe2S2,JVASP-28698,electron,85.0,9.7158e-05,MoWSe2S2_JVASP-28698_e_srniel.csv
MoWSe2S2,JVASP-28698,electron,90.0,9.701e-05,MoWSe2S2_JVASP-28698_e_srniel.csv
MoWSe2S2,JVASP-28698,electron,95.0,9.6856e-05,MoWSe2S2_JVASP-28698_e_srniel.csv
MoWSe2S2,JVASP-28698,electron,100.0,9.6698e-05,MoWSe2S2_JVASP-28698_e_srniel.csv
MoWSe2S2,JVASP-28698,proton,0.0001,0.24935,MoWSe2S2_JVASP-28698_p_srniel.csv
MoWSe2S2,JVASP-28698,proton,0.00015,0.44908,MoWSe2S2_JVASP-28698_p_srniel.csv
MoWSe2S2,JVASP-28698,proton,0.0002,0.68041,MoWSe2S2_JVASP-28698_p_srniel.csv
MoWSe2S2,JVASP-28698,proton,0.00025,0.83995,MoWSe2S2_JVASP-28698_p_srniel.csv
MoWSe2S2,JVASP-28698,proton,0.0003,0.95647,MoWSe2S2_JVASP-28698_p_srniel.csv
MoWSe2S2,JVASP-28698,proton,0.00035,1.0448,MoWSe2S2_JVASP-28698_p_srniel.csv
MoWSe2S2,JVASP-28698,proton,0.0004,1.1134,MoWSe2S2_JVASP-28698_p_srniel.csv
MoWSe2S2,JVASP-28698,proton,0.00045,1.1677,MoWSe2S2_JVASP-28698_p_srniel.csv
MoWSe2S2,JVASP-28698,proton,0.0005,1.2113,MoWSe2S2_JVASP-28698_p_srniel.csv
MoWSe2S2,JVASP-28698,proton,0.00055,1.2465,MoWSe2S2_JVASP-28698_p_srniel.csv
MoWSe2S2,JVASP-28698,proton,0.0006,1.2751,MoWSe2S2_JVASP-28698_p_srniel.csv
MoWSe2S2,JVASP-28698,proton,0.00065,1.2985,MoWSe2S2_JVASP-28698_p_srniel.csv
MoWSe2S2,JVASP-28698,proton,0.0007,1.3176,MoWSe2S2_JVASP-28698_p_srniel.csv
MoWSe2S2,JVASP-28698,proton,0.00075,1.3332,MoWSe2S2_JVASP-28698_p_srniel.csv
MoWSe2S2,JVASP-28698,proton,0.0008,1.3458,MoWSe2S2_JVASP-28698_p_srniel.csv
MoWSe2S2,JVASP-28698,proton,0.00085,1.3683,MoWSe2S2_JVASP-28698_p_srniel.csv
MoWSe2S2,JVASP-28698,proton,0.0009,1.3881,MoWSe2S2_JVASP-28698_p_srniel.csv
MoWSe2S2,JVASP-28698,proton,0.00095,1.4052,MoWSe2S2_JVASP-28698_p_srniel.csv
MoWSe2S2,JVASP-28698,proton,0.001,1.4198,MoWSe2S2_JVASP-28698_p_srniel.csv
MoWSe2S2,JVASP-28698,proton,0.0015,1.4853,MoWSe2S2_JVASP-28698_p_srniel.csv
MoWSe2S2,JVASP-28698,proton,0.002,1.4808,MoWSe2S2_JVASP-28698_p_srniel.csv
MoWSe2S2,JVASP-28698,proton,0.0025,1.4515,MoWSe2S2_JVASP-28698_p_srniel.csv
MoWSe2S2,JVASP-28698,proton,0.003,1.4384,MoWSe2S2_JVASP-28698_p_srniel.csv
MoWSe2S2,JVASP-28698,proton,0.0035,1.4175,MoWSe2S2_JVASP-28698_p_srniel.csv
MoWSe2S2,JVASP-28698,proton,0.004,1.3916,MoWSe2S2_JVASP-28698_p_srniel.csv
MoWSe2S2,JVASP-28698,proton,0.0045,1.3634,MoWSe2S2_JVASP-28698_p_srniel.csv
MoWSe2S2,JVASP-28698,proton,0.005,1.3344,MoWSe2S2_JVASP-28698_p_srniel.csv
MoWSe2S2,JVASP-28698,proton,0.0055,1.3054,MoWSe2S2_JVASP-28698_p_srniel.csv
MoWSe2S2,JVASP-28698,proton,0.006,1.2769,MoWSe2S2_JVASP-28698_p_srniel.csv
MoWSe2S2,JVASP-28698,proton,0.0065,1.2492,MoWSe2S2_JVASP-28698_p_srniel.csv
MoWSe2S2,JVASP-28698,proton,0.007,1.2224,MoWSe2S2_JVASP-28698_p_srniel.csv
MoWSe2S2,JVASP-28698,proton,0.0075,1.1965,MoWSe2S2_JVASP-28698_p_srniel.csv
MoWSe2S2,JVASP-28698,proton,0.008,1.1717,MoWSe2S2_JVASP-28698_p_srniel.csv
MoWSe2S2,JVASP-28698,proton,0.0085,1.1478,MoWSe2S2_JVASP-28698_p_srniel.csv
MoWSe2S2,JVASP-28698,proton,0.009,1.1249,MoWSe2S2_JVASP-28698_p_srniel.csv
MoWSe2S2,JVASP-28698,proton,0.0095,1.103,MoWSe2S2_JVASP-28698_p_srniel.csv
MoWSe2S2,JVASP-28698,proton,0.01,1.0819,MoWSe2S2_JVASP-28698_p_srniel.csv
MoWSe2S2,JVASP-28698,proton,0.015,0.91158,MoWSe2S2_JVASP-28698_p_srniel.csv
MoWSe2S2,JVASP-28698,proton,0.02,0.79219,MoWSe2S2_JVASP-28698_p_srniel.csv
MoWSe2S2,JVASP-28698,proton,0.025,0.70356,MoWSe2S2_JVASP-28698_p_srniel.csv
MoWSe2S2,JVASP-28698,proton,0.03,0.63482,MoWSe2S2_JVASP-28698_p_srniel.csv
MoWSe2S2,JVASP-28698,proton,0.035,0.57974,MoWSe2S2_JVASP-28698_p_srniel.csv
MoWSe2S2,JVASP-28698,proton,0.04,0.53446,MoWSe2S2_JVASP-28698_p_srniel.csv
MoWSe2S2,JVASP-28698,proton,0.045,0.49649,MoWSe2S2_JVASP-28698_p_srniel.csv
MoWSe2S2,JVASP-28698,proton,0.05,0.46411,MoWSe2S2_JVASP-28698_p_srniel.csv
MoWSe2S2,JVASP-28698,proton,0.055,0.43614,MoWSe2S2_JVASP-28698_p_srniel.csv
MoWSe2S2,JVASP-28698,proton,0.06,0.41169,MoWSe2S2_JVASP-28698_p_srniel.csv
MoWSe2S2,JVASP-28698,proton,0.065,0.39011,MoWSe2S2_JVASP-28698_p_srniel.csv
MoWSe2S2,JVASP-28698,proton,0.07,0.37091,MoWSe2S2_JVASP-28698_p_srniel.csv
MoWSe2S2,JVASP-28698,proton,0.075,0.35369,MoWSe2S2_JVASP-28698_p_srniel.csv
MoWSe2S2,JVASP-28698,proton,0.08,0.33816,MoWSe2S2_JVASP-28698_p_srniel.csv
MoWSe2S2,JVASP-28698,proton,0.085,0.32407,MoWSe2S2_JVASP-28698_p_srniel.csv
MoWSe2S2,JVASP-28698,proton,0.09,0.31121,MoWSe2S2_JVASP-28698_p_srniel.csv
MoWSe2S2,JVASP-28698,proton,0.095,0.29943,MoWSe2S2_JVASP-28698_p_srniel.csv
MoWSe2S2,JVASP-28698,proton,0.1,0.2886,MoWSe2S2_JVASP-28698_p_srniel.csv
MoWSe2S2,JVASP-28698,proton,0.15,0.21397,MoWSe2S2_JVASP-28698_p_srniel.csv
MoWSe2S2,JVASP-28698,proton,0.2,0.17184,MoWSe2S2_JVASP-28698_p_srniel.csv
MoWSe2S2,JVASP-28698,proton,0.25,0.14446,MoWSe2S2_JVASP-28698_p_srniel.csv
MoWSe2S2,JVASP-28698,proton,0.3,0.12518,MoWSe2S2_JVASP-28698_p_srniel.csv
MoWSe2S2,JVASP-28698,proton,0.35,0.11076,MoWSe2S2_JVASP-28698_p_srniel.csv
MoWSe2S2,JVASP-28698,proton,0.4,0.099383,MoWSe2S2_JVASP-28698_p_srniel.csv
MoWSe2S2,JVASP-28698,proton,0.45,0.090289,MoWSe2S2_JVASP-28698_p_srniel.csv
MoWSe2S2,JVASP-28698,proton,0.5,0.082841,MoWSe2S2_JVASP-28698_p_srniel.csv
MoWSe2S2,JVASP-28698,proton,0.55,0.07662,MoWSe2S2_JVASP-28698_p_srniel.csv
MoWSe2S2,JVASP-28698,proton,0.6,0.071339,MoWSe2S2_JVASP-28698_p_srniel.csv
MoWSe2S2,JVASP-28698,proton,0.65,0.066778,MoWSe2S2_JVASP-28698_p_srniel.csv
MoWSe2S2,JVASP-28698,proton,0.7,0.062807,MoWSe2S2_JVASP-28698_p_srniel.csv
MoWSe2S2,JVASP-28698,proton,0.75,0.059282,MoWSe2S2_JVASP-28698_p_srniel.csv
MoWSe2S2,JVASP-28698,proton,0.8,0.056078,MoWSe2S2_JVASP-28698_p_srniel.csv
MoWSe2S2,JVASP-28698,proton,0.85,0.053224,MoWSe2S2_JVASP-28698_p_srniel.csv
MoWSe2S2,JVASP-28698,proton,0.9,0.050639,MoWSe2S2_JVASP-28698_p_srniel.csv
MoWSe2S2,JVASP-28698,proton,0.95,0.0483,MoWSe2S2_JVASP-28698_p_srniel.csv
MoWSe2S2,JVASP-28698,proton,1.0,0.046179,MoWSe2S2_JVASP-28698_p_srniel.csv
MoWSe2S2,JVASP-28698,proton,1.5,0.032342,MoWSe2S2_JVASP-28698_p_srniel.csv
MoWSe2S2,JVASP-28698,proton,2.0,0.025061,MoWSe2S2_JVASP-28698_p_srniel.csv
MoWSe2S2,JVASP-28698,proton,2.5,0.020497,MoWSe2S2_JVASP-28698_p_srniel.csv
MoWSe2S2,JVASP-28698,proton,3.0,0.017385,MoWSe2S2_JVASP-28698_p_srniel.csv
MoWSe2S2,JVASP-28698,proton,3.5,0.015145,MoWSe2S2_JVASP-28698_p_srniel.csv
MoWSe2S2,JVASP-28698,proton,4.0,0.013461,MoWSe2S2_JVASP-28698_p_srniel.csv
MoWSe2S2,JVASP-28698,proton,4.5,0.012148,MoWSe2S2_JVASP-28698_p_srniel.csv
MoWSe2S2,JVASP-28698,proton,5.0,0.011102,MoWSe2S2_JVASP-28698_p_srniel.csv
MoWSe2S2,JVASP-28698,proton,5.5,0.01024,MoWSe2S2_JVASP-28698_p_srniel.csv
MoWSe2S2,JVASP-28698,proton,6.0,0.0095199,MoWSe2S2_JVASP-28698_p_srniel.csv
MoWSe2S2,JVASP-28698,proton,6.5,0.0089132,MoWSe2S2_JVASP-28698_p_srniel.csv
MoWSe2S2,JVASP-28698,proton,7.0,0.008395,MoWSe2S2_JVASP-28698_p_srniel.csv
MoWSe2S2,JVASP-28698,proton,7.5,0.0079474,MoWSe2S2_JVASP-28698_p_srniel.csv
MoWSe2S2,JVASP-28698,proton,8.0,0.0075573,MoWSe2S2_JVASP-28698_p_srniel.csv
MoWSe2S2,JVASP-28698,proton,8.5,0.0072149,MoWSe2S2_JVASP-28698_p_srniel.csv
MoWSe2S2,JVASP-28698,proton,9.0,0.0069124,MoWSe2S2_JVASP-28698_p_srniel.csv
MoWSe2S2,JVASP-28698,proton,9.5,0.0066434,MoWSe2S2_JVASP-28698_p_srniel.csv
MoWSe2S2,JVASP-28698,proton,10.0,0.0064025,MoWSe2S2_JVASP-28698_p_srniel.csv
MoWSe2S2,JVASP-28698,proton,15.0,0.0049093,MoWSe2S2_JVASP-28698_p_srniel.csv
MoWSe2S2,JVASP-28698,proton,20.0,0.004204,MoWSe2S2_JVASP-28698_p_srniel.csv
MoWSe2S2,JVASP-28698,proton,25.0,0.003802,MoWSe2S2_JVASP-28698_p_srniel.csv
MoWSe2S2,JVASP-28698,proton,30.0,0.0035308,MoWSe2S2_JVASP-28698_p_srniel.csv
MoWSe2S2,JVASP-28698,proton,35.0,0.0033239,MoWSe2S2_JVASP-28698_p_srniel.csv
MoWSe2S2,JVASP-28698,proton,40.0,0.0031566,MoWSe2S2_JVASP-28698_p_srniel.csv
MoWSe2S2,JVASP-28698,proton,45.0,0.0030188,MoWSe2S2_JVASP-28698_p_srniel.csv
MoWSe2S2,JVASP-28698,proton,50.0,0.0029049,MoWSe2S2_JVASP-28698_p_srniel.csv
MoWSe2S2,JVASP-28698,proton,55.0,0.0028107,MoWSe2S2_JVASP-28698_p_srniel.csv
MoWSe2S2,JVASP-28698,proton,60.0,0.0027327,MoWSe2S2_JVASP-28698_p_srniel.csv
MoWSe2S2,JVASP-28698,proton,65.0,0.0026677,MoWSe2S2_JVASP-28698_p_srniel.csv
MoWSe2S2,JVASP-28698,proton,70.0,0.0026128,MoWSe2S2_JVASP-28698_p_srniel.csv
MoWSe2S2,JVASP-28698,proton,75.0,0.002566,MoWSe2S2_JVASP-28698_p_srniel.csv
MoWSe2S2,JVASP-28698,proton,80.0,0.0025253,MoWSe2S2_JVASP-28698_p_srniel.csv
MoWSe2S2,JVASP-28698,proton,85.0,0.0024893,MoWSe2S2_JVASP-28698_p_srniel.csv
MoWSe2S2,JVASP-28698,proton,90.0,0.0024569,MoWSe2S2_JVASP-28698_p_srniel.csv
MoWSe2S2,JVASP-28698,proton,95.0,0.0024272,MoWSe2S2_JVASP-28698_p_srniel.csv
MoWSe2S2,JVASP-28698,proton,100.0,0.0023995,MoWSe2S2_JVASP-28698_p_srniel.csv
MoWSe2S2,JVASP-28698,proton,150.0,0.0021812,MoWSe2S2_JVASP-28698_p_srniel.csv
MoWSe2S2,JVASP-28698,proton,200.0,0.0020453,MoWSe2S2_JVASP-28698_p_srniel.csv
MoWSe2S2,JVASP-28698,proton,250.0,0.0019847,MoWSe2S2_JVASP-28698_p_srniel.csv
MoWSe2S2,JVASP-28698,proton,300.0,0.0019727,MoWSe2S2_JVASP-28698_p_srniel.csv
MoWSe2S2,JVASP-28698,proton,350.0,0.001985,MoWSe2S2_JVASP-28698_p_srniel.csv
MoWSe2S2,JVASP-28698,proton,400.0,0.0020075,MoWSe2S2_JVASP-28698_p_srniel.csv
MoWSe2S2,JVASP-28698,proton,450.0,0.0020347,MoWSe2S2_JVASP-28698_p_srniel.csv
MoWSe2S2,JVASP-28698,proton,500.0,0.0020653,MoWSe2S2_JVASP-28698_p_srniel.csv
MoWSe2S2,JVASP-28698,proton,550.0,0.0020989,MoWSe2S2_JVASP-28698_p_srniel.csv
MoWSe2S2,JVASP-28698,proton,600.0,0.002135,MoWSe2S2_JVASP-28698_p_srniel.csv
MoWSe2S2,JVASP-28698,proton,650.0,0.002172,MoWSe2S2_JVASP-28698_p_srniel.csv
MoWSe2S2,JVASP-28698,proton,700.0,0.0022071,MoWSe2S2_JVASP-28698_p_srniel.csv
MoWSe2S2,JVASP-28698,proton,750.0,0.0022368,MoWSe2S2_JVASP-28698_p_srniel.csv
MoWSe2S2,JVASP-28698,proton,800.0,0.0022583,MoWSe2S2_JVASP-28698_p_srniel.csv
MoWSe2S2,JVASP-28698,proton,850.0,0.0022696,MoWSe2S2_JVASP-28698_p_srniel.csv
MoWSe2S2,JVASP-28698,proton,900.0,0.0022713,MoWSe2S2_JVASP-28698_p_srniel.csv
MoWSe2S2,JVASP-28698,proton,950.0,0.0022665,MoWSe2S2_JVASP-28698_p_srniel.csv
MoWSe2S2,JVASP-28698,proton,1000.0,0.0022619,MoWSe2S2_JVASP-28698_p_srniel.csv
Na2GaNiF7,JVASP-57312,electron,0.04,0.0,Na2GaNiF7_JVASP-57312_e_srniel.csv
Na2GaNiF7,JVASP-57312,electron,0.045,0.0,Na2GaNiF7_JVASP-57312_e_srniel.csv
Na2GaNiF7,JVASP-57312,electron,0.05,0.0,Na2GaNiF7_JVASP-57312_e_srniel.csv
Na2GaNiF7,JVASP-57312,electron,0.055,0.0,Na2GaNiF7_JVASP-57312_e_srniel.csv
Na2GaNiF7,JVASP-57312,electron,0.06,0.0,Na2GaNiF7_JVASP-57312_e_srniel.csv
Na2GaNiF7,JVASP-57312,electron,0.065,0.0,Na2GaNiF7_JVASP-57312_e_srniel.csv
Na2GaNiF7,JVASP-57312,electron,0.07,0.0,Na2GaNiF7_JVASP-57312_e_srniel.csv
Na2GaNiF7,JVASP-57312,electron,0.075,0.0,Na2GaNiF7_JVASP-57312_e_srniel.csv
Na2GaNiF7,JVASP-57312,electron,0.08,2.2217e-07,Na2GaNiF7_JVASP-57312_e_srniel.csv
Na2GaNiF7,JVASP-57312,electron,0.085,6.8959e-07,Na2GaNiF7_JVASP-57312_e_srniel.csv
Na2GaNiF7,JVASP-57312,electron,0.09,1.0889e-06,Na2GaNiF7_JVASP-57312_e_srniel.csv
Na2GaNiF7,JVASP-57312,electron,0.095,1.433e-06,Na2GaNiF7_JVASP-57312_e_srniel.csv
Na2GaNiF7,JVASP-57312,electron,0.1,1.7318e-06,Na2GaNiF7_JVASP-57312_e_srniel.csv
Na2GaNiF7,JVASP-57312,electron,0.15,6.6777e-06,Na2GaNiF7_JVASP-57312_e_srniel.csv
Na2GaNiF7,JVASP-57312,electron,0.2,9.9812e-06,Na2GaNiF7_JVASP-57312_e_srniel.csv
Na2GaNiF7,JVASP-57312,electron,0.25,1.2047e-05,Na2GaNiF7_JVASP-57312_e_srniel.csv
Na2GaNiF7,JVASP-57312,electron,0.3,1.4119e-05,Na2GaNiF7_JVASP-57312_e_srniel.csv
Na2GaNiF7,JVASP-57312,electron,0.35,1.5795e-05,Na2GaNiF7_JVASP-57312_e_srniel.csv
Na2GaNiF7,JVASP-57312,electron,0.4,1.7236e-05,Na2GaNiF7_JVASP-57312_e_srniel.csv
Na2GaNiF7,JVASP-57312,electron,0.45,1.8605e-05,Na2GaNiF7_JVASP-57312_e_srniel.csv
Na2GaNiF7,JVASP-57312,electron,0.5,2.0025e-05,Na2GaNiF7_JVASP-57312_e_srniel.csv
Na2GaNiF7,JVASP-57312,electron,0.55,2.1373e-05,Na2GaNiF7_JVASP-57312_e_srniel.csv
Na2GaNiF7,JVASP-57312,electron,0.6,2.2661e-05,Na2GaNiF7_JVASP-57312_e_srniel.csv
Na2GaNiF7,JVASP-57312,electron,0.65,2.3896e-05,Na2GaNiF7_JVASP-57312_e_srniel.csv
Na2GaNiF7,JVASP-57312,electron,0.7,2.5083e-05,Na2GaNiF7_JVASP-57312_e_srniel.csv
Na2GaNiF7,JVASP-57312,electron,0.75,2.6226e-05,Na2GaNiF7_JVASP-57312_e_srniel.csv
Na2GaNiF7,JVASP-57312,electron,0.8,2.733e-05,Na2GaNiF7_JVASP-57312_e_srniel.csv
Na2GaNiF7,JVASP-57312,electron,0.85,2.8396e-05,Na2GaNiF7_JVASP-57312_e_srniel.csv
Na2GaNiF7,JVASP-57312,electron,0.9,2.9428e-05,Na2GaNiF7_JVASP-57312_e_srniel.csv
Na2GaNiF7,JVASP-57312,electron,0.95,3.0428e-05,Na2GaNiF7_JVASP-57312_e_srniel.csv
Na2GaNiF7,JVASP-57312,electron,1.0,3.1397e-05,Na2GaNiF7_JVASP-57312_e_srniel.csv
Na2GaNiF7,JVASP-57312,electron,1.5,3.9744e-05,Na2GaNiF7_JVASP-57312_e_srniel.csv
Na2GaNiF7,JVASP-57312,electron,2.0,4.632e-05,Na2GaNiF7_JVASP-57312_e_srniel.csv
Na2GaNiF7,JVASP-57312,electron,2.5,5.1718e-05,Na2GaNiF7_JVASP-57312_e_srniel.csv
Na2GaNiF7,JVASP-57312,electron,3.0,5.6279e-05,Na2GaNiF7_JVASP-57312_e_srniel.csv
Na2GaNiF7,JVASP-57312,electron,3.5,6.0216e-05,Na2GaNiF7_JVASP-57312_e_srniel.csv
Na2GaNiF7,JVASP-57312,electron,4.0,6.367e-05,Na2GaNiF7_JVASP-57312_e_srniel.csv
Na2GaNiF7,JVASP-57312,electron,4.5,6.6741e-05,Na2GaNiF7_JVASP-57312_e_srniel.csv
Na2GaNiF7,JVASP-57312,electron,5.0,6.9499e-05,Na2GaNiF7_JVASP-57312_e_srniel.csv
Na2GaNiF7,JVASP-57312,electron,5.5,7.1998e-05,Na2GaNiF7_JVASP-57312_e_srniel.csv
Na2GaNiF7,JVASP-57312,electron,6.0,7.428e-05,Na2GaNiF7_JVASP-57312_e_srniel.csv
Na2GaNiF7,JVASP-57312,electron,6.5,7.6376e-05,Na2GaNiF7_JVASP-57312_e_srniel.csv
Na2GaNiF7,JVASP-57312,electron,7.0,7.8311e-05,Na2GaNiF7_JVASP-57312_e_srniel.csv
Na2GaNiF7,JVASP-57312,electron,7.5,8.0106e-05,Na2GaNiF7_JVASP-57312_e_srniel.csv
Na2GaNiF7,JVASP-57312,electron,8.0,8.1778e-05,Na2GaNiF7_JVASP-57312_e_srniel.csv
Na2GaNiF7,JVASP-57312,electron,8.5,8.3342e-05,Na2GaNiF7_JVASP-57312_e_srniel.csv
Na2GaNiF7,JVASP-57312,electron,9.0,8.4808e-05,Na2GaNiF7_JVASP-57312_e_srniel.csv
Na2GaNiF7,JVASP-57312,electron,9.5,8.6188e-05,Na2GaNiF7_JVASP-57312_e_srniel.csv
Na2GaNiF7,JVASP-57312,electron,10.0,8.7488e-05,Na2GaNiF7_JVASP-57312_e_srniel.csv
Na2GaNiF7,JVASP-57312,electron,15.0,9.7399e-05,Na2GaNiF7_JVASP-57312_e_srniel.csv
Na2GaNiF7,JVASP-57312,electron,20.0,0.00010386,Na2GaNiF7_JVASP-57312_e_srniel.csv
Na2GaNiF7,JVASP-57312,electron,25.0,0.00010839,Na2GaNiF7_JVASP-57312_e_srniel.csv
Na2GaNiF7,JVASP-57312,electron,30.0,0.00011171,Na2GaNiF7_JVASP-57312_e_srniel.csv
Na2GaNiF7,JVASP-57312,electron,35.0,0.0001142,Na2GaNiF7_JVASP-57312_e_srniel.csv
Na2GaNiF7,JVASP-57312,electron,40.0,0.00011611,Na2GaNiF7_JVASP-57312_e_srniel.csv
Na2GaNiF7,JVASP-57312,electron,45.0,0.00011758,Na2GaNiF7_JVASP-57312_e_srniel.csv
Na2GaNiF7,JVASP-57312,electron,50.0,0.00011872,Na2GaNiF7_JVASP-57312_e_srniel.csv
Na2GaNiF7,JVASP-57312,electron,55.0,0.00011961,Na2GaNiF7_JVASP-57312_e_srniel.csv
Na2GaNiF7,JVASP-57312,electron,60.0,0.00012032,Na2GaNiF7_JVASP-57312_e_srniel.csv
Na2GaNiF7,JVASP-57312,electron,65.0,0.00012087,Na2GaNiF7_JVASP-57312_e_srniel.csv
Na2GaNiF7,JVASP-57312,electron,70.0,0.00012131,Na2GaNiF7_JVASP-57312_e_srniel.csv
Na2GaNiF7,JVASP-57312,electron,75.0,0.00012166,Na2GaNiF7_JVASP-57312_e_srniel.csv
Na2GaNiF7,JVASP-57312,electron,80.0,0.00012194,Na2GaNiF7_JVASP-57312_e_srniel.csv
Na2GaNiF7,JVASP-57312,electron,85.0,0.00012216,Na2GaNiF7_JVASP-57312_e_srniel.csv
Na2GaNiF7,JVASP-57312,electron,90.0,0.00012234,Na2GaNiF7_JVASP-57312_e_srniel.csv
Na2GaNiF7,JVASP-57312,electron,95.0,0.00012248,Na2GaNiF7_JVASP-57312_e_srniel.csv
Na2GaNiF7,JVASP-57312,electron,100.0,0.00012259,Na2GaNiF7_JVASP-57312_e_srniel.csv
Na2GaNiF7,JVASP-57312,proton,0.0001,1.617,Na2GaNiF7_JVASP-57312_p_srniel.csv
Na2GaNiF7,JVASP-57312,proton,0.00015,3.2171,Na2GaNiF7_JVASP-57312_p_srniel.csv
Na2GaNiF7,JVASP-57312,proton,0.0002,4.1548,Na2GaNiF7_JVASP-57312_p_srniel.csv
Na2GaNiF7,JVASP-57312,proton,0.00025,4.7543,Na2GaNiF7_JVASP-57312_p_srniel.csv
Na2GaNiF7,JVASP-57312,proton,0.0003,5.1403,Na2GaNiF7_JVASP-57312_p_srniel.csv
Na2GaNiF7,JVASP-57312,proton,0.00035,5.3988,Na2GaNiF7_JVASP-57312_p_srniel.csv
Na2GaNiF7,JVASP-57312,proton,0.0004,5.6222,Na2GaNiF7_JVASP-57312_p_srniel.csv
Na2GaNiF7,JVASP-57312,proton,0.00045,5.7768,Na2GaNiF7_JVASP-57312_p_srniel.csv
Na2GaNiF7,JVASP-57312,proton,0.0005,5.8824,Na2GaNiF7_JVASP-57312_p_srniel.csv
Na2GaNiF7,JVASP-57312,proton,0.00055,5.9521,Na2GaNiF7_JVASP-57312_p_srniel.csv
Na2GaNiF7,JVASP-57312,proton,0.0006,5.9952,Na2GaNiF7_JVASP-57312_p_srniel.csv
Na2GaNiF7,JVASP-57312,proton,0.00065,6.018,Na2GaNiF7_JVASP-57312_p_srniel.csv
Na2GaNiF7,JVASP-57312,proton,0.0007,6.0254,Na2GaNiF7_JVASP-57312_p_srniel.csv
Na2GaNiF7,JVASP-57312,proton,0.00075,6.0208,Na2GaNiF7_JVASP-57312_p_srniel.csv
Na2GaNiF7,JVASP-57312,proton,0.0008,6.007,Na2GaNiF7_JVASP-57312_p_srniel.csv
Na2GaNiF7,JVASP-57312,proton,0.00085,5.9859,Na2GaNiF7_JVASP-57312_p_srniel.csv
Na2GaNiF7,JVASP-57312,proton,0.0009,5.9591,Na2GaNiF7_JVASP-57312_p_srniel.csv
Na2GaNiF7,JVASP-57312,proton,0.00095,5.9278,Na2GaNiF7_JVASP-57312_p_srniel.csv
Na2GaNiF7,JVASP-57312,proton,0.001,5.8931,Na2GaNiF7_JVASP-57312_p_srniel.csv
Na2GaNiF7,JVASP-57312,proton,0.0015,5.4697,Na2GaNiF7_JVASP-57312_p_srniel.csv
Na2GaNiF7,JVASP-57312,proton,0.002,5.0482,Na2GaNiF7_JVASP-57312_p_srniel.csv
Na2GaNiF7,JVASP-57312,proton,0.0025,4.6786,Na2GaNiF7_JVASP-57312_p_srniel.csv
Na2GaNiF7,JVASP-57312,proton,0.003,4.3608,Na2GaNiF7_JVASP-57312_p_srniel.csv
Na2GaNiF7,JVASP-57312,proton,0.0035,4.087,Na2GaNiF7_JVASP-57312_p_srniel.csv
Na2GaNiF7,JVASP-57312,proton,0.004,3.8491,Na2GaNiF7_JVASP-57312_p_srniel.csv
Na2GaNiF7,JVASP-57312,proton,0.0045,3.6407,Na2GaNiF7_JVASP-57312_p_srniel.csv
Na2GaNiF7,JVASP-57312,proton,0.005,3.4565,Na2GaNiF7_JVASP-57312_p_srniel.csv
Na2GaNiF7,JVASP-57312,proton,0.0055,3.2925,Na2GaNiF7_JVASP-57312_p_srniel.csv
Na2GaNiF7,JVASP-57312,proton,0.006,3.1453,Na2GaNiF7_JVASP-57312_p_srniel.csv
Na2GaNiF7,JVASP-57312,proton,0.0065,3.0125,Na2GaNiF7_JVASP-57312_p_srniel.csv
Na2GaNiF7,JVASP-57312,proton,0.007,2.8919,Na2GaNiF7_JVASP-57312_p_srniel.csv
Na2GaNiF7,JVASP-57312,proton,0.0075,2.7819,Na2GaNiF7_JVASP-57312_p_srniel.csv
Na2GaNiF7,JVASP-57312,proton,0.008,2.681,Na2GaNiF7_JVASP-57312_p_srniel.csv
Na2GaNiF7,JVASP-57312,proton,0.0085,2.5881,Na2GaNiF7_JVASP-57312_p_srniel.csv
Na2GaNiF7,JVASP-57312,proton,0.009,2.5023,Na2GaNiF7_JVASP-57312_p_srniel.csv
Na2GaNiF7,JVASP-57312,proton,0.0095,2.4227,Na2GaNiF7_JVASP-57312_p_srniel.csv
Na2GaNiF7,JVASP-57312,proton,0.01,2.3486,Na2GaNiF7_JVASP-57312_p_srniel.csv
Na2GaNiF7,JVASP-57312,proton,0.015,1.8154,Na2GaNiF7_JVASP-57312_p_srniel.csv
Na2GaNiF7,JVASP-57312,proton,0.02,1.4944,Na2GaNiF7_JVASP-57312_p_srniel.csv
Na2GaNiF7,JVASP-57312,proton,0.025,1.2772,Na2GaNiF7_JVASP-57312_p_srniel.csv
Na2GaNiF7,JVASP-57312,proton,0.03,1.1194,Na2GaNiF7_JVASP-57312_p_srniel.csv
Na2GaNiF7,JVASP-57312,proton,0.035,0.99884,Na2GaNiF7_JVASP-57312_p_srniel.csv
Na2GaNiF7,JVASP-57312,proton,0.04,0.90349,Na2GaNiF7_JVASP-57312_p_srniel.csv
Na2GaNiF7,JVASP-57312,proton,0.045,0.82596,Na2GaNiF7_JVASP-57312_p_srniel.csv
Na2GaNiF7,JVASP-57312,proton,0.05,0.76156,Na2GaNiF7_JVASP-57312_p_srniel.csv
Na2GaNiF7,JVASP-57312,proton,0.055,0.70712,Na2GaNiF7_JVASP-57312_p_srniel.csv
Na2GaNiF7,JVASP-57312,proton,0.06,0.66021,Na2GaNiF7_JVASP-57312_p_srniel.csv
Na2GaNiF7,JVASP-57312,proton,0.065,0.6194,Na2GaNiF7_JVASP-57312_p_srniel.csv
Na2GaNiF7,JVASP-57312,proton,0.07,0.58373,Na2GaNiF7_JVASP-57312_p_srniel.csv
Na2GaNiF7,JVASP-57312,proton,0.075,0.55224,Na2GaNiF7_JVASP-57312_p_srniel.csv
Na2GaNiF7,JVASP-57312,proton,0.08,0.52423,Na2GaNiF7_JVASP-57312_p_srniel.csv
Na2GaNiF7,JVASP-57312,proton,0.085,0.49917,Na2GaNiF7_JVASP-57312_p_srniel.csv
Na2GaNiF7,JVASP-57312,proton,0.09,0.47659,Na2GaNiF7_JVASP-57312_p_srniel.csv
Na2GaNiF7,JVASP-57312,proton,0.095,0.45613,Na2GaNiF7_JVASP-57312_p_srniel.csv
Na2GaNiF7,JVASP-57312,proton,0.1,0.43751,Na2GaNiF7_JVASP-57312_p_srniel.csv
Na2GaNiF7,JVASP-57312,proton,0.15,0.3139,Na2GaNiF7_JVASP-57312_p_srniel.csv
Na2GaNiF7,JVASP-57312,proton,0.2,0.24638,Na2GaNiF7_JVASP-57312_p_srniel.csv
Na2GaNiF7,JVASP-57312,proton,0.25,0.20282,Na2GaNiF7_JVASP-57312_p_srniel.csv
Na2GaNiF7,JVASP-57312,proton,0.3,0.17276,Na2GaNiF7_JVASP-57312_p_srniel.csv
Na2GaNiF7,JVASP-57312,proton,0.35,0.15079,Na2GaNiF7_JVASP-57312_p_srniel.csv
Na2GaNiF7,JVASP-57312,proton,0.4,0.13399,Na2GaNiF7_JVASP-57312_p_srniel.csv
Na2GaNiF7,JVASP-57312,proton,0.45,0.12071,Na2GaNiF7_JVASP-57312_p_srniel.csv
Na2GaNiF7,JVASP-57312,proton,0.5,0.10993,Na2GaNiF7_JVASP-57312_p_srniel.csv
Na2GaNiF7,JVASP-57312,proton,0.55,0.101,Na2GaNiF7_JVASP-57312_p_srniel.csv
Na2GaNiF7,JVASP-57312,proton,0.6,0.093442,Na2GaNiF7_JVASP-57312_p_srniel.csv
Na2GaNiF7,JVASP-57312,proton,0.65,0.086924,Na2GaNiF7_JVASP-57312_p_srniel.csv
Na2GaNiF7,JVASP-57312,proton,0.7,0.081189,Na2GaNiF7_JVASP-57312_p_srniel.csv
Na2GaNiF7,JVASP-57312,proton,0.75,0.076172,Na2GaNiF7_JVASP-57312_p_srniel.csv
Na2GaNiF7,JVASP-57312,proton,0.8,0.071754,Na2GaNiF7_JVASP-57312_p_srniel.csv
Na2GaNiF7,JVASP-57312,proton,0.85,0.067831,Na2GaNiF7_JVASP-57312_p_srniel.csv
Na2GaNiF7,JVASP-57312,proton,0.9,0.064324,Na2GaNiF7_JVASP-57312_p_srniel.csv
Na2GaNiF7,JVASP-57312,proton,0.95,0.06117,Na2GaNiF7_JVASP-57312_p_srniel.csv
Na2GaNiF7,JVASP-57312,proton,1.0,0.058317,Na2GaNiF7_JVASP-57312_p_srniel.csv
Na2GaNiF7,JVASP-57312,proton,1.5,0.039906,Na2GaNiF7_JVASP-57312_p_srniel.csv
Na2GaNiF7,JVASP-57312,proton,2.0,0.030435,Na2GaNiF7_JVASP-57312_p_srniel.csv
Na2GaNiF7,JVASP-57312,proton,2.5,0.024644,Na2GaNiF7_JVASP-57312_p_srniel.csv
Na2GaNiF7,JVASP-57312,proton,3.0,0.020731,Na2GaNiF7_JVASP-57312_p_srniel.csv
Na2GaNiF7,JVASP-57312,proton,3.5,0.017931,Na2GaNiF7_JVASP-57312_p_srniel.csv
Na2GaNiF7,JVASP-57312,proton,4.0,0.01609,Na2GaNiF7_JVASP-57312_p_srniel.csv
Na2GaNiF7,JVASP-57312,proton,4.5,0.014665,Na2GaNiF7_JVASP-57312_p_srniel.csv
Na2GaNiF7,JVASP-57312,proton,5.0,0.013426,Na2GaNiF7_JVASP-57312_p_srniel.csv
Na2GaNiF7,JVASP-57312,proton,5.5,0.012402,Na2GaNiF7_JVASP-57312_p_srniel.csv
Na2GaNiF7,JVASP-57312,proton,6.0,0.01157,Na2GaNiF7_JVASP-57312_p_srniel.csv
Na2GaNiF7,JVASP-57312,proton,6.5,0.010889,Na2GaNiF7_JVASP-57312_p_srniel.csv
Na2GaNiF7,JVASP-57312,proton,7.0,0.010322,Na2GaNiF7_JVASP-57312_p_srniel.csv
Na2GaNiF7,JVASP-57312,proton,7.5,0.0098413,Na2GaNiF7_JVASP-57312_p_srniel.csv
Na2GaNiF7,JVASP-57312,proton,8.0,0.0094225,Na2GaNiF7_JVASP-57312_p_srniel.csv
Na2GaNiF7,JVASP-57312,proton,8.5,0.0090498,Na2GaNiF7_JVASP-57312_p_srniel.csv
Na2GaNiF7,JVASP-57312,proton,9.0,0.0087125,Na2GaNiF7_JVASP-57312_p_srniel.csv
Na2GaNiF7,JVASP-57312,proton,9.5,0.008404,Na2GaNiF7_JVASP-57312_p_srniel.csv
Na2GaNiF7,JVASP-57312,proton,10.0,0.0081202,Na2GaNiF7_JVASP-57312_p_srniel.csv
Na2GaNiF7,JVASP-57312,proton,15.0,0.0062684,Na2GaNiF7_JVASP-57312_p_srniel.csv
Na2GaNiF7,JVASP-57312,proton,20.0,0.0054547,Na2GaNiF7_JVASP-57312_p_srniel.csv
Na2GaNiF7,JVASP-57312,proton,25.0,0.0050206,Na2GaNiF7_JVASP-57312_p_srniel.csv
Na2GaNiF7,JVASP-57312,proton,30.0,0.0047022,Na2GaNiF7_JVASP-57312_p_srniel.csv
Na2GaNiF7,JVASP-57312,proton,35.0,0.0044222,Na2GaNiF7_JVASP-57312_p_srniel.csv
Na2GaNiF7,JVASP-57312,proton,40.0,0.0041688,Na2GaNiF7_JVASP-57312_p_srniel.csv
Na2GaNiF7,JVASP-57312,proton,45.0,0.003944,Na2GaNiF7_JVASP-57312_p_srniel.csv
Na2GaNiF7,JVASP-57312,proton,50.0,0.0037485,Na2GaNiF7_JVASP-57312_p_srniel.csv
Na2GaNiF7,JVASP-57312,proton,55.0,0.0035804,Na2GaNiF7_JVASP-57312_p_srniel.csv
Na2GaNiF7,JVASP-57312,proton,60.0,0.0034358,Na2GaNiF7_JVASP-57312_p_srniel.csv
Na2GaNiF7,JVASP-57312,proton,65.0,0.0033106,Na2GaNiF7_JVASP-57312_p_srniel.csv
Na2GaNiF7,JVASP-57312,proton,70.0,0.0032013,Na2GaNiF7_JVASP-57312_p_srniel.csv
Na2GaNiF7,JVASP-57312,proton,75.0,0.0031044,Na2GaNiF7_JVASP-57312_p_srniel.csv
Na2GaNiF7,JVASP-57312,proton,80.0,0.0030175,Na2GaNiF7_JVASP-57312_p_srniel.csv
Na2GaNiF7,JVASP-57312,proton,85.0,0.0029387,Na2GaNiF7_JVASP-57312_p_srniel.csv
Na2GaNiF7,JVASP-57312,proton,90.0,0.0028662,Na2GaNiF7_JVASP-57312_p_srniel.csv
Na2GaNiF7,JVASP-57312,proton,95.0,0.0027991,Na2GaNiF7_JVASP-57312_p_srniel.csv
Na2GaNiF7,JVASP-57312,proton,100.0,0.0027365,Na2GaNiF7_JVASP-57312_p_srniel.csv
Na2GaNiF7,JVASP-57312,proton,150.0,0.0022762,Na2GaNiF7_JVASP-57312_p_srniel.csv
Na2GaNiF7,JVASP-57312,proton,200.0,0.0020214,Na2GaNiF7_JVASP-57312_p_srniel.csv
Na2GaNiF7,JVASP-57312,proton,250.0,0.0018915,Na2GaNiF7_JVASP-57312_p_srniel.csv
Na2GaNiF7,JVASP-57312,proton,300.0,0.0018306,Na2GaNiF7_JVASP-57312_p_srniel.csv
Na2GaNiF7,JVASP-57312,proton,350.0,0.0018053,Na2GaNiF7_JVASP-57312_p_srniel.csv
Na2GaNiF7,JVASP-57312,proton,400.0,0.0017984,Na2GaNiF7_JVASP-57312_p_srniel.csv
Na2GaNiF7,JVASP-57312,proton,450.0,0.0018014,Na2GaNiF7_JVASP-57312_p_srniel.csv
Na2GaNiF7,JVASP-57312,proton,500.0,0.0018102,Na2GaNiF7_JVASP-57312_p_srniel.csv
Na2GaNiF7,JVASP-57312,proton,550.0,0.0018225,Na2GaNiF7_JVASP-57312_p_srniel.csv
Na2GaNiF7,JVASP-57312,proton,600.0,0.0018363,Na2GaNiF7_JVASP-57312_p_srniel.csv
Na2GaNiF7,JVASP-57312,proton,650.0,0.0018492,Na2GaNiF7_JVASP-57312_p_srniel.csv
Na2GaNiF7,JVASP-57312,proton,700.0,0.001859,Na2GaNiF7_JVASP-57312_p_srniel.csv
Na2GaNiF7,JVASP-57312,proton,750.0,0.0018639,Na2GaNiF7_JVASP-57312_p_srniel.csv
Na2GaNiF7,JVASP-57312,proton,800.0,0.0018629,Na2GaNiF7_JVASP-57312_p_srniel.csv
Na2GaNiF7,JVASP-57312,proton,850.0,0.0018566,Na2GaNiF7_JVASP-57312_p_srniel.csv
Na2GaNiF7,JVASP-57312,proton,900.0,0.0018477,Na2GaNiF7_JVASP-57312_p_srniel.csv
Na2GaNiF7,JVASP-57312,proton,950.0,0.0018409,Na2GaNiF7_JVASP-57312_p_srniel.csv
Na2GaNiF7,JVASP-57312,proton,1000.0,0.0018434,Na2GaNiF7_JVASP-57312_p_srniel.csv
Na2WO4,JVASP-11669,electron,0.04,0.0,Na2WO4_JVASP-11669_e_srniel.csv
Na2WO4,JVASP-11669,electron,0.045,0.0,Na2WO4_JVASP-11669_e_srniel.csv
Na2WO4,JVASP-11669,electron,0.05,3.9191e-07,Na2WO4_JVASP-11669_e_srniel.csv
Na2WO4,JVASP-11669,electron,0.055,2.1784e-06,Na2WO4_JVASP-11669_e_srniel.csv
Na2WO4,JVASP-11669,electron,0.06,3.5531e-06,Na2WO4_JVASP-11669_e_srniel.csv
Na2WO4,JVASP-11669,electron,0.065,4.63e-06,Na2WO4_JVASP-11669_e_srniel.csv
Na2WO4,JVASP-11669,electron,0.07,5.4865e-06,Na2WO4_JVASP-11669_e_srniel.csv
Na2WO4,JVASP-11669,electron,0.075,6.1765e-06,Na2WO4_JVASP-11669_e_srniel.csv
Na2WO4,JVASP-11669,electron,0.08,6.7388e-06,Na2WO4_JVASP-11669_e_srniel.csv
Na2WO4,JVASP-11669,electron,0.085,7.2017e-06,Na2WO4_JVASP-11669_e_srniel.csv
Na2WO4,JVASP-11669,electron,0.09,7.586e-06,Na2WO4_JVASP-11669_e_srniel.csv
Na2WO4,JVASP-11669,electron,0.095,7.9078e-06,Na2WO4_JVASP-11669_e_srniel.csv
Na2WO4,JVASP-11669,electron,0.1,8.1791e-06,Na2WO4_JVASP-11669_e_srniel.csv
Na2WO4,JVASP-11669,electron,0.15,9.4867e-06,Na2WO4_JVASP-11669_e_srniel.csv
Na2WO4,JVASP-11669,electron,0.2,9.8995e-06,Na2WO4_JVASP-11669_e_srniel.csv
Na2WO4,JVASP-11669,electron,0.25,1.0278e-05,Na2WO4_JVASP-11669_e_srniel.csv
Na2WO4,JVASP-11669,electron,0.3,1.0914e-05,Na2WO4_JVASP-11669_e_srniel.csv
Na2WO4,JVASP-11669,electron,0.35,1.1451e-05,Na2WO4_JVASP-11669_e_srniel.csv
Na2WO4,JVASP-11669,electron,0.4,1.1935e-05,Na2WO4_JVASP-11669_e_srniel.csv
Na2WO4,JVASP-11669,electron,0.45,1.2389e-05,Na2WO4_JVASP-11669_e_srniel.csv
Na2WO4,JVASP-11669,electron,0.5,1.2823e-05,Na2WO4_JVASP-11669_e_srniel.csv
Na2WO4,JVASP-11669,electron,0.55,1.3241e-05,Na2WO4_JVASP-11669_e_srniel.csv
Na2WO4,JVASP-11669,electron,0.6,1.3646e-05,Na2WO4_JVASP-11669_e_srniel.csv
Na2WO4,JVASP-11669,electron,0.65,1.404e-05,Na2WO4_JVASP-11669_e_srniel.csv
Na2WO4,JVASP-11669,electron,0.7,1.4424e-05,Na2WO4_JVASP-11669_e_srniel.csv
Na2WO4,JVASP-11669,electron,0.75,1.4799e-05,Na2WO4_JVASP-11669_e_srniel.csv
Na2WO4,JVASP-11669,electron,0.8,1.5164e-05,Na2WO4_JVASP-11669_e_srniel.csv
Na2WO4,JVASP-11669,electron,0.85,1.5521e-05,Na2WO4_JVASP-11669_e_srniel.csv
Na2WO4,JVASP-11669,electron,0.9,1.59e-05,Na2WO4_JVASP-11669_e_srniel.csv
Na2WO4,JVASP-11669,electron,0.95,1.658e-05,Na2WO4_JVASP-11669_e_srniel.csv
Na2WO4,JVASP-11669,electron,1.0,1.7399e-05,Na2WO4_JVASP-11669_e_srniel.csv
Na2WO4,JVASP-11669,electron,1.5,2.7456e-05,Na2WO4_JVASP-11669_e_srniel.csv
Na2WO4,JVASP-11669,electron,2.0,3.6175e-05,Na2WO4_JVASP-11669_e_srniel.csv
Na2WO4,JVASP-11669,electron,2.5,4.3014e-05,Na2WO4_JVASP-11669_e_srniel.csv
Na2WO4,JVASP-11669,electron,3.0,4.8491e-05,Na2WO4_JVASP-11669_e_srniel.csv
Na2WO4,JVASP-11669,electron,3.5,5.3003e-05,Na2WO4_JVASP-11669_e_srniel.csv
Na2WO4,JVASP-11669,electron,4.0,5.6814e-05,Na2WO4_JVASP-11669_e_srniel.csv
Na2WO4,JVASP-11669,electron,4.5,6.0097e-05,Na2WO4_JVASP-11669_e_srniel.csv
Na2WO4,JVASP-11669,electron,5.0,6.297e-05,Na2WO4_JVASP-11669_e_srniel.csv
Na2WO4,JVASP-11669,electron,5.5,6.5518e-05,Na2WO4_JVASP-11669_e_srniel.csv
Na2WO4,JVASP-11669,electron,6.0,6.7801e-05,Na2WO4_JVASP-11669_e_srniel.csv
Na2WO4,JVASP-11669,electron,6.5,6.9864e-05,Na2WO4_JVASP-11669_e_srniel.csv
Na2WO4,JVASP-11669,electron,7.0,7.1742e-05,Na2WO4_JVASP-11669_e_srniel.csv
Na2WO4,JVASP-11669,electron,7.5,7.3461e-05,Na2WO4_JVASP-11669_e_srniel.csv
Na2WO4,JVASP-11669,electron,8.0,7.5045e-05,Na2WO4_JVASP-11669_e_srniel.csv
Na2WO4,JVASP-11669,electron,8.5,7.6509e-05,Na2WO4_JVASP-11669_e_srniel.csv
Na2WO4,JVASP-11669,electron,9.0,7.7868e-05,Na2WO4_JVASP-11669_e_srniel.csv
Na2WO4,JVASP-11669,electron,9.5,7.9134e-05,Na2WO4_JVASP-11669_e_srniel.csv
Na2WO4,JVASP-11669,electron,10.0,8.0316e-05,Na2WO4_JVASP-11669_e_srniel.csv
Na2WO4,JVASP-11669,electron,15.0,8.8925e-05,Na2WO4_JVASP-11669_e_srniel.csv
Na2WO4,JVASP-11669,electron,20.0,9.4014e-05,Na2WO4_JVASP-11669_e_srniel.csv
Na2WO4,JVASP-11669,electron,25.0,9.7178e-05,Na2WO4_JVASP-11669_e_srniel.csv
Na2WO4,JVASP-11669,electron,30.0,9.9153e-05,Na2WO4_JVASP-11669_e_srniel.csv
Na2WO4,JVASP-11669,electron,35.0,0.00010035,Na2WO4_JVASP-11669_e_srniel.csv
Na2WO4,JVASP-11669,electron,40.0,0.00010103,Na2WO4_JVASP-11669_e_srniel.csv
Na2WO4,JVASP-11669,electron,45.0,0.00010137,Na2WO4_JVASP-11669_e_srniel.csv
Na2WO4,JVASP-11669,electron,50.0,0.00010147,Na2WO4_JVASP-11669_e_srniel.csv
Na2WO4,JVASP-11669,electron,55.0,0.00010142,Na2WO4_JVASP-11669_e_srniel.csv
Na2WO4,JVASP-11669,electron,60.0,0.00010128,Na2WO4_JVASP-11669_e_srniel.csv
Na2WO4,JVASP-11669,electron,65.0,0.00010107,Na2WO4_JVASP-11669_e_srniel.csv
Na2WO4,JVASP-11669,electron,70.0,0.00010084,Na2WO4_JVASP-11669_e_srniel.csv
Na2WO4,JVASP-11669,electron,75.0,0.00010059,Na2WO4_JVASP-11669_e_srniel.csv
Na2WO4,JVASP-11669,electron,80.0,0.00010033,Na2WO4_JVASP-11669_e_srniel.csv
Na2WO4,JVASP-11669,electron,85.0,0.00010008,Na2WO4_JVASP-11669_e_srniel.csv
Na2WO4,JVASP-11669,electron,90.0,9.983e-05,Na2WO4_JVASP-11669_e_srniel.csv
Na2WO4,JVASP-11669,electron,95.0,9.9593e-05,Na2WO4_JVASP-11669_e_srniel.csv
Na2WO4,JVASP-11669,electron,100.0,9.9369e-05,Na2WO4_JVASP-11669_e_srniel.csv
Na2WO4,JVASP-11669,proton,0.0001,2.3475,Na2WO4_JVASP-11669_p_srniel.csv
Na2WO4,JVASP-11669,proton,0.00015,2.8496,Na2WO4_JVASP-11669_p_srniel.csv
Na2WO4,JVASP-11669,proton,0.0002,3.2558,Na2WO4_JVASP-11669_p_srniel.csv
Na2WO4,JVASP-11669,proton,0.00025,3.5888,Na2WO4_JVASP-11669_p_srniel.csv
Na2WO4,JVASP-11669,proton,0.0003,3.7898,Na2WO4_JVASP-11669_p_srniel.csv
Na2WO4,JVASP-11669,proton,0.00035,3.9109,Na2WO4_JVASP-11669_p_srniel.csv
Na2WO4,JVASP-11669,proton,0.0004,3.9808,Na2WO4_JVASP-11669_p_srniel.csv
Na2WO4,JVASP-11669,proton,0.00045,4.0164,Na2WO4_JVASP-11669_p_srniel.csv
Na2WO4,JVASP-11669,proton,0.0005,4.0285,Na2WO4_JVASP-11669_p_srniel.csv
Na2WO4,JVASP-11669,proton,0.00055,4.024,Na2WO4_JVASP-11669_p_srniel.csv
Na2WO4,JVASP-11669,proton,0.0006,4.0078,Na2WO4_JVASP-11669_p_srniel.csv
Na2WO4,JVASP-11669,proton,0.00065,3.9832,Na2WO4_JVASP-11669_p_srniel.csv
Na2WO4,JVASP-11669,proton,0.0007,3.9526,Na2WO4_JVASP-11669_p_srniel.csv
Na2WO4,JVASP-11669,proton,0.00075,3.9176,Na2WO4_JVASP-11669_p_srniel.csv
Na2WO4,JVASP-11669,proton,0.0008,3.8796,Na2WO4_JVASP-11669_p_srniel.csv
Na2WO4,JVASP-11669,proton,0.00085,3.8395,Na2WO4_JVASP-11669_p_srniel.csv
Na2WO4,JVASP-11669,proton,0.0009,3.798,Na2WO4_JVASP-11669_p_srniel.csv
Na2WO4,JVASP-11669,proton,0.00095,3.7643,Na2WO4_JVASP-11669_p_srniel.csv
Na2WO4,JVASP-11669,proton,0.001,3.7357,Na2WO4_JVASP-11669_p_srniel.csv
Na2WO4,JVASP-11669,proton,0.0015,3.4268,Na2WO4_JVASP-11669_p_srniel.csv
Na2WO4,JVASP-11669,proton,0.002,3.1448,Na2WO4_JVASP-11669_p_srniel.csv
Na2WO4,JVASP-11669,proton,0.0025,2.9072,Na2WO4_JVASP-11669_p_srniel.csv
Na2WO4,JVASP-11669,proton,0.003,2.7078,Na2WO4_JVASP-11669_p_srniel.csv
Na2WO4,JVASP-11669,proton,0.0035,2.5389,Na2WO4_JVASP-11669_p_srniel.csv
Na2WO4,JVASP-11669,proton,0.004,2.394,Na2WO4_JVASP-11669_p_srniel.csv
Na2WO4,JVASP-11669,proton,0.0045,2.2682,Na2WO4_JVASP-11669_p_srniel.csv
Na2WO4,JVASP-11669,proton,0.005,2.1578,Na2WO4_JVASP-11669_p_srniel.csv
Na2WO4,JVASP-11669,proton,0.0055,2.0599,Na2WO4_JVASP-11669_p_srniel.csv
Na2WO4,JVASP-11669,proton,0.006,1.9725,Na2WO4_JVASP-11669_p_srniel.csv
Na2WO4,JVASP-11669,proton,0.0065,1.8939,Na2WO4_JVASP-11669_p_srniel.csv
Na2WO4,JVASP-11669,proton,0.007,1.8226,Na2WO4_JVASP-11669_p_srniel.csv
Na2WO4,JVASP-11669,proton,0.0075,1.7576,Na2WO4_JVASP-11669_p_srniel.csv
Na2WO4,JVASP-11669,proton,0.008,1.6982,Na2WO4_JVASP-11669_p_srniel.csv
Na2WO4,JVASP-11669,proton,0.0085,1.6434,Na2WO4_JVASP-11669_p_srniel.csv
Na2WO4,JVASP-11669,proton,0.009,1.5928,Na2WO4_JVASP-11669_p_srniel.csv
Na2WO4,JVASP-11669,proton,0.0095,1.5459,Na2WO4_JVASP-11669_p_srniel.csv
Na2WO4,JVASP-11669,proton,0.01,1.5023,Na2WO4_JVASP-11669_p_srniel.csv
Na2WO4,JVASP-11669,proton,0.015,1.1864,Na2WO4_JVASP-11669_p_srniel.csv
Na2WO4,JVASP-11669,proton,0.02,0.99348,Na2WO4_JVASP-11669_p_srniel.csv
Na2WO4,JVASP-11669,proton,0.025,0.86099,Na2WO4_JVASP-11669_p_srniel.csv
Na2WO4,JVASP-11669,proton,0.03,0.76331,Na2WO4_JVASP-11669_p_srniel.csv
Na2WO4,JVASP-11669,proton,0.035,0.68779,Na2WO4_JVASP-11669_p_srniel.csv
Na2WO4,JVASP-11669,proton,0.04,0.62736,Na2WO4_JVASP-11669_p_srniel.csv
Na2WO4,JVASP-11669,proton,0.045,0.57773,Na2WO4_JVASP-11669_p_srniel.csv
Na2WO4,JVASP-11669,proton,0.05,0.53613,Na2WO4_JVASP-11669_p_srniel.csv
Na2WO4,JVASP-11669,proton,0.055,0.50059,Na2WO4_JVASP-11669_p_srniel.csv
Na2WO4,JVASP-11669,proton,0.06,0.46996,Na2WO4_JVASP-11669_p_srniel.csv
Na2WO4,JVASP-11669,proton,0.065,0.44327,Na2WO4_JVASP-11669_p_srniel.csv
Na2WO4,JVASP-11669,proton,0.07,0.41977,Na2WO4_JVASP-11669_p_srniel.csv
Na2WO4,JVASP-11669,proton,0.075,0.39883,Na2WO4_JVASP-11669_p_srniel.csv
Na2WO4,JVASP-11669,proton,0.08,0.38005,Na2WO4_JVASP-11669_p_srniel.csv
Na2WO4,JVASP-11669,proton,0.085,0.36316,Na2WO4_JVASP-11669_p_srniel.csv
Na2WO4,JVASP-11669,proton,0.09,0.34787,Na2WO4_JVASP-11669_p_srniel.csv
Na2WO4,JVASP-11669,proton,0.095,0.33396,Na2WO4_JVASP-11669_p_srniel.csv
Na2WO4,JVASP-11669,proton,0.1,0.32124,Na2WO4_JVASP-11669_p_srniel.csv
Na2WO4,JVASP-11669,proton,0.15,0.2354,Na2WO4_JVASP-11669_p_srniel.csv
Na2WO4,JVASP-11669,proton,0.2,0.18657,Na2WO4_JVASP-11669_p_srniel.csv
Na2WO4,JVASP-11669,proton,0.25,0.15509,Na2WO4_JVASP-11669_p_srniel.csv
Na2WO4,JVASP-11669,proton,0.3,0.13303,Na2WO4_JVASP-11669_p_srniel.csv
Na2WO4,JVASP-11669,proton,0.35,0.1167,Na2WO4_JVASP-11669_p_srniel.csv
Na2WO4,JVASP-11669,proton,0.4,0.1041,Na2WO4_JVASP-11669_p_srniel.csv
Na2WO4,JVASP-11669,proton,0.45,0.094064,Na2WO4_JVASP-11669_p_srniel.csv
Na2WO4,JVASP-11669,proton,0.5,0.085867,Na2WO4_JVASP-11669_p_srniel.csv
Na2WO4,JVASP-11669,proton,0.55,0.079038,Na2WO4_JVASP-11669_p_srniel.csv
Na2WO4,JVASP-11669,proton,0.6,0.073258,Na2WO4_JVASP-11669_p_srniel.csv
Na2WO4,JVASP-11669,proton,0.65,0.068291,Na2WO4_JVASP-11669_p_srniel.csv
Na2WO4,JVASP-11669,proton,0.7,0.063987,Na2WO4_JVASP-11669_p_srniel.csv
Na2WO4,JVASP-11669,proton,0.75,0.060222,Na2WO4_JVASP-11669_p_srniel.csv
Na2WO4,JVASP-11669,proton,0.8,0.0569,Na2WO4_JVASP-11669_p_srniel.csv
Na2WO4,JVASP-11669,proton,0.85,0.053945,Na2WO4_JVASP-11669_p_srniel.csv
Na2WO4,JVASP-11669,proton,0.9,0.051298,Na2WO4_JVASP-11669_p_srniel.csv
Na2WO4,JVASP-11669,proton,0.95,0.048914,Na2WO4_JVASP-11669_p_srniel.csv
Na2WO4,JVASP-11669,proton,1.0,0.046753,Na2WO4_JVASP-11669_p_srniel.csv
Na2WO4,JVASP-11669,proton,1.5,0.032703,Na2WO4_JVASP-11669_p_srniel.csv
Na2WO4,JVASP-11669,proton,2.0,0.025292,Na2WO4_JVASP-11669_p_srniel.csv
Na2WO4,JVASP-11669,proton,2.5,0.02058,Na2WO4_JVASP-11669_p_srniel.csv
Na2WO4,JVASP-11669,proton,3.0,0.017382,Na2WO4_JVASP-11669_p_srniel.csv
Na2WO4,JVASP-11669,proton,3.5,0.015081,Na2WO4_JVASP-11669_p_srniel.csv
Na2WO4,JVASP-11669,proton,4.0,0.013505,Na2WO4_JVASP-11669_p_srniel.csv
Na2WO4,JVASP-11669,proton,4.5,0.012258,Na2WO4_JVASP-11669_p_srniel.csv
Na2WO4,JVASP-11669,proton,5.0,0.01118,Na2WO4_JVASP-11669_p_srniel.csv
Na2WO4,JVASP-11669,proton,5.5,0.010287,Na2WO4_JVASP-11669_p_srniel.csv
Na2WO4,JVASP-11669,proton,6.0,0.0095524,Na2WO4_JVASP-11669_p_srniel.csv
Na2WO4,JVASP-11669,proton,6.5,0.0089431,Na2WO4_JVASP-11669_p_srniel.csv
Na2WO4,JVASP-11669,proton,7.0,0.0084282,Na2WO4_JVASP-11669_p_srniel.csv
Na2WO4,JVASP-11669,proton,7.5,0.0079839,Na2WO4_JVASP-11669_p_srniel.csv
Na2WO4,JVASP-11669,proton,8.0,0.0075924,Na2WO4_JVASP-11669_p_srniel.csv
Na2WO4,JVASP-11669,proton,8.5,0.0072413,Na2WO4_JVASP-11669_p_srniel.csv
Na2WO4,JVASP-11669,proton,9.0,0.0069224,Na2WO4_JVASP-11669_p_srniel.csv
Na2WO4,JVASP-11669,proton,9.5,0.0066301,Na2WO4_JVASP-11669_p_srniel.csv
Na2WO4,JVASP-11669,proton,10.0,0.006361,Na2WO4_JVASP-11669_p_srniel.csv
Na2WO4,JVASP-11669,proton,15.0,0.0045745,Na2WO4_JVASP-11669_p_srniel.csv
Na2WO4,JVASP-11669,proton,20.0,0.0037166,Na2WO4_JVASP-11669_p_srniel.csv
Na2WO4,JVASP-11669,proton,25.0,0.0032242,Na2WO4_JVASP-11669_p_srniel.csv
Na2WO4,JVASP-11669,proton,30.0,0.0028777,Na2WO4_JVASP-11669_p_srniel.csv
Na2WO4,JVASP-11669,proton,35.0,0.0026003,Na2WO4_JVASP-11669_p_srniel.csv
Na2WO4,JVASP-11669,proton,40.0,0.002368,Na2WO4_JVASP-11669_p_srniel.csv
Na2WO4,JVASP-11669,proton,45.0,0.0021717,Na2WO4_JVASP-11669_p_srniel.csv
Na2WO4,JVASP-11669,proton,50.0,0.0020058,Na2WO4_JVASP-11669_p_srniel.csv
Na2WO4,JVASP-11669,proton,55.0,0.0018652,Na2WO4_JVASP-11669_p_srniel.csv
Na2WO4,JVASP-11669,proton,60.0,0.0017452,Na2WO4_JVASP-11669_p_srniel.csv
Na2WO4,JVASP-11669,proton,65.0,0.0016419,Na2WO4_JVASP-11669_p_srniel.csv
Na2WO4,JVASP-11669,proton,70.0,0.0015519,Na2WO4_JVASP-11669_p_srniel.csv
Na2WO4,JVASP-11669,proton,75.0,0.0014726,Na2WO4_JVASP-11669_p_srniel.csv
Na2WO4,JVASP-11669,proton,80.0,0.0014021,Na2WO4_JVASP-11669_p_srniel.csv
Na2WO4,JVASP-11669,proton,85.0,0.0013387,Na2WO4_JVASP-11669_p_srniel.csv
Na2WO4,JVASP-11669,proton,90.0,0.0012812,Na2WO4_JVASP-11669_p_srniel.csv
Na2WO4,JVASP-11669,proton,95.0,0.0012288,Na2WO4_JVASP-11669_p_srniel.csv
Na2WO4,JVASP-11669,proton,100.0,0.0011807,Na2WO4_JVASP-11669_p_srniel.csv
Na2WO4,JVASP-11669,proton,150.0,0.00085404,Na2WO4_JVASP-11669_p_srniel.csv
Na2WO4,JVASP-11669,proton,200.0,0.00068779,Na2WO4_JVASP-11669_p_srniel.csv
Na2WO4,JVASP-11669,proton,250.0,0.00059795,Na2WO4_JVASP-11669_p_srniel.csv
Na2WO4,JVASP-11669,proton,300.0,0.00054574,Na2WO4_JVASP-11669_p_srniel.csv
Na2WO4,JVASP-11669,proton,350.0,0.00051282,Na2WO4_JVASP-11669_p_srniel.csv
Na2WO4,JVASP-11669,proton,400.0,0.00049048,Na2WO4_JVASP-11669_p_srniel.csv
Na2WO4,JVASP-11669,proton,450.0,0.00047456,Na2WO4_JVASP-11669_p_srniel.csv
Na2WO4,JVASP-11669,proton,500.0,0.00046299,Na2WO4_JVASP-11669_p_srniel.csv
Na2WO4,JVASP-11669,proton,550.0,0.00045459,Na2WO4_JVASP-11669_p_srniel.csv
Na2WO4,JVASP-11669,proton,600.0,0.00044845,Na2WO4_JVASP-11669_p_srniel.csv
Na2WO4,JVASP-11669,proton,650.0,0.00044372,Na2WO4_JVASP-11669_p_srniel.csv
Na2WO4,JVASP-11669,proton,700.0,0.00043961,Na2WO4_JVASP-11669_p_srniel.csv
Na2WO4,JVASP-11669,proton,750.0,0.00043544,Na2WO4_JVASP-11669_p_srniel.csv
Na2WO4,JVASP-11669,proton,800.0,0.0004308,Na2WO4_JVASP-11669_p_srniel.csv
Na2WO4,JVASP-11669,proton,850.0,0.00042568,Na2WO4_JVASP-11669_p_srniel.csv
Na2WO4,JVASP-11669,proton,900.0,0.0004206,Na2WO4_JVASP-11669_p_srniel.csv
Na2WO4,JVASP-11669,proton,950.0,0.00041663,Na2WO4_JVASP-11669_p_srniel.csv
Na2WO4,JVASP-11669,proton,1000.0,0.00041552,Na2WO4_JVASP-11669_p_srniel.csv
Na3VS3O,JVASP-12252,electron,0.04,6.2605e-07,Na3VS3O_JVASP-12252_e_srniel.csv
Na3VS3O,JVASP-12252,electron,0.045,1.4396e-06,Na3VS3O_JVASP-12252_e_srniel.csv
Na3VS3O,JVASP-12252,electron,0.05,2.0217e-06,Na3VS3O_JVASP-12252_e_srniel.csv
Na3VS3O,JVASP-12252,electron,0.055,2.4484e-06,Na3VS3O_JVASP-12252_e_srniel.csv
Na3VS3O,JVASP-12252,electron,0.06,4.1793e-06,Na3VS3O_JVASP-12252_e_srniel.csv
Na3VS3O,JVASP-12252,electron,0.065,6.3118e-06,Na3VS3O_JVASP-12252_e_srniel.csv
Na3VS3O,JVASP-12252,electron,0.07,8.7504e-06,Na3VS3O_JVASP-12252_e_srniel.csv
Na3VS3O,JVASP-12252,electron,0.075,1.1584e-05,Na3VS3O_JVASP-12252_e_srniel.csv
Na3VS3O,JVASP-12252,electron,0.08,1.4866e-05,Na3VS3O_JVASP-12252_e_srniel.csv
Na3VS3O,JVASP-12252,electron,0.085,1.7624e-05,Na3VS3O_JVASP-12252_e_srniel.csv
Na3VS3O,JVASP-12252,electron,0.09,1.9965e-05,Na3VS3O_JVASP-12252_e_srniel.csv
Na3VS3O,JVASP-12252,electron,0.095,2.1968e-05,Na3VS3O_JVASP-12252_e_srniel.csv
Na3VS3O,JVASP-12252,electron,0.1,2.3695e-05,Na3VS3O_JVASP-12252_e_srniel.csv
Na3VS3O,JVASP-12252,electron,0.15,3.2962e-05,Na3VS3O_JVASP-12252_e_srniel.csv
Na3VS3O,JVASP-12252,electron,0.2,3.6625e-05,Na3VS3O_JVASP-12252_e_srniel.csv
Na3VS3O,JVASP-12252,electron,0.25,3.872e-05,Na3VS3O_JVASP-12252_e_srniel.csv
Na3VS3O,JVASP-12252,electron,0.3,4.0252e-05,Na3VS3O_JVASP-12252_e_srniel.csv
Na3VS3O,JVASP-12252,electron,0.35,4.1548e-05,Na3VS3O_JVASP-12252_e_srniel.csv
Na3VS3O,JVASP-12252,electron,0.4,4.2732e-05,Na3VS3O_JVASP-12252_e_srniel.csv
Na3VS3O,JVASP-12252,electron,0.45,4.3855e-05,Na3VS3O_JVASP-12252_e_srniel.csv
Na3VS3O,JVASP-12252,electron,0.5,4.4939e-05,Na3VS3O_JVASP-12252_e_srniel.csv
Na3VS3O,JVASP-12252,electron,0.55,4.5995e-05,Na3VS3O_JVASP-12252_e_srniel.csv
Na3VS3O,JVASP-12252,electron,0.6,4.7027e-05,Na3VS3O_JVASP-12252_e_srniel.csv
Na3VS3O,JVASP-12252,electron,0.65,4.8038e-05,Na3VS3O_JVASP-12252_e_srniel.csv
Na3VS3O,JVASP-12252,electron,0.7,4.9027e-05,Na3VS3O_JVASP-12252_e_srniel.csv
Na3VS3O,JVASP-12252,electron,0.75,4.9996e-05,Na3VS3O_JVASP-12252_e_srniel.csv
Na3VS3O,JVASP-12252,electron,0.8,5.0946e-05,Na3VS3O_JVASP-12252_e_srniel.csv
Na3VS3O,JVASP-12252,electron,0.85,5.1875e-05,Na3VS3O_JVASP-12252_e_srniel.csv
Na3VS3O,JVASP-12252,electron,0.9,5.2785e-05,Na3VS3O_JVASP-12252_e_srniel.csv
Na3VS3O,JVASP-12252,electron,0.95,5.3676e-05,Na3VS3O_JVASP-12252_e_srniel.csv
Na3VS3O,JVASP-12252,electron,1.0,5.4548e-05,Na3VS3O_JVASP-12252_e_srniel.csv
Na3VS3O,JVASP-12252,electron,1.5,6.2324e-05,Na3VS3O_JVASP-12252_e_srniel.csv
Na3VS3O,JVASP-12252,electron,2.0,6.8697e-05,Na3VS3O_JVASP-12252_e_srniel.csv
Na3VS3O,JVASP-12252,electron,2.5,7.4041e-05,Na3VS3O_JVASP-12252_e_srniel.csv
Na3VS3O,JVASP-12252,electron,3.0,7.8616e-05,Na3VS3O_JVASP-12252_e_srniel.csv
Na3VS3O,JVASP-12252,electron,3.5,8.26e-05,Na3VS3O_JVASP-12252_e_srniel.csv
Na3VS3O,JVASP-12252,electron,4.0,8.6119e-05,Na3VS3O_JVASP-12252_e_srniel.csv
Na3VS3O,JVASP-12252,electron,4.5,8.9263e-05,Na3VS3O_JVASP-12252_e_srniel.csv
Na3VS3O,JVASP-12252,electron,5.0,9.2099e-05,Na3VS3O_JVASP-12252_e_srniel.csv
Na3VS3O,JVASP-12252,electron,5.5,9.4678e-05,Na3VS3O_JVASP-12252_e_srniel.csv
Na3VS3O,JVASP-12252,electron,6.0,9.7039e-05,Na3VS3O_JVASP-12252_e_srniel.csv
Na3VS3O,JVASP-12252,electron,6.5,9.9214e-05,Na3VS3O_JVASP-12252_e_srniel.csv
Na3VS3O,JVASP-12252,electron,7.0,0.00010123,Na3VS3O_JVASP-12252_e_srniel.csv
Na3VS3O,JVASP-12252,electron,7.5,0.0001031,Na3VS3O_JVASP-12252_e_srniel.csv
Na3VS3O,JVASP-12252,electron,8.0,0.00010484,Na3VS3O_JVASP-12252_e_srniel.csv
Na3VS3O,JVASP-12252,electron,8.5,0.00010648,Na3VS3O_JVASP-12252_e_srniel.csv
Na3VS3O,JVASP-12252,electron,9.0,0.00010802,Na3VS3O_JVASP-12252_e_srniel.csv
Na3VS3O,JVASP-12252,electron,9.5,0.00010947,Na3VS3O_JVASP-12252_e_srniel.csv
Na3VS3O,JVASP-12252,electron,10.0,0.00011083,Na3VS3O_JVASP-12252_e_srniel.csv
Na3VS3O,JVASP-12252,electron,15.0,0.00012134,Na3VS3O_JVASP-12252_e_srniel.csv
Na3VS3O,JVASP-12252,electron,20.0,0.0001283,Na3VS3O_JVASP-12252_e_srniel.csv
Na3VS3O,JVASP-12252,electron,25.0,0.00013326,Na3VS3O_JVASP-12252_e_srniel.csv
Na3VS3O,JVASP-12252,electron,30.0,0.00013695,Na3VS3O_JVASP-12252_e_srniel.csv
Na3VS3O,JVASP-12252,electron,35.0,0.00013977,Na3VS3O_JVASP-12252_e_srniel.csv
Na3VS3O,JVASP-12252,electron,40.0,0.00014196,Na3VS3O_JVASP-12252_e_srniel.csv
Na3VS3O,JVASP-12252,electron,45.0,0.00014369,Na3VS3O_JVASP-12252_e_srniel.csv
Na3VS3O,JVASP-12252,electron,50.0,0.00014505,Na3VS3O_JVASP-12252_e_srniel.csv
Na3VS3O,JVASP-12252,electron,55.0,0.00014615,Na3VS3O_JVASP-12252_e_srniel.csv
Na3VS3O,JVASP-12252,electron,60.0,0.00014702,Na3VS3O_JVASP-12252_e_srniel.csv
Na3VS3O,JVASP-12252,electron,65.0,0.00014773,Na3VS3O_JVASP-12252_e_srniel.csv
Na3VS3O,JVASP-12252,electron,70.0,0.00014831,Na3VS3O_JVASP-12252_e_srniel.csv
Na3VS3O,JVASP-12252,electron,75.0,0.00014877,Na3VS3O_JVASP-12252_e_srniel.csv
Na3VS3O,JVASP-12252,electron,80.0,0.00014915,Na3VS3O_JVASP-12252_e_srniel.csv
Na3VS3O,JVASP-12252,electron,85.0,0.00014947,Na3VS3O_JVASP-12252_e_srniel.csv
Na3VS3O,JVASP-12252,electron,90.0,0.00014972,Na3VS3O_JVASP-12252_e_srniel.csv
Na3VS3O,JVASP-12252,electron,95.0,0.00014993,Na3VS3O_JVASP-12252_e_srniel.csv
Na3VS3O,JVASP-12252,electron,100.0,0.0001501,Na3VS3O_JVASP-12252_e_srniel.csv
Na3VS3O,JVASP-12252,proton,0.0001,4.4206,Na3VS3O_JVASP-12252_p_srniel.csv
Na3VS3O,JVASP-12252,proton,0.00015,5.7532,Na3VS3O_JVASP-12252_p_srniel.csv
Na3VS3O,JVASP-12252,proton,0.0002,6.5055,Na3VS3O_JVASP-12252_p_srniel.csv
Na3VS3O,JVASP-12252,proton,0.00025,6.9692,Na3VS3O_JVASP-12252_p_srniel.csv
Na3VS3O,JVASP-12252,proton,0.0003,7.2664,Na3VS3O_JVASP-12252_p_srniel.csv
Na3VS3O,JVASP-12252,proton,0.00035,7.459,Na3VS3O_JVASP-12252_p_srniel.csv
Na3VS3O,JVASP-12252,proton,0.0004,7.5818,Na3VS3O_JVASP-12252_p_srniel.csv
Na3VS3O,JVASP-12252,proton,0.00045,7.6562,Na3VS3O_JVASP-12252_p_srniel.csv
Na3VS3O,JVASP-12252,proton,0.0005,7.6961,Na3VS3O_JVASP-12252_p_srniel.csv
Na3VS3O,JVASP-12252,proton,0.00055,7.7107,Na3VS3O_JVASP-12252_p_srniel.csv
Na3VS3O,JVASP-12252,proton,0.0006,7.7064,Na3VS3O_JVASP-12252_p_srniel.csv
Na3VS3O,JVASP-12252,proton,0.00065,7.6881,Na3VS3O_JVASP-12252_p_srniel.csv
Na3VS3O,JVASP-12252,proton,0.0007,7.659,Na3VS3O_JVASP-12252_p_srniel.csv
Na3VS3O,JVASP-12252,proton,0.00075,7.6218,Na3VS3O_JVASP-12252_p_srniel.csv
Na3VS3O,JVASP-12252,proton,0.0008,7.5783,Na3VS3O_JVASP-12252_p_srniel.csv
Na3VS3O,JVASP-12252,proton,0.00085,7.5301,Na3VS3O_JVASP-12252_p_srniel.csv
Na3VS3O,JVASP-12252,proton,0.0009,7.4782,Na3VS3O_JVASP-12252_p_srniel.csv
Na3VS3O,JVASP-12252,proton,0.00095,7.4237,Na3VS3O_JVASP-12252_p_srniel.csv
Na3VS3O,JVASP-12252,proton,0.001,7.3672,Na3VS3O_JVASP-12252_p_srniel.csv
Na3VS3O,JVASP-12252,proton,0.0015,6.7759,Na3VS3O_JVASP-12252_p_srniel.csv
Na3VS3O,JVASP-12252,proton,0.002,6.2343,Na3VS3O_JVASP-12252_p_srniel.csv
Na3VS3O,JVASP-12252,proton,0.0025,5.7694,Na3VS3O_JVASP-12252_p_srniel.csv
Na3VS3O,JVASP-12252,proton,0.003,5.3727,Na3VS3O_JVASP-12252_p_srniel.csv
Na3VS3O,JVASP-12252,proton,0.0035,5.032,Na3VS3O_JVASP-12252_p_srniel.csv
Na3VS3O,JVASP-12252,proton,0.004,4.7365,Na3VS3O_JVASP-12252_p_srniel.csv
Na3VS3O,JVASP-12252,proton,0.0045,4.4779,Na3VS3O_JVASP-12252_p_srniel.csv
Na3VS3O,JVASP-12252,proton,0.005,4.2495,Na3VS3O_JVASP-12252_p_srniel.csv
Na3VS3O,JVASP-12252,proton,0.0055,4.0461,Na3VS3O_JVASP-12252_p_srniel.csv
Na3VS3O,JVASP-12252,proton,0.006,3.8637,Na3VS3O_JVASP-12252_p_srniel.csv
Na3VS3O,JVASP-12252,proton,0.0065,3.6992,Na3VS3O_JVASP-12252_p_srniel.csv
Na3VS3O,JVASP-12252,proton,0.007,3.5498,Na3VS3O_JVASP-12252_p_srniel.csv
Na3VS3O,JVASP-12252,proton,0.0075,3.4136,Na3VS3O_JVASP-12252_p_srniel.csv
Na3VS3O,JVASP-12252,proton,0.008,3.2887,Na3VS3O_JVASP-12252_p_srniel.csv
Na3VS3O,JVASP-12252,proton,0.0085,3.1738,Na3VS3O_JVASP-12252_p_srniel.csv
Na3VS3O,JVASP-12252,proton,0.009,3.0676,Na3VS3O_JVASP-12252_p_srniel.csv
Na3VS3O,JVASP-12252,proton,0.0095,2.9691,Na3VS3O_JVASP-12252_p_srniel.csv
Na3VS3O,JVASP-12252,proton,0.01,2.8776,Na3VS3O_JVASP-12252_p_srniel.csv
Na3VS3O,JVASP-12252,proton,0.015,2.2194,Na3VS3O_JVASP-12252_p_srniel.csv
Na3VS3O,JVASP-12252,proton,0.02,1.824,Na3VS3O_JVASP-12252_p_srniel.csv
Na3VS3O,JVASP-12252,proton,0.025,1.5571,Na3VS3O_JVASP-12252_p_srniel.csv
Na3VS3O,JVASP-12252,proton,0.03,1.3634,Na3VS3O_JVASP-12252_p_srniel.csv
Na3VS3O,JVASP-12252,proton,0.035,1.2157,Na3VS3O_JVASP-12252_p_srniel.csv
Na3VS3O,JVASP-12252,proton,0.04,1.0989,Na3VS3O_JVASP-12252_p_srniel.csv
Na3VS3O,JVASP-12252,proton,0.045,1.0041,Na3VS3O_JVASP-12252_p_srniel.csv
Na3VS3O,JVASP-12252,proton,0.05,0.92542,Na3VS3O_JVASP-12252_p_srniel.csv
Na3VS3O,JVASP-12252,proton,0.055,0.85893,Na3VS3O_JVASP-12252_p_srniel.csv
Na3VS3O,JVASP-12252,proton,0.06,0.80199,Na3VS3O_JVASP-12252_p_srniel.csv
Na3VS3O,JVASP-12252,proton,0.065,0.75261,Na3VS3O_JVASP-12252_p_srniel.csv
Na3VS3O,JVASP-12252,proton,0.07,0.70936,Na3VS3O_JVASP-12252_p_srniel.csv
Na3VS3O,JVASP-12252,proton,0.075,0.67113,Na3VS3O_JVASP-12252_p_srniel.csv
Na3VS3O,JVASP-12252,proton,0.08,0.63711,Na3VS3O_JVASP-12252_p_srniel.csv
Na3VS3O,JVASP-12252,proton,0.085,0.60662,Na3VS3O_JVASP-12252_p_srniel.csv
Na3VS3O,JVASP-12252,proton,0.09,0.57914,Na3VS3O_JVASP-12252_p_srniel.csv
Na3VS3O,JVASP-12252,proton,0.095,0.55422,Na3VS3O_JVASP-12252_p_srniel.csv
Na3VS3O,JVASP-12252,proton,0.1,0.53152,Na3VS3O_JVASP-12252_p_srniel.csv
Na3VS3O,JVASP-12252,proton,0.15,0.38108,Na3VS3O_JVASP-12252_p_srniel.csv
Na3VS3O,JVASP-12252,proton,0.2,0.30035,Na3VS3O_JVASP-12252_p_srniel.csv
Na3VS3O,JVASP-12252,proton,0.25,0.24883,Na3VS3O_JVASP-12252_p_srniel.csv
Na3VS3O,JVASP-12252,proton,0.3,0.21297,Na3VS3O_JVASP-12252_p_srniel.csv
Na3VS3O,JVASP-12252,proton,0.35,0.18655,Na3VS3O_JVASP-12252_p_srniel.csv
Na3VS3O,JVASP-12252,proton,0.4,0.16555,Na3VS3O_JVASP-12252_p_srniel.csv
Na3VS3O,JVASP-12252,proton,0.45,0.14895,Na3VS3O_JVASP-12252_p_srniel.csv
Na3VS3O,JVASP-12252,proton,0.5,0.13547,Na3VS3O_JVASP-12252_p_srniel.csv
Na3VS3O,JVASP-12252,proton,0.55,0.12408,Na3VS3O_JVASP-12252_p_srniel.csv
Na3VS3O,JVASP-12252,proton,0.6,0.11449,Na3VS3O_JVASP-12252_p_srniel.csv
Na3VS3O,JVASP-12252,proton,0.65,0.10631,Na3VS3O_JVASP-12252_p_srniel.csv
Na3VS3O,JVASP-12252,proton,0.7,0.099246,Na3VS3O_JVASP-12252_p_srniel.csv
Na3VS3O,JVASP-12252,proton,0.75,0.093082,Na3VS3O_JVASP-12252_p_srniel.csv
Na3VS3O,JVASP-12252,proton,0.8,0.087654,Na3VS3O_JVASP-12252_p_srniel.csv
Na3VS3O,JVASP-12252,proton,0.85,0.082837,Na3VS3O_JVASP-12252_p_srniel.csv
Na3VS3O,JVASP-12252,proton,0.9,0.078532,Na3VS3O_JVASP-12252_p_srniel.csv
Na3VS3O,JVASP-12252,proton,0.95,0.074662,Na3VS3O_JVASP-12252_p_srniel.csv
Na3VS3O,JVASP-12252,proton,1.0,0.071163,Na3VS3O_JVASP-12252_p_srniel.csv
Na3VS3O,JVASP-12252,proton,1.5,0.048601,Na3VS3O_JVASP-12252_p_srniel.csv
Na3VS3O,JVASP-12252,proton,2.0,0.037012,Na3VS3O_JVASP-12252_p_srniel.csv
Na3VS3O,JVASP-12252,proton,2.5,0.029934,Na3VS3O_JVASP-12252_p_srniel.csv
Na3VS3O,JVASP-12252,proton,3.0,0.025163,Na3VS3O_JVASP-12252_p_srniel.csv
Na3VS3O,JVASP-12252,proton,3.5,0.021829,Na3VS3O_JVASP-12252_p_srniel.csv
Na3VS3O,JVASP-12252,proton,4.0,0.019573,Na3VS3O_JVASP-12252_p_srniel.csv
Na3VS3O,JVASP-12252,proton,4.5,0.017832,Na3VS3O_JVASP-12252_p_srniel.csv
Na3VS3O,JVASP-12252,proton,5.0,0.016372,Na3VS3O_JVASP-12252_p_srniel.csv
Na3VS3O,JVASP-12252,proton,5.5,0.01517,Na3VS3O_JVASP-12252_p_srniel.csv
Na3VS3O,JVASP-12252,proton,6.0,0.014182,Na3VS3O_JVASP-12252_p_srniel.csv
Na3VS3O,JVASP-12252,proton,6.5,0.013363,Na3VS3O_JVASP-12252_p_srniel.csv
Na3VS3O,JVASP-12252,proton,7.0,0.012673,Na3VS3O_JVASP-12252_p_srniel.csv
Na3VS3O,JVASP-12252,proton,7.5,0.012081,Na3VS3O_JVASP-12252_p_srniel.csv
Na3VS3O,JVASP-12252,proton,8.0,0.011565,Na3VS3O_JVASP-12252_p_srniel.csv
Na3VS3O,JVASP-12252,proton,8.5,0.011108,Na3VS3O_JVASP-12252_p_srniel.csv
Na3VS3O,JVASP-12252,proton,9.0,0.010699,Na3VS3O_JVASP-12252_p_srniel.csv
Na3VS3O,JVASP-12252,proton,9.5,0.01033,Na3VS3O_JVASP-12252_p_srniel.csv
Na3VS3O,JVASP-12252,proton,10.0,0.0099945,Na3VS3O_JVASP-12252_p_srniel.csv
Na3VS3O,JVASP-12252,proton,15.0,0.0078517,Na3VS3O_JVASP-12252_p_srniel.csv
Na3VS3O,JVASP-12252,proton,20.0,0.0068099,Na3VS3O_JVASP-12252_p_srniel.csv
Na3VS3O,JVASP-12252,proton,25.0,0.0061567,Na3VS3O_JVASP-12252_p_srniel.csv
Na3VS3O,JVASP-12252,proton,30.0,0.0056681,Na3VS3O_JVASP-12252_p_srniel.csv
Na3VS3O,JVASP-12252,proton,35.0,0.0052743,Na3VS3O_JVASP-12252_p_srniel.csv
Na3VS3O,JVASP-12252,proton,40.0,0.0049494,Na3VS3O_JVASP-12252_p_srniel.csv
Na3VS3O,JVASP-12252,proton,45.0,0.0046786,Na3VS3O_JVASP-12252_p_srniel.csv
Na3VS3O,JVASP-12252,proton,50.0,0.0044502,Na3VS3O_JVASP-12252_p_srniel.csv
Na3VS3O,JVASP-12252,proton,55.0,0.0042543,Na3VS3O_JVASP-12252_p_srniel.csv
Na3VS3O,JVASP-12252,proton,60.0,0.0040831,Na3VS3O_JVASP-12252_p_srniel.csv
Na3VS3O,JVASP-12252,proton,65.0,0.0039306,Na3VS3O_JVASP-12252_p_srniel.csv
Na3VS3O,JVASP-12252,proton,70.0,0.0037925,Na3VS3O_JVASP-12252_p_srniel.csv
Na3VS3O,JVASP-12252,proton,75.0,0.0036657,Na3VS3O_JVASP-12252_p_srniel.csv
Na3VS3O,JVASP-12252,proton,80.0,0.0035479,Na3VS3O_JVASP-12252_p_srniel.csv
Na3VS3O,JVASP-12252,proton,85.0,0.0034378,Na3VS3O_JVASP-12252_p_srniel.csv
Na3VS3O,JVASP-12252,proton,90.0,0.0033343,Na3VS3O_JVASP-12252_p_srniel.csv
Na3VS3O,JVASP-12252,proton,95.0,0.0032369,Na3VS3O_JVASP-12252_p_srniel.csv
Na3VS3O,JVASP-12252,proton,100.0,0.0031451,Na3VS3O_JVASP-12252_p_srniel.csv
Na3VS3O,JVASP-12252,proton,150.0,0.0024817,Na3VS3O_JVASP-12252_p_srniel.csv
Na3VS3O,JVASP-12252,proton,200.0,0.002146,Na3VS3O_JVASP-12252_p_srniel.csv
Na3VS3O,JVASP-12252,proton,250.0,0.0019776,Na3VS3O_JVASP-12252_p_srniel.csv
Na3VS3O,JVASP-12252,proton,300.0,0.0018851,Na3VS3O_JVASP-12252_p_srniel.csv
Na3VS3O,JVASP-12252,proton,350.0,0.0018267,Na3VS3O_JVASP-12252_p_srniel.csv
Na3VS3O,JVASP-12252,proton,400.0,0.0017854,Na3VS3O_JVASP-12252_p_srniel.csv
Na3VS3O,JVASP-12252,proton,450.0,0.0017554,Na3VS3O_JVASP-12252_p_srniel.csv
Na3VS3O,JVASP-12252,proton,500.0,0.0017347,Na3VS3O_JVASP-12252_p_srniel.csv
Na3VS3O,JVASP-12252,proton,550.0,0.0017218,Na3VS3O_JVASP-12252_p_srniel.csv
Na3VS3O,JVASP-12252,proton,600.0,0.0017146,Na3VS3O_JVASP-12252_p_srniel.csv
Na3VS3O,JVASP-12252,proton,650.0,0.0017104,Na3VS3O_JVASP-12252_p_srniel.csv
Na3VS3O,JVASP-12252,proton,700.0,0.0017063,Na3VS3O_JVASP-12252_p_srniel.csv
Na3VS3O,JVASP-12252,proton,750.0,0.0017,Na3VS3O_JVASP-12252_p_srniel.csv
Na3VS3O,JVASP-12252,proton,800.0,0.0016902,Na3VS3O_JVASP-12252_p_srniel.csv
Na3VS3O,JVASP-12252,proton,850.0,0.0016773,Na3VS3O_JVASP-12252_p_srniel.csv
Na3VS3O,JVASP-12252,proton,900.0,0.0016639,Na3VS3O_JVASP-12252_p_srniel.csv
Na3VS3O,JVASP-12252,proton,950.0,0.0016549,Na3VS3O_JVASP-12252_p_srniel.csv
Na3VS3O,JVASP-12252,proton,1000.0,0.0016576,Na3VS3O_JVASP-12252_p_srniel.csv
NaS,JVASP-9152,electron,0.04,0.0001303,NaS_JVASP-9152_e_srniel.csv
NaS,JVASP-9152,electron,0.045,0.00013067,NaS_JVASP-9152_e_srniel.csv
NaS,JVASP-9152,electron,0.05,0.00012995,NaS_JVASP-9152_e_srniel.csv
NaS,JVASP-9152,electron,0.055,0.00012862,NaS_JVASP-9152_e_srniel.csv
NaS,JVASP-9152,electron,0.06,0.00012697,NaS_JVASP-9152_e_srniel.csv
NaS,JVASP-9152,electron,0.065,0.00012516,NaS_JVASP-9152_e_srniel.csv
NaS,JVASP-9152,electron,0.07,0.0001233,NaS_JVASP-9152_e_srniel.csv
NaS,JVASP-9152,electron,0.075,0.00012144,NaS_JVASP-9152_e_srniel.csv
NaS,JVASP-9152,electron,0.08,0.00011961,NaS_JVASP-9152_e_srniel.csv
NaS,JVASP-9152,electron,0.085,0.00011784,NaS_JVASP-9152_e_srniel.csv
NaS,JVASP-9152,electron,0.09,0.00011614,NaS_JVASP-9152_e_srniel.csv
NaS,JVASP-9152,electron,0.095,0.00011452,NaS_JVASP-9152_e_srniel.csv
NaS,JVASP-9152,electron,0.1,0.00011297,NaS_JVASP-9152_e_srniel.csv
NaS,JVASP-9152,electron,0.15,0.00010125,NaS_JVASP-9152_e_srniel.csv
NaS,JVASP-9152,electron,0.2,9.4272e-05,NaS_JVASP-9152_e_srniel.csv
NaS,JVASP-9152,electron,0.25,8.9971e-05,NaS_JVASP-9152_e_srniel.csv
NaS,JVASP-9152,electron,0.3,8.7256e-05,NaS_JVASP-9152_e_srniel.csv
NaS,JVASP-9152,electron,0.35,8.5541e-05,NaS_JVASP-9152_e_srniel.csv
NaS,JVASP-9152,electron,0.4,8.4489e-05,NaS_JVASP-9152_e_srniel.csv
NaS,JVASP-9152,electron,0.45,8.3892e-05,NaS_JVASP-9152_e_srniel.csv
NaS,JVASP-9152,electron,0.5,8.3619e-05,NaS_JVASP-9152_e_srniel.csv
NaS,JVASP-9152,electron,0.55,8.3579e-05,NaS_JVASP-9152_e_srniel.csv
NaS,JVASP-9152,electron,0.6,8.3712e-05,NaS_JVASP-9152_e_srniel.csv
NaS,JVASP-9152,electron,0.65,8.3972e-05,NaS_JVASP-9152_e_srniel.csv
NaS,JVASP-9152,electron,0.7,8.4329e-05,NaS_JVASP-9152_e_srniel.csv
NaS,JVASP-9152,electron,0.75,8.4759e-05,NaS_JVASP-9152_e_srniel.csv
NaS,JVASP-9152,electron,0.8,8.5244e-05,NaS_JVASP-9152_e_srniel.csv
NaS,JVASP-9152,electron,0.85,8.5771e-05,NaS_JVASP-9152_e_srniel.csv
NaS,JVASP-9152,electron,0.9,8.6329e-05,NaS_JVASP-9152_e_srniel.csv
NaS,JVASP-9152,electron,0.95,8.691e-05,NaS_JVASP-9152_e_srniel.csv
NaS,JVASP-9152,electron,1.0,8.7509e-05,NaS_JVASP-9152_e_srniel.csv
NaS,JVASP-9152,electron,1.5,9.3699e-05,NaS_JVASP-9152_e_srniel.csv
NaS,JVASP-9152,electron,2.0,9.9425e-05,NaS_JVASP-9152_e_srniel.csv
NaS,JVASP-9152,electron,2.5,0.00010446,NaS_JVASP-9152_e_srniel.csv
NaS,JVASP-9152,electron,3.0,0.00010887,NaS_JVASP-9152_e_srniel.csv
NaS,JVASP-9152,electron,3.5,0.00011277,NaS_JVASP-9152_e_srniel.csv
NaS,JVASP-9152,electron,4.0,0.00011625,NaS_JVASP-9152_e_srniel.csv
NaS,JVASP-9152,electron,4.5,0.00011937,NaS_JVASP-9152_e_srniel.csv
NaS,JVASP-9152,electron,5.0,0.00012221,NaS_JVASP-9152_e_srniel.csv
NaS,JVASP-9152,electron,5.5,0.00012479,NaS_JVASP-9152_e_srniel.csv
NaS,JVASP-9152,electron,6.0,0.00012717,NaS_JVASP-9152_e_srniel.csv
NaS,JVASP-9152,electron,6.5,0.00012936,NaS_JVASP-9152_e_srniel.csv
NaS,JVASP-9152,electron,7.0,0.00013139,NaS_JVASP-9152_e_srniel.csv
NaS,JVASP-9152,electron,7.5,0.00013328,NaS_JVASP-9152_e_srniel.csv
NaS,JVASP-9152,electron,8.0,0.00013505,NaS_JVASP-9152_e_srniel.csv
NaS,JVASP-9152,electron,8.5,0.00013671,NaS_JVASP-9152_e_srniel.csv
NaS,JVASP-9152,electron,9.0,0.00013827,NaS_JVASP-9152_e_srniel.csv
NaS,JVASP-9152,electron,9.5,0.00013974,NaS_JVASP-9152_e_srniel.csv
NaS,JVASP-9152,electron,10.0,0.00014113,NaS_JVASP-9152_e_srniel.csv
NaS,JVASP-9152,electron,15.0,0.00015185,NaS_JVASP-9152_e_srniel.csv
NaS,JVASP-9152,electron,20.0,0.00015897,NaS_JVASP-9152_e_srniel.csv
NaS,JVASP-9152,electron,25.0,0.00016407,NaS_JVASP-9152_e_srniel.csv
NaS,JVASP-9152,electron,30.0,0.00016787,NaS_JVASP-9152_e_srniel.csv
NaS,JVASP-9152,electron,35.0,0.00017079,NaS_JVASP-9152_e_srniel.csv
NaS,JVASP-9152,electron,40.0,0.00017306,NaS_JVASP-9152_e_srniel.csv
NaS,JVASP-9152,electron,45.0,0.00017485,NaS_JVASP-9152_e_srniel.csv
NaS,JVASP-9152,electron,50.0,0.00017628,NaS_JVASP-9152_e_srniel.csv
NaS,JVASP-9152,electron,55.0,0.00017742,NaS_JVASP-9152_e_srniel.csv
NaS,JVASP-9152,electron,60.0,0.00017834,NaS_JVASP-9152_e_srniel.csv
NaS,JVASP-9152,electron,65.0,0.00017909,NaS_JVASP-9152_e_srniel.csv
NaS,JVASP-9152,electron,70.0,0.0001797,NaS_JVASP-9152_e_srniel.csv
NaS,JVASP-9152,electron,75.0,0.0001802,NaS_JVASP-9152_e_srniel.csv
NaS,JVASP-9152,electron,80.0,0.0001806,NaS_JVASP-9152_e_srniel.csv
NaS,JVASP-9152,electron,85.0,0.00018094,NaS_JVASP-9152_e_srniel.csv
NaS,JVASP-9152,electron,90.0,0.00018122,NaS_JVASP-9152_e_srniel.csv
NaS,JVASP-9152,electron,95.0,0.00018145,NaS_JVASP-9152_e_srniel.csv
NaS,JVASP-9152,electron,100.0,0.00018164,NaS_JVASP-9152_e_srniel.csv
NaS,JVASP-9152,proton,0.0001,8.0451,NaS_JVASP-9152_p_srniel.csv
NaS,JVASP-9152,proton,0.00015,8.9611,NaS_JVASP-9152_p_srniel.csv
NaS,JVASP-9152,proton,0.0002,9.45,NaS_JVASP-9152_p_srniel.csv
NaS,JVASP-9152,proton,0.00025,9.7242,NaS_JVASP-9152_p_srniel.csv
NaS,JVASP-9152,proton,0.0003,9.8746,NaS_JVASP-9152_p_srniel.csv
NaS,JVASP-9152,proton,0.00035,9.9477,NaS_JVASP-9152_p_srniel.csv
NaS,JVASP-9152,proton,0.0004,9.9699,NaS_JVASP-9152_p_srniel.csv
NaS,JVASP-9152,proton,0.00045,9.9574,NaS_JVASP-9152_p_srniel.csv
NaS,JVASP-9152,proton,0.0005,9.9208,NaS_JVASP-9152_p_srniel.csv
NaS,JVASP-9152,proton,0.00055,9.867,NaS_JVASP-9152_p_srniel.csv
NaS,JVASP-9152,proton,0.0006,9.801,NaS_JVASP-9152_p_srniel.csv
NaS,JVASP-9152,proton,0.00065,9.7263,NaS_JVASP-9152_p_srniel.csv
NaS,JVASP-9152,proton,0.0007,9.6454,NaS_JVASP-9152_p_srniel.csv
NaS,JVASP-9152,proton,0.00075,9.5602,NaS_JVASP-9152_p_srniel.csv
NaS,JVASP-9152,proton,0.0008,9.4721,NaS_JVASP-9152_p_srniel.csv
NaS,JVASP-9152,proton,0.00085,9.3822,NaS_JVASP-9152_p_srniel.csv
NaS,JVASP-9152,proton,0.0009,9.2913,NaS_JVASP-9152_p_srniel.csv
NaS,JVASP-9152,proton,0.00095,9.1999,NaS_JVASP-9152_p_srniel.csv
NaS,JVASP-9152,proton,0.001,9.1085,NaS_JVASP-9152_p_srniel.csv
NaS,JVASP-9152,proton,0.0015,8.2477,NaS_JVASP-9152_p_srniel.csv
NaS,JVASP-9152,proton,0.002,7.5231,NaS_JVASP-9152_p_srniel.csv
NaS,JVASP-9152,proton,0.0025,6.923,NaS_JVASP-9152_p_srniel.csv
NaS,JVASP-9152,proton,0.003,6.4211,NaS_JVASP-9152_p_srniel.csv
NaS,JVASP-9152,proton,0.0035,5.9956,NaS_JVASP-9152_p_srniel.csv
NaS,JVASP-9152,proton,0.004,5.6301,NaS_JVASP-9152_p_srniel.csv
NaS,JVASP-9152,proton,0.0045,5.3124,NaS_JVASP-9152_p_srniel.csv
NaS,JVASP-9152,proton,0.005,5.0334,NaS_JVASP-9152_p_srniel.csv
NaS,JVASP-9152,proton,0.0055,4.7861,NaS_JVASP-9152_p_srniel.csv
NaS,JVASP-9152,proton,0.006,4.5652,NaS_JVASP-9152_p_srniel.csv
NaS,JVASP-9152,proton,0.0065,4.3665,NaS_JVASP-9152_p_srniel.csv
NaS,JVASP-9152,proton,0.007,4.1867,NaS_JVASP-9152_p_srniel.csv
NaS,JVASP-9152,proton,0.0075,4.023,NaS_JVASP-9152_p_srniel.csv
NaS,JVASP-9152,proton,0.008,3.8733,NaS_JVASP-9152_p_srniel.csv
NaS,JVASP-9152,proton,0.0085,3.7358,NaS_JVASP-9152_p_srniel.csv
NaS,JVASP-9152,proton,0.009,3.6089,NaS_JVASP-9152_p_srniel.csv
NaS,JVASP-9152,proton,0.0095,3.4915,NaS_JVASP-9152_p_srniel.csv
NaS,JVASP-9152,proton,0.01,3.3825,NaS_JVASP-9152_p_srniel.csv
NaS,JVASP-9152,proton,0.015,2.6021,NaS_JVASP-9152_p_srniel.csv
NaS,JVASP-9152,proton,0.02,2.1362,NaS_JVASP-9152_p_srniel.csv
NaS,JVASP-9152,proton,0.025,1.8226,NaS_JVASP-9152_p_srniel.csv
NaS,JVASP-9152,proton,0.03,1.5955,NaS_JVASP-9152_p_srniel.csv
NaS,JVASP-9152,proton,0.035,1.4226,NaS_JVASP-9152_p_srniel.csv
NaS,JVASP-9152,proton,0.04,1.286,NaS_JVASP-9152_p_srniel.csv
NaS,JVASP-9152,proton,0.045,1.1751,NaS_JVASP-9152_p_srniel.csv
NaS,JVASP-9152,proton,0.05,1.083,NaS_JVASP-9152_p_srniel.csv
NaS,JVASP-9152,proton,0.055,1.0053,NaS_JVASP-9152_p_srniel.csv
NaS,JVASP-9152,proton,0.06,0.93877,NaS_JVASP-9152_p_srniel.csv
NaS,JVASP-9152,proton,0.065,0.88104,NaS_JVASP-9152_p_srniel.csv
NaS,JVASP-9152,proton,0.07,0.83045,NaS_JVASP-9152_p_srniel.csv
NaS,JVASP-9152,proton,0.075,0.78593,NaS_JVASP-9152_p_srniel.csv
NaS,JVASP-9152,proton,0.08,0.74648,NaS_JVASP-9152_p_srniel.csv
NaS,JVASP-9152,proton,0.085,0.71111,NaS_JVASP-9152_p_srniel.csv
NaS,JVASP-9152,proton,0.09,0.67922,NaS_JVASP-9152_p_srniel.csv
NaS,JVASP-9152,proton,0.095,0.6503,NaS_JVASP-9152_p_srniel.csv
NaS,JVASP-9152,proton,0.1,0.62394,NaS_JVASP-9152_p_srniel.csv
NaS,JVASP-9152,proton,0.15,0.45166,NaS_JVASP-9152_p_srniel.csv
NaS,JVASP-9152,proton,0.2,0.35982,NaS_JVASP-9152_p_srniel.csv
NaS,JVASP-9152,proton,0.25,0.29984,NaS_JVASP-9152_p_srniel.csv
NaS,JVASP-9152,proton,0.3,0.25757,NaS_JVASP-9152_p_srniel.csv
NaS,JVASP-9152,proton,0.35,0.22616,NaS_JVASP-9152_p_srniel.csv
NaS,JVASP-9152,proton,0.4,0.2002,NaS_JVASP-9152_p_srniel.csv
NaS,JVASP-9152,proton,0.45,0.17969,NaS_JVASP-9152_p_srniel.csv
NaS,JVASP-9152,proton,0.5,0.16307,NaS_JVASP-9152_p_srniel.csv
NaS,JVASP-9152,proton,0.55,0.14933,NaS_JVASP-9152_p_srniel.csv
NaS,JVASP-9152,proton,0.6,0.13776,NaS_JVASP-9152_p_srniel.csv
NaS,JVASP-9152,proton,0.65,0.12788,NaS_JVASP-9152_p_srniel.csv
NaS,JVASP-9152,proton,0.7,0.11935,NaS_JVASP-9152_p_srniel.csv
NaS,JVASP-9152,proton,0.75,0.11191,NaS_JVASP-9152_p_srniel.csv
NaS,JVASP-9152,proton,0.8,0.10535,NaS_JVASP-9152_p_srniel.csv
NaS,JVASP-9152,proton,0.85,0.099536,NaS_JVASP-9152_p_srniel.csv
NaS,JVASP-9152,proton,0.9,0.094338,NaS_JVASP-9152_p_srniel.csv
NaS,JVASP-9152,proton,0.95,0.089665,NaS_JVASP-9152_p_srniel.csv
NaS,JVASP-9152,proton,1.0,0.08544,NaS_JVASP-9152_p_srniel.csv
NaS,JVASP-9152,proton,1.5,0.058219,NaS_JVASP-9152_p_srniel.csv
NaS,JVASP-9152,proton,2.0,0.044255,NaS_JVASP-9152_p_srniel.csv
NaS,JVASP-9152,proton,2.5,0.035739,NaS_JVASP-9152_p_srniel.csv
NaS,JVASP-9152,proton,3.0,0.030009,NaS_JVASP-9152_p_srniel.csv
NaS,JVASP-9152,proton,3.5,0.026018,NaS_JVASP-9152_p_srniel.csv
NaS,JVASP-9152,proton,4.0,0.023304,NaS_JVASP-9152_p_srniel.csv
NaS,JVASP-9152,proton,4.5,0.021189,NaS_JVASP-9152_p_srniel.csv
NaS,JVASP-9152,proton,5.0,0.019412,NaS_JVASP-9152_p_srniel.csv
NaS,JVASP-9152,proton,5.5,0.017946,NaS_JVASP-9152_p_srniel.csv
NaS,JVASP-9152,proton,6.0,0.016742,NaS_JVASP-9152_p_srniel.csv
NaS,JVASP-9152,proton,6.5,0.015742,NaS_JVASP-9152_p_srniel.csv
NaS,JVASP-9152,proton,7.0,0.014899,NaS_JVASP-9152_p_srniel.csv
NaS,JVASP-9152,proton,7.5,0.014175,NaS_JVASP-9152_p_srniel.csv
NaS,JVASP-9152,proton,8.0,0.013543,NaS_JVASP-9152_p_srniel.csv
NaS,JVASP-9152,proton,8.5,0.012983,NaS_JVASP-9152_p_srniel.csv
NaS,JVASP-9152,proton,9.0,0.012481,NaS_JVASP-9152_p_srniel.csv
NaS,JVASP-9152,proton,9.5,0.012027,NaS_JVASP-9152_p_srniel.csv
NaS,JVASP-9152,proton,10.0,0.011613,NaS_JVASP-9152_p_srniel.csv
NaS,JVASP-9152,proton,15.0,0.0089362,NaS_JVASP-9152_p_srniel.csv
NaS,JVASP-9152,proton,20.0,0.0076107,NaS_JVASP-9152_p_srniel.csv
NaS,JVASP-9152,proton,25.0,0.0067872,NaS_JVASP-9152_p_srniel.csv
NaS,JVASP-9152,proton,30.0,0.0061832,NaS_JVASP-9152_p_srniel.csv
NaS,JVASP-9152,proton,35.0,0.0057043,NaS_JVASP-9152_p_srniel.csv
NaS,JVASP-9152,proton,40.0,0.0053132,NaS_JVASP-9152_p_srniel.csv
NaS,JVASP-9152,proton,45.0,0.0049888,NaS_JVASP-9152_p_srniel.csv
NaS,JVASP-9152,proton,50.0,0.0047158,NaS_JVASP-9152_p_srniel.csv
NaS,JVASP-9152,proton,55.0,0.0044821,NaS_JVASP-9152_p_srniel.csv
NaS,JVASP-9152,proton,60.0,0.0042783,NaS_JVASP-9152_p_srniel.csv
NaS,JVASP-9152,proton,65.0,0.0040973,NaS_JVASP-9152_p_srniel.csv
NaS,JVASP-9152,proton,70.0,0.0039339,NaS_JVASP-9152_p_srniel.csv
NaS,JVASP-9152,proton,75.0,0.0037846,NaS_JVASP-9152_p_srniel.csv
NaS,JVASP-9152,proton,80.0,0.0036468,NaS_JVASP-9152_p_srniel.csv
NaS,JVASP-9152,proton,85.0,0.0035186,NaS_JVASP-9152_p_srniel.csv
NaS,JVASP-9152,proton,90.0,0.0033988,NaS_JVASP-9152_p_srniel.csv
NaS,JVASP-9152,proton,95.0,0.0032865,NaS_JVASP-9152_p_srniel.csv
NaS,JVASP-9152,proton,100.0,0.0031812,NaS_JVASP-9152_p_srniel.csv
NaS,JVASP-9152,proton,150.0,0.0024314,NaS_JVASP-9152_p_srniel.csv
NaS,JVASP-9152,proton,200.0,0.0020545,NaS_JVASP-9152_p_srniel.csv
NaS,JVASP-9152,proton,250.0,0.0018632,NaS_JVASP-9152_p_srniel.csv
NaS,JVASP-9152,proton,300.0,0.0017567,NaS_JVASP-9152_p_srniel.csv
NaS,JVASP-9152,proton,350.0,0.0016888,NaS_JVASP-9152_p_srniel.csv
NaS,JVASP-9152,proton,400.0,0.0016403,NaS_JVASP-9152_p_srniel.csv
NaS,JVASP-9152,proton,450.0,0.0016041,NaS_JVASP-9152_p_srniel.csv
NaS,JVASP-9152,proton,500.0,0.0015777,NaS_JVASP-9152_p_srniel.csv
NaS,JVASP-9152,proton,550.0,0.0015594,NaS_JVASP-9152_p_srniel.csv
NaS,JVASP-9152,proton,600.0,0.0015473,NaS_JVASP-9152_p_srniel.csv
NaS,JVASP-9152,proton,650.0,0.001539,NaS_JVASP-9152_p_srniel.csv
NaS,JVASP-9152,proton,700.0,0.0015318,NaS_JVASP-9152_p_srniel.csv
NaS,JVASP-9152,proton,750.0,0.0015234,NaS_JVASP-9152_p_srniel.csv
NaS,JVASP-9152,proton,800.0,0.0015127,NaS_JVASP-9152_p_srniel.csv
NaS,JVASP-9152,proton,850.0,0.0014996,NaS_JVASP-9152_p_srniel.csv
NaS,JVASP-9152,proton,900.0,0.0014864,NaS_JVASP-9152_p_srniel.csv
NaS,JVASP-9152,proton,950.0,0.0014772,NaS_JVASP-9152_p_srniel.csv
NaS,JVASP-9152,proton,1000.0,0.0014785,NaS_JVASP-9152_p_srniel.csv
NbBi3O7,JVASP-13254,electron,0.04,3.6919e-05,NbBi3O7_JVASP-13254_e_srniel.csv
NbBi3O7,JVASP-13254,electron,0.045,3.5045e-05,NbBi3O7_JVASP-13254_e_srniel.csv
NbBi3O7,JVASP-13254,electron,0.05,3.3406e-05,NbBi3O7_JVASP-13254_e_srniel.csv
NbBi3O7,JVASP-13254,electron,0.055,3.1965e-05,NbBi3O7_JVASP-13254_e_srniel.csv
NbBi3O7,JVASP-13254,electron,0.06,3.0689e-05,NbBi3O7_JVASP-13254_e_srniel.csv
NbBi3O7,JVASP-13254,electron,0.065,2.9936e-05,NbBi3O7_JVASP-13254_e_srniel.csv
NbBi3O7,JVASP-13254,electron,0.07,2.9495e-05,NbBi3O7_JVASP-13254_e_srniel.csv
NbBi3O7,JVASP-13254,electron,0.075,2.9053e-05,NbBi3O7_JVASP-13254_e_srniel.csv
NbBi3O7,JVASP-13254,electron,0.08,2.8619e-05,NbBi3O7_JVASP-13254_e_srniel.csv
NbBi3O7,JVASP-13254,electron,0.085,2.82e-05,NbBi3O7_JVASP-13254_e_srniel.csv
NbBi3O7,JVASP-13254,electron,0.09,2.7799e-05,NbBi3O7_JVASP-13254_e_srniel.csv
NbBi3O7,JVASP-13254,electron,0.095,2.7416e-05,NbBi3O7_JVASP-13254_e_srniel.csv
NbBi3O7,JVASP-13254,electron,0.1,2.7052e-05,NbBi3O7_JVASP-13254_e_srniel.csv
NbBi3O7,JVASP-13254,electron,0.15,2.4321e-05,NbBi3O7_JVASP-13254_e_srniel.csv
NbBi3O7,JVASP-13254,electron,0.2,2.2711e-05,NbBi3O7_JVASP-13254_e_srniel.csv
NbBi3O7,JVASP-13254,electron,0.25,2.1726e-05,NbBi3O7_JVASP-13254_e_srniel.csv
NbBi3O7,JVASP-13254,electron,0.3,2.1111e-05,NbBi3O7_JVASP-13254_e_srniel.csv
NbBi3O7,JVASP-13254,electron,0.35,2.0729e-05,NbBi3O7_JVASP-13254_e_srniel.csv
NbBi3O7,JVASP-13254,electron,0.4,2.05e-05,NbBi3O7_JVASP-13254_e_srniel.csv
NbBi3O7,JVASP-13254,electron,0.45,2.0376e-05,NbBi3O7_JVASP-13254_e_srniel.csv
NbBi3O7,JVASP-13254,electron,0.5,2.0326e-05,NbBi3O7_JVASP-13254_e_srniel.csv
NbBi3O7,JVASP-13254,electron,0.55,2.0328e-05,NbBi3O7_JVASP-13254_e_srniel.csv
NbBi3O7,JVASP-13254,electron,0.6,2.0369e-05,NbBi3O7_JVASP-13254_e_srniel.csv
NbBi3O7,JVASP-13254,electron,0.65,2.0439e-05,NbBi3O7_JVASP-13254_e_srniel.csv
NbBi3O7,JVASP-13254,electron,0.7,2.053e-05,NbBi3O7_JVASP-13254_e_srniel.csv
NbBi3O7,JVASP-13254,electron,0.75,2.0637e-05,NbBi3O7_JVASP-13254_e_srniel.csv
NbBi3O7,JVASP-13254,electron,0.8,2.0757e-05,NbBi3O7_JVASP-13254_e_srniel.csv
NbBi3O7,JVASP-13254,electron,0.85,2.0885e-05,NbBi3O7_JVASP-13254_e_srniel.csv
NbBi3O7,JVASP-13254,electron,0.9,2.102e-05,NbBi3O7_JVASP-13254_e_srniel.csv
NbBi3O7,JVASP-13254,electron,0.95,2.116e-05,NbBi3O7_JVASP-13254_e_srniel.csv
NbBi3O7,JVASP-13254,electron,1.0,2.1304e-05,NbBi3O7_JVASP-13254_e_srniel.csv
NbBi3O7,JVASP-13254,electron,1.5,2.2772e-05,NbBi3O7_JVASP-13254_e_srniel.csv
NbBi3O7,JVASP-13254,electron,2.0,2.4348e-05,NbBi3O7_JVASP-13254_e_srniel.csv
NbBi3O7,JVASP-13254,electron,2.5,2.9895e-05,NbBi3O7_JVASP-13254_e_srniel.csv
NbBi3O7,JVASP-13254,electron,3.0,3.644e-05,NbBi3O7_JVASP-13254_e_srniel.csv
NbBi3O7,JVASP-13254,electron,3.5,4.2337e-05,NbBi3O7_JVASP-13254_e_srniel.csv
NbBi3O7,JVASP-13254,electron,4.0,4.7389e-05,NbBi3O7_JVASP-13254_e_srniel.csv
NbBi3O7,JVASP-13254,electron,4.5,5.1691e-05,NbBi3O7_JVASP-13254_e_srniel.csv
NbBi3O7,JVASP-13254,electron,5.0,5.5379e-05,NbBi3O7_JVASP-13254_e_srniel.csv
NbBi3O7,JVASP-13254,electron,5.5,5.8571e-05,NbBi3O7_JVASP-13254_e_srniel.csv
NbBi3O7,JVASP-13254,electron,6.0,6.1364e-05,NbBi3O7_JVASP-13254_e_srniel.csv
NbBi3O7,JVASP-13254,electron,6.5,6.3831e-05,NbBi3O7_JVASP-13254_e_srniel.csv
NbBi3O7,JVASP-13254,electron,7.0,6.6029e-05,NbBi3O7_JVASP-13254_e_srniel.csv
NbBi3O7,JVASP-13254,electron,7.5,6.8003e-05,NbBi3O7_JVASP-13254_e_srniel.csv
NbBi3O7,JVASP-13254,electron,8.0,6.9787e-05,NbBi3O7_JVASP-13254_e_srniel.csv
NbBi3O7,JVASP-13254,electron,8.5,7.141e-05,NbBi3O7_JVASP-13254_e_srniel.csv
NbBi3O7,JVASP-13254,electron,9.0,7.2893e-05,NbBi3O7_JVASP-13254_e_srniel.csv
NbBi3O7,JVASP-13254,electron,9.5,7.4254e-05,NbBi3O7_JVASP-13254_e_srniel.csv
NbBi3O7,JVASP-13254,electron,10.0,7.5509e-05,NbBi3O7_JVASP-13254_e_srniel.csv
NbBi3O7,JVASP-13254,electron,15.0,8.4149e-05,NbBi3O7_JVASP-13254_e_srniel.csv
NbBi3O7,JVASP-13254,electron,20.0,8.8766e-05,NbBi3O7_JVASP-13254_e_srniel.csv
NbBi3O7,JVASP-13254,electron,25.0,9.1309e-05,NbBi3O7_JVASP-13254_e_srniel.csv
NbBi3O7,JVASP-13254,electron,30.0,9.262e-05,NbBi3O7_JVASP-13254_e_srniel.csv
NbBi3O7,JVASP-13254,electron,35.0,9.3159e-05,NbBi3O7_JVASP-13254_e_srniel.csv
NbBi3O7,JVASP-13254,electron,40.0,9.3211e-05,NbBi3O7_JVASP-13254_e_srniel.csv
NbBi3O7,JVASP-13254,electron,45.0,9.2962e-05,NbBi3O7_JVASP-13254_e_srniel.csv
NbBi3O7,JVASP-13254,electron,50.0,9.2535e-05,NbBi3O7_JVASP-13254_e_srniel.csv
NbBi3O7,JVASP-13254,electron,55.0,9.2011e-05,NbBi3O7_JVASP-13254_e_srniel.csv
NbBi3O7,JVASP-13254,electron,60.0,9.1444e-05,NbBi3O7_JVASP-13254_e_srniel.csv
NbBi3O7,JVASP-13254,electron,65.0,9.0868e-05,NbBi3O7_JVASP-13254_e_srniel.csv
NbBi3O7,JVASP-13254,electron,70.0,9.0304e-05,NbBi3O7_JVASP-13254_e_srniel.csv
NbBi3O7,JVASP-13254,electron,75.0,8.9766e-05,NbBi3O7_JVASP-13254_e_srniel.csv
NbBi3O7,JVASP-13254,electron,80.0,8.9258e-05,NbBi3O7_JVASP-13254_e_srniel.csv
NbBi3O7,JVASP-13254,electron,85.0,8.8785e-05,NbBi3O7_JVASP-13254_e_srniel.csv
NbBi3O7,JVASP-13254,electron,90.0,8.8347e-05,NbBi3O7_JVASP-13254_e_srniel.csv
NbBi3O7,JVASP-13254,electron,95.0,8.7942e-05,NbBi3O7_JVASP-13254_e_srniel.csv
NbBi3O7,JVASP-13254,electron,100.0,8.757e-05,NbBi3O7_JVASP-13254_e_srniel.csv
NbBi3O7,JVASP-13254,proton,0.0001,2.7792,NbBi3O7_JVASP-13254_p_srniel.csv
NbBi3O7,JVASP-13254,proton,0.00015,2.9128,NbBi3O7_JVASP-13254_p_srniel.csv
NbBi3O7,JVASP-13254,proton,0.0002,2.9527,NbBi3O7_JVASP-13254_p_srniel.csv
NbBi3O7,JVASP-13254,proton,0.00025,2.9501,NbBi3O7_JVASP-13254_p_srniel.csv
NbBi3O7,JVASP-13254,proton,0.0003,2.9259,NbBi3O7_JVASP-13254_p_srniel.csv
NbBi3O7,JVASP-13254,proton,0.00035,2.8901,NbBi3O7_JVASP-13254_p_srniel.csv
NbBi3O7,JVASP-13254,proton,0.0004,2.8482,NbBi3O7_JVASP-13254_p_srniel.csv
NbBi3O7,JVASP-13254,proton,0.00045,2.8031,NbBi3O7_JVASP-13254_p_srniel.csv
NbBi3O7,JVASP-13254,proton,0.0005,2.7567,NbBi3O7_JVASP-13254_p_srniel.csv
NbBi3O7,JVASP-13254,proton,0.00055,2.71,NbBi3O7_JVASP-13254_p_srniel.csv
NbBi3O7,JVASP-13254,proton,0.0006,2.6637,NbBi3O7_JVASP-13254_p_srniel.csv
NbBi3O7,JVASP-13254,proton,0.00065,2.6183,NbBi3O7_JVASP-13254_p_srniel.csv
NbBi3O7,JVASP-13254,proton,0.0007,2.574,NbBi3O7_JVASP-13254_p_srniel.csv
NbBi3O7,JVASP-13254,proton,0.00075,2.5309,NbBi3O7_JVASP-13254_p_srniel.csv
NbBi3O7,JVASP-13254,proton,0.0008,2.4891,NbBi3O7_JVASP-13254_p_srniel.csv
NbBi3O7,JVASP-13254,proton,0.00085,2.4486,NbBi3O7_JVASP-13254_p_srniel.csv
NbBi3O7,JVASP-13254,proton,0.0009,2.4095,NbBi3O7_JVASP-13254_p_srniel.csv
NbBi3O7,JVASP-13254,proton,0.00095,2.3716,NbBi3O7_JVASP-13254_p_srniel.csv
NbBi3O7,JVASP-13254,proton,0.001,2.3351,NbBi3O7_JVASP-13254_p_srniel.csv
NbBi3O7,JVASP-13254,proton,0.0015,2.0305,NbBi3O7_JVASP-13254_p_srniel.csv
NbBi3O7,JVASP-13254,proton,0.002,1.8072,NbBi3O7_JVASP-13254_p_srniel.csv
NbBi3O7,JVASP-13254,proton,0.0025,1.6361,NbBi3O7_JVASP-13254_p_srniel.csv
NbBi3O7,JVASP-13254,proton,0.003,1.5001,NbBi3O7_JVASP-13254_p_srniel.csv
NbBi3O7,JVASP-13254,proton,0.0035,1.4273,NbBi3O7_JVASP-13254_p_srniel.csv
NbBi3O7,JVASP-13254,proton,0.004,1.3657,NbBi3O7_JVASP-13254_p_srniel.csv
NbBi3O7,JVASP-13254,proton,0.0045,1.3113,NbBi3O7_JVASP-13254_p_srniel.csv
NbBi3O7,JVASP-13254,proton,0.005,1.2629,NbBi3O7_JVASP-13254_p_srniel.csv
NbBi3O7,JVASP-13254,proton,0.0055,1.2193,NbBi3O7_JVASP-13254_p_srniel.csv
NbBi3O7,JVASP-13254,proton,0.006,1.1799,NbBi3O7_JVASP-13254_p_srniel.csv
NbBi3O7,JVASP-13254,proton,0.0065,1.1439,NbBi3O7_JVASP-13254_p_srniel.csv
NbBi3O7,JVASP-13254,proton,0.007,1.1108,NbBi3O7_JVASP-13254_p_srniel.csv
NbBi3O7,JVASP-13254,proton,0.0075,1.0803,NbBi3O7_JVASP-13254_p_srniel.csv
NbBi3O7,JVASP-13254,proton,0.008,1.052,NbBi3O7_JVASP-13254_p_srniel.csv
NbBi3O7,JVASP-13254,proton,0.0085,1.0257,NbBi3O7_JVASP-13254_p_srniel.csv
NbBi3O7,JVASP-13254,proton,0.009,1.0011,NbBi3O7_JVASP-13254_p_srniel.csv
NbBi3O7,JVASP-13254,proton,0.0095,0.97809,NbBi3O7_JVASP-13254_p_srniel.csv
NbBi3O7,JVASP-13254,proton,0.01,0.95643,NbBi3O7_JVASP-13254_p_srniel.csv
NbBi3O7,JVASP-13254,proton,0.015,0.79265,NbBi3O7_JVASP-13254_p_srniel.csv
NbBi3O7,JVASP-13254,proton,0.02,0.68555,NbBi3O7_JVASP-13254_p_srniel.csv
NbBi3O7,JVASP-13254,proton,0.025,0.6083,NbBi3O7_JVASP-13254_p_srniel.csv
NbBi3O7,JVASP-13254,proton,0.03,0.54921,NbBi3O7_JVASP-13254_p_srniel.csv
NbBi3O7,JVASP-13254,proton,0.035,0.50217,NbBi3O7_JVASP-13254_p_srniel.csv
NbBi3O7,JVASP-13254,proton,0.04,0.46363,NbBi3O7_JVASP-13254_p_srniel.csv
NbBi3O7,JVASP-13254,proton,0.045,0.43134,NbBi3O7_JVASP-13254_p_srniel.csv
NbBi3O7,JVASP-13254,proton,0.05,0.40383,NbBi3O7_JVASP-13254_p_srniel.csv
NbBi3O7,JVASP-13254,proton,0.055,0.38046,NbBi3O7_JVASP-13254_p_srniel.csv
NbBi3O7,JVASP-13254,proton,0.06,0.36015,NbBi3O7_JVASP-13254_p_srniel.csv
NbBi3O7,JVASP-13254,proton,0.065,0.34222,NbBi3O7_JVASP-13254_p_srniel.csv
NbBi3O7,JVASP-13254,proton,0.07,0.32625,NbBi3O7_JVASP-13254_p_srniel.csv
NbBi3O7,JVASP-13254,proton,0.075,0.31191,NbBi3O7_JVASP-13254_p_srniel.csv
NbBi3O7,JVASP-13254,proton,0.08,0.29896,NbBi3O7_JVASP-13254_p_srniel.csv
NbBi3O7,JVASP-13254,proton,0.085,0.28719,NbBi3O7_JVASP-13254_p_srniel.csv
NbBi3O7,JVASP-13254,proton,0.09,0.27644,NbBi3O7_JVASP-13254_p_srniel.csv
NbBi3O7,JVASP-13254,proton,0.095,0.26657,NbBi3O7_JVASP-13254_p_srniel.csv
NbBi3O7,JVASP-13254,proton,0.1,0.25748,NbBi3O7_JVASP-13254_p_srniel.csv
NbBi3O7,JVASP-13254,proton,0.15,0.19428,NbBi3O7_JVASP-13254_p_srniel.csv
NbBi3O7,JVASP-13254,proton,0.2,0.156,NbBi3O7_JVASP-13254_p_srniel.csv
NbBi3O7,JVASP-13254,proton,0.25,0.13094,NbBi3O7_JVASP-13254_p_srniel.csv
NbBi3O7,JVASP-13254,proton,0.3,0.11322,NbBi3O7_JVASP-13254_p_srniel.csv
NbBi3O7,JVASP-13254,proton,0.35,0.10003,NbBi3O7_JVASP-13254_p_srniel.csv
NbBi3O7,JVASP-13254,proton,0.4,0.08979,NbBi3O7_JVASP-13254_p_srniel.csv
NbBi3O7,JVASP-13254,proton,0.45,0.081579,NbBi3O7_JVASP-13254_p_srniel.csv
NbBi3O7,JVASP-13254,proton,0.5,0.074835,NbBi3O7_JVASP-13254_p_srniel.csv
NbBi3O7,JVASP-13254,proton,0.55,0.069189,NbBi3O7_JVASP-13254_p_srniel.csv
NbBi3O7,JVASP-13254,proton,0.6,0.064388,NbBi3O7_JVASP-13254_p_srniel.csv
NbBi3O7,JVASP-13254,proton,0.65,0.060251,NbBi3O7_JVASP-13254_p_srniel.csv
NbBi3O7,JVASP-13254,proton,0.7,0.056626,NbBi3O7_JVASP-13254_p_srniel.csv
NbBi3O7,JVASP-13254,proton,0.75,0.053427,NbBi3O7_JVASP-13254_p_srniel.csv
NbBi3O7,JVASP-13254,proton,0.8,0.050599,NbBi3O7_JVASP-13254_p_srniel.csv
NbBi3O7,JVASP-13254,proton,0.85,0.048078,NbBi3O7_JVASP-13254_p_srniel.csv
NbBi3O7,JVASP-13254,proton,0.9,0.045817,NbBi3O7_JVASP-13254_p_srniel.csv
NbBi3O7,JVASP-13254,proton,0.95,0.043773,NbBi3O7_JVASP-13254_p_srniel.csv
NbBi3O7,JVASP-13254,proton,1.0,0.041876,NbBi3O7_JVASP-13254_p_srniel.csv
NbBi3O7,JVASP-13254,proton,1.5,0.029489,NbBi3O7_JVASP-13254_p_srniel.csv
NbBi3O7,JVASP-13254,proton,2.0,0.022989,NbBi3O7_JVASP-13254_p_srniel.csv
NbBi3O7,JVASP-13254,proton,2.5,0.018814,NbBi3O7_JVASP-13254_p_srniel.csv
NbBi3O7,JVASP-13254,proton,3.0,0.015959,NbBi3O7_JVASP-13254_p_srniel.csv
NbBi3O7,JVASP-13254,proton,3.5,0.013886,NbBi3O7_JVASP-13254_p_srniel.csv
NbBi3O7,JVASP-13254,proton,4.0,0.012365,NbBi3O7_JVASP-13254_p_srniel.csv
NbBi3O7,JVASP-13254,proton,4.5,0.011162,NbBi3O7_JVASP-13254_p_srniel.csv
NbBi3O7,JVASP-13254,proton,5.0,0.010163,NbBi3O7_JVASP-13254_p_srniel.csv
NbBi3O7,JVASP-13254,proton,5.5,0.009337,NbBi3O7_JVASP-13254_p_srniel.csv
NbBi3O7,JVASP-13254,proton,6.0,0.0086524,NbBi3O7_JVASP-13254_p_srniel.csv
NbBi3O7,JVASP-13254,proton,6.5,0.0080769,NbBi3O7_JVASP-13254_p_srniel.csv
NbBi3O7,JVASP-13254,proton,7.0,0.0075843,NbBi3O7_JVASP-13254_p_srniel.csv
NbBi3O7,JVASP-13254,proton,7.5,0.0071557,NbBi3O7_JVASP-13254_p_srniel.csv
NbBi3O7,JVASP-13254,proton,8.0,0.0067776,NbBi3O7_JVASP-13254_p_srniel.csv
NbBi3O7,JVASP-13254,proton,8.5,0.0064403,NbBi3O7_JVASP-13254_p_srniel.csv
NbBi3O7,JVASP-13254,proton,9.0,0.0061368,NbBi3O7_JVASP-13254_p_srniel.csv
NbBi3O7,JVASP-13254,proton,9.5,0.005862,NbBi3O7_JVASP-13254_p_srniel.csv
NbBi3O7,JVASP-13254,proton,10.0,0.005612,NbBi3O7_JVASP-13254_p_srniel.csv
NbBi3O7,JVASP-13254,proton,15.0,0.0039942,NbBi3O7_JVASP-13254_p_srniel.csv
NbBi3O7,JVASP-13254,proton,20.0,0.0032012,NbBi3O7_JVASP-13254_p_srniel.csv
NbBi3O7,JVASP-13254,proton,25.0,0.0027375,NbBi3O7_JVASP-13254_p_srniel.csv
NbBi3O7,JVASP-13254,proton,30.0,0.0024226,NbBi3O7_JVASP-13254_p_srniel.csv
NbBi3O7,JVASP-13254,proton,35.0,0.0021848,NbBi3O7_JVASP-13254_p_srniel.csv
NbBi3O7,JVASP-13254,proton,40.0,0.0019948,NbBi3O7_JVASP-13254_p_srniel.csv
NbBi3O7,JVASP-13254,proton,45.0,0.001839,NbBi3O7_JVASP-13254_p_srniel.csv
NbBi3O7,JVASP-13254,proton,50.0,0.0017098,NbBi3O7_JVASP-13254_p_srniel.csv
NbBi3O7,JVASP-13254,proton,55.0,0.0016018,NbBi3O7_JVASP-13254_p_srniel.csv
NbBi3O7,JVASP-13254,proton,60.0,0.0015107,NbBi3O7_JVASP-13254_p_srniel.csv
NbBi3O7,JVASP-13254,proton,65.0,0.0014333,NbBi3O7_JVASP-13254_p_srniel.csv
NbBi3O7,JVASP-13254,proton,70.0,0.0013669,NbBi3O7_JVASP-13254_p_srniel.csv
NbBi3O7,JVASP-13254,proton,75.0,0.0013095,NbBi3O7_JVASP-13254_p_srniel.csv
NbBi3O7,JVASP-13254,proton,80.0,0.0012595,NbBi3O7_JVASP-13254_p_srniel.csv
NbBi3O7,JVASP-13254,proton,85.0,0.0012154,NbBi3O7_JVASP-13254_p_srniel.csv
NbBi3O7,JVASP-13254,proton,90.0,0.0011762,NbBi3O7_JVASP-13254_p_srniel.csv
NbBi3O7,JVASP-13254,proton,95.0,0.0011412,NbBi3O7_JVASP-13254_p_srniel.csv
NbBi3O7,JVASP-13254,proton,100.0,0.0011096,NbBi3O7_JVASP-13254_p_srniel.csv
NbBi3O7,JVASP-13254,proton,150.0,0.0009016,NbBi3O7_JVASP-13254_p_srniel.csv
NbBi3O7,JVASP-13254,proton,200.0,0.0007886,NbBi3O7_JVASP-13254_p_srniel.csv
NbBi3O7,JVASP-13254,proton,250.0,0.00072338,NbBi3O7_JVASP-13254_p_srniel.csv
NbBi3O7,JVASP-13254,proton,300.0,0.0006883,NbBi3O7_JVASP-13254_p_srniel.csv
NbBi3O7,JVASP-13254,proton,350.0,0.00067217,NbBi3O7_JVASP-13254_p_srniel.csv
NbBi3O7,JVASP-13254,proton,400.0,0.00066721,NbBi3O7_JVASP-13254_p_srniel.csv
NbBi3O7,JVASP-13254,proton,450.0,0.00066821,NbBi3O7_JVASP-13254_p_srniel.csv
NbBi3O7,JVASP-13254,proton,500.0,0.00067185,NbBi3O7_JVASP-13254_p_srniel.csv
NbBi3O7,JVASP-13254,proton,550.0,0.00067626,NbBi3O7_JVASP-13254_p_srniel.csv
NbBi3O7,JVASP-13254,proton,600.0,0.00068054,NbBi3O7_JVASP-13254_p_srniel.csv
NbBi3O7,JVASP-13254,proton,650.0,0.0006844,NbBi3O7_JVASP-13254_p_srniel.csv
NbBi3O7,JVASP-13254,proton,700.0,0.00068784,NbBi3O7_JVASP-13254_p_srniel.csv
NbBi3O7,JVASP-13254,proton,750.0,0.00069084,NbBi3O7_JVASP-13254_p_srniel.csv
NbBi3O7,JVASP-13254,proton,800.0,0.00069333,NbBi3O7_JVASP-13254_p_srniel.csv
NbBi3O7,JVASP-13254,proton,850.0,0.000695,NbBi3O7_JVASP-13254_p_srniel.csv
NbBi3O7,JVASP-13254,proton,900.0,0.00069535,NbBi3O7_JVASP-13254_p_srniel.csv
NbBi3O7,JVASP-13254,proton,950.0,0.00069366,NbBi3O7_JVASP-13254_p_srniel.csv
NbBi3O7,JVASP-13254,proton,1000.0,0.00068909,NbBi3O7_JVASP-13254_p_srniel.csv
NbS2,JVASP-574,electron,0.04,0.0,NbS2_JVASP-574_e_srniel.csv
NbS2,JVASP-574,electron,0.045,0.0,NbS2_JVASP-574_e_srniel.csv
NbS2,JVASP-574,electron,0.05,0.0,NbS2_JVASP-574_e_srniel.csv
NbS2,JVASP-574,electron,0.055,0.0,NbS2_JVASP-574_e_srniel.csv
NbS2,JVASP-574,electron,0.06,0.0,NbS2_JVASP-574_e_srniel.csv
NbS2,JVASP-574,electron,0.065,0.0,NbS2_JVASP-574_e_srniel.csv
NbS2,JVASP-574,electron,0.07,0.0,NbS2_JVASP-574_e_srniel.csv
NbS2,JVASP-574,electron,0.075,0.0,NbS2_JVASP-574_e_srniel.csv
NbS2,JVASP-574,electron,0.08,0.0,NbS2_JVASP-574_e_srniel.csv
NbS2,JVASP-574,electron,0.085,0.0,NbS2_JVASP-574_e_srniel.csv
NbS2,JVASP-574,electron,0.09,0.0,NbS2_JVASP-574_e_srniel.csv
NbS2,JVASP-574,electron,0.095,0.0,NbS2_JVASP-574_e_srniel.csv
NbS2,JVASP-574,electron,0.1,0.0,NbS2_JVASP-574_e_srniel.csv
NbS2,JVASP-574,electron,0.15,5.9352e-06,NbS2_JVASP-574_e_srniel.csv
NbS2,JVASP-574,electron,0.2,8.6562e-06,NbS2_JVASP-574_e_srniel.csv
NbS2,JVASP-574,electron,0.25,1.027e-05,NbS2_JVASP-574_e_srniel.csv
NbS2,JVASP-574,electron,0.3,1.1416e-05,NbS2_JVASP-574_e_srniel.csv
NbS2,JVASP-574,electron,0.35,1.2327e-05,NbS2_JVASP-574_e_srniel.csv
NbS2,JVASP-574,electron,0.4,1.3105e-05,NbS2_JVASP-574_e_srniel.csv
NbS2,JVASP-574,electron,0.45,1.3798e-05,NbS2_JVASP-574_e_srniel.csv
NbS2,JVASP-574,electron,0.5,1.4435e-05,NbS2_JVASP-574_e_srniel.csv
NbS2,JVASP-574,electron,0.55,1.503e-05,NbS2_JVASP-574_e_srniel.csv
NbS2,JVASP-574,electron,0.6,1.5592e-05,NbS2_JVASP-574_e_srniel.csv
NbS2,JVASP-574,electron,0.65,1.6127e-05,NbS2_JVASP-574_e_srniel.csv
NbS2,JVASP-574,electron,0.7,1.664e-05,NbS2_JVASP-574_e_srniel.csv
NbS2,JVASP-574,electron,0.75,1.7401e-05,NbS2_JVASP-574_e_srniel.csv
NbS2,JVASP-574,electron,0.8,1.8239e-05,NbS2_JVASP-574_e_srniel.csv
NbS2,JVASP-574,electron,0.85,1.9119e-05,NbS2_JVASP-574_e_srniel.csv
NbS2,JVASP-574,electron,0.9,2.0026e-05,NbS2_JVASP-574_e_srniel.csv
NbS2,JVASP-574,electron,0.95,2.0949e-05,NbS2_JVASP-574_e_srniel.csv
NbS2,JVASP-574,electron,1.0,2.1878e-05,NbS2_JVASP-574_e_srniel.csv
NbS2,JVASP-574,electron,1.5,3.0688e-05,NbS2_JVASP-574_e_srniel.csv
NbS2,JVASP-574,electron,2.0,3.8033e-05,NbS2_JVASP-574_e_srniel.csv
NbS2,JVASP-574,electron,2.5,4.4096e-05,NbS2_JVASP-574_e_srniel.csv
NbS2,JVASP-574,electron,3.0,4.9198e-05,NbS2_JVASP-574_e_srniel.csv
NbS2,JVASP-574,electron,3.5,5.3577e-05,NbS2_JVASP-574_e_srniel.csv
NbS2,JVASP-574,electron,4.0,5.7399e-05,NbS2_JVASP-574_e_srniel.csv
NbS2,JVASP-574,electron,4.5,6.0779e-05,NbS2_JVASP-574_e_srniel.csv
NbS2,JVASP-574,electron,5.0,6.3804e-05,NbS2_JVASP-574_e_srniel.csv
NbS2,JVASP-574,electron,5.5,6.6535e-05,NbS2_JVASP-574_e_srniel.csv
NbS2,JVASP-574,electron,6.0,6.9022e-05,NbS2_JVASP-574_e_srniel.csv
NbS2,JVASP-574,electron,6.5,7.1301e-05,NbS2_JVASP-574_e_srniel.csv
NbS2,JVASP-574,electron,7.0,7.3401e-05,NbS2_JVASP-574_e_srniel.csv
NbS2,JVASP-574,electron,7.5,7.5346e-05,NbS2_JVASP-574_e_srniel.csv
NbS2,JVASP-574,electron,8.0,7.7156e-05,NbS2_JVASP-574_e_srniel.csv
NbS2,JVASP-574,electron,8.5,7.8846e-05,NbS2_JVASP-574_e_srniel.csv
NbS2,JVASP-574,electron,9.0,8.043e-05,NbS2_JVASP-574_e_srniel.csv
NbS2,JVASP-574,electron,9.5,8.1918e-05,NbS2_JVASP-574_e_srniel.csv
NbS2,JVASP-574,electron,10.0,8.3321e-05,NbS2_JVASP-574_e_srniel.csv
NbS2,JVASP-574,electron,15.0,9.3997e-05,NbS2_JVASP-574_e_srniel.csv
NbS2,JVASP-574,electron,20.0,0.00010095,NbS2_JVASP-574_e_srniel.csv
NbS2,JVASP-574,electron,25.0,0.00010583,NbS2_JVASP-574_e_srniel.csv
NbS2,JVASP-574,electron,30.0,0.00010939,NbS2_JVASP-574_e_srniel.csv
NbS2,JVASP-574,electron,35.0,0.00011204,NbS2_JVASP-574_e_srniel.csv
NbS2,JVASP-574,electron,40.0,0.00011403,NbS2_JVASP-574_e_srniel.csv
NbS2,JVASP-574,electron,45.0,0.00011554,NbS2_JVASP-574_e_srniel.csv
NbS2,JVASP-574,electron,50.0,0.00011668,NbS2_JVASP-574_e_srniel.csv
NbS2,JVASP-574,electron,55.0,0.00011755,NbS2_JVASP-574_e_srniel.csv
NbS2,JVASP-574,electron,60.0,0.00011821,NbS2_JVASP-574_e_srniel.csv
NbS2,JVASP-574,electron,65.0,0.00011871,NbS2_JVASP-574_e_srniel.csv
NbS2,JVASP-574,electron,70.0,0.00011907,NbS2_JVASP-574_e_srniel.csv
NbS2,JVASP-574,electron,75.0,0.00011935,NbS2_JVASP-574_e_srniel.csv
NbS2,JVASP-574,electron,80.0,0.00011954,NbS2_JVASP-574_e_srniel.csv
NbS2,JVASP-574,electron,85.0,0.00011968,NbS2_JVASP-574_e_srniel.csv
NbS2,JVASP-574,electron,90.0,0.00011977,NbS2_JVASP-574_e_srniel.csv
NbS2,JVASP-574,electron,95.0,0.00011983,NbS2_JVASP-574_e_srniel.csv
NbS2,JVASP-574,electron,100.0,0.00011986,NbS2_JVASP-574_e_srniel.csv
NbS2,JVASP-574,proton,0.0001,0.79686,NbS2_JVASP-574_p_srniel.csv
NbS2,JVASP-574,proton,0.00015,1.4236,NbS2_JVASP-574_p_srniel.csv
NbS2,JVASP-574,proton,0.0002,1.7992,NbS2_JVASP-574_p_srniel.csv
NbS2,JVASP-574,proton,0.00025,2.0473,NbS2_JVASP-574_p_srniel.csv
NbS2,JVASP-574,proton,0.0003,2.2201,NbS2_JVASP-574_p_srniel.csv
NbS2,JVASP-574,proton,0.00035,2.3444,NbS2_JVASP-574_p_srniel.csv
NbS2,JVASP-574,proton,0.0004,2.4354,NbS2_JVASP-574_p_srniel.csv
NbS2,JVASP-574,proton,0.00045,2.5026,NbS2_JVASP-574_p_srniel.csv
NbS2,JVASP-574,proton,0.0005,2.5523,NbS2_JVASP-574_p_srniel.csv
NbS2,JVASP-574,proton,0.00055,2.5886,NbS2_JVASP-574_p_srniel.csv
NbS2,JVASP-574,proton,0.0006,2.6147,NbS2_JVASP-574_p_srniel.csv
NbS2,JVASP-574,proton,0.00065,2.6327,NbS2_JVASP-574_p_srniel.csv
NbS2,JVASP-574,proton,0.0007,2.6856,NbS2_JVASP-574_p_srniel.csv
NbS2,JVASP-574,proton,0.00075,2.7381,NbS2_JVASP-574_p_srniel.csv
NbS2,JVASP-574,proton,0.0008,2.7819,NbS2_JVASP-574_p_srniel.csv
NbS2,JVASP-574,proton,0.00085,2.8184,NbS2_JVASP-574_p_srniel.csv
NbS2,JVASP-574,proton,0.0009,2.8487,NbS2_JVASP-574_p_srniel.csv
NbS2,JVASP-574,proton,0.00095,2.8738,NbS2_JVASP-574_p_srniel.csv
NbS2,JVASP-574,proton,0.001,2.8944,NbS2_JVASP-574_p_srniel.csv
NbS2,JVASP-574,proton,0.0015,2.9533,NbS2_JVASP-574_p_srniel.csv
NbS2,JVASP-574,proton,0.002,2.8942,NbS2_JVASP-574_p_srniel.csv
NbS2,JVASP-574,proton,0.0025,2.8003,NbS2_JVASP-574_p_srniel.csv
NbS2,JVASP-574,proton,0.003,2.698,NbS2_JVASP-574_p_srniel.csv
NbS2,JVASP-574,proton,0.0035,2.5967,NbS2_JVASP-574_p_srniel.csv
NbS2,JVASP-574,proton,0.004,2.5001,NbS2_JVASP-574_p_srniel.csv
NbS2,JVASP-574,proton,0.0045,2.4094,NbS2_JVASP-574_p_srniel.csv
NbS2,JVASP-574,proton,0.005,2.3247,NbS2_JVASP-574_p_srniel.csv
NbS2,JVASP-574,proton,0.0055,2.2459,NbS2_JVASP-574_p_srniel.csv
NbS2,JVASP-574,proton,0.006,2.1726,NbS2_JVASP-574_p_srniel.csv
NbS2,JVASP-574,proton,0.0065,2.1043,NbS2_JVASP-574_p_srniel.csv
NbS2,JVASP-574,proton,0.007,2.0406,NbS2_JVASP-574_p_srniel.csv
NbS2,JVASP-574,proton,0.0075,1.981,NbS2_JVASP-574_p_srniel.csv
NbS2,JVASP-574,proton,0.008,1.9252,NbS2_JVASP-574_p_srniel.csv
NbS2,JVASP-574,proton,0.0085,1.8729,NbS2_JVASP-574_p_srniel.csv
NbS2,JVASP-574,proton,0.009,1.8237,NbS2_JVASP-574_p_srniel.csv
NbS2,JVASP-574,proton,0.0095,1.7774,NbS2_JVASP-574_p_srniel.csv
NbS2,JVASP-574,proton,0.01,1.7337,NbS2_JVASP-574_p_srniel.csv
NbS2,JVASP-574,proton,0.015,1.4013,NbS2_JVASP-574_p_srniel.csv
NbS2,JVASP-574,proton,0.02,1.186,NbS2_JVASP-574_p_srniel.csv
NbS2,JVASP-574,proton,0.025,1.0336,NbS2_JVASP-574_p_srniel.csv
NbS2,JVASP-574,proton,0.03,0.91934,NbS2_JVASP-574_p_srniel.csv
NbS2,JVASP-574,proton,0.035,0.83,NbS2_JVASP-574_p_srniel.csv
NbS2,JVASP-574,proton,0.04,0.75799,NbS2_JVASP-574_p_srniel.csv
NbS2,JVASP-574,proton,0.045,0.69855,NbS2_JVASP-574_p_srniel.csv
NbS2,JVASP-574,proton,0.05,0.64855,NbS2_JVASP-574_p_srniel.csv
NbS2,JVASP-574,proton,0.055,0.60584,NbS2_JVASP-574_p_srniel.csv
NbS2,JVASP-574,proton,0.06,0.56887,NbS2_JVASP-574_p_srniel.csv
NbS2,JVASP-574,proton,0.065,0.53653,NbS2_JVASP-574_p_srniel.csv
NbS2,JVASP-574,proton,0.07,0.50797,NbS2_JVASP-574_p_srniel.csv
NbS2,JVASP-574,proton,0.075,0.48254,NbS2_JVASP-574_p_srniel.csv
NbS2,JVASP-574,proton,0.08,0.45974,NbS2_JVASP-574_p_srniel.csv
NbS2,JVASP-574,proton,0.085,0.43917,NbS2_JVASP-574_p_srniel.csv
NbS2,JVASP-574,proton,0.09,0.42051,NbS2_JVASP-574_p_srniel.csv
NbS2,JVASP-574,proton,0.095,0.40349,NbS2_JVASP-574_p_srniel.csv
NbS2,JVASP-574,proton,0.1,0.38789,NbS2_JVASP-574_p_srniel.csv
NbS2,JVASP-574,proton,0.15,0.28243,NbS2_JVASP-574_p_srniel.csv
NbS2,JVASP-574,proton,0.2,0.2246,NbS2_JVASP-574_p_srniel.csv
NbS2,JVASP-574,proton,0.25,0.18769,NbS2_JVASP-574_p_srniel.csv
NbS2,JVASP-574,proton,0.3,0.1619,NbS2_JVASP-574_p_srniel.csv
NbS2,JVASP-574,proton,0.35,0.14258,NbS2_JVASP-574_p_srniel.csv
NbS2,JVASP-574,proton,0.4,0.12703,NbS2_JVASP-574_p_srniel.csv
NbS2,JVASP-574,proton,0.45,0.11471,NbS2_JVASP-574_p_srniel.csv
NbS2,JVASP-574,proton,0.5,0.1047,NbS2_JVASP-574_p_srniel.csv
NbS2,JVASP-574,proton,0.55,0.09638,NbS2_JVASP-574_p_srniel.csv
NbS2,JVASP-574,proton,0.6,0.089359,NbS2_JVASP-574_p_srniel.csv
NbS2,JVASP-574,proton,0.65,0.083348,NbS2_JVASP-574_p_srniel.csv
NbS2,JVASP-574,proton,0.7,0.07814,NbS2_JVASP-574_p_srniel.csv
NbS2,JVASP-574,proton,0.75,0.073581,NbS2_JVASP-574_p_srniel.csv
NbS2,JVASP-574,proton,0.8,0.069554,NbS2_JVASP-574_p_srniel.csv
NbS2,JVASP-574,proton,0.85,0.065971,NbS2_JVASP-574_p_srniel.csv
NbS2,JVASP-574,proton,0.9,0.06276,NbS2_JVASP-574_p_srniel.csv
NbS2,JVASP-574,proton,0.95,0.059859,NbS2_JVASP-574_p_srniel.csv
NbS2,JVASP-574,proton,1.0,0.057148,NbS2_JVASP-574_p_srniel.csv
NbS2,JVASP-574,proton,1.5,0.039542,NbS2_JVASP-574_p_srniel.csv
NbS2,JVASP-574,proton,2.0,0.030391,NbS2_JVASP-574_p_srniel.csv
NbS2,JVASP-574,proton,2.5,0.024754,NbS2_JVASP-574_p_srniel.csv
NbS2,JVASP-574,proton,3.0,0.020931,NbS2_JVASP-574_p_srniel.csv
NbS2,JVASP-574,proton,3.5,0.018236,NbS2_JVASP-574_p_srniel.csv
NbS2,JVASP-574,proton,4.0,0.016256,NbS2_JVASP-574_p_srniel.csv
NbS2,JVASP-574,proton,4.5,0.01471,NbS2_JVASP-574_p_srniel.csv
NbS2,JVASP-574,proton,5.0,0.013461,NbS2_JVASP-574_p_srniel.csv
NbS2,JVASP-574,proton,5.5,0.01244,NbS2_JVASP-574_p_srniel.csv
NbS2,JVASP-574,proton,6.0,0.011606,NbS2_JVASP-574_p_srniel.csv
NbS2,JVASP-574,proton,6.5,0.010914,NbS2_JVASP-574_p_srniel.csv
NbS2,JVASP-574,proton,7.0,0.010324,NbS2_JVASP-574_p_srniel.csv
NbS2,JVASP-574,proton,7.5,0.0098105,NbS2_JVASP-574_p_srniel.csv
NbS2,JVASP-574,proton,8.0,0.0093599,NbS2_JVASP-574_p_srniel.csv
NbS2,JVASP-574,proton,8.5,0.0089622,NbS2_JVASP-574_p_srniel.csv
NbS2,JVASP-574,proton,9.0,0.0086098,NbS2_JVASP-574_p_srniel.csv
NbS2,JVASP-574,proton,9.5,0.0082963,NbS2_JVASP-574_p_srniel.csv
NbS2,JVASP-574,proton,10.0,0.0080163,NbS2_JVASP-574_p_srniel.csv
NbS2,JVASP-574,proton,15.0,0.0063197,NbS2_JVASP-574_p_srniel.csv
NbS2,JVASP-574,proton,20.0,0.0055237,NbS2_JVASP-574_p_srniel.csv
NbS2,JVASP-574,proton,25.0,0.005049,NbS2_JVASP-574_p_srniel.csv
NbS2,JVASP-574,proton,30.0,0.0047233,NbS2_JVASP-574_p_srniel.csv
NbS2,JVASP-574,proton,35.0,0.004478,NbS2_JVASP-574_p_srniel.csv
NbS2,JVASP-574,proton,40.0,0.0042822,NbS2_JVASP-574_p_srniel.csv
NbS2,JVASP-574,proton,45.0,0.0041204,NbS2_JVASP-574_p_srniel.csv
NbS2,JVASP-574,proton,50.0,0.0039839,NbS2_JVASP-574_p_srniel.csv
NbS2,JVASP-574,proton,55.0,0.0038675,NbS2_JVASP-574_p_srniel.csv
NbS2,JVASP-574,proton,60.0,0.0037671,NbS2_JVASP-574_p_srniel.csv
NbS2,JVASP-574,proton,65.0,0.0036799,NbS2_JVASP-574_p_srniel.csv
NbS2,JVASP-574,proton,70.0,0.0036035,NbS2_JVASP-574_p_srniel.csv
NbS2,JVASP-574,proton,75.0,0.003536,NbS2_JVASP-574_p_srniel.csv
NbS2,JVASP-574,proton,80.0,0.0034758,NbS2_JVASP-574_p_srniel.csv
NbS2,JVASP-574,proton,85.0,0.0034217,NbS2_JVASP-574_p_srniel.csv
NbS2,JVASP-574,proton,90.0,0.0033727,NbS2_JVASP-574_p_srniel.csv
NbS2,JVASP-574,proton,95.0,0.0033279,NbS2_JVASP-574_p_srniel.csv
NbS2,JVASP-574,proton,100.0,0.0032866,NbS2_JVASP-574_p_srniel.csv
NbS2,JVASP-574,proton,150.0,0.0029857,NbS2_JVASP-574_p_srniel.csv
NbS2,JVASP-574,proton,200.0,0.0027982,NbS2_JVASP-574_p_srniel.csv
NbS2,JVASP-574,proton,250.0,0.0026999,NbS2_JVASP-574_p_srniel.csv
NbS2,JVASP-574,proton,300.0,0.0026737,NbS2_JVASP-574_p_srniel.csv
NbS2,JVASP-574,proton,350.0,0.002696,NbS2_JVASP-574_p_srniel.csv
NbS2,JVASP-574,proton,400.0,0.0027454,NbS2_JVASP-574_p_srniel.csv
NbS2,JVASP-574,proton,450.0,0.0028064,NbS2_JVASP-574_p_srniel.csv
NbS2,JVASP-574,proton,500.0,0.0028687,NbS2_JVASP-574_p_srniel.csv
NbS2,JVASP-574,proton,550.0,0.0029267,NbS2_JVASP-574_p_srniel.csv
NbS2,JVASP-574,proton,600.0,0.0029784,NbS2_JVASP-574_p_srniel.csv
NbS2,JVASP-574,proton,650.0,0.0030234,NbS2_JVASP-574_p_srniel.csv
NbS2,JVASP-574,proton,700.0,0.0030627,NbS2_JVASP-574_p_srniel.csv
NbS2,JVASP-574,proton,750.0,0.0030969,NbS2_JVASP-574_p_srniel.csv
NbS2,JVASP-574,proton,800.0,0.003126,NbS2_JVASP-574_p_srniel.csv
NbS2,JVASP-574,proton,850.0,0.0031488,NbS2_JVASP-574_p_srniel.csv
NbS2,JVASP-574,proton,900.0,0.0031632,NbS2_JVASP-574_p_srniel.csv
NbS2,JVASP-574,proton,950.0,0.003166,NbS2_JVASP-574_p_srniel.csv
NbS2,JVASP-574,proton,1000.0,0.0031532,NbS2_JVASP-574_p_srniel.csv
P2Se5,JVASP-5590,electron,0.04,0.0,P2Se5_JVASP-5590_e_srniel.csv
P2Se5,JVASP-5590,electron,0.045,0.0,P2Se5_JVASP-5590_e_srniel.csv
P2Se5,JVASP-5590,electron,0.05,0.0,P2Se5_JVASP-5590_e_srniel.csv
P2Se5,JVASP-5590,electron,0.055,0.0,P2Se5_JVASP-5590_e_srniel.csv
P2Se5,JVASP-5590,electron,0.06,0.0,P2Se5_JVASP-5590_e_srniel.csv
P2Se5,JVASP-5590,electron,0.065,0.0,P2Se5_JVASP-5590_e_srniel.csv
P2Se5,JVASP-5590,electron,0.07,0.0,P2Se5_JVASP-5590_e_srniel.csv
P2Se5,JVASP-5590,electron,0.075,0.0,P2Se5_JVASP-5590_e_srniel.csv
P2Se5,JVASP-5590,electron,0.08,0.0,P2Se5_JVASP-5590_e_srniel.csv
P2Se5,JVASP-5590,electron,0.085,0.0,P2Se5_JVASP-5590_e_srniel.csv
P2Se5,JVASP-5590,electron,0.09,0.0,P2Se5_JVASP-5590_e_srniel.csv
P2Se5,JVASP-5590,electron,0.095,0.0,P2Se5_JVASP-5590_e_srniel.csv
P2Se5,JVASP-5590,electron,0.1,0.0,P2Se5_JVASP-5590_e_srniel.csv
P2Se5,JVASP-5590,electron,0.15,1.3808e-06,P2Se5_JVASP-5590_e_srniel.csv
P2Se5,JVASP-5590,electron,0.2,2.2737e-06,P2Se5_JVASP-5590_e_srniel.csv
P2Se5,JVASP-5590,electron,0.25,4.8894e-06,P2Se5_JVASP-5590_e_srniel.csv
P2Se5,JVASP-5590,electron,0.3,8.051e-06,P2Se5_JVASP-5590_e_srniel.csv
P2Se5,JVASP-5590,electron,0.35,1.0643e-05,P2Se5_JVASP-5590_e_srniel.csv
P2Se5,JVASP-5590,electron,0.4,1.2867e-05,P2Se5_JVASP-5590_e_srniel.csv
P2Se5,JVASP-5590,electron,0.45,1.4836e-05,P2Se5_JVASP-5590_e_srniel.csv
P2Se5,JVASP-5590,electron,0.5,1.6618e-05,P2Se5_JVASP-5590_e_srniel.csv
P2Se5,JVASP-5590,electron,0.55,1.8254e-05,P2Se5_JVASP-5590_e_srniel.csv
P2Se5,JVASP-5590,electron,0.6,1.9774e-05,P2Se5_JVASP-5590_e_srniel.csv
P2Se5,JVASP-5590,electron,0.65,2.1198e-05,P2Se5_JVASP-5590_e_srniel.csv
P2Se5,JVASP-5590,electron,0.7,2.2539e-05,P2Se5_JVASP-5590_e_srniel.csv
P2Se5,JVASP-5590,electron,0.75,2.3809e-05,P2Se5_JVASP-5590_e_srniel.csv
P2Se5,JVASP-5590,electron,0.8,2.5017e-05,P2Se5_JVASP-5590_e_srniel.csv
P2Se5,JVASP-5590,electron,0.85,2.6169e-05,P2Se5_JVASP-5590_e_srniel.csv
P2Se5,JVASP-5590,electron,0.9,2.7271e-05,P2Se5_JVASP-5590_e_srniel.csv
P2Se5,JVASP-5590,electron,0.95,2.8328e-05,P2Se5_JVASP-5590_e_srniel.csv
P2Se5,JVASP-5590,electron,1.0,2.9344e-05,P2Se5_JVASP-5590_e_srniel.csv
P2Se5,JVASP-5590,electron,1.5,3.7816e-05,P2Se5_JVASP-5590_e_srniel.csv
P2Se5,JVASP-5590,electron,2.0,4.4271e-05,P2Se5_JVASP-5590_e_srniel.csv
P2Se5,JVASP-5590,electron,2.5,4.949e-05,P2Se5_JVASP-5590_e_srniel.csv
P2Se5,JVASP-5590,electron,3.0,5.3862e-05,P2Se5_JVASP-5590_e_srniel.csv
P2Se5,JVASP-5590,electron,3.5,5.7617e-05,P2Se5_JVASP-5590_e_srniel.csv
P2Se5,JVASP-5590,electron,4.0,6.0902e-05,P2Se5_JVASP-5590_e_srniel.csv
P2Se5,JVASP-5590,electron,4.5,6.3816e-05,P2Se5_JVASP-5590_e_srniel.csv
P2Se5,JVASP-5590,electron,5.0,6.6431e-05,P2Se5_JVASP-5590_e_srniel.csv
P2Se5,JVASP-5590,electron,5.5,6.8798e-05,P2Se5_JVASP-5590_e_srniel.csv
P2Se5,JVASP-5590,electron,6.0,7.0959e-05,P2Se5_JVASP-5590_e_srniel.csv
P2Se5,JVASP-5590,electron,6.5,7.2943e-05,P2Se5_JVASP-5590_e_srniel.csv
P2Se5,JVASP-5590,electron,7.0,7.4776e-05,P2Se5_JVASP-5590_e_srniel.csv
P2Se5,JVASP-5590,electron,7.5,7.6477e-05,P2Se5_JVASP-5590_e_srniel.csv
P2Se5,JVASP-5590,electron,8.0,7.8063e-05,P2Se5_JVASP-5590_e_srniel.csv
P2Se5,JVASP-5590,electron,8.5,7.9545e-05,P2Se5_JVASP-5590_e_srniel.csv
P2Se5,JVASP-5590,electron,9.0,8.0937e-05,P2Se5_JVASP-5590_e_srniel.csv
P2Se5,JVASP-5590,electron,9.5,8.2247e-05,P2Se5_JVASP-5590_e_srniel.csv
P2Se5,JVASP-5590,electron,10.0,8.3483e-05,P2Se5_JVASP-5590_e_srniel.csv
P2Se5,JVASP-5590,electron,15.0,9.2937e-05,P2Se5_JVASP-5590_e_srniel.csv
P2Se5,JVASP-5590,electron,20.0,9.9138e-05,P2Se5_JVASP-5590_e_srniel.csv
P2Se5,JVASP-5590,electron,25.0,0.00010351,P2Se5_JVASP-5590_e_srniel.csv
P2Se5,JVASP-5590,electron,30.0,0.00010671,P2Se5_JVASP-5590_e_srniel.csv
P2Se5,JVASP-5590,electron,35.0,0.00010909,P2Se5_JVASP-5590_e_srniel.csv
P2Se5,JVASP-5590,electron,40.0,0.00011089,P2Se5_JVASP-5590_e_srniel.csv
P2Se5,JVASP-5590,electron,45.0,0.00011225,P2Se5_JVASP-5590_e_srniel.csv
P2Se5,JVASP-5590,electron,50.0,0.00011328,P2Se5_JVASP-5590_e_srniel.csv
P2Se5,JVASP-5590,electron,55.0,0.00011406,P2Se5_JVASP-5590_e_srniel.csv
P2Se5,JVASP-5590,electron,60.0,0.00011465,P2Se5_JVASP-5590_e_srniel.csv
P2Se5,JVASP-5590,electron,65.0,0.00011509,P2Se5_JVASP-5590_e_srniel.csv
P2Se5,JVASP-5590,electron,70.0,0.00011541,P2Se5_JVASP-5590_e_srniel.csv
P2Se5,JVASP-5590,electron,75.0,0.00011565,P2Se5_JVASP-5590_e_srniel.csv
P2Se5,JVASP-5590,electron,80.0,0.00011582,P2Se5_JVASP-5590_e_srniel.csv
P2Se5,JVASP-5590,electron,85.0,0.00011594,P2Se5_JVASP-5590_e_srniel.csv
P2Se5,JVASP-5590,electron,90.0,0.00011601,P2Se5_JVASP-5590_e_srniel.csv
P2Se5,JVASP-5590,electron,95.0,0.00011605,P2Se5_JVASP-5590_e_srniel.csv
P2Se5,JVASP-5590,electron,100.0,0.00011607,P2Se5_JVASP-5590_e_srniel.csv
P2Se5,JVASP-5590,proton,0.0001,0.21579,P2Se5_JVASP-5590_p_srniel.csv
P2Se5,JVASP-5590,proton,0.00015,0.44876,P2Se5_JVASP-5590_p_srniel.csv
P2Se5,JVASP-5590,proton,0.0002,0.89394,P2Se5_JVASP-5590_p_srniel.csv
P2Se5,JVASP-5590,proton,0.00025,1.2059,P2Se5_JVASP-5590_p_srniel.csv
P2Se5,JVASP-5590,proton,0.0003,1.4376,P2Se5_JVASP-5590_p_srniel.csv
P2Se5,JVASP-5590,proton,0.00035,1.6164,P2Se5_JVASP-5590_p_srniel.csv
P2Se5,JVASP-5590,proton,0.0004,1.758,P2Se5_JVASP-5590_p_srniel.csv
P2Se5,JVASP-5590,proton,0.00045,1.8723,P2Se5_JVASP-5590_p_srniel.csv
P2Se5,JVASP-5590,proton,0.0005,1.9661,P2Se5_JVASP-5590_p_srniel.csv
P2Se5,JVASP-5590,proton,0.00055,2.0438,P2Se5_JVASP-5590_p_srniel.csv
P2Se5,JVASP-5590,proton,0.0006,2.1087,P2Se5_JVASP-5590_p_srniel.csv
P2Se5,JVASP-5590,proton,0.00065,2.1633,P2Se5_JVASP-5590_p_srniel.csv
P2Se5,JVASP-5590,proton,0.0007,2.2095,P2Se5_JVASP-5590_p_srniel.csv
P2Se5,JVASP-5590,proton,0.00075,2.2486,P2Se5_JVASP-5590_p_srniel.csv
P2Se5,JVASP-5590,proton,0.0008,2.2819,P2Se5_JVASP-5590_p_srniel.csv
P2Se5,JVASP-5590,proton,0.00085,2.3102,P2Se5_JVASP-5590_p_srniel.csv
P2Se5,JVASP-5590,proton,0.0009,2.3342,P2Se5_JVASP-5590_p_srniel.csv
P2Se5,JVASP-5590,proton,0.00095,2.3546,P2Se5_JVASP-5590_p_srniel.csv
P2Se5,JVASP-5590,proton,0.001,2.3719,P2Se5_JVASP-5590_p_srniel.csv
P2Se5,JVASP-5590,proton,0.0015,2.4373,P2Se5_JVASP-5590_p_srniel.csv
P2Se5,JVASP-5590,proton,0.002,2.411,P2Se5_JVASP-5590_p_srniel.csv
P2Se5,JVASP-5590,proton,0.0025,2.3533,P2Se5_JVASP-5590_p_srniel.csv
P2Se5,JVASP-5590,proton,0.003,2.2846,P2Se5_JVASP-5590_p_srniel.csv
P2Se5,JVASP-5590,proton,0.0035,2.2135,P2Se5_JVASP-5590_p_srniel.csv
P2Se5,JVASP-5590,proton,0.004,2.1434,P2Se5_JVASP-5590_p_srniel.csv
P2Se5,JVASP-5590,proton,0.0045,2.0761,P2Se5_JVASP-5590_p_srniel.csv
P2Se5,JVASP-5590,proton,0.005,2.012,P2Se5_JVASP-5590_p_srniel.csv
P2Se5,JVASP-5590,proton,0.0055,1.9515,P2Se5_JVASP-5590_p_srniel.csv
P2Se5,JVASP-5590,proton,0.006,1.8944,P2Se5_JVASP-5590_p_srniel.csv
P2Se5,JVASP-5590,proton,0.0065,1.8407,P2Se5_JVASP-5590_p_srniel.csv
P2Se5,JVASP-5590,proton,0.007,1.7901,P2Se5_JVASP-5590_p_srniel.csv
P2Se5,JVASP-5590,proton,0.0075,1.7424,P2Se5_JVASP-5590_p_srniel.csv
P2Se5,JVASP-5590,proton,0.008,1.6975,P2Se5_JVASP-5590_p_srniel.csv
P2Se5,JVASP-5590,proton,0.0085,1.655,P2Se5_JVASP-5590_p_srniel.csv
P2Se5,JVASP-5590,proton,0.009,1.6148,P2Se5_JVASP-5590_p_srniel.csv
P2Se5,JVASP-5590,proton,0.0095,1.5768,P2Se5_JVASP-5590_p_srniel.csv
P2Se5,JVASP-5590,proton,0.01,1.5407,P2Se5_JVASP-5590_p_srniel.csv
P2Se5,JVASP-5590,proton,0.015,1.2613,P2Se5_JVASP-5590_p_srniel.csv
P2Se5,JVASP-5590,proton,0.02,1.0758,P2Se5_JVASP-5590_p_srniel.csv
P2Se5,JVASP-5590,proton,0.025,0.94269,P2Se5_JVASP-5590_p_srniel.csv
P2Se5,JVASP-5590,proton,0.03,0.84186,P2Se5_JVASP-5590_p_srniel.csv
P2Se5,JVASP-5590,proton,0.035,0.76247,P2Se5_JVASP-5590_p_srniel.csv
P2Se5,JVASP-5590,proton,0.04,0.69813,P2Se5_JVASP-5590_p_srniel.csv
P2Se5,JVASP-5590,proton,0.045,0.64479,P2Se5_JVASP-5590_p_srniel.csv
P2Se5,JVASP-5590,proton,0.05,0.59975,P2Se5_JVASP-5590_p_srniel.csv
P2Se5,JVASP-5590,proton,0.055,0.56115,P2Se5_JVASP-5590_p_srniel.csv
P2Se5,JVASP-5590,proton,0.06,0.52766,P2Se5_JVASP-5590_p_srniel.csv
P2Se5,JVASP-5590,proton,0.065,0.49829,P2Se5_JVASP-5590_p_srniel.csv
P2Se5,JVASP-5590,proton,0.07,0.4723,P2Se5_JVASP-5590_p_srniel.csv
P2Se5,JVASP-5590,proton,0.075,0.44911,P2Se5_JVASP-5590_p_srniel.csv
P2Se5,JVASP-5590,proton,0.08,0.42829,P2Se5_JVASP-5590_p_srniel.csv
P2Se5,JVASP-5590,proton,0.085,0.40948,P2Se5_JVASP-5590_p_srniel.csv
P2Se5,JVASP-5590,proton,0.09,0.39238,P2Se5_JVASP-5590_p_srniel.csv
P2Se5,JVASP-5590,proton,0.095,0.37677,P2Se5_JVASP-5590_p_srniel.csv
P2Se5,JVASP-5590,proton,0.1,0.36246,P2Se5_JVASP-5590_p_srniel.csv
P2Se5,JVASP-5590,proton,0.15,0.26508,P2Se5_JVASP-5590_p_srniel.csv
P2Se5,JVASP-5590,proton,0.2,0.21103,P2Se5_JVASP-5590_p_srniel.csv
P2Se5,JVASP-5590,proton,0.25,0.17629,P2Se5_JVASP-5590_p_srniel.csv
P2Se5,JVASP-5590,proton,0.3,0.15219,P2Se5_JVASP-5590_p_srniel.csv
P2Se5,JVASP-5590,proton,0.35,0.1342,P2Se5_JVASP-5590_p_srniel.csv
P2Se5,JVASP-5590,proton,0.4,0.12028,P2Se5_JVASP-5590_p_srniel.csv
P2Se5,JVASP-5590,proton,0.45,0.1092,P2Se5_JVASP-5590_p_srniel.csv
P2Se5,JVASP-5590,proton,0.5,0.10015,P2Se5_JVASP-5590_p_srniel.csv
P2Se5,JVASP-5590,proton,0.55,0.092612,P2Se5_JVASP-5590_p_srniel.csv
P2Se5,JVASP-5590,proton,0.6,0.086225,P2Se5_JVASP-5590_p_srniel.csv
P2Se5,JVASP-5590,proton,0.65,0.080738,P2Se5_JVASP-5590_p_srniel.csv
P2Se5,JVASP-5590,proton,0.7,0.075969,P2Se5_JVASP-5590_p_srniel.csv
P2Se5,JVASP-5590,proton,0.75,0.071671,P2Se5_JVASP-5590_p_srniel.csv
P2Se5,JVASP-5590,proton,0.8,0.067637,P2Se5_JVASP-5590_p_srniel.csv
P2Se5,JVASP-5590,proton,0.85,0.064049,P2Se5_JVASP-5590_p_srniel.csv
P2Se5,JVASP-5590,proton,0.9,0.060836,P2Se5_JVASP-5590_p_srniel.csv
P2Se5,JVASP-5590,proton,0.95,0.057942,P2Se5_JVASP-5590_p_srniel.csv
P2Se5,JVASP-5590,proton,1.0,0.055321,P2Se5_JVASP-5590_p_srniel.csv
P2Se5,JVASP-5590,proton,1.5,0.038298,P2Se5_JVASP-5590_p_srniel.csv
P2Se5,JVASP-5590,proton,2.0,0.029453,P2Se5_JVASP-5590_p_srniel.csv
P2Se5,JVASP-5590,proton,2.5,0.024013,P2Se5_JVASP-5590_p_srniel.csv
P2Se5,JVASP-5590,proton,3.0,0.020329,P2Se5_JVASP-5590_p_srniel.csv
P2Se5,JVASP-5590,proton,3.5,0.017671,P2Se5_JVASP-5590_p_srniel.csv
P2Se5,JVASP-5590,proton,4.0,0.015662,P2Se5_JVASP-5590_p_srniel.csv
P2Se5,JVASP-5590,proton,4.5,0.014119,P2Se5_JVASP-5590_p_srniel.csv
P2Se5,JVASP-5590,proton,5.0,0.012921,P2Se5_JVASP-5590_p_srniel.csv
P2Se5,JVASP-5590,proton,5.5,0.011935,P2Se5_JVASP-5590_p_srniel.csv
P2Se5,JVASP-5590,proton,6.0,0.011102,P2Se5_JVASP-5590_p_srniel.csv
P2Se5,JVASP-5590,proton,6.5,0.010398,P2Se5_JVASP-5590_p_srniel.csv
P2Se5,JVASP-5590,proton,7.0,0.0098003,P2Se5_JVASP-5590_p_srniel.csv
P2Se5,JVASP-5590,proton,7.5,0.009291,P2Se5_JVASP-5590_p_srniel.csv
P2Se5,JVASP-5590,proton,8.0,0.0088542,P2Se5_JVASP-5590_p_srniel.csv
P2Se5,JVASP-5590,proton,8.5,0.0084766,P2Se5_JVASP-5590_p_srniel.csv
P2Se5,JVASP-5590,proton,9.0,0.0081471,P2Se5_JVASP-5590_p_srniel.csv
P2Se5,JVASP-5590,proton,9.5,0.0078569,P2Se5_JVASP-5590_p_srniel.csv
P2Se5,JVASP-5590,proton,10.0,0.007599,P2Se5_JVASP-5590_p_srniel.csv
P2Se5,JVASP-5590,proton,15.0,0.0060168,P2Se5_JVASP-5590_p_srniel.csv
P2Se5,JVASP-5590,proton,20.0,0.0053114,P2Se5_JVASP-5590_p_srniel.csv
P2Se5,JVASP-5590,proton,25.0,0.0049483,P2Se5_JVASP-5590_p_srniel.csv
P2Se5,JVASP-5590,proton,30.0,0.0047064,P2Se5_JVASP-5590_p_srniel.csv
P2Se5,JVASP-5590,proton,35.0,0.0045075,P2Se5_JVASP-5590_p_srniel.csv
P2Se5,JVASP-5590,proton,40.0,0.0043337,P2Se5_JVASP-5590_p_srniel.csv
P2Se5,JVASP-5590,proton,45.0,0.004184,P2Se5_JVASP-5590_p_srniel.csv
P2Se5,JVASP-5590,proton,50.0,0.0040586,P2Se5_JVASP-5590_p_srniel.csv
P2Se5,JVASP-5590,proton,55.0,0.0039561,P2Se5_JVASP-5590_p_srniel.csv
P2Se5,JVASP-5590,proton,60.0,0.0038733,P2Se5_JVASP-5590_p_srniel.csv
P2Se5,JVASP-5590,proton,65.0,0.0038066,P2Se5_JVASP-5590_p_srniel.csv
P2Se5,JVASP-5590,proton,70.0,0.0037524,P2Se5_JVASP-5590_p_srniel.csv
P2Se5,JVASP-5590,proton,75.0,0.0037074,P2Se5_JVASP-5590_p_srniel.csv
P2Se5,JVASP-5590,proton,80.0,0.0036689,P2Se5_JVASP-5590_p_srniel.csv
P2Se5,JVASP-5590,proton,85.0,0.0036348,P2Se5_JVASP-5590_p_srniel.csv
P2Se5,JVASP-5590,proton,90.0,0.0036035,P2Se5_JVASP-5590_p_srniel.csv
P2Se5,JVASP-5590,proton,95.0,0.0035737,P2Se5_JVASP-5590_p_srniel.csv
P2Se5,JVASP-5590,proton,100.0,0.0035447,P2Se5_JVASP-5590_p_srniel.csv
P2Se5,JVASP-5590,proton,150.0,0.0032676,P2Se5_JVASP-5590_p_srniel.csv
P2Se5,JVASP-5590,proton,200.0,0.0030849,P2Se5_JVASP-5590_p_srniel.csv
P2Se5,JVASP-5590,proton,250.0,0.0030223,P2Se5_JVASP-5590_p_srniel.csv
P2Se5,JVASP-5590,proton,300.0,0.0030263,P2Se5_JVASP-5590_p_srniel.csv
P2Se5,JVASP-5590,proton,350.0,0.0030516,P2Se5_JVASP-5590_p_srniel.csv
P2Se5,JVASP-5590,proton,400.0,0.0030789,P2Se5_JVASP-5590_p_srniel.csv
P2Se5,JVASP-5590,proton,450.0,0.0031071,P2Se5_JVASP-5590_p_srniel.csv
P2Se5,JVASP-5590,proton,500.0,0.0031415,P2Se5_JVASP-5590_p_srniel.csv
P2Se5,JVASP-5590,proton,550.0,0.0031869,P2Se5_JVASP-5590_p_srniel.csv
P2Se5,JVASP-5590,proton,600.0,0.0032435,P2Se5_JVASP-5590_p_srniel.csv
P2Se5,JVASP-5590,proton,650.0,0.0033068,P2Se5_JVASP-5590_p_srniel.csv
P2Se5,JVASP-5590,proton,700.0,0.0033687,P2Se5_JVASP-5590_p_srniel.csv
P2Se5,JVASP-5590,proton,750.0,0.0034197,P2Se5_JVASP-5590_p_srniel.csv
P2Se5,JVASP-5590,proton,800.0,0.0034518,P2Se5_JVASP-5590_p_srniel.csv
P2Se5,JVASP-5590,proton,850.0,0.0034616,P2Se5_JVASP-5590_p_srniel.csv
P2Se5,JVASP-5590,proton,900.0,0.0034532,P2Se5_JVASP-5590_p_srniel.csv
P2Se5,JVASP-5590,proton,950.0,0.0034394,P2Se5_JVASP-5590_p_srniel.csv
P2Se5,JVASP-5590,proton,1000.0,0.0034431,P2Se5_JVASP-5590_p_srniel.csv
PbS,JVASP-17941,electron,0.04,0.0,PbS_JVASP-17941_e_srniel.csv
PbS,JVASP-17941,electron,0.045,0.0,PbS_JVASP-17941_e_srniel.csv
PbS,JVASP-17941,electron,0.05,0.0,PbS_JVASP-17941_e_srniel.csv
PbS,JVASP-17941,electron,0.055,0.0,PbS_JVASP-17941_e_srniel.csv
PbS,JVASP-17941,electron,0.06,0.0,PbS_JVASP-17941_e_srniel.csv
PbS,JVASP-17941,electron,0.065,0.0,PbS_JVASP-17941_e_srniel.csv
PbS,JVASP-17941,electron,0.07,0.0,PbS_JVASP-17941_e_srniel.csv
PbS,JVASP-17941,electron,0.075,0.0,PbS_JVASP-17941_e_srniel.csv
PbS,JVASP-17941,electron,0.08,0.0,PbS_JVASP-17941_e_srniel.csv
PbS,JVASP-17941,electron,0.085,0.0,PbS_JVASP-17941_e_srniel.csv
PbS,JVASP-17941,electron,0.09,0.0,PbS_JVASP-17941_e_srniel.csv
PbS,JVASP-17941,electron,0.095,0.0,PbS_JVASP-17941_e_srniel.csv
PbS,JVASP-17941,electron,0.1,0.0,PbS_JVASP-17941_e_srniel.csv
PbS,JVASP-17941,electron,0.15,1.9478e-06,PbS_JVASP-17941_e_srniel.csv
PbS,JVASP-17941,electron,0.2,2.8407e-06,PbS_JVASP-17941_e_srniel.csv
PbS,JVASP-17941,electron,0.25,3.3704e-06,PbS_JVASP-17941_e_srniel.csv
PbS,JVASP-17941,electron,0.3,3.7464e-06,PbS_JVASP-17941_e_srniel.csv
PbS,JVASP-17941,electron,0.35,4.0453e-06,PbS_JVASP-17941_e_srniel.csv
PbS,JVASP-17941,electron,0.4,4.3005e-06,PbS_JVASP-17941_e_srniel.csv
PbS,JVASP-17941,electron,0.45,4.5283e-06,PbS_JVASP-17941_e_srniel.csv
PbS,JVASP-17941,electron,0.5,4.7372e-06,PbS_JVASP-17941_e_srniel.csv
PbS,JVASP-17941,electron,0.55,4.9324e-06,PbS_JVASP-17941_e_srniel.csv
PbS,JVASP-17941,electron,0.6,5.1168e-06,PbS_JVASP-17941_e_srniel.csv
PbS,JVASP-17941,electron,0.65,5.2925e-06,PbS_JVASP-17941_e_srniel.csv
PbS,JVASP-17941,electron,0.7,5.4608e-06,PbS_JVASP-17941_e_srniel.csv
PbS,JVASP-17941,electron,0.75,6.4722e-06,PbS_JVASP-17941_e_srniel.csv
PbS,JVASP-17941,electron,0.8,7.8017e-06,PbS_JVASP-17941_e_srniel.csv
PbS,JVASP-17941,electron,0.85,9.3131e-06,PbS_JVASP-17941_e_srniel.csv
PbS,JVASP-17941,electron,0.9,1.0922e-05,PbS_JVASP-17941_e_srniel.csv
PbS,JVASP-17941,electron,0.95,1.2572e-05,PbS_JVASP-17941_e_srniel.csv
PbS,JVASP-17941,electron,1.0,1.4228e-05,PbS_JVASP-17941_e_srniel.csv
PbS,JVASP-17941,electron,1.5,2.852e-05,PbS_JVASP-17941_e_srniel.csv
PbS,JVASP-17941,electron,2.0,3.8421e-05,PbS_JVASP-17941_e_srniel.csv
PbS,JVASP-17941,electron,2.5,4.5558e-05,PbS_JVASP-17941_e_srniel.csv
PbS,JVASP-17941,electron,3.0,5.1019e-05,PbS_JVASP-17941_e_srniel.csv
PbS,JVASP-17941,electron,3.5,5.5394e-05,PbS_JVASP-17941_e_srniel.csv
PbS,JVASP-17941,electron,4.0,5.902e-05,PbS_JVASP-17941_e_srniel.csv
PbS,JVASP-17941,electron,4.5,6.2102e-05,PbS_JVASP-17941_e_srniel.csv
PbS,JVASP-17941,electron,5.0,6.4775e-05,PbS_JVASP-17941_e_srniel.csv
PbS,JVASP-17941,electron,5.5,6.7127e-05,PbS_JVASP-17941_e_srniel.csv
PbS,JVASP-17941,electron,6.0,6.9222e-05,PbS_JVASP-17941_e_srniel.csv
PbS,JVASP-17941,electron,6.5,7.1106e-05,PbS_JVASP-17941_e_srniel.csv
PbS,JVASP-17941,electron,7.0,7.2813e-05,PbS_JVASP-17941_e_srniel.csv
PbS,JVASP-17941,electron,7.5,7.4371e-05,PbS_JVASP-17941_e_srniel.csv
PbS,JVASP-17941,electron,8.0,7.58e-05,PbS_JVASP-17941_e_srniel.csv
PbS,JVASP-17941,electron,8.5,7.7116e-05,PbS_JVASP-17941_e_srniel.csv
PbS,JVASP-17941,electron,9.0,7.8334e-05,PbS_JVASP-17941_e_srniel.csv
PbS,JVASP-17941,electron,9.5,7.9464e-05,PbS_JVASP-17941_e_srniel.csv
PbS,JVASP-17941,electron,10.0,8.0516e-05,PbS_JVASP-17941_e_srniel.csv
PbS,JVASP-17941,electron,15.0,8.7998e-05,PbS_JVASP-17941_e_srniel.csv
PbS,JVASP-17941,electron,20.0,9.2126e-05,PbS_JVASP-17941_e_srniel.csv
PbS,JVASP-17941,electron,25.0,9.4395e-05,PbS_JVASP-17941_e_srniel.csv
PbS,JVASP-17941,electron,30.0,9.5519e-05,PbS_JVASP-17941_e_srniel.csv
PbS,JVASP-17941,electron,35.0,9.5913e-05,PbS_JVASP-17941_e_srniel.csv
PbS,JVASP-17941,electron,40.0,9.5844e-05,PbS_JVASP-17941_e_srniel.csv
PbS,JVASP-17941,electron,45.0,9.549e-05,PbS_JVASP-17941_e_srniel.csv
PbS,JVASP-17941,electron,50.0,9.4969e-05,PbS_JVASP-17941_e_srniel.csv
PbS,JVASP-17941,electron,55.0,9.4363e-05,PbS_JVASP-17941_e_srniel.csv
PbS,JVASP-17941,electron,60.0,9.3722e-05,PbS_JVASP-17941_e_srniel.csv
PbS,JVASP-17941,electron,65.0,9.308e-05,PbS_JVASP-17941_e_srniel.csv
PbS,JVASP-17941,electron,70.0,9.2457e-05,PbS_JVASP-17941_e_srniel.csv
PbS,JVASP-17941,electron,75.0,9.1866e-05,PbS_JVASP-17941_e_srniel.csv
PbS,JVASP-17941,electron,80.0,9.1312e-05,PbS_JVASP-17941_e_srniel.csv
PbS,JVASP-17941,electron,85.0,9.0797e-05,PbS_JVASP-17941_e_srniel.csv
PbS,JVASP-17941,electron,90.0,9.0321e-05,PbS_JVASP-17941_e_srniel.csv
PbS,JVASP-17941,electron,95.0,8.9883e-05,PbS_JVASP-17941_e_srniel.csv
PbS,JVASP-17941,electron,100.0,8.9481e-05,PbS_JVASP-17941_e_srniel.csv
PbS,JVASP-17941,proton,0.0001,0.26151,PbS_JVASP-17941_p_srniel.csv
PbS,JVASP-17941,proton,0.00015,0.46718,PbS_JVASP-17941_p_srniel.csv
PbS,JVASP-17941,proton,0.0002,0.59044,PbS_JVASP-17941_p_srniel.csv
PbS,JVASP-17941,proton,0.00025,0.67185,PbS_JVASP-17941_p_srniel.csv
PbS,JVASP-17941,proton,0.0003,0.72857,PbS_JVASP-17941_p_srniel.csv
PbS,JVASP-17941,proton,0.00035,0.76936,PbS_JVASP-17941_p_srniel.csv
PbS,JVASP-17941,proton,0.0004,0.79923,PbS_JVASP-17941_p_srniel.csv
PbS,JVASP-17941,proton,0.00045,0.82129,PbS_JVASP-17941_p_srniel.csv
PbS,JVASP-17941,proton,0.0005,0.83758,PbS_JVASP-17941_p_srniel.csv
PbS,JVASP-17941,proton,0.00055,0.84951,PbS_JVASP-17941_p_srniel.csv
PbS,JVASP-17941,proton,0.0006,0.85807,PbS_JVASP-17941_p_srniel.csv
PbS,JVASP-17941,proton,0.00065,0.86399,PbS_JVASP-17941_p_srniel.csv
PbS,JVASP-17941,proton,0.0007,0.89146,PbS_JVASP-17941_p_srniel.csv
PbS,JVASP-17941,proton,0.00075,0.91473,PbS_JVASP-17941_p_srniel.csv
PbS,JVASP-17941,proton,0.0008,0.93484,PbS_JVASP-17941_p_srniel.csv
PbS,JVASP-17941,proton,0.00085,0.9523,PbS_JVASP-17941_p_srniel.csv
PbS,JVASP-17941,proton,0.0009,0.96748,PbS_JVASP-17941_p_srniel.csv
PbS,JVASP-17941,proton,0.00095,0.98072,PbS_JVASP-17941_p_srniel.csv
PbS,JVASP-17941,proton,0.001,0.99228,PbS_JVASP-17941_p_srniel.csv
PbS,JVASP-17941,proton,0.0015,1.0507,PbS_JVASP-17941_p_srniel.csv
PbS,JVASP-17941,proton,0.002,1.0596,PbS_JVASP-17941_p_srniel.csv
PbS,JVASP-17941,proton,0.0025,1.0503,PbS_JVASP-17941_p_srniel.csv
PbS,JVASP-17941,proton,0.003,1.0337,PbS_JVASP-17941_p_srniel.csv
PbS,JVASP-17941,proton,0.0035,1.014,PbS_JVASP-17941_p_srniel.csv
PbS,JVASP-17941,proton,0.004,0.99338,PbS_JVASP-17941_p_srniel.csv
PbS,JVASP-17941,proton,0.0045,0.97266,PbS_JVASP-17941_p_srniel.csv
PbS,JVASP-17941,proton,0.005,0.95234,PbS_JVASP-17941_p_srniel.csv
PbS,JVASP-17941,proton,0.0055,0.93267,PbS_JVASP-17941_p_srniel.csv
PbS,JVASP-17941,proton,0.006,0.91375,PbS_JVASP-17941_p_srniel.csv
PbS,JVASP-17941,proton,0.0065,0.8956,PbS_JVASP-17941_p_srniel.csv
PbS,JVASP-17941,proton,0.007,0.87823,PbS_JVASP-17941_p_srniel.csv
PbS,JVASP-17941,proton,0.0075,0.86162,PbS_JVASP-17941_p_srniel.csv
PbS,JVASP-17941,proton,0.008,0.84573,PbS_JVASP-17941_p_srniel.csv
PbS,JVASP-17941,proton,0.0085,0.83052,PbS_JVASP-17941_p_srniel.csv
PbS,JVASP-17941,proton,0.009,0.81596,PbS_JVASP-17941_p_srniel.csv
PbS,JVASP-17941,proton,0.0095,0.80201,PbS_JVASP-17941_p_srniel.csv
PbS,JVASP-17941,proton,0.01,0.78864,PbS_JVASP-17941_p_srniel.csv
PbS,JVASP-17941,proton,0.015,0.67975,PbS_JVASP-17941_p_srniel.csv
PbS,JVASP-17941,proton,0.02,0.6017,PbS_JVASP-17941_p_srniel.csv
PbS,JVASP-17941,proton,0.025,0.54237,PbS_JVASP-17941_p_srniel.csv
PbS,JVASP-17941,proton,0.03,0.49539,PbS_JVASP-17941_p_srniel.csv
PbS,JVASP-17941,proton,0.035,0.45705,PbS_JVASP-17941_p_srniel.csv
PbS,JVASP-17941,proton,0.04,0.42503,PbS_JVASP-17941_p_srniel.csv
PbS,JVASP-17941,proton,0.045,0.39781,PbS_JVASP-17941_p_srniel.csv
PbS,JVASP-17941,proton,0.05,0.37433,PbS_JVASP-17941_p_srniel.csv
PbS,JVASP-17941,proton,0.055,0.35383,PbS_JVASP-17941_p_srniel.csv
PbS,JVASP-17941,proton,0.06,0.33574,PbS_JVASP-17941_p_srniel.csv
PbS,JVASP-17941,proton,0.065,0.31964,PbS_JVASP-17941_p_srniel.csv
PbS,JVASP-17941,proton,0.07,0.30521,PbS_JVASP-17941_p_srniel.csv
PbS,JVASP-17941,proton,0.075,0.29218,PbS_JVASP-17941_p_srniel.csv
PbS,JVASP-17941,proton,0.08,0.28035,PbS_JVASP-17941_p_srniel.csv
PbS,JVASP-17941,proton,0.085,0.26955,PbS_JVASP-17941_p_srniel.csv
PbS,JVASP-17941,proton,0.09,0.25965,PbS_JVASP-17941_p_srniel.csv
PbS,JVASP-17941,proton,0.095,0.25054,PbS_JVASP-17941_p_srniel.csv
PbS,JVASP-17941,proton,0.1,0.24211,PbS_JVASP-17941_p_srniel.csv
PbS,JVASP-17941,proton,0.15,0.18304,PbS_JVASP-17941_p_srniel.csv
PbS,JVASP-17941,proton,0.2,0.14884,PbS_JVASP-17941_p_srniel.csv
PbS,JVASP-17941,proton,0.25,0.12624,PbS_JVASP-17941_p_srniel.csv
PbS,JVASP-17941,proton,0.3,0.11007,PbS_JVASP-17941_p_srniel.csv
PbS,JVASP-17941,proton,0.35,0.097823,PbS_JVASP-17941_p_srniel.csv
PbS,JVASP-17941,proton,0.4,0.088004,PbS_JVASP-17941_p_srniel.csv
PbS,JVASP-17941,proton,0.45,0.080093,PbS_JVASP-17941_p_srniel.csv
PbS,JVASP-17941,proton,0.5,0.07357,PbS_JVASP-17941_p_srniel.csv
PbS,JVASP-17941,proton,0.55,0.068091,PbS_JVASP-17941_p_srniel.csv
PbS,JVASP-17941,proton,0.6,0.06342,PbS_JVASP-17941_p_srniel.csv
PbS,JVASP-17941,proton,0.65,0.059385,PbS_JVASP-17941_p_srniel.csv
PbS,JVASP-17941,proton,0.7,0.055865,PbS_JVASP-17941_p_srniel.csv
PbS,JVASP-17941,proton,0.75,0.05278,PbS_JVASP-17941_p_srniel.csv
PbS,JVASP-17941,proton,0.8,0.050048,PbS_JVASP-17941_p_srniel.csv
PbS,JVASP-17941,proton,0.85,0.04761,PbS_JVASP-17941_p_srniel.csv
PbS,JVASP-17941,proton,0.9,0.04542,PbS_JVASP-17941_p_srniel.csv
PbS,JVASP-17941,proton,0.95,0.043441,PbS_JVASP-17941_p_srniel.csv
PbS,JVASP-17941,proton,1.0,0.041643,PbS_JVASP-17941_p_srniel.csv
PbS,JVASP-17941,proton,1.5,0.029812,PbS_JVASP-17941_p_srniel.csv
PbS,JVASP-17941,proton,2.0,0.023516,PbS_JVASP-17941_p_srniel.csv
PbS,JVASP-17941,proton,2.5,0.019305,PbS_JVASP-17941_p_srniel.csv
PbS,JVASP-17941,proton,3.0,0.016392,PbS_JVASP-17941_p_srniel.csv
PbS,JVASP-17941,proton,3.5,0.014295,PbS_JVASP-17941_p_srniel.csv
PbS,JVASP-17941,proton,4.0,0.012718,PbS_JVASP-17941_p_srniel.csv
PbS,JVASP-17941,proton,4.5,0.011478,PbS_JVASP-17941_p_srniel.csv
PbS,JVASP-17941,proton,5.0,0.010474,PbS_JVASP-17941_p_srniel.csv
PbS,JVASP-17941,proton,5.5,0.0096446,PbS_JVASP-17941_p_srniel.csv
PbS,JVASP-17941,proton,6.0,0.008948,PbS_JVASP-17941_p_srniel.csv
PbS,JVASP-17941,proton,6.5,0.0083549,PbS_JVASP-17941_p_srniel.csv
PbS,JVASP-17941,proton,7.0,0.0078436,PbS_JVASP-17941_p_srniel.csv
PbS,JVASP-17941,proton,7.5,0.0073982,PbS_JVASP-17941_p_srniel.csv
PbS,JVASP-17941,proton,8.0,0.0070065,PbS_JVASP-17941_p_srniel.csv
PbS,JVASP-17941,proton,8.5,0.0066592,PbS_JVASP-17941_p_srniel.csv
PbS,JVASP-17941,proton,9.0,0.0063492,PbS_JVASP-17941_p_srniel.csv
PbS,JVASP-17941,proton,9.5,0.0060706,PbS_JVASP-17941_p_srniel.csv
PbS,JVASP-17941,proton,10.0,0.0058189,PbS_JVASP-17941_p_srniel.csv
PbS,JVASP-17941,proton,15.0,0.0041976,PbS_JVASP-17941_p_srniel.csv
PbS,JVASP-17941,proton,20.0,0.0033572,PbS_JVASP-17941_p_srniel.csv
PbS,JVASP-17941,proton,25.0,0.0028324,PbS_JVASP-17941_p_srniel.csv
PbS,JVASP-17941,proton,30.0,0.0024699,PbS_JVASP-17941_p_srniel.csv
PbS,JVASP-17941,proton,35.0,0.0022037,PbS_JVASP-17941_p_srniel.csv
PbS,JVASP-17941,proton,40.0,0.0019999,PbS_JVASP-17941_p_srniel.csv
PbS,JVASP-17941,proton,45.0,0.0018386,PbS_JVASP-17941_p_srniel.csv
PbS,JVASP-17941,proton,50.0,0.0017075,PbS_JVASP-17941_p_srniel.csv
PbS,JVASP-17941,proton,55.0,0.0015982,PbS_JVASP-17941_p_srniel.csv
PbS,JVASP-17941,proton,60.0,0.0015053,PbS_JVASP-17941_p_srniel.csv
PbS,JVASP-17941,proton,65.0,0.001425,PbS_JVASP-17941_p_srniel.csv
PbS,JVASP-17941,proton,70.0,0.0013545,PbS_JVASP-17941_p_srniel.csv
PbS,JVASP-17941,proton,75.0,0.0012919,PbS_JVASP-17941_p_srniel.csv
PbS,JVASP-17941,proton,80.0,0.0012357,PbS_JVASP-17941_p_srniel.csv
PbS,JVASP-17941,proton,85.0,0.001185,PbS_JVASP-17941_p_srniel.csv
PbS,JVASP-17941,proton,90.0,0.0011388,PbS_JVASP-17941_p_srniel.csv
PbS,JVASP-17941,proton,95.0,0.0010966,PbS_JVASP-17941_p_srniel.csv
PbS,JVASP-17941,proton,100.0,0.0010579,PbS_JVASP-17941_p_srniel.csv
PbS,JVASP-17941,proton,150.0,0.00079884,PbS_JVASP-17941_p_srniel.csv
PbS,JVASP-17941,proton,200.0,0.00066767,PbS_JVASP-17941_p_srniel.csv
PbS,JVASP-17941,proton,250.0,0.00059324,PbS_JVASP-17941_p_srniel.csv
PbS,JVASP-17941,proton,300.0,0.00054611,PbS_JVASP-17941_p_srniel.csv
PbS,JVASP-17941,proton,350.0,0.00051326,PbS_JVASP-17941_p_srniel.csv
PbS,JVASP-17941,proton,400.0,0.00048879,PbS_JVASP-17941_p_srniel.csv
PbS,JVASP-17941,proton,450.0,0.00046988,PbS_JVASP-17941_p_srniel.csv
PbS,JVASP-17941,proton,500.0,0.00045507,PbS_JVASP-17941_p_srniel.csv
PbS,JVASP-17941,proton,550.0,0.00044341,PbS_JVASP-17941_p_srniel.csv
PbS,JVASP-17941,proton,600.0,0.00043415,PbS_JVASP-17941_p_srniel.csv
PbS,JVASP-17941,proton,650.0,0.0004266,PbS_JVASP-17941_p_srniel.csv
PbS,JVASP-17941,proton,700.0,0.00042015,PbS_JVASP-17941_p_srniel.csv
PbS,JVASP-17941,proton,750.0,0.00041434,PbS_JVASP-17941_p_srniel.csv
PbS,JVASP-17941,proton,800.0,0.00040883,PbS_JVASP-17941_p_srniel.csv
PbS,JVASP-17941,proton,850.0,0.00040356,PbS_JVASP-17941_p_srniel.csv
PbS,JVASP-17941,proton,900.0,0.00039869,PbS_JVASP-17941_p_srniel.csv
PbS,JVASP-17941,proton,950.0,0.00039468,PbS_JVASP-17941_p_srniel.csv
PbS,JVASP-17941,proton,1000.0,0.00039231,PbS_JVASP-17941_p_srniel.csv
PtI2,JVASP-12896,electron,0.04,0.0,PtI2_JVASP-12896_e_srniel.csv
PtI2,JVASP-12896,electron,0.045,0.0,PtI2_JVASP-12896_e_srniel.csv
PtI2,JVASP-12896,electron,0.05,0.0,PtI2_JVASP-12896_e_srniel.csv
PtI2,JVASP-12896,electron,0.055,0.0,PtI2_JVASP-12896_e_srniel.csv
PtI2,JVASP-12896,electron,0.06,0.0,PtI2_JVASP-12896_e_srniel.csv
PtI2,JVASP-12896,electron,0.065,0.0,PtI2_JVASP-12896_e_srniel.csv
PtI2,JVASP-12896,electron,0.07,0.0,PtI2_JVASP-12896_e_srniel.csv
PtI2,JVASP-12896,electron,0.075,0.0,PtI2_JVASP-12896_e_srniel.csv
PtI2,JVASP-12896,electron,0.08,0.0,PtI2_JVASP-12896_e_srniel.csv
PtI2,JVASP-12896,electron,0.085,0.0,PtI2_JVASP-12896_e_srniel.csv
PtI2,JVASP-12896,electron,0.09,0.0,PtI2_JVASP-12896_e_srniel.csv
PtI2,JVASP-12896,electron,0.095,0.0,PtI2_JVASP-12896_e_srniel.csv
PtI2,JVASP-12896,electron,0.1,0.0,PtI2_JVASP-12896_e_srniel.csv
PtI2,JVASP-12896,electron,0.15,0.0,PtI2_JVASP-12896_e_srniel.csv
PtI2,JVASP-12896,electron,0.2,0.0,PtI2_JVASP-12896_e_srniel.csv
PtI2,JVASP-12896,electron,0.25,0.0,PtI2_JVASP-12896_e_srniel.csv
PtI2,JVASP-12896,electron,0.3,0.0,PtI2_JVASP-12896_e_srniel.csv
PtI2,JVASP-12896,electron,0.35,0.0,PtI2_JVASP-12896_e_srniel.csv
PtI2,JVASP-12896,electron,0.4,0.0,PtI2_JVASP-12896_e_srniel.csv
PtI2,JVASP-12896,electron,0.45,9.01e-07,PtI2_JVASP-12896_e_srniel.csv
PtI2,JVASP-12896,electron,0.5,2.8344e-06,PtI2_JVASP-12896_e_srniel.csv
PtI2,JVASP-12896,electron,0.55,4.8845e-06,PtI2_JVASP-12896_e_srniel.csv
PtI2,JVASP-12896,electron,0.6,6.9509e-06,PtI2_JVASP-12896_e_srniel.csv
PtI2,JVASP-12896,electron,0.65,8.9779e-06,PtI2_JVASP-12896_e_srniel.csv
PtI2,JVASP-12896,electron,0.7,1.0936e-05,PtI2_JVASP-12896_e_srniel.csv
PtI2,JVASP-12896,electron,0.75,1.2812e-05,PtI2_JVASP-12896_e_srniel.csv
PtI2,JVASP-12896,electron,0.8,1.4601e-05,PtI2_JVASP-12896_e_srniel.csv
PtI2,JVASP-12896,electron,0.85,1.6302e-05,PtI2_JVASP-12896_e_srniel.csv
PtI2,JVASP-12896,electron,0.9,1.7919e-05,PtI2_JVASP-12896_e_srniel.csv
PtI2,JVASP-12896,electron,0.95,1.9455e-05,PtI2_JVASP-12896_e_srniel.csv
PtI2,JVASP-12896,electron,1.0,2.0916e-05,PtI2_JVASP-12896_e_srniel.csv
PtI2,JVASP-12896,electron,1.5,3.2372e-05,PtI2_JVASP-12896_e_srniel.csv
PtI2,JVASP-12896,electron,2.0,4.0242e-05,PtI2_JVASP-12896_e_srniel.csv
PtI2,JVASP-12896,electron,2.5,4.6164e-05,PtI2_JVASP-12896_e_srniel.csv
PtI2,JVASP-12896,electron,3.0,5.0886e-05,PtI2_JVASP-12896_e_srniel.csv
PtI2,JVASP-12896,electron,3.5,5.4798e-05,PtI2_JVASP-12896_e_srniel.csv
PtI2,JVASP-12896,electron,4.0,5.8129e-05,PtI2_JVASP-12896_e_srniel.csv
PtI2,JVASP-12896,electron,4.5,6.1022e-05,PtI2_JVASP-12896_e_srniel.csv
PtI2,JVASP-12896,electron,5.0,6.3574e-05,PtI2_JVASP-12896_e_srniel.csv
PtI2,JVASP-12896,electron,5.5,6.5851e-05,PtI2_JVASP-12896_e_srniel.csv
PtI2,JVASP-12896,electron,6.0,6.7905e-05,PtI2_JVASP-12896_e_srniel.csv
PtI2,JVASP-12896,electron,6.5,6.977e-05,PtI2_JVASP-12896_e_srniel.csv
PtI2,JVASP-12896,electron,7.0,7.1475e-05,PtI2_JVASP-12896_e_srniel.csv
PtI2,JVASP-12896,electron,7.5,7.3044e-05,PtI2_JVASP-12896_e_srniel.csv
PtI2,JVASP-12896,electron,8.0,7.4493e-05,PtI2_JVASP-12896_e_srniel.csv
PtI2,JVASP-12896,electron,8.5,7.5837e-05,PtI2_JVASP-12896_e_srniel.csv
PtI2,JVASP-12896,electron,9.0,7.7088e-05,PtI2_JVASP-12896_e_srniel.csv
PtI2,JVASP-12896,electron,9.5,7.8255e-05,PtI2_JVASP-12896_e_srniel.csv
PtI2,JVASP-12896,electron,10.0,7.9349e-05,PtI2_JVASP-12896_e_srniel.csv
PtI2,JVASP-12896,electron,15.0,8.736e-05,PtI2_JVASP-12896_e_srniel.csv
PtI2,JVASP-12896,electron,20.0,9.2107e-05,PtI2_JVASP-12896_e_srniel.csv
PtI2,JVASP-12896,electron,25.0,9.5021e-05,PtI2_JVASP-12896_e_srniel.csv
PtI2,JVASP-12896,electron,30.0,9.6781e-05,PtI2_JVASP-12896_e_srniel.csv
PtI2,JVASP-12896,electron,35.0,9.7776e-05,PtI2_JVASP-12896_e_srniel.csv
PtI2,JVASP-12896,electron,40.0,9.8257e-05,PtI2_JVASP-12896_e_srniel.csv
PtI2,JVASP-12896,electron,45.0,9.8392e-05,PtI2_JVASP-12896_e_srniel.csv
PtI2,JVASP-12896,electron,50.0,9.8299e-05,PtI2_JVASP-12896_e_srniel.csv
PtI2,JVASP-12896,electron,55.0,9.8058e-05,PtI2_JVASP-12896_e_srniel.csv
PtI2,JVASP-12896,electron,60.0,9.7727e-05,PtI2_JVASP-12896_e_srniel.csv
PtI2,JVASP-12896,electron,65.0,9.7344e-05,PtI2_JVASP-12896_e_srniel.csv
PtI2,JVASP-12896,electron,70.0,9.6936e-05,PtI2_JVASP-12896_e_srniel.csv
PtI2,JVASP-12896,electron,75.0,9.6522e-05,PtI2_JVASP-12896_e_srniel.csv
PtI2,JVASP-12896,electron,80.0,9.6111e-05,PtI2_JVASP-12896_e_srniel.csv
PtI2,JVASP-12896,electron,85.0,9.5713e-05,PtI2_JVASP-12896_e_srniel.csv
PtI2,JVASP-12896,electron,90.0,9.5331e-05,PtI2_JVASP-12896_e_srniel.csv
PtI2,JVASP-12896,electron,95.0,9.4968e-05,PtI2_JVASP-12896_e_srniel.csv
PtI2,JVASP-12896,electron,100.0,9.4625e-05,PtI2_JVASP-12896_e_srniel.csv
PtI2,JVASP-12896,proton,0.0001,0.0,PtI2_JVASP-12896_p_srniel.csv
PtI2,JVASP-12896,proton,0.00015,0.0,PtI2_JVASP-12896_p_srniel.csv
PtI2,JVASP-12896,proton,0.0002,0.0,PtI2_JVASP-12896_p_srniel.csv
PtI2,JVASP-12896,proton,0.00025,0.0,PtI2_JVASP-12896_p_srniel.csv
PtI2,JVASP-12896,proton,0.0003,0.0,PtI2_JVASP-12896_p_srniel.csv
PtI2,JVASP-12896,proton,0.00035,0.037063,PtI2_JVASP-12896_p_srniel.csv
PtI2,JVASP-12896,proton,0.0004,0.10897,PtI2_JVASP-12896_p_srniel.csv
PtI2,JVASP-12896,proton,0.00045,0.17014,PtI2_JVASP-12896_p_srniel.csv
PtI2,JVASP-12896,proton,0.0005,0.22299,PtI2_JVASP-12896_p_srniel.csv
PtI2,JVASP-12896,proton,0.00055,0.26921,PtI2_JVASP-12896_p_srniel.csv
PtI2,JVASP-12896,proton,0.0006,0.31006,PtI2_JVASP-12896_p_srniel.csv
PtI2,JVASP-12896,proton,0.00065,0.34645,PtI2_JVASP-12896_p_srniel.csv
PtI2,JVASP-12896,proton,0.0007,0.37911,PtI2_JVASP-12896_p_srniel.csv
PtI2,JVASP-12896,proton,0.00075,0.4086,PtI2_JVASP-12896_p_srniel.csv
PtI2,JVASP-12896,proton,0.0008,0.43536,PtI2_JVASP-12896_p_srniel.csv
PtI2,JVASP-12896,proton,0.00085,0.45976,PtI2_JVASP-12896_p_srniel.csv
PtI2,JVASP-12896,proton,0.0009,0.4821,PtI2_JVASP-12896_p_srniel.csv
PtI2,JVASP-12896,proton,0.00095,0.50261,PtI2_JVASP-12896_p_srniel.csv
PtI2,JVASP-12896,proton,0.001,0.52152,PtI2_JVASP-12896_p_srniel.csv
PtI2,JVASP-12896,proton,0.0015,0.65084,PtI2_JVASP-12896_p_srniel.csv
PtI2,JVASP-12896,proton,0.002,0.71942,PtI2_JVASP-12896_p_srniel.csv
PtI2,JVASP-12896,proton,0.0025,0.75848,PtI2_JVASP-12896_p_srniel.csv
PtI2,JVASP-12896,proton,0.003,0.78098,PtI2_JVASP-12896_p_srniel.csv
PtI2,JVASP-12896,proton,0.0035,0.79334,PtI2_JVASP-12896_p_srniel.csv
PtI2,JVASP-12896,proton,0.004,0.79915,PtI2_JVASP-12896_p_srniel.csv
PtI2,JVASP-12896,proton,0.0045,0.80058,PtI2_JVASP-12896_p_srniel.csv
PtI2,JVASP-12896,proton,0.005,0.79899,PtI2_JVASP-12896_p_srniel.csv
PtI2,JVASP-12896,proton,0.0055,0.79528,PtI2_JVASP-12896_p_srniel.csv
PtI2,JVASP-12896,proton,0.006,0.79009,PtI2_JVASP-12896_p_srniel.csv
PtI2,JVASP-12896,proton,0.0065,0.78384,PtI2_JVASP-12896_p_srniel.csv
PtI2,JVASP-12896,proton,0.007,0.77685,PtI2_JVASP-12896_p_srniel.csv
PtI2,JVASP-12896,proton,0.0075,0.76935,PtI2_JVASP-12896_p_srniel.csv
PtI2,JVASP-12896,proton,0.008,0.7615,PtI2_JVASP-12896_p_srniel.csv
PtI2,JVASP-12896,proton,0.0085,0.75342,PtI2_JVASP-12896_p_srniel.csv
PtI2,JVASP-12896,proton,0.009,0.74522,PtI2_JVASP-12896_p_srniel.csv
PtI2,JVASP-12896,proton,0.0095,0.73696,PtI2_JVASP-12896_p_srniel.csv
PtI2,JVASP-12896,proton,0.01,0.72869,PtI2_JVASP-12896_p_srniel.csv
PtI2,JVASP-12896,proton,0.015,0.65122,PtI2_JVASP-12896_p_srniel.csv
PtI2,JVASP-12896,proton,0.02,0.58728,PtI2_JVASP-12896_p_srniel.csv
PtI2,JVASP-12896,proton,0.025,0.53535,PtI2_JVASP-12896_p_srniel.csv
PtI2,JVASP-12896,proton,0.03,0.49263,PtI2_JVASP-12896_p_srniel.csv
PtI2,JVASP-12896,proton,0.035,0.45692,PtI2_JVASP-12896_p_srniel.csv
PtI2,JVASP-12896,proton,0.04,0.42659,PtI2_JVASP-12896_p_srniel.csv
PtI2,JVASP-12896,proton,0.045,0.4005,PtI2_JVASP-12896_p_srniel.csv
PtI2,JVASP-12896,proton,0.05,0.37778,PtI2_JVASP-12896_p_srniel.csv
PtI2,JVASP-12896,proton,0.055,0.35779,PtI2_JVASP-12896_p_srniel.csv
PtI2,JVASP-12896,proton,0.06,0.34006,PtI2_JVASP-12896_p_srniel.csv
PtI2,JVASP-12896,proton,0.065,0.3242,PtI2_JVASP-12896_p_srniel.csv
PtI2,JVASP-12896,proton,0.07,0.30993,PtI2_JVASP-12896_p_srniel.csv
PtI2,JVASP-12896,proton,0.075,0.29701,PtI2_JVASP-12896_p_srniel.csv
PtI2,JVASP-12896,proton,0.08,0.28524,PtI2_JVASP-12896_p_srniel.csv
PtI2,JVASP-12896,proton,0.085,0.27447,PtI2_JVASP-12896_p_srniel.csv
PtI2,JVASP-12896,proton,0.09,0.26458,PtI2_JVASP-12896_p_srniel.csv
PtI2,JVASP-12896,proton,0.095,0.25545,PtI2_JVASP-12896_p_srniel.csv
PtI2,JVASP-12896,proton,0.1,0.24701,PtI2_JVASP-12896_p_srniel.csv
PtI2,JVASP-12896,proton,0.15,0.18735,PtI2_JVASP-12896_p_srniel.csv
PtI2,JVASP-12896,proton,0.2,0.15241,PtI2_JVASP-12896_p_srniel.csv
PtI2,JVASP-12896,proton,0.25,0.1292,PtI2_JVASP-12896_p_srniel.csv
PtI2,JVASP-12896,proton,0.3,0.11253,PtI2_JVASP-12896_p_srniel.csv
PtI2,JVASP-12896,proton,0.35,0.099937,PtI2_JVASP-12896_p_srniel.csv
PtI2,JVASP-12896,proton,0.4,0.090048,PtI2_JVASP-12896_p_srniel.csv
PtI2,JVASP-12896,proton,0.45,0.082072,PtI2_JVASP-12896_p_srniel.csv
PtI2,JVASP-12896,proton,0.5,0.075517,PtI2_JVASP-12896_p_srniel.csv
PtI2,JVASP-12896,proton,0.55,0.07002,PtI2_JVASP-12896_p_srniel.csv
PtI2,JVASP-12896,proton,0.6,0.065338,PtI2_JVASP-12896_p_srniel.csv
PtI2,JVASP-12896,proton,0.65,0.06131,PtI2_JVASP-12896_p_srniel.csv
PtI2,JVASP-12896,proton,0.7,0.057815,PtI2_JVASP-12896_p_srniel.csv
PtI2,JVASP-12896,proton,0.75,0.054742,PtI2_JVASP-12896_p_srniel.csv
PtI2,JVASP-12896,proton,0.8,0.052014,PtI2_JVASP-12896_p_srniel.csv
PtI2,JVASP-12896,proton,0.85,0.049576,PtI2_JVASP-12896_p_srniel.csv
PtI2,JVASP-12896,proton,0.9,0.047383,PtI2_JVASP-12896_p_srniel.csv
PtI2,JVASP-12896,proton,0.95,0.045397,PtI2_JVASP-12896_p_srniel.csv
PtI2,JVASP-12896,proton,1.0,0.04359,PtI2_JVASP-12896_p_srniel.csv
PtI2,JVASP-12896,proton,1.5,0.031357,PtI2_JVASP-12896_p_srniel.csv
PtI2,JVASP-12896,proton,2.0,0.024526,PtI2_JVASP-12896_p_srniel.csv
PtI2,JVASP-12896,proton,2.5,0.020098,PtI2_JVASP-12896_p_srniel.csv
PtI2,JVASP-12896,proton,3.0,0.017071,PtI2_JVASP-12896_p_srniel.csv
PtI2,JVASP-12896,proton,3.5,0.014864,PtI2_JVASP-12896_p_srniel.csv
PtI2,JVASP-12896,proton,4.0,0.013182,PtI2_JVASP-12896_p_srniel.csv
PtI2,JVASP-12896,proton,4.5,0.011854,PtI2_JVASP-12896_p_srniel.csv
PtI2,JVASP-12896,proton,5.0,0.01078,PtI2_JVASP-12896_p_srniel.csv
PtI2,JVASP-12896,proton,5.5,0.0098909,PtI2_JVASP-12896_p_srniel.csv
PtI2,JVASP-12896,proton,6.0,0.0091432,PtI2_JVASP-12896_p_srniel.csv
PtI2,JVASP-12896,proton,6.5,0.008505,PtI2_JVASP-12896_p_srniel.csv
PtI2,JVASP-12896,proton,7.0,0.0079537,PtI2_JVASP-12896_p_srniel.csv
PtI2,JVASP-12896,proton,7.5,0.0074725,PtI2_JVASP-12896_p_srniel.csv
PtI2,JVASP-12896,proton,8.0,0.0070487,PtI2_JVASP-12896_p_srniel.csv
PtI2,JVASP-12896,proton,8.5,0.0066724,PtI2_JVASP-12896_p_srniel.csv
PtI2,JVASP-12896,proton,9.0,0.0063361,PtI2_JVASP-12896_p_srniel.csv
PtI2,JVASP-12896,proton,9.5,0.0060335,PtI2_JVASP-12896_p_srniel.csv
PtI2,JVASP-12896,proton,10.0,0.0057599,PtI2_JVASP-12896_p_srniel.csv
PtI2,JVASP-12896,proton,15.0,0.0039925,PtI2_JVASP-12896_p_srniel.csv
PtI2,JVASP-12896,proton,20.0,0.0030812,PtI2_JVASP-12896_p_srniel.csv
PtI2,JVASP-12896,proton,25.0,0.0025226,PtI2_JVASP-12896_p_srniel.csv
PtI2,JVASP-12896,proton,30.0,0.0021442,PtI2_JVASP-12896_p_srniel.csv
PtI2,JVASP-12896,proton,35.0,0.0018705,PtI2_JVASP-12896_p_srniel.csv
PtI2,JVASP-12896,proton,40.0,0.001663,PtI2_JVASP-12896_p_srniel.csv
PtI2,JVASP-12896,proton,45.0,0.0015001,PtI2_JVASP-12896_p_srniel.csv
PtI2,JVASP-12896,proton,50.0,0.0013688,PtI2_JVASP-12896_p_srniel.csv
PtI2,JVASP-12896,proton,55.0,0.0012607,PtI2_JVASP-12896_p_srniel.csv
PtI2,JVASP-12896,proton,60.0,0.00117,PtI2_JVASP-12896_p_srniel.csv
PtI2,JVASP-12896,proton,65.0,0.0010929,PtI2_JVASP-12896_p_srniel.csv
PtI2,JVASP-12896,proton,70.0,0.0010265,PtI2_JVASP-12896_p_srniel.csv
PtI2,JVASP-12896,proton,75.0,0.00096868,PtI2_JVASP-12896_p_srniel.csv
PtI2,JVASP-12896,proton,80.0,0.00091789,PtI2_JVASP-12896_p_srniel.csv
PtI2,JVASP-12896,proton,85.0,0.00087292,PtI2_JVASP-12896_p_srniel.csv
PtI2,JVASP-12896,proton,90.0,0.00083281,PtI2_JVASP-12896_p_srniel.csv
PtI2,JVASP-12896,proton,95.0,0.00079681,PtI2_JVASP-12896_p_srniel.csv
PtI2,JVASP-12896,proton,100.0,0.00076432,PtI2_JVASP-12896_p_srniel.csv
PtI2,JVASP-12896,proton,150.0,0.00055636,PtI2_JVASP-12896_p_srniel.csv
PtI2,JVASP-12896,proton,200.0,0.00045086,PtI2_JVASP-12896_p_srniel.csv
PtI2,JVASP-12896,proton,250.0,0.00038708,PtI2_JVASP-12896_p_srniel.csv
PtI2,JVASP-12896,proton,300.0,0.00034443,PtI2_JVASP-12896_p_srniel.csv
PtI2,JVASP-12896,proton,350.0,0.00031395,PtI2_JVASP-12896_p_srniel.csv
PtI2,JVASP-12896,proton,400.0,0.00029111,PtI2_JVASP-12896_p_srniel.csv
PtI2,JVASP-12896,proton,450.0,0.0002734,PtI2_JVASP-12896_p_srniel.csv
PtI2,JVASP-12896,proton,500.0,0.00025929,PtI2_JVASP-12896_p_srniel.csv
PtI2,JVASP-12896,proton,550.0,0.00024779,PtI2_JVASP-12896_p_srniel.csv
PtI2,JVASP-12896,proton,600.0,0.00023827,PtI2_JVASP-12896_p_srniel.csv
PtI2,JVASP-12896,proton,650.0,0.00023026,PtI2_JVASP-12896_p_srniel.csv
PtI2,JVASP-12896,proton,700.0,0.00022344,PtI2_JVASP-12896_p_srniel.csv
PtI2,JVASP-12896,proton,750.0,0.00021757,PtI2_JVASP-12896_p_srniel.csv
PtI2,JVASP-12896,proton,800.0,0.00021247,PtI2_JVASP-12896_p_srniel.csv
PtI2,JVASP-12896,proton,850.0,0.000208,PtI2_JVASP-12896_p_srniel.csv
PtI2,JVASP-12896,proton,900.0,0.00020406,PtI2_JVASP-12896_p_srniel.csv
PtI2,JVASP-12896,proton,950.0,0.00020057,PtI2_JVASP-12896_p_srniel.csv
PtI2,JVASP-12896,proton,1000.0,0.00019745,PtI2_JVASP-12896_p_srniel.csv
Rb2As3,JVASP-11390,electron,0.04,0.0,Rb2As3_JVASP-11390_e_srniel.csv
Rb2As3,JVASP-11390,electron,0.045,0.0,Rb2As3_JVASP-11390_e_srniel.csv
Rb2As3,JVASP-11390,electron,0.05,0.0,Rb2As3_JVASP-11390_e_srniel.csv
Rb2As3,JVASP-11390,electron,0.055,0.0,Rb2As3_JVASP-11390_e_srniel.csv
Rb2As3,JVASP-11390,electron,0.06,0.0,Rb2As3_JVASP-11390_e_srniel.csv
Rb2As3,JVASP-11390,electron,0.065,0.0,Rb2As3_JVASP-11390_e_srniel.csv
Rb2As3,JVASP-11390,electron,0.07,0.0,Rb2As3_JVASP-11390_e_srniel.csv
Rb2As3,JVASP-11390,electron,0.075,0.0,Rb2As3_JVASP-11390_e_srniel.csv
Rb2As3,JVASP-11390,electron,0.08,0.0,Rb2As3_JVASP-11390_e_srniel.csv
Rb2As3,JVASP-11390,electron,0.085,0.0,Rb2As3_JVASP-11390_e_srniel.csv
Rb2As3,JVASP-11390,electron,0.09,0.0,Rb2As3_JVASP-11390_e_srniel.csv
Rb2As3,JVASP-11390,electron,0.095,0.0,Rb2As3_JVASP-11390_e_srniel.csv
Rb2As3,JVASP-11390,electron,0.1,0.0,Rb2As3_JVASP-11390_e_srniel.csv
Rb2As3,JVASP-11390,electron,0.15,4.4079e-06,Rb2As3_JVASP-11390_e_srniel.csv
Rb2As3,JVASP-11390,electron,0.2,9.417e-06,Rb2As3_JVASP-11390_e_srniel.csv
Rb2As3,JVASP-11390,electron,0.25,1.3891e-05,Rb2As3_JVASP-11390_e_srniel.csv
Rb2As3,JVASP-11390,electron,0.3,1.7149e-05,Rb2As3_JVASP-11390_e_srniel.csv
Rb2As3,JVASP-11390,electron,0.35,1.9741e-05,Rb2As3_JVASP-11390_e_srniel.csv
Rb2As3,JVASP-11390,electron,0.4,2.1927e-05,Rb2As3_JVASP-11390_e_srniel.csv
Rb2As3,JVASP-11390,electron,0.45,2.3842e-05,Rb2As3_JVASP-11390_e_srniel.csv
Rb2As3,JVASP-11390,electron,0.5,2.5564e-05,Rb2As3_JVASP-11390_e_srniel.csv
Rb2As3,JVASP-11390,electron,0.55,2.7139e-05,Rb2As3_JVASP-11390_e_srniel.csv
Rb2As3,JVASP-11390,electron,0.6,2.8598e-05,Rb2As3_JVASP-11390_e_srniel.csv
Rb2As3,JVASP-11390,electron,0.65,2.9963e-05,Rb2As3_JVASP-11390_e_srniel.csv
Rb2As3,JVASP-11390,electron,0.7,3.1249e-05,Rb2As3_JVASP-11390_e_srniel.csv
Rb2As3,JVASP-11390,electron,0.75,3.2466e-05,Rb2As3_JVASP-11390_e_srniel.csv
Rb2As3,JVASP-11390,electron,0.8,3.3624e-05,Rb2As3_JVASP-11390_e_srniel.csv
Rb2As3,JVASP-11390,electron,0.85,3.4729e-05,Rb2As3_JVASP-11390_e_srniel.csv
Rb2As3,JVASP-11390,electron,0.9,3.5787e-05,Rb2As3_JVASP-11390_e_srniel.csv
Rb2As3,JVASP-11390,electron,0.95,3.6803e-05,Rb2As3_JVASP-11390_e_srniel.csv
Rb2As3,JVASP-11390,electron,1.0,3.7781e-05,Rb2As3_JVASP-11390_e_srniel.csv
Rb2As3,JVASP-11390,electron,1.5,4.598e-05,Rb2As3_JVASP-11390_e_srniel.csv
Rb2As3,JVASP-11390,electron,2.0,5.2284e-05,Rb2As3_JVASP-11390_e_srniel.csv
Rb2As3,JVASP-11390,electron,2.5,5.741e-05,Rb2As3_JVASP-11390_e_srniel.csv
Rb2As3,JVASP-11390,electron,3.0,6.1722e-05,Rb2As3_JVASP-11390_e_srniel.csv
Rb2As3,JVASP-11390,electron,3.5,6.5436e-05,Rb2As3_JVASP-11390_e_srniel.csv
Rb2As3,JVASP-11390,electron,4.0,6.8691e-05,Rb2As3_JVASP-11390_e_srniel.csv
Rb2As3,JVASP-11390,electron,4.5,7.1583e-05,Rb2As3_JVASP-11390_e_srniel.csv
Rb2As3,JVASP-11390,electron,5.0,7.4182e-05,Rb2As3_JVASP-11390_e_srniel.csv
Rb2As3,JVASP-11390,electron,5.5,7.6537e-05,Rb2As3_JVASP-11390_e_srniel.csv
Rb2As3,JVASP-11390,electron,6.0,7.8688e-05,Rb2As3_JVASP-11390_e_srniel.csv
Rb2As3,JVASP-11390,electron,6.5,8.0665e-05,Rb2As3_JVASP-11390_e_srniel.csv
Rb2As3,JVASP-11390,electron,7.0,8.2492e-05,Rb2As3_JVASP-11390_e_srniel.csv
Rb2As3,JVASP-11390,electron,7.5,8.4188e-05,Rb2As3_JVASP-11390_e_srniel.csv
Rb2As3,JVASP-11390,electron,8.0,8.5769e-05,Rb2As3_JVASP-11390_e_srniel.csv
Rb2As3,JVASP-11390,electron,8.5,8.7249e-05,Rb2As3_JVASP-11390_e_srniel.csv
Rb2As3,JVASP-11390,electron,9.0,8.8638e-05,Rb2As3_JVASP-11390_e_srniel.csv
Rb2As3,JVASP-11390,electron,9.5,8.9945e-05,Rb2As3_JVASP-11390_e_srniel.csv
Rb2As3,JVASP-11390,electron,10.0,9.1179e-05,Rb2As3_JVASP-11390_e_srniel.csv
Rb2As3,JVASP-11390,electron,15.0,0.00010062,Rb2As3_JVASP-11390_e_srniel.csv
Rb2As3,JVASP-11390,electron,20.0,0.0001068,Rb2As3_JVASP-11390_e_srniel.csv
Rb2As3,JVASP-11390,electron,25.0,0.00011114,Rb2As3_JVASP-11390_e_srniel.csv
Rb2As3,JVASP-11390,electron,30.0,0.00011429,Rb2As3_JVASP-11390_e_srniel.csv
Rb2As3,JVASP-11390,electron,35.0,0.00011662,Rb2As3_JVASP-11390_e_srniel.csv
Rb2As3,JVASP-11390,electron,40.0,0.00011836,Rb2As3_JVASP-11390_e_srniel.csv
Rb2As3,JVASP-11390,electron,45.0,0.00011967,Rb2As3_JVASP-11390_e_srniel.csv
Rb2As3,JVASP-11390,electron,50.0,0.00012064,Rb2As3_JVASP-11390_e_srniel.csv
Rb2As3,JVASP-11390,electron,55.0,0.00012136,Rb2As3_JVASP-11390_e_srniel.csv
Rb2As3,JVASP-11390,electron,60.0,0.00012189,Rb2As3_JVASP-11390_e_srniel.csv
Rb2As3,JVASP-11390,electron,65.0,0.00012227,Rb2As3_JVASP-11390_e_srniel.csv
Rb2As3,JVASP-11390,electron,70.0,0.00012254,Rb2As3_JVASP-11390_e_srniel.csv
Rb2As3,JVASP-11390,electron,75.0,0.00012273,Rb2As3_JVASP-11390_e_srniel.csv
Rb2As3,JVASP-11390,electron,80.0,0.00012285,Rb2As3_JVASP-11390_e_srniel.csv
Rb2As3,JVASP-11390,electron,85.0,0.00012292,Rb2As3_JVASP-11390_e_srniel.csv
Rb2As3,JVASP-11390,electron,90.0,0.00012295,Rb2As3_JVASP-11390_e_srniel.csv
Rb2As3,JVASP-11390,electron,95.0,0.00012295,Rb2As3_JVASP-11390_e_srniel.csv
Rb2As3,JVASP-11390,electron,100.0,0.00012293,Rb2As3_JVASP-11390_e_srniel.csv
Rb2As3,JVASP-11390,proton,0.0001,0.15754,Rb2As3_JVASP-11390_p_srniel.csv
Rb2As3,JVASP-11390,proton,0.00015,0.53344,Rb2As3_JVASP-11390_p_srniel.csv
Rb2As3,JVASP-11390,proton,0.0002,0.83963,Rb2As3_JVASP-11390_p_srniel.csv
Rb2As3,JVASP-11390,proton,0.00025,1.0607,Rb2As3_JVASP-11390_p_srniel.csv
Rb2As3,JVASP-11390,proton,0.0003,1.2294,Rb2As3_JVASP-11390_p_srniel.csv
Rb2As3,JVASP-11390,proton,0.00035,1.3628,Rb2As3_JVASP-11390_p_srniel.csv
Rb2As3,JVASP-11390,proton,0.0004,1.471,Rb2As3_JVASP-11390_p_srniel.csv
Rb2As3,JVASP-11390,proton,0.00045,1.5605,Rb2As3_JVASP-11390_p_srniel.csv
Rb2As3,JVASP-11390,proton,0.0005,1.6356,Rb2As3_JVASP-11390_p_srniel.csv
Rb2As3,JVASP-11390,proton,0.00055,1.6992,Rb2As3_JVASP-11390_p_srniel.csv
Rb2As3,JVASP-11390,proton,0.0006,1.7537,Rb2As3_JVASP-11390_p_srniel.csv
Rb2As3,JVASP-11390,proton,0.00065,1.8006,Rb2As3_JVASP-11390_p_srniel.csv
Rb2As3,JVASP-11390,proton,0.0007,1.8412,Rb2As3_JVASP-11390_p_srniel.csv
Rb2As3,JVASP-11390,proton,0.00075,1.8765,Rb2As3_JVASP-11390_p_srniel.csv
Rb2As3,JVASP-11390,proton,0.0008,1.9074,Rb2As3_JVASP-11390_p_srniel.csv
Rb2As3,JVASP-11390,proton,0.00085,1.9344,Rb2As3_JVASP-11390_p_srniel.csv
Rb2As3,JVASP-11390,proton,0.0009,1.9581,Rb2As3_JVASP-11390_p_srniel.csv
Rb2As3,JVASP-11390,proton,0.00095,1.9789,Rb2As3_JVASP-11390_p_srniel.csv
Rb2As3,JVASP-11390,proton,0.001,1.9971,Rb2As3_JVASP-11390_p_srniel.csv
Rb2As3,JVASP-11390,proton,0.0015,2.0894,Rb2As3_JVASP-11390_p_srniel.csv
Rb2As3,JVASP-11390,proton,0.002,2.098,Rb2As3_JVASP-11390_p_srniel.csv
Rb2As3,JVASP-11390,proton,0.0025,2.0727,Rb2As3_JVASP-11390_p_srniel.csv
Rb2As3,JVASP-11390,proton,0.003,2.0325,Rb2As3_JVASP-11390_p_srniel.csv
Rb2As3,JVASP-11390,proton,0.0035,1.9858,Rb2As3_JVASP-11390_p_srniel.csv
Rb2As3,JVASP-11390,proton,0.004,1.9368,Rb2As3_JVASP-11390_p_srniel.csv
Rb2As3,JVASP-11390,proton,0.0045,1.8876,Rb2As3_JVASP-11390_p_srniel.csv
Rb2As3,JVASP-11390,proton,0.005,1.8393,Rb2As3_JVASP-11390_p_srniel.csv
Rb2As3,JVASP-11390,proton,0.0055,1.7926,Rb2As3_JVASP-11390_p_srniel.csv
Rb2As3,JVASP-11390,proton,0.006,1.7477,Rb2As3_JVASP-11390_p_srniel.csv
Rb2As3,JVASP-11390,proton,0.0065,1.7047,Rb2As3_JVASP-11390_p_srniel.csv
Rb2As3,JVASP-11390,proton,0.007,1.6637,Rb2As3_JVASP-11390_p_srniel.csv
Rb2As3,JVASP-11390,proton,0.0075,1.6246,Rb2As3_JVASP-11390_p_srniel.csv
Rb2As3,JVASP-11390,proton,0.008,1.5873,Rb2As3_JVASP-11390_p_srniel.csv
Rb2As3,JVASP-11390,proton,0.0085,1.5517,Rb2As3_JVASP-11390_p_srniel.csv
Rb2As3,JVASP-11390,proton,0.009,1.5179,Rb2As3_JVASP-11390_p_srniel.csv
Rb2As3,JVASP-11390,proton,0.0095,1.4856,Rb2As3_JVASP-11390_p_srniel.csv
Rb2As3,JVASP-11390,proton,0.01,1.4547,Rb2As3_JVASP-11390_p_srniel.csv
Rb2As3,JVASP-11390,proton,0.015,1.2099,Rb2As3_JVASP-11390_p_srniel.csv
Rb2As3,JVASP-11390,proton,0.02,1.0423,Rb2As3_JVASP-11390_p_srniel.csv
Rb2As3,JVASP-11390,proton,0.025,0.91973,Rb2As3_JVASP-11390_p_srniel.csv
Rb2As3,JVASP-11390,proton,0.03,0.8257,Rb2As3_JVASP-11390_p_srniel.csv
Rb2As3,JVASP-11390,proton,0.035,0.75098,Rb2As3_JVASP-11390_p_srniel.csv
Rb2As3,JVASP-11390,proton,0.04,0.68998,Rb2As3_JVASP-11390_p_srniel.csv
Rb2As3,JVASP-11390,proton,0.045,0.63911,Rb2As3_JVASP-11390_p_srniel.csv
Rb2As3,JVASP-11390,proton,0.05,0.59595,Rb2As3_JVASP-11390_p_srniel.csv
Rb2As3,JVASP-11390,proton,0.055,0.5588,Rb2As3_JVASP-11390_p_srniel.csv
Rb2As3,JVASP-11390,proton,0.06,0.52646,Rb2As3_JVASP-11390_p_srniel.csv
Rb2As3,JVASP-11390,proton,0.065,0.498,Rb2As3_JVASP-11390_p_srniel.csv
Rb2As3,JVASP-11390,proton,0.07,0.47275,Rb2As3_JVASP-11390_p_srniel.csv
Rb2As3,JVASP-11390,proton,0.075,0.45017,Rb2As3_JVASP-11390_p_srniel.csv
Rb2As3,JVASP-11390,proton,0.08,0.42985,Rb2As3_JVASP-11390_p_srniel.csv
Rb2As3,JVASP-11390,proton,0.085,0.41145,Rb2As3_JVASP-11390_p_srniel.csv
Rb2As3,JVASP-11390,proton,0.09,0.39469,Rb2As3_JVASP-11390_p_srniel.csv
Rb2As3,JVASP-11390,proton,0.095,0.37937,Rb2As3_JVASP-11390_p_srniel.csv
Rb2As3,JVASP-11390,proton,0.1,0.3653,Rb2As3_JVASP-11390_p_srniel.csv
Rb2As3,JVASP-11390,proton,0.15,0.26889,Rb2As3_JVASP-11390_p_srniel.csv
Rb2As3,JVASP-11390,proton,0.2,0.21474,Rb2As3_JVASP-11390_p_srniel.csv
Rb2As3,JVASP-11390,proton,0.25,0.17977,Rb2As3_JVASP-11390_p_srniel.csv
Rb2As3,JVASP-11390,proton,0.3,0.15566,Rb2As3_JVASP-11390_p_srniel.csv
Rb2As3,JVASP-11390,proton,0.35,0.13785,Rb2As3_JVASP-11390_p_srniel.csv
Rb2As3,JVASP-11390,proton,0.4,0.12407,Rb2As3_JVASP-11390_p_srniel.csv
Rb2As3,JVASP-11390,proton,0.45,0.11307,Rb2As3_JVASP-11390_p_srniel.csv
Rb2As3,JVASP-11390,proton,0.5,0.10406,Rb2As3_JVASP-11390_p_srniel.csv
Rb2As3,JVASP-11390,proton,0.55,0.096527,Rb2As3_JVASP-11390_p_srniel.csv
Rb2As3,JVASP-11390,proton,0.6,0.090128,Rb2As3_JVASP-11390_p_srniel.csv
Rb2As3,JVASP-11390,proton,0.65,0.084617,Rb2As3_JVASP-11390_p_srniel.csv
Rb2As3,JVASP-11390,proton,0.7,0.079815,Rb2As3_JVASP-11390_p_srniel.csv
Rb2As3,JVASP-11390,proton,0.75,0.075316,Rb2As3_JVASP-11390_p_srniel.csv
Rb2As3,JVASP-11390,proton,0.8,0.071186,Rb2As3_JVASP-11390_p_srniel.csv
Rb2As3,JVASP-11390,proton,0.85,0.067427,Rb2As3_JVASP-11390_p_srniel.csv
Rb2As3,JVASP-11390,proton,0.9,0.064059,Rb2As3_JVASP-11390_p_srniel.csv
Rb2As3,JVASP-11390,proton,0.95,0.061024,Rb2As3_JVASP-11390_p_srniel.csv
Rb2As3,JVASP-11390,proton,1.0,0.058275,Rb2As3_JVASP-11390_p_srniel.csv
Rb2As3,JVASP-11390,proton,1.5,0.040398,Rb2As3_JVASP-11390_p_srniel.csv
Rb2As3,JVASP-11390,proton,2.0,0.031093,Rb2As3_JVASP-11390_p_srniel.csv
Rb2As3,JVASP-11390,proton,2.5,0.025357,Rb2As3_JVASP-11390_p_srniel.csv
Rb2As3,JVASP-11390,proton,3.0,0.021454,Rb2As3_JVASP-11390_p_srniel.csv
Rb2As3,JVASP-11390,proton,3.5,0.018621,Rb2As3_JVASP-11390_p_srniel.csv
Rb2As3,JVASP-11390,proton,4.0,0.016469,Rb2As3_JVASP-11390_p_srniel.csv
Rb2As3,JVASP-11390,proton,4.5,0.0148,Rb2As3_JVASP-11390_p_srniel.csv
Rb2As3,JVASP-11390,proton,5.0,0.013488,Rb2As3_JVASP-11390_p_srniel.csv
Rb2As3,JVASP-11390,proton,5.5,0.012421,Rb2As3_JVASP-11390_p_srniel.csv
Rb2As3,JVASP-11390,proton,6.0,0.011538,Rb2As3_JVASP-11390_p_srniel.csv
Rb2As3,JVASP-11390,proton,6.5,0.010794,Rb2As3_JVASP-11390_p_srniel.csv
Rb2As3,JVASP-11390,proton,7.0,0.010157,Rb2As3_JVASP-11390_p_srniel.csv
Rb2As3,JVASP-11390,proton,7.5,0.0096087,Rb2As3_JVASP-11390_p_srniel.csv
Rb2As3,JVASP-11390,proton,8.0,0.0091326,Rb2As3_JVASP-11390_p_srniel.csv
Rb2As3,JVASP-11390,proton,8.5,0.008717,Rb2As3_JVASP-11390_p_srniel.csv
Rb2As3,JVASP-11390,proton,9.0,0.0083518,Rb2As3_JVASP-11390_p_srniel.csv
Rb2As3,JVASP-11390,proton,9.5,0.0080286,Rb2As3_JVASP-11390_p_srniel.csv
Rb2As3,JVASP-11390,proton,10.0,0.0077408,Rb2As3_JVASP-11390_p_srniel.csv
Rb2As3,JVASP-11390,proton,15.0,0.0060076,Rb2As3_JVASP-11390_p_srniel.csv
Rb2As3,JVASP-11390,proton,20.0,0.0052759,Rb2As3_JVASP-11390_p_srniel.csv
Rb2As3,JVASP-11390,proton,25.0,0.0049123,Rb2As3_JVASP-11390_p_srniel.csv
Rb2As3,JVASP-11390,proton,30.0,0.0046726,Rb2As3_JVASP-11390_p_srniel.csv
Rb2As3,JVASP-11390,proton,35.0,0.0044745,Rb2As3_JVASP-11390_p_srniel.csv
Rb2As3,JVASP-11390,proton,40.0,0.0043007,Rb2As3_JVASP-11390_p_srniel.csv
Rb2As3,JVASP-11390,proton,45.0,0.0041512,Rb2As3_JVASP-11390_p_srniel.csv
Rb2As3,JVASP-11390,proton,50.0,0.004027,Rb2As3_JVASP-11390_p_srniel.csv
Rb2As3,JVASP-11390,proton,55.0,0.0039271,Rb2As3_JVASP-11390_p_srniel.csv
Rb2As3,JVASP-11390,proton,60.0,0.0038485,Rb2As3_JVASP-11390_p_srniel.csv
Rb2As3,JVASP-11390,proton,65.0,0.0037876,Rb2As3_JVASP-11390_p_srniel.csv
Rb2As3,JVASP-11390,proton,70.0,0.0037407,Rb2As3_JVASP-11390_p_srniel.csv
Rb2As3,JVASP-11390,proton,75.0,0.0037043,Rb2As3_JVASP-11390_p_srniel.csv
Rb2As3,JVASP-11390,proton,80.0,0.0036755,Rb2As3_JVASP-11390_p_srniel.csv
Rb2As3,JVASP-11390,proton,85.0,0.0036519,Rb2As3_JVASP-11390_p_srniel.csv
Rb2As3,JVASP-11390,proton,90.0,0.0036317,Rb2As3_JVASP-11390_p_srniel.csv
Rb2As3,JVASP-11390,proton,95.0,0.0036135,Rb2As3_JVASP-11390_p_srniel.csv
Rb2As3,JVASP-11390,proton,100.0,0.0035962,Rb2As3_JVASP-11390_p_srniel.csv
Rb2As3,JVASP-11390,proton,150.0,0.0034137,Rb2As3_JVASP-11390_p_srniel.csv
Rb2As3,JVASP-11390,proton,200.0,0.0032627,Rb2As3_JVASP-11390_p_srniel.csv
Rb2As3,JVASP-11390,proton,250.0,0.003196,Rb2As3_JVASP-11390_p_srniel.csv
Rb2As3,JVASP-11390,proton,300.0,0.0031899,Rb2As3_JVASP-11390_p_srniel.csv
Rb2As3,JVASP-11390,proton,350.0,0.0032149,Rb2As3_JVASP-11390_p_srniel.csv
Rb2As3,JVASP-11390,proton,400.0,0.0032565,Rb2As3_JVASP-11390_p_srniel.csv
Rb2As3,JVASP-11390,proton,450.0,0.0033108,Rb2As3_JVASP-11390_p_srniel.csv
Rb2As3,JVASP-11390,proton,500.0,0.0033768,Rb2As3_JVASP-11390_p_srniel.csv
Rb2As3,JVASP-11390,proton,550.0,0.0034517,Rb2As3_JVASP-11390_p_srniel.csv
Rb2As3,JVASP-11390,proton,600.0,0.0035298,Rb2As3_JVASP-11390_p_srniel.csv
Rb2As3,JVASP-11390,proton,650.0,0.0036024,Rb2As3_JVASP-11390_p_srniel.csv
Rb2As3,JVASP-11390,proton,700.0,0.0036596,Rb2As3_JVASP-11390_p_srniel.csv
Rb2As3,JVASP-11390,proton,750.0,0.0036936,Rb2As3_JVASP-11390_p_srniel.csv
Rb2As3,JVASP-11390,proton,800.0,0.0037015,Rb2As3_JVASP-11390_p_srniel.csv
Rb2As3,JVASP-11390,proton,850.0,0.0036887,Rb2As3_JVASP-11390_p_srniel.csv
Rb2As3,JVASP-11390,proton,900.0,0.0036694,Rb2As3_JVASP-11390_p_srniel.csv
Rb2As3,JVASP-11390,proton,950.0,0.0036676,Rb2As3_JVASP-11390_p_srniel.csv
Rb2As3,JVASP-11390,proton,1000.0,0.0037193,Rb2As3_JVASP-11390_p_srniel.csv
Rb4CuSi2O7,JVASP-25574,electron,0.04,0.0,Rb4CuSi2O7_JVASP-25574_e_srniel.csv
Rb4CuSi2O7,JVASP-25574,electron,0.045,0.0,Rb4CuSi2O7_JVASP-25574_e_srniel.csv
Rb4CuSi2O7,JVASP-25574,electron,0.05,0.0,Rb4CuSi2O7_JVASP-25574_e_srniel.csv
Rb4CuSi2O7,JVASP-25574,electron,0.055,0.0,Rb4CuSi2O7_JVASP-25574_e_srniel.csv
Rb4CuSi2O7,JVASP-25574,electron,0.06,0.0,Rb4CuSi2O7_JVASP-25574_e_srniel.csv
Rb4CuSi2O7,JVASP-25574,electron,0.065,0.0,Rb4CuSi2O7_JVASP-25574_e_srniel.csv
Rb4CuSi2O7,JVASP-25574,electron,0.07,0.0,Rb4CuSi2O7_JVASP-25574_e_srniel.csv
Rb4CuSi2O7,JVASP-25574,electron,0.075,0.0,Rb4CuSi2O7_JVASP-25574_e_srniel.csv
Rb4CuSi2O7,JVASP-25574,electron,0.08,0.0,Rb4CuSi2O7_JVASP-25574_e_srniel.csv
Rb4CuSi2O7,JVASP-25574,electron,0.085,0.0,Rb4CuSi2O7_JVASP-25574_e_srniel.csv
Rb4CuSi2O7,JVASP-25574,electron,0.09,0.0,Rb4CuSi2O7_JVASP-25574_e_srniel.csv
Rb4CuSi2O7,JVASP-25574,electron,0.095,0.0,Rb4CuSi2O7_JVASP-25574_e_srniel.csv
Rb4CuSi2O7,JVASP-25574,electron,0.1,0.0,Rb4CuSi2O7_JVASP-25574_e_srniel.csv
Rb4CuSi2O7,JVASP-25574,electron,0.15,0.0,Rb4CuSi2O7_JVASP-25574_e_srniel.csv
Rb4CuSi2O7,JVASP-25574,electron,0.2,1.9617e-06,Rb4CuSi2O7_JVASP-25574_e_srniel.csv
Rb4CuSi2O7,JVASP-25574,electron,0.25,5.9508e-06,Rb4CuSi2O7_JVASP-25574_e_srniel.csv
Rb4CuSi2O7,JVASP-25574,electron,0.3,9.0061e-06,Rb4CuSi2O7_JVASP-25574_e_srniel.csv
Rb4CuSi2O7,JVASP-25574,electron,0.35,1.1447e-05,Rb4CuSi2O7_JVASP-25574_e_srniel.csv
Rb4CuSi2O7,JVASP-25574,electron,0.4,1.3518e-05,Rb4CuSi2O7_JVASP-25574_e_srniel.csv
Rb4CuSi2O7,JVASP-25574,electron,0.45,1.5473e-05,Rb4CuSi2O7_JVASP-25574_e_srniel.csv
Rb4CuSi2O7,JVASP-25574,electron,0.5,1.7248e-05,Rb4CuSi2O7_JVASP-25574_e_srniel.csv
Rb4CuSi2O7,JVASP-25574,electron,0.55,1.8885e-05,Rb4CuSi2O7_JVASP-25574_e_srniel.csv
Rb4CuSi2O7,JVASP-25574,electron,0.6,2.0409e-05,Rb4CuSi2O7_JVASP-25574_e_srniel.csv
Rb4CuSi2O7,JVASP-25574,electron,0.65,2.184e-05,Rb4CuSi2O7_JVASP-25574_e_srniel.csv
Rb4CuSi2O7,JVASP-25574,electron,0.7,2.3192e-05,Rb4CuSi2O7_JVASP-25574_e_srniel.csv
Rb4CuSi2O7,JVASP-25574,electron,0.75,2.4476e-05,Rb4CuSi2O7_JVASP-25574_e_srniel.csv
Rb4CuSi2O7,JVASP-25574,electron,0.8,2.5699e-05,Rb4CuSi2O7_JVASP-25574_e_srniel.csv
Rb4CuSi2O7,JVASP-25574,electron,0.85,2.6868e-05,Rb4CuSi2O7_JVASP-25574_e_srniel.csv
Rb4CuSi2O7,JVASP-25574,electron,0.9,2.7989e-05,Rb4CuSi2O7_JVASP-25574_e_srniel.csv
Rb4CuSi2O7,JVASP-25574,electron,0.95,2.9065e-05,Rb4CuSi2O7_JVASP-25574_e_srniel.csv
Rb4CuSi2O7,JVASP-25574,electron,1.0,3.0102e-05,Rb4CuSi2O7_JVASP-25574_e_srniel.csv
Rb4CuSi2O7,JVASP-25574,electron,1.5,3.88e-05,Rb4CuSi2O7_JVASP-25574_e_srniel.csv
Rb4CuSi2O7,JVASP-25574,electron,2.0,4.5478e-05,Rb4CuSi2O7_JVASP-25574_e_srniel.csv
Rb4CuSi2O7,JVASP-25574,electron,2.5,5.0897e-05,Rb4CuSi2O7_JVASP-25574_e_srniel.csv
Rb4CuSi2O7,JVASP-25574,electron,3.0,5.5447e-05,Rb4CuSi2O7_JVASP-25574_e_srniel.csv
Rb4CuSi2O7,JVASP-25574,electron,3.5,5.9358e-05,Rb4CuSi2O7_JVASP-25574_e_srniel.csv
Rb4CuSi2O7,JVASP-25574,electron,4.0,6.2781e-05,Rb4CuSi2O7_JVASP-25574_e_srniel.csv
Rb4CuSi2O7,JVASP-25574,electron,4.5,6.5818e-05,Rb4CuSi2O7_JVASP-25574_e_srniel.csv
Rb4CuSi2O7,JVASP-25574,electron,5.0,6.8542e-05,Rb4CuSi2O7_JVASP-25574_e_srniel.csv
Rb4CuSi2O7,JVASP-25574,electron,5.5,7.1008e-05,Rb4CuSi2O7_JVASP-25574_e_srniel.csv
Rb4CuSi2O7,JVASP-25574,electron,6.0,7.3257e-05,Rb4CuSi2O7_JVASP-25574_e_srniel.csv
Rb4CuSi2O7,JVASP-25574,electron,6.5,7.5322e-05,Rb4CuSi2O7_JVASP-25574_e_srniel.csv
Rb4CuSi2O7,JVASP-25574,electron,7.0,7.7227e-05,Rb4CuSi2O7_JVASP-25574_e_srniel.csv
Rb4CuSi2O7,JVASP-25574,electron,7.5,7.8994e-05,Rb4CuSi2O7_JVASP-25574_e_srniel.csv
Rb4CuSi2O7,JVASP-25574,electron,8.0,8.064e-05,Rb4CuSi2O7_JVASP-25574_e_srniel.csv
Rb4CuSi2O7,JVASP-25574,electron,8.5,8.2178e-05,Rb4CuSi2O7_JVASP-25574_e_srniel.csv
Rb4CuSi2O7,JVASP-25574,electron,9.0,8.3619e-05,Rb4CuSi2O7_JVASP-25574_e_srniel.csv
Rb4CuSi2O7,JVASP-25574,electron,9.5,8.4975e-05,Rb4CuSi2O7_JVASP-25574_e_srniel.csv
Rb4CuSi2O7,JVASP-25574,electron,10.0,8.6253e-05,Rb4CuSi2O7_JVASP-25574_e_srniel.csv
Rb4CuSi2O7,JVASP-25574,electron,15.0,9.5978e-05,Rb4CuSi2O7_JVASP-25574_e_srniel.csv
Rb4CuSi2O7,JVASP-25574,electron,20.0,0.00010229,Rb4CuSi2O7_JVASP-25574_e_srniel.csv
Rb4CuSi2O7,JVASP-25574,electron,25.0,0.00010669,Rb4CuSi2O7_JVASP-25574_e_srniel.csv
Rb4CuSi2O7,JVASP-25574,electron,30.0,0.00010988,Rb4CuSi2O7_JVASP-25574_e_srniel.csv
Rb4CuSi2O7,JVASP-25574,electron,35.0,0.00011224,Rb4CuSi2O7_JVASP-25574_e_srniel.csv
Rb4CuSi2O7,JVASP-25574,electron,40.0,0.00011401,Rb4CuSi2O7_JVASP-25574_e_srniel.csv
Rb4CuSi2O7,JVASP-25574,electron,45.0,0.00011534,Rb4CuSi2O7_JVASP-25574_e_srniel.csv
Rb4CuSi2O7,JVASP-25574,electron,50.0,0.00011634,Rb4CuSi2O7_JVASP-25574_e_srniel.csv
Rb4CuSi2O7,JVASP-25574,electron,55.0,0.00011711,Rb4CuSi2O7_JVASP-25574_e_srniel.csv
Rb4CuSi2O7,JVASP-25574,electron,60.0,0.00011768,Rb4CuSi2O7_JVASP-25574_e_srniel.csv
Rb4CuSi2O7,JVASP-25574,electron,65.0,0.00011811,Rb4CuSi2O7_JVASP-25574_e_srniel.csv
Rb4CuSi2O7,JVASP-25574,electron,70.0,0.00011843,Rb4CuSi2O7_JVASP-25574_e_srniel.csv
Rb4CuSi2O7,JVASP-25574,electron,75.0,0.00011866,Rb4CuSi2O7_JVASP-25574_e_srniel.csv
Rb4CuSi2O7,JVASP-25574,electron,80.0,0.00011883,Rb4CuSi2O7_JVASP-25574_e_srniel.csv
Rb4CuSi2O7,JVASP-25574,electron,85.0,0.00011895,Rb4CuSi2O7_JVASP-25574_e_srniel.csv
Rb4CuSi2O7,JVASP-25574,electron,90.0,0.00011903,Rb4CuSi2O7_JVASP-25574_e_srniel.csv
Rb4CuSi2O7,JVASP-25574,electron,95.0,0.00011907,Rb4CuSi2O7_JVASP-25574_e_srniel.csv
Rb4CuSi2O7,JVASP-25574,electron,100.0,0.0001191,Rb4CuSi2O7_JVASP-25574_e_srniel.csv
Rb4CuSi2O7,JVASP-25574,proton,0.0001,0.0,Rb4CuSi2O7_JVASP-25574_p_srniel.csv
Rb4CuSi2O7,JVASP-25574,proton,0.00015,0.53544,Rb4CuSi2O7_JVASP-25574_p_srniel.csv
Rb4CuSi2O7,JVASP-25574,proton,0.0002,1.3811,Rb4CuSi2O7_JVASP-25574_p_srniel.csv
Rb4CuSi2O7,JVASP-25574,proton,0.00025,1.9337,Rb4CuSi2O7_JVASP-25574_p_srniel.csv
Rb4CuSi2O7,JVASP-25574,proton,0.0003,2.3124,Rb4CuSi2O7_JVASP-25574_p_srniel.csv
Rb4CuSi2O7,JVASP-25574,proton,0.00035,2.6091,Rb4CuSi2O7_JVASP-25574_p_srniel.csv
Rb4CuSi2O7,JVASP-25574,proton,0.0004,2.8337,Rb4CuSi2O7_JVASP-25574_p_srniel.csv
Rb4CuSi2O7,JVASP-25574,proton,0.00045,3.0032,Rb4CuSi2O7_JVASP-25574_p_srniel.csv
Rb4CuSi2O7,JVASP-25574,proton,0.0005,3.1327,Rb4CuSi2O7_JVASP-25574_p_srniel.csv
Rb4CuSi2O7,JVASP-25574,proton,0.00055,3.2324,Rb4CuSi2O7_JVASP-25574_p_srniel.csv
Rb4CuSi2O7,JVASP-25574,proton,0.0006,3.3095,Rb4CuSi2O7_JVASP-25574_p_srniel.csv
Rb4CuSi2O7,JVASP-25574,proton,0.00065,3.3689,Rb4CuSi2O7_JVASP-25574_p_srniel.csv
Rb4CuSi2O7,JVASP-25574,proton,0.0007,3.4145,Rb4CuSi2O7_JVASP-25574_p_srniel.csv
Rb4CuSi2O7,JVASP-25574,proton,0.00075,3.4491,Rb4CuSi2O7_JVASP-25574_p_srniel.csv
Rb4CuSi2O7,JVASP-25574,proton,0.0008,3.4748,Rb4CuSi2O7_JVASP-25574_p_srniel.csv
Rb4CuSi2O7,JVASP-25574,proton,0.00085,3.4933,Rb4CuSi2O7_JVASP-25574_p_srniel.csv
Rb4CuSi2O7,JVASP-25574,proton,0.0009,3.5058,Rb4CuSi2O7_JVASP-25574_p_srniel.csv
Rb4CuSi2O7,JVASP-25574,proton,0.00095,3.5135,Rb4CuSi2O7_JVASP-25574_p_srniel.csv
Rb4CuSi2O7,JVASP-25574,proton,0.001,3.5172,Rb4CuSi2O7_JVASP-25574_p_srniel.csv
Rb4CuSi2O7,JVASP-25574,proton,0.0015,3.4347,Rb4CuSi2O7_JVASP-25574_p_srniel.csv
Rb4CuSi2O7,JVASP-25574,proton,0.002,3.278,Rb4CuSi2O7_JVASP-25574_p_srniel.csv
Rb4CuSi2O7,JVASP-25574,proton,0.0025,3.1153,Rb4CuSi2O7_JVASP-25574_p_srniel.csv
Rb4CuSi2O7,JVASP-25574,proton,0.003,2.9624,Rb4CuSi2O7_JVASP-25574_p_srniel.csv
Rb4CuSi2O7,JVASP-25574,proton,0.0035,2.8228,Rb4CuSi2O7_JVASP-25574_p_srniel.csv
Rb4CuSi2O7,JVASP-25574,proton,0.004,2.6963,Rb4CuSi2O7_JVASP-25574_p_srniel.csv
Rb4CuSi2O7,JVASP-25574,proton,0.0045,2.5817,Rb4CuSi2O7_JVASP-25574_p_srniel.csv
Rb4CuSi2O7,JVASP-25574,proton,0.005,2.4776,Rb4CuSi2O7_JVASP-25574_p_srniel.csv
Rb4CuSi2O7,JVASP-25574,proton,0.0055,2.3827,Rb4CuSi2O7_JVASP-25574_p_srniel.csv
Rb4CuSi2O7,JVASP-25574,proton,0.006,2.2958,Rb4CuSi2O7_JVASP-25574_p_srniel.csv
Rb4CuSi2O7,JVASP-25574,proton,0.0065,2.216,Rb4CuSi2O7_JVASP-25574_p_srniel.csv
Rb4CuSi2O7,JVASP-25574,proton,0.007,2.1424,Rb4CuSi2O7_JVASP-25574_p_srniel.csv
Rb4CuSi2O7,JVASP-25574,proton,0.0075,2.0743,Rb4CuSi2O7_JVASP-25574_p_srniel.csv
Rb4CuSi2O7,JVASP-25574,proton,0.008,2.0111,Rb4CuSi2O7_JVASP-25574_p_srniel.csv
Rb4CuSi2O7,JVASP-25574,proton,0.0085,1.9522,Rb4CuSi2O7_JVASP-25574_p_srniel.csv
Rb4CuSi2O7,JVASP-25574,proton,0.009,1.8973,Rb4CuSi2O7_JVASP-25574_p_srniel.csv
Rb4CuSi2O7,JVASP-25574,proton,0.0095,1.8458,Rb4CuSi2O7_JVASP-25574_p_srniel.csv
Rb4CuSi2O7,JVASP-25574,proton,0.01,1.7974,Rb4CuSi2O7_JVASP-25574_p_srniel.csv
Rb4CuSi2O7,JVASP-25574,proton,0.015,1.4367,Rb4CuSi2O7_JVASP-25574_p_srniel.csv
Rb4CuSi2O7,JVASP-25574,proton,0.02,1.2083,Rb4CuSi2O7_JVASP-25574_p_srniel.csv
Rb4CuSi2O7,JVASP-25574,proton,0.025,1.0488,Rb4CuSi2O7_JVASP-25574_p_srniel.csv
Rb4CuSi2O7,JVASP-25574,proton,0.03,0.93003,Rb4CuSi2O7_JVASP-25574_p_srniel.csv
Rb4CuSi2O7,JVASP-25574,proton,0.035,0.83776,Rb4CuSi2O7_JVASP-25574_p_srniel.csv
Rb4CuSi2O7,JVASP-25574,proton,0.04,0.7637,Rb4CuSi2O7_JVASP-25574_p_srniel.csv
Rb4CuSi2O7,JVASP-25574,proton,0.045,0.70278,Rb4CuSi2O7_JVASP-25574_p_srniel.csv
Rb4CuSi2O7,JVASP-25574,proton,0.05,0.65167,Rb4CuSi2O7_JVASP-25574_p_srniel.csv
Rb4CuSi2O7,JVASP-25574,proton,0.055,0.60781,Rb4CuSi2O7_JVASP-25574_p_srniel.csv
Rb4CuSi2O7,JVASP-25574,proton,0.06,0.56993,Rb4CuSi2O7_JVASP-25574_p_srniel.csv
Rb4CuSi2O7,JVASP-25574,proton,0.065,0.53692,Rb4CuSi2O7_JVASP-25574_p_srniel.csv
Rb4CuSi2O7,JVASP-25574,proton,0.07,0.50787,Rb4CuSi2O7_JVASP-25574_p_srniel.csv
Rb4CuSi2O7,JVASP-25574,proton,0.075,0.48207,Rb4CuSi2O7_JVASP-25574_p_srniel.csv
Rb4CuSi2O7,JVASP-25574,proton,0.08,0.459,Rb4CuSi2O7_JVASP-25574_p_srniel.csv
Rb4CuSi2O7,JVASP-25574,proton,0.085,0.43822,Rb4CuSi2O7_JVASP-25574_p_srniel.csv
Rb4CuSi2O7,JVASP-25574,proton,0.09,0.4194,Rb4CuSi2O7_JVASP-25574_p_srniel.csv
Rb4CuSi2O7,JVASP-25574,proton,0.095,0.40227,Rb4CuSi2O7_JVASP-25574_p_srniel.csv
Rb4CuSi2O7,JVASP-25574,proton,0.1,0.38658,Rb4CuSi2O7_JVASP-25574_p_srniel.csv
Rb4CuSi2O7,JVASP-25574,proton,0.15,0.28081,Rb4CuSi2O7_JVASP-25574_p_srniel.csv
Rb4CuSi2O7,JVASP-25574,proton,0.2,0.22204,Rb4CuSi2O7_JVASP-25574_p_srniel.csv
Rb4CuSi2O7,JVASP-25574,proton,0.25,0.1845,Rb4CuSi2O7_JVASP-25574_p_srniel.csv
Rb4CuSi2O7,JVASP-25574,proton,0.3,0.15856,Rb4CuSi2O7_JVASP-25574_p_srniel.csv
Rb4CuSi2O7,JVASP-25574,proton,0.35,0.13937,Rb4CuSi2O7_JVASP-25574_p_srniel.csv
Rb4CuSi2O7,JVASP-25574,proton,0.4,0.12463,Rb4CuSi2O7_JVASP-25574_p_srniel.csv
Rb4CuSi2O7,JVASP-25574,proton,0.45,0.11291,Rb4CuSi2O7_JVASP-25574_p_srniel.csv
Rb4CuSi2O7,JVASP-25574,proton,0.5,0.10336,Rb4CuSi2O7_JVASP-25574_p_srniel.csv
Rb4CuSi2O7,JVASP-25574,proton,0.55,0.095408,Rb4CuSi2O7_JVASP-25574_p_srniel.csv
Rb4CuSi2O7,JVASP-25574,proton,0.6,0.088685,Rb4CuSi2O7_JVASP-25574_p_srniel.csv
Rb4CuSi2O7,JVASP-25574,proton,0.65,0.082894,Rb4CuSi2O7_JVASP-25574_p_srniel.csv
Rb4CuSi2O7,JVASP-25574,proton,0.7,0.077847,Rb4CuSi2O7_JVASP-25574_p_srniel.csv
Rb4CuSi2O7,JVASP-25574,proton,0.75,0.073423,Rb4CuSi2O7_JVASP-25574_p_srniel.csv
Rb4CuSi2O7,JVASP-25574,proton,0.8,0.06935,Rb4CuSi2O7_JVASP-25574_p_srniel.csv
Rb4CuSi2O7,JVASP-25574,proton,0.85,0.065632,Rb4CuSi2O7_JVASP-25574_p_srniel.csv
Rb4CuSi2O7,JVASP-25574,proton,0.9,0.062304,Rb4CuSi2O7_JVASP-25574_p_srniel.csv
Rb4CuSi2O7,JVASP-25574,proton,0.95,0.059308,Rb4CuSi2O7_JVASP-25574_p_srniel.csv
Rb4CuSi2O7,JVASP-25574,proton,1.0,0.056595,Rb4CuSi2O7_JVASP-25574_p_srniel.csv
Rb4CuSi2O7,JVASP-25574,proton,1.5,0.039017,Rb4CuSi2O7_JVASP-25574_p_srniel.csv
Rb4CuSi2O7,JVASP-25574,proton,2.0,0.029914,Rb4CuSi2O7_JVASP-25574_p_srniel.csv
Rb4CuSi2O7,JVASP-25574,proton,2.5,0.024323,Rb4CuSi2O7_JVASP-25574_p_srniel.csv
Rb4CuSi2O7,JVASP-25574,proton,3.0,0.02053,Rb4CuSi2O7_JVASP-25574_p_srniel.csv
Rb4CuSi2O7,JVASP-25574,proton,3.5,0.0178,Rb4CuSi2O7_JVASP-25574_p_srniel.csv
Rb4CuSi2O7,JVASP-25574,proton,4.0,0.015833,Rb4CuSi2O7_JVASP-25574_p_srniel.csv
Rb4CuSi2O7,JVASP-25574,proton,4.5,0.014303,Rb4CuSi2O7_JVASP-25574_p_srniel.csv
Rb4CuSi2O7,JVASP-25574,proton,5.0,0.01304,Rb4CuSi2O7_JVASP-25574_p_srniel.csv
Rb4CuSi2O7,JVASP-25574,proton,5.5,0.012019,Rb4CuSi2O7_JVASP-25574_p_srniel.csv
Rb4CuSi2O7,JVASP-25574,proton,6.0,0.011195,Rb4CuSi2O7_JVASP-25574_p_srniel.csv
Rb4CuSi2O7,JVASP-25574,proton,6.5,0.010511,Rb4CuSi2O7_JVASP-25574_p_srniel.csv
Rb4CuSi2O7,JVASP-25574,proton,7.0,0.0099281,Rb4CuSi2O7_JVASP-25574_p_srniel.csv
Rb4CuSi2O7,JVASP-25574,proton,7.5,0.0094232,Rb4CuSi2O7_JVASP-25574_p_srniel.csv
Rb4CuSi2O7,JVASP-25574,proton,8.0,0.0089813,Rb4CuSi2O7_JVASP-25574_p_srniel.csv
Rb4CuSi2O7,JVASP-25574,proton,8.5,0.0085913,Rb4CuSi2O7_JVASP-25574_p_srniel.csv
Rb4CuSi2O7,JVASP-25574,proton,9.0,0.0082448,Rb4CuSi2O7_JVASP-25574_p_srniel.csv
Rb4CuSi2O7,JVASP-25574,proton,9.5,0.007935,Rb4CuSi2O7_JVASP-25574_p_srniel.csv
Rb4CuSi2O7,JVASP-25574,proton,10.0,0.007657,Rb4CuSi2O7_JVASP-25574_p_srniel.csv
Rb4CuSi2O7,JVASP-25574,proton,15.0,0.0059545,Rb4CuSi2O7_JVASP-25574_p_srniel.csv
Rb4CuSi2O7,JVASP-25574,proton,20.0,0.0051883,Rb4CuSi2O7_JVASP-25574_p_srniel.csv
Rb4CuSi2O7,JVASP-25574,proton,25.0,0.0047705,Rb4CuSi2O7_JVASP-25574_p_srniel.csv
Rb4CuSi2O7,JVASP-25574,proton,30.0,0.0044936,Rb4CuSi2O7_JVASP-25574_p_srniel.csv
Rb4CuSi2O7,JVASP-25574,proton,35.0,0.0042759,Rb4CuSi2O7_JVASP-25574_p_srniel.csv
Rb4CuSi2O7,JVASP-25574,proton,40.0,0.0040892,Rb4CuSi2O7_JVASP-25574_p_srniel.csv
Rb4CuSi2O7,JVASP-25574,proton,45.0,0.0039253,Rb4CuSi2O7_JVASP-25574_p_srniel.csv
Rb4CuSi2O7,JVASP-25574,proton,50.0,0.0037817,Rb4CuSi2O7_JVASP-25574_p_srniel.csv
Rb4CuSi2O7,JVASP-25574,proton,55.0,0.0036569,Rb4CuSi2O7_JVASP-25574_p_srniel.csv
Rb4CuSi2O7,JVASP-25574,proton,60.0,0.003549,Rb4CuSi2O7_JVASP-25574_p_srniel.csv
Rb4CuSi2O7,JVASP-25574,proton,65.0,0.0034562,Rb4CuSi2O7_JVASP-25574_p_srniel.csv
Rb4CuSi2O7,JVASP-25574,proton,70.0,0.0033762,Rb4CuSi2O7_JVASP-25574_p_srniel.csv
Rb4CuSi2O7,JVASP-25574,proton,75.0,0.0033073,Rb4CuSi2O7_JVASP-25574_p_srniel.csv
Rb4CuSi2O7,JVASP-25574,proton,80.0,0.0032475,Rb4CuSi2O7_JVASP-25574_p_srniel.csv
Rb4CuSi2O7,JVASP-25574,proton,85.0,0.0031953,Rb4CuSi2O7_JVASP-25574_p_srniel.csv
Rb4CuSi2O7,JVASP-25574,proton,90.0,0.0031493,Rb4CuSi2O7_JVASP-25574_p_srniel.csv
Rb4CuSi2O7,JVASP-25574,proton,95.0,0.0031084,Rb4CuSi2O7_JVASP-25574_p_srniel.csv
Rb4CuSi2O7,JVASP-25574,proton,100.0,0.0030716,Rb4CuSi2O7_JVASP-25574_p_srniel.csv
Rb4CuSi2O7,JVASP-25574,proton,150.0,0.0028141,Rb4CuSi2O7_JVASP-25574_p_srniel.csv
Rb4CuSi2O7,JVASP-25574,proton,200.0,0.0026445,Rb4CuSi2O7_JVASP-25574_p_srniel.csv
Rb4CuSi2O7,JVASP-25574,proton,250.0,0.0025459,Rb4CuSi2O7_JVASP-25574_p_srniel.csv
Rb4CuSi2O7,JVASP-25574,proton,300.0,0.002512,Rb4CuSi2O7_JVASP-25574_p_srniel.csv
Rb4CuSi2O7,JVASP-25574,proton,350.0,0.0025252,Rb4CuSi2O7_JVASP-25574_p_srniel.csv
Rb4CuSi2O7,JVASP-25574,proton,400.0,0.002567,Rb4CuSi2O7_JVASP-25574_p_srniel.csv
Rb4CuSi2O7,JVASP-25574,proton,450.0,0.0026224,Rb4CuSi2O7_JVASP-25574_p_srniel.csv
Rb4CuSi2O7,JVASP-25574,proton,500.0,0.0026809,Rb4CuSi2O7_JVASP-25574_p_srniel.csv
Rb4CuSi2O7,JVASP-25574,proton,550.0,0.0027361,Rb4CuSi2O7_JVASP-25574_p_srniel.csv
Rb4CuSi2O7,JVASP-25574,proton,600.0,0.0027848,Rb4CuSi2O7_JVASP-25574_p_srniel.csv
Rb4CuSi2O7,JVASP-25574,proton,650.0,0.0028257,Rb4CuSi2O7_JVASP-25574_p_srniel.csv
Rb4CuSi2O7,JVASP-25574,proton,700.0,0.0028588,Rb4CuSi2O7_JVASP-25574_p_srniel.csv
Rb4CuSi2O7,JVASP-25574,proton,750.0,0.0028847,Rb4CuSi2O7_JVASP-25574_p_srniel.csv
Rb4CuSi2O7,JVASP-25574,proton,800.0,0.0029036,Rb4CuSi2O7_JVASP-25574_p_srniel.csv
Rb4CuSi2O7,JVASP-25574,proton,850.0,0.0029158,Rb4CuSi2O7_JVASP-25574_p_srniel.csv
Rb4CuSi2O7,JVASP-25574,proton,900.0,0.0029212,Rb4CuSi2O7_JVASP-25574_p_srniel.csv
Rb4CuSi2O7,JVASP-25574,proton,950.0,0.0029191,Rb4CuSi2O7_JVASP-25574_p_srniel.csv
Rb4CuSi2O7,JVASP-25574,proton,1000.0,0.0029091,Rb4CuSi2O7_JVASP-25574_p_srniel.csv
SCl2,JVASP-58833,electron,0.04,0.0,SCl2_JVASP-58833_e_srniel.csv
SCl2,JVASP-58833,electron,0.045,0.0,SCl2_JVASP-58833_e_srniel.csv
SCl2,JVASP-58833,electron,0.05,0.0,SCl2_JVASP-58833_e_srniel.csv
SCl2,JVASP-58833,electron,0.055,0.0,SCl2_JVASP-58833_e_srniel.csv
SCl2,JVASP-58833,electron,0.06,0.0,SCl2_JVASP-58833_e_srniel.csv
SCl2,JVASP-58833,electron,0.065,1.9503e-07,SCl2_JVASP-58833_e_srniel.csv
SCl2,JVASP-58833,electron,0.07,3.5967e-06,SCl2_JVASP-58833_e_srniel.csv
SCl2,JVASP-58833,electron,0.075,6.3978e-06,SCl2_JVASP-58833_e_srniel.csv
SCl2,JVASP-58833,electron,0.08,8.7324e-06,SCl2_JVASP-58833_e_srniel.csv
SCl2,JVASP-58833,electron,0.085,1.0699e-05,SCl2_JVASP-58833_e_srniel.csv
SCl2,JVASP-58833,electron,0.09,1.3205e-05,SCl2_JVASP-58833_e_srniel.csv
SCl2,JVASP-58833,electron,0.095,1.5499e-05,SCl2_JVASP-58833_e_srniel.csv
SCl2,JVASP-58833,electron,0.1,1.7489e-05,SCl2_JVASP-58833_e_srniel.csv
SCl2,JVASP-58833,electron,0.15,2.8446e-05,SCl2_JVASP-58833_e_srniel.csv
SCl2,JVASP-58833,electron,0.2,3.2979e-05,SCl2_JVASP-58833_e_srniel.csv
SCl2,JVASP-58833,electron,0.25,3.5607e-05,SCl2_JVASP-58833_e_srniel.csv
SCl2,JVASP-58833,electron,0.3,3.7502e-05,SCl2_JVASP-58833_e_srniel.csv
SCl2,JVASP-58833,electron,0.35,3.9063e-05,SCl2_JVASP-58833_e_srniel.csv
SCl2,JVASP-58833,electron,0.4,4.0451e-05,SCl2_JVASP-58833_e_srniel.csv
SCl2,JVASP-58833,electron,0.45,4.1736e-05,SCl2_JVASP-58833_e_srniel.csv
SCl2,JVASP-58833,electron,0.5,4.2954e-05,SCl2_JVASP-58833_e_srniel.csv
SCl2,JVASP-58833,electron,0.55,4.4123e-05,SCl2_JVASP-58833_e_srniel.csv
SCl2,JVASP-58833,electron,0.6,4.5253e-05,SCl2_JVASP-58833_e_srniel.csv
SCl2,JVASP-58833,electron,0.65,4.6348e-05,SCl2_JVASP-58833_e_srniel.csv
SCl2,JVASP-58833,electron,0.7,4.7413e-05,SCl2_JVASP-58833_e_srniel.csv
SCl2,JVASP-58833,electron,0.75,4.845e-05,SCl2_JVASP-58833_e_srniel.csv
SCl2,JVASP-58833,electron,0.8,4.9461e-05,SCl2_JVASP-58833_e_srniel.csv
SCl2,JVASP-58833,electron,0.85,5.0447e-05,SCl2_JVASP-58833_e_srniel.csv
SCl2,JVASP-58833,electron,0.9,5.1408e-05,SCl2_JVASP-58833_e_srniel.csv
SCl2,JVASP-58833,electron,0.95,5.2347e-05,SCl2_JVASP-58833_e_srniel.csv
SCl2,JVASP-58833,electron,1.0,5.3263e-05,SCl2_JVASP-58833_e_srniel.csv
SCl2,JVASP-58833,electron,1.5,6.1368e-05,SCl2_JVASP-58833_e_srniel.csv
SCl2,JVASP-58833,electron,2.0,6.796e-05,SCl2_JVASP-58833_e_srniel.csv
SCl2,JVASP-58833,electron,2.5,7.347e-05,SCl2_JVASP-58833_e_srniel.csv
SCl2,JVASP-58833,electron,3.0,7.818e-05,SCl2_JVASP-58833_e_srniel.csv
SCl2,JVASP-58833,electron,3.5,8.2279e-05,SCl2_JVASP-58833_e_srniel.csv
SCl2,JVASP-58833,electron,4.0,8.5898e-05,SCl2_JVASP-58833_e_srniel.csv
SCl2,JVASP-58833,electron,4.5,8.9132e-05,SCl2_JVASP-58833_e_srniel.csv
SCl2,JVASP-58833,electron,5.0,9.2049e-05,SCl2_JVASP-58833_e_srniel.csv
SCl2,JVASP-58833,electron,5.5,9.4703e-05,SCl2_JVASP-58833_e_srniel.csv
SCl2,JVASP-58833,electron,6.0,9.7134e-05,SCl2_JVASP-58833_e_srniel.csv
SCl2,JVASP-58833,electron,6.5,9.9373e-05,SCl2_JVASP-58833_e_srniel.csv
SCl2,JVASP-58833,electron,7.0,0.00010145,SCl2_JVASP-58833_e_srniel.csv
SCl2,JVASP-58833,electron,7.5,0.00010338,SCl2_JVASP-58833_e_srniel.csv
SCl2,JVASP-58833,electron,8.0,0.00010518,SCl2_JVASP-58833_e_srniel.csv
SCl2,JVASP-58833,electron,8.5,0.00010687,SCl2_JVASP-58833_e_srniel.csv
SCl2,JVASP-58833,electron,9.0,0.00010846,SCl2_JVASP-58833_e_srniel.csv
SCl2,JVASP-58833,electron,9.5,0.00010995,SCl2_JVASP-58833_e_srniel.csv
SCl2,JVASP-58833,electron,10.0,0.00011137,SCl2_JVASP-58833_e_srniel.csv
SCl2,JVASP-58833,electron,15.0,0.00012229,SCl2_JVASP-58833_e_srniel.csv
SCl2,JVASP-58833,electron,20.0,0.00012958,SCl2_JVASP-58833_e_srniel.csv
SCl2,JVASP-58833,electron,25.0,0.00013483,SCl2_JVASP-58833_e_srniel.csv
SCl2,JVASP-58833,electron,30.0,0.00013877,SCl2_JVASP-58833_e_srniel.csv
SCl2,JVASP-58833,electron,35.0,0.00014181,SCl2_JVASP-58833_e_srniel.csv
SCl2,JVASP-58833,electron,40.0,0.00014419,SCl2_JVASP-58833_e_srniel.csv
SCl2,JVASP-58833,electron,45.0,0.00014608,SCl2_JVASP-58833_e_srniel.csv
SCl2,JVASP-58833,electron,50.0,0.00014758,SCl2_JVASP-58833_e_srniel.csv
SCl2,JVASP-58833,electron,55.0,0.00014879,SCl2_JVASP-58833_e_srniel.csv
SCl2,JVASP-58833,electron,60.0,0.00014976,SCl2_JVASP-58833_e_srniel.csv
SCl2,JVASP-58833,electron,65.0,0.00015056,SCl2_JVASP-58833_e_srniel.csv
SCl2,JVASP-58833,electron,70.0,0.0001512,SCl2_JVASP-58833_e_srniel.csv
SCl2,JVASP-58833,electron,75.0,0.00015172,SCl2_JVASP-58833_e_srniel.csv
SCl2,JVASP-58833,electron,80.0,0.00015215,SCl2_JVASP-58833_e_srniel.csv
SCl2,JVASP-58833,electron,85.0,0.0001525,SCl2_JVASP-58833_e_srniel.csv
SCl2,JVASP-58833,electron,90.0,0.00015279,SCl2_JVASP-58833_e_srniel.csv
SCl2,JVASP-58833,electron,95.0,0.00015303,SCl2_JVASP-58833_e_srniel.csv
SCl2,JVASP-58833,electron,100.0,0.00015323,SCl2_JVASP-58833_e_srniel.csv
SCl2,JVASP-58833,proton,0.0001,2.9278,SCl2_JVASP-58833_p_srniel.csv
SCl2,JVASP-58833,proton,0.00015,4.1241,SCl2_JVASP-58833_p_srniel.csv
SCl2,JVASP-58833,proton,0.0002,4.8411,SCl2_JVASP-58833_p_srniel.csv
SCl2,JVASP-58833,proton,0.00025,5.3126,SCl2_JVASP-58833_p_srniel.csv
SCl2,JVASP-58833,proton,0.0003,5.6386,SCl2_JVASP-58833_p_srniel.csv
SCl2,JVASP-58833,proton,0.00035,5.8703,SCl2_JVASP-58833_p_srniel.csv
SCl2,JVASP-58833,proton,0.0004,6.0373,SCl2_JVASP-58833_p_srniel.csv
SCl2,JVASP-58833,proton,0.00045,6.1579,SCl2_JVASP-58833_p_srniel.csv
SCl2,JVASP-58833,proton,0.0005,6.2443,SCl2_JVASP-58833_p_srniel.csv
SCl2,JVASP-58833,proton,0.00055,6.3047,SCl2_JVASP-58833_p_srniel.csv
SCl2,JVASP-58833,proton,0.0006,6.3452,SCl2_JVASP-58833_p_srniel.csv
SCl2,JVASP-58833,proton,0.00065,6.37,SCl2_JVASP-58833_p_srniel.csv
SCl2,JVASP-58833,proton,0.0007,6.3824,SCl2_JVASP-58833_p_srniel.csv
SCl2,JVASP-58833,proton,0.00075,6.3849,SCl2_JVASP-58833_p_srniel.csv
SCl2,JVASP-58833,proton,0.0008,6.3795,SCl2_JVASP-58833_p_srniel.csv
SCl2,JVASP-58833,proton,0.00085,6.3675,SCl2_JVASP-58833_p_srniel.csv
SCl2,JVASP-58833,proton,0.0009,6.3504,SCl2_JVASP-58833_p_srniel.csv
SCl2,JVASP-58833,proton,0.00095,6.3289,SCl2_JVASP-58833_p_srniel.csv
SCl2,JVASP-58833,proton,0.001,6.3039,SCl2_JVASP-58833_p_srniel.csv
SCl2,JVASP-58833,proton,0.0015,5.9596,SCl2_JVASP-58833_p_srniel.csv
SCl2,JVASP-58833,proton,0.002,5.5807,SCl2_JVASP-58833_p_srniel.csv
SCl2,JVASP-58833,proton,0.0025,5.2294,SCl2_JVASP-58833_p_srniel.csv
SCl2,JVASP-58833,proton,0.003,4.9159,SCl2_JVASP-58833_p_srniel.csv
SCl2,JVASP-58833,proton,0.0035,4.6384,SCl2_JVASP-58833_p_srniel.csv
SCl2,JVASP-58833,proton,0.004,4.3924,SCl2_JVASP-58833_p_srniel.csv
SCl2,JVASP-58833,proton,0.0045,4.1734,SCl2_JVASP-58833_p_srniel.csv
SCl2,JVASP-58833,proton,0.005,3.9774,SCl2_JVASP-58833_p_srniel.csv
SCl2,JVASP-58833,proton,0.0055,3.801,SCl2_JVASP-58833_p_srniel.csv
SCl2,JVASP-58833,proton,0.006,3.6413,SCl2_JVASP-58833_p_srniel.csv
SCl2,JVASP-58833,proton,0.0065,3.4961,SCl2_JVASP-58833_p_srniel.csv
SCl2,JVASP-58833,proton,0.007,3.3634,SCl2_JVASP-58833_p_srniel.csv
SCl2,JVASP-58833,proton,0.0075,3.2417,SCl2_JVASP-58833_p_srniel.csv
SCl2,JVASP-58833,proton,0.008,3.1295,SCl2_JVASP-58833_p_srniel.csv
SCl2,JVASP-58833,proton,0.0085,3.0258,SCl2_JVASP-58833_p_srniel.csv
SCl2,JVASP-58833,proton,0.009,2.9296,SCl2_JVASP-58833_p_srniel.csv
SCl2,JVASP-58833,proton,0.0095,2.8401,SCl2_JVASP-58833_p_srniel.csv
SCl2,JVASP-58833,proton,0.01,2.7565,SCl2_JVASP-58833_p_srniel.csv
SCl2,JVASP-58833,proton,0.015,2.148,SCl2_JVASP-58833_p_srniel.csv
SCl2,JVASP-58833,proton,0.02,1.7763,SCl2_JVASP-58833_p_srniel.csv
SCl2,JVASP-58833,proton,0.025,1.5229,SCl2_JVASP-58833_p_srniel.csv
SCl2,JVASP-58833,proton,0.03,1.3377,SCl2_JVASP-58833_p_srniel.csv
SCl2,JVASP-58833,proton,0.035,1.1958,SCl2_JVASP-58833_p_srniel.csv
SCl2,JVASP-58833,proton,0.04,1.0832,SCl2_JVASP-58833_p_srniel.csv
SCl2,JVASP-58833,proton,0.045,0.99144,SCl2_JVASP-58833_p_srniel.csv
SCl2,JVASP-58833,proton,0.05,0.91508,SCl2_JVASP-58833_p_srniel.csv
SCl2,JVASP-58833,proton,0.055,0.85044,SCl2_JVASP-58833_p_srniel.csv
SCl2,JVASP-58833,proton,0.06,0.79494,SCl2_JVASP-58833_p_srniel.csv
SCl2,JVASP-58833,proton,0.065,0.74673,SCl2_JVASP-58833_p_srniel.csv
SCl2,JVASP-58833,proton,0.07,0.70441,SCl2_JVASP-58833_p_srniel.csv
SCl2,JVASP-58833,proton,0.075,0.66695,SCl2_JVASP-58833_p_srniel.csv
SCl2,JVASP-58833,proton,0.08,0.63352,SCl2_JVASP-58833_p_srniel.csv
SCl2,JVASP-58833,proton,0.085,0.6035,SCl2_JVASP-58833_p_srniel.csv
SCl2,JVASP-58833,proton,0.09,0.57638,SCl2_JVASP-58833_p_srniel.csv
SCl2,JVASP-58833,proton,0.095,0.55174,SCl2_JVASP-58833_p_srniel.csv
SCl2,JVASP-58833,proton,0.1,0.52925,SCl2_JVASP-58833_p_srniel.csv
SCl2,JVASP-58833,proton,0.15,0.38013,SCl2_JVASP-58833_p_srniel.csv
SCl2,JVASP-58833,proton,0.2,0.30065,SCl2_JVASP-58833_p_srniel.csv
SCl2,JVASP-58833,proton,0.25,0.25064,SCl2_JVASP-58833_p_srniel.csv
SCl2,JVASP-58833,proton,0.3,0.21602,SCl2_JVASP-58833_p_srniel.csv
SCl2,JVASP-58833,proton,0.35,0.19041,SCl2_JVASP-58833_p_srniel.csv
SCl2,JVASP-58833,proton,0.4,0.16875,SCl2_JVASP-58833_p_srniel.csv
SCl2,JVASP-58833,proton,0.45,0.15159,SCl2_JVASP-58833_p_srniel.csv
SCl2,JVASP-58833,proton,0.5,0.13769,SCl2_JVASP-58833_p_srniel.csv
SCl2,JVASP-58833,proton,0.55,0.12619,SCl2_JVASP-58833_p_srniel.csv
SCl2,JVASP-58833,proton,0.6,0.11651,SCl2_JVASP-58833_p_srniel.csv
SCl2,JVASP-58833,proton,0.65,0.10825,SCl2_JVASP-58833_p_srniel.csv
SCl2,JVASP-58833,proton,0.7,0.10111,SCl2_JVASP-58833_p_srniel.csv
SCl2,JVASP-58833,proton,0.75,0.094875,SCl2_JVASP-58833_p_srniel.csv
SCl2,JVASP-58833,proton,0.8,0.089384,SCl2_JVASP-58833_p_srniel.csv
SCl2,JVASP-58833,proton,0.85,0.084509,SCl2_JVASP-58833_p_srniel.csv
SCl2,JVASP-58833,proton,0.9,0.080151,SCl2_JVASP-58833_p_srniel.csv
SCl2,JVASP-58833,proton,0.95,0.07623,SCl2_JVASP-58833_p_srniel.csv
SCl2,JVASP-58833,proton,1.0,0.072684,SCl2_JVASP-58833_p_srniel.csv
SCl2,JVASP-58833,proton,1.5,0.049786,SCl2_JVASP-58833_p_srniel.csv
SCl2,JVASP-58833,proton,2.0,0.037991,SCl2_JVASP-58833_p_srniel.csv
SCl2,JVASP-58833,proton,2.5,0.030774,SCl2_JVASP-58833_p_srniel.csv
SCl2,JVASP-58833,proton,3.0,0.025946,SCl2_JVASP-58833_p_srniel.csv
SCl2,JVASP-58833,proton,3.5,0.022611,SCl2_JVASP-58833_p_srniel.csv
SCl2,JVASP-58833,proton,4.0,0.020211,SCl2_JVASP-58833_p_srniel.csv
SCl2,JVASP-58833,proton,4.5,0.018378,SCl2_JVASP-58833_p_srniel.csv
SCl2,JVASP-58833,proton,5.0,0.016922,SCl2_JVASP-58833_p_srniel.csv
SCl2,JVASP-58833,proton,5.5,0.015734,SCl2_JVASP-58833_p_srniel.csv
SCl2,JVASP-58833,proton,6.0,0.014745,SCl2_JVASP-58833_p_srniel.csv
SCl2,JVASP-58833,proton,6.5,0.013912,SCl2_JVASP-58833_p_srniel.csv
SCl2,JVASP-58833,proton,7.0,0.013199,SCl2_JVASP-58833_p_srniel.csv
SCl2,JVASP-58833,proton,7.5,0.012585,SCl2_JVASP-58833_p_srniel.csv
SCl2,JVASP-58833,proton,8.0,0.012051,SCl2_JVASP-58833_p_srniel.csv
SCl2,JVASP-58833,proton,8.5,0.011582,SCl2_JVASP-58833_p_srniel.csv
SCl2,JVASP-58833,proton,9.0,0.011169,SCl2_JVASP-58833_p_srniel.csv
SCl2,JVASP-58833,proton,9.5,0.010802,SCl2_JVASP-58833_p_srniel.csv
SCl2,JVASP-58833,proton,10.0,0.010475,SCl2_JVASP-58833_p_srniel.csv
SCl2,JVASP-58833,proton,15.0,0.0084413,SCl2_JVASP-58833_p_srniel.csv
SCl2,JVASP-58833,proton,20.0,0.0073647,SCl2_JVASP-58833_p_srniel.csv
SCl2,JVASP-58833,proton,25.0,0.006628,SCl2_JVASP-58833_p_srniel.csv
SCl2,JVASP-58833,proton,30.0,0.0060821,SCl2_JVASP-58833_p_srniel.csv
SCl2,JVASP-58833,proton,35.0,0.0056655,SCl2_JVASP-58833_p_srniel.csv
SCl2,JVASP-58833,proton,40.0,0.0053397,SCl2_JVASP-58833_p_srniel.csv
SCl2,JVASP-58833,proton,45.0,0.0050771,SCl2_JVASP-58833_p_srniel.csv
SCl2,JVASP-58833,proton,50.0,0.0048581,SCl2_JVASP-58833_p_srniel.csv
SCl2,JVASP-58833,proton,55.0,0.0046692,SCl2_JVASP-58833_p_srniel.csv
SCl2,JVASP-58833,proton,60.0,0.0045014,SCl2_JVASP-58833_p_srniel.csv
SCl2,JVASP-58833,proton,65.0,0.0043486,SCl2_JVASP-58833_p_srniel.csv
SCl2,JVASP-58833,proton,70.0,0.0042072,SCl2_JVASP-58833_p_srniel.csv
SCl2,JVASP-58833,proton,75.0,0.0040746,SCl2_JVASP-58833_p_srniel.csv
SCl2,JVASP-58833,proton,80.0,0.0039496,SCl2_JVASP-58833_p_srniel.csv
SCl2,JVASP-58833,proton,85.0,0.0038313,SCl2_JVASP-58833_p_srniel.csv
SCl2,JVASP-58833,proton,90.0,0.0037192,SCl2_JVASP-58833_p_srniel.csv
SCl2,JVASP-58833,proton,95.0,0.0036131,SCl2_JVASP-58833_p_srniel.csv
SCl2,JVASP-58833,proton,100.0,0.0035127,SCl2_JVASP-58833_p_srniel.csv
SCl2,JVASP-58833,proton,150.0,0.0027886,SCl2_JVASP-58833_p_srniel.csv
SCl2,JVASP-58833,proton,200.0,0.0024236,SCl2_JVASP-58833_p_srniel.csv
SCl2,JVASP-58833,proton,250.0,0.0022374,SCl2_JVASP-58833_p_srniel.csv
SCl2,JVASP-58833,proton,300.0,0.002132,SCl2_JVASP-58833_p_srniel.csv
SCl2,JVASP-58833,proton,350.0,0.0020632,SCl2_JVASP-58833_p_srniel.csv
SCl2,JVASP-58833,proton,400.0,0.0020131,SCl2_JVASP-58833_p_srniel.csv
SCl2,JVASP-58833,proton,450.0,0.0019752,SCl2_JVASP-58833_p_srniel.csv
SCl2,JVASP-58833,proton,500.0,0.0019468,SCl2_JVASP-58833_p_srniel.csv
SCl2,JVASP-58833,proton,550.0,0.0019263,SCl2_JVASP-58833_p_srniel.csv
SCl2,JVASP-58833,proton,600.0,0.0019118,SCl2_JVASP-58833_p_srniel.csv
SCl2,JVASP-58833,proton,650.0,0.001901,SCl2_JVASP-58833_p_srniel.csv
SCl2,JVASP-58833,proton,700.0,0.0018917,SCl2_JVASP-58833_p_srniel.csv
SCl2,JVASP-58833,proton,750.0,0.0018818,SCl2_JVASP-58833_p_srniel.csv
SCl2,JVASP-58833,proton,800.0,0.0018704,SCl2_JVASP-58833_p_srniel.csv
SCl2,JVASP-58833,proton,850.0,0.0018574,SCl2_JVASP-58833_p_srniel.csv
SCl2,JVASP-58833,proton,900.0,0.0018445,SCl2_JVASP-58833_p_srniel.csv
SCl2,JVASP-58833,proton,950.0,0.0018348,SCl2_JVASP-58833_p_srniel.csv
SCl2,JVASP-58833,proton,1000.0,0.0018332,SCl2_JVASP-58833_p_srniel.csv
SbIrS,JVASP-10264,electron,0.04,0.0,SbIrS_JVASP-10264_e_srniel.csv
SbIrS,JVASP-10264,electron,0.045,0.0,SbIrS_JVASP-10264_e_srniel.csv
SbIrS,JVASP-10264,electron,0.05,0.0,SbIrS_JVASP-10264_e_srniel.csv
SbIrS,JVASP-10264,electron,0.055,0.0,SbIrS_JVASP-10264_e_srniel.csv
SbIrS,JVASP-10264,electron,0.06,0.0,SbIrS_JVASP-10264_e_srniel.csv
SbIrS,JVASP-10264,electron,0.065,0.0,SbIrS_JVASP-10264_e_srniel.csv
SbIrS,JVASP-10264,electron,0.07,0.0,SbIrS_JVASP-10264_e_srniel.csv
SbIrS,JVASP-10264,electron,0.075,0.0,SbIrS_JVASP-10264_e_srniel.csv
SbIrS,JVASP-10264,electron,0.08,0.0,SbIrS_JVASP-10264_e_srniel.csv
SbIrS,JVASP-10264,electron,0.085,0.0,SbIrS_JVASP-10264_e_srniel.csv
SbIrS,JVASP-10264,electron,0.09,0.0,SbIrS_JVASP-10264_e_srniel.csv
SbIrS,JVASP-10264,electron,0.095,0.0,SbIrS_JVASP-10264_e_srniel.csv
SbIrS,JVASP-10264,electron,0.1,0.0,SbIrS_JVASP-10264_e_srniel.csv
SbIrS,JVASP-10264,electron,0.15,0.0,SbIrS_JVASP-10264_e_srniel.csv
SbIrS,JVASP-10264,electron,0.2,0.0,SbIrS_JVASP-10264_e_srniel.csv
SbIrS,JVASP-10264,electron,0.25,0.0,SbIrS_JVASP-10264_e_srniel.csv
SbIrS,JVASP-10264,electron,0.3,1.0137e-07,SbIrS_JVASP-10264_e_srniel.csv
SbIrS,JVASP-10264,electron,0.35,3.3254e-07,SbIrS_JVASP-10264_e_srniel.csv
SbIrS,JVASP-10264,electron,0.4,5.3397e-07,SbIrS_JVASP-10264_e_srniel.csv
SbIrS,JVASP-10264,electron,0.45,7.1514e-07,SbIrS_JVASP-10264_e_srniel.csv
SbIrS,JVASP-10264,electron,0.5,8.8149e-07,SbIrS_JVASP-10264_e_srniel.csv
SbIrS,JVASP-10264,electron,0.55,1.0364e-06,SbIrS_JVASP-10264_e_srniel.csv
SbIrS,JVASP-10264,electron,0.6,1.182e-06,SbIrS_JVASP-10264_e_srniel.csv
SbIrS,JVASP-10264,electron,0.65,1.32e-06,SbIrS_JVASP-10264_e_srniel.csv
SbIrS,JVASP-10264,electron,0.7,1.4513e-06,SbIrS_JVASP-10264_e_srniel.csv
SbIrS,JVASP-10264,electron,0.75,1.5768e-06,SbIrS_JVASP-10264_e_srniel.csv
SbIrS,JVASP-10264,electron,0.8,1.6972e-06,SbIrS_JVASP-10264_e_srniel.csv
SbIrS,JVASP-10264,electron,0.85,1.813e-06,SbIrS_JVASP-10264_e_srniel.csv
SbIrS,JVASP-10264,electron,0.9,1.9246e-06,SbIrS_JVASP-10264_e_srniel.csv
SbIrS,JVASP-10264,electron,0.95,2.0323e-06,SbIrS_JVASP-10264_e_srniel.csv
SbIrS,JVASP-10264,electron,1.0,2.1364e-06,SbIrS_JVASP-10264_e_srniel.csv
SbIrS,JVASP-10264,electron,1.5,3.7251e-06,SbIrS_JVASP-10264_e_srniel.csv
SbIrS,JVASP-10264,electron,2.0,6.4747e-06,SbIrS_JVASP-10264_e_srniel.csv
SbIrS,JVASP-10264,electron,2.5,9.1098e-06,SbIrS_JVASP-10264_e_srniel.csv
SbIrS,JVASP-10264,electron,3.0,1.1606e-05,SbIrS_JVASP-10264_e_srniel.csv
SbIrS,JVASP-10264,electron,3.5,1.5381e-05,SbIrS_JVASP-10264_e_srniel.csv
SbIrS,JVASP-10264,electron,4.0,1.9563e-05,SbIrS_JVASP-10264_e_srniel.csv
SbIrS,JVASP-10264,electron,4.5,2.3577e-05,SbIrS_JVASP-10264_e_srniel.csv
SbIrS,JVASP-10264,electron,5.0,2.726e-05,SbIrS_JVASP-10264_e_srniel.csv
SbIrS,JVASP-10264,electron,5.5,3.0587e-05,SbIrS_JVASP-10264_e_srniel.csv
SbIrS,JVASP-10264,electron,6.0,3.3582e-05,SbIrS_JVASP-10264_e_srniel.csv
SbIrS,JVASP-10264,electron,6.5,3.6279e-05,SbIrS_JVASP-10264_e_srniel.csv
SbIrS,JVASP-10264,electron,7.0,3.8717e-05,SbIrS_JVASP-10264_e_srniel.csv
SbIrS,JVASP-10264,electron,7.5,4.093e-05,SbIrS_JVASP-10264_e_srniel.csv
SbIrS,JVASP-10264,electron,8.0,4.2946e-05,SbIrS_JVASP-10264_e_srniel.csv
SbIrS,JVASP-10264,electron,8.5,4.4792e-05,SbIrS_JVASP-10264_e_srniel.csv
SbIrS,JVASP-10264,electron,9.0,4.6488e-05,SbIrS_JVASP-10264_e_srniel.csv
SbIrS,JVASP-10264,electron,9.5,4.8051e-05,SbIrS_JVASP-10264_e_srniel.csv
SbIrS,JVASP-10264,electron,10.0,4.9499e-05,SbIrS_JVASP-10264_e_srniel.csv
SbIrS,JVASP-10264,electron,15.0,5.9654e-05,SbIrS_JVASP-10264_e_srniel.csv
SbIrS,JVASP-10264,electron,20.0,6.5371e-05,SbIrS_JVASP-10264_e_srniel.csv
SbIrS,JVASP-10264,electron,25.0,6.8824e-05,SbIrS_JVASP-10264_e_srniel.csv
SbIrS,JVASP-10264,electron,30.0,7.0924e-05,SbIrS_JVASP-10264_e_srniel.csv
SbIrS,JVASP-10264,electron,35.0,7.2156e-05,SbIrS_JVASP-10264_e_srniel.csv
SbIrS,JVASP-10264,electron,40.0,7.2813e-05,SbIrS_JVASP-10264_e_srniel.csv
SbIrS,JVASP-10264,electron,45.0,7.3087e-05,SbIrS_JVASP-10264_e_srniel.csv
SbIrS,JVASP-10264,electron,50.0,7.3108e-05,SbIrS_JVASP-10264_e_srniel.csv
SbIrS,JVASP-10264,electron,55.0,7.2964e-05,SbIrS_JVASP-10264_e_srniel.csv
SbIrS,JVASP-10264,electron,60.0,7.2717e-05,SbIrS_JVASP-10264_e_srniel.csv
SbIrS,JVASP-10264,electron,65.0,7.2408e-05,SbIrS_JVASP-10264_e_srniel.csv
SbIrS,JVASP-10264,electron,70.0,7.2067e-05,SbIrS_JVASP-10264_e_srniel.csv
SbIrS,JVASP-10264,electron,75.0,7.1712e-05,SbIrS_JVASP-10264_e_srniel.csv
SbIrS,JVASP-10264,electron,80.0,7.1356e-05,SbIrS_JVASP-10264_e_srniel.csv
SbIrS,JVASP-10264,electron,85.0,7.1007e-05,SbIrS_JVASP-10264_e_srniel.csv
SbIrS,JVASP-10264,electron,90.0,7.0671e-05,SbIrS_JVASP-10264_e_srniel.csv
SbIrS,JVASP-10264,electron,95.0,7.035e-05,SbIrS_JVASP-10264_e_srniel.csv
SbIrS,JVASP-10264,electron,100.0,7.0045e-05,SbIrS_JVASP-10264_e_srniel.csv
SbIrS,JVASP-10264,proton,0.0001,0.0,SbIrS_JVASP-10264_p_srniel.csv
SbIrS,JVASP-10264,proton,0.00015,0.0,SbIrS_JVASP-10264_p_srniel.csv
SbIrS,JVASP-10264,proton,0.0002,0.0,SbIrS_JVASP-10264_p_srniel.csv
SbIrS,JVASP-10264,proton,0.00025,0.083779,SbIrS_JVASP-10264_p_srniel.csv
SbIrS,JVASP-10264,proton,0.0003,0.15602,SbIrS_JVASP-10264_p_srniel.csv
SbIrS,JVASP-10264,proton,0.00035,0.21028,SbIrS_JVASP-10264_p_srniel.csv
SbIrS,JVASP-10264,proton,0.0004,0.25218,SbIrS_JVASP-10264_p_srniel.csv
SbIrS,JVASP-10264,proton,0.00045,0.28521,SbIrS_JVASP-10264_p_srniel.csv
SbIrS,JVASP-10264,proton,0.0005,0.31164,SbIrS_JVASP-10264_p_srniel.csv
SbIrS,JVASP-10264,proton,0.00055,0.33302,SbIrS_JVASP-10264_p_srniel.csv
SbIrS,JVASP-10264,proton,0.0006,0.35046,SbIrS_JVASP-10264_p_srniel.csv
SbIrS,JVASP-10264,proton,0.00065,0.36477,SbIrS_JVASP-10264_p_srniel.csv
SbIrS,JVASP-10264,proton,0.0007,0.37655,SbIrS_JVASP-10264_p_srniel.csv
SbIrS,JVASP-10264,proton,0.00075,0.38628,SbIrS_JVASP-10264_p_srniel.csv
SbIrS,JVASP-10264,proton,0.0008,0.39431,SbIrS_JVASP-10264_p_srniel.csv
SbIrS,JVASP-10264,proton,0.00085,0.40092,SbIrS_JVASP-10264_p_srniel.csv
SbIrS,JVASP-10264,proton,0.0009,0.40634,SbIrS_JVASP-10264_p_srniel.csv
SbIrS,JVASP-10264,proton,0.00095,0.41077,SbIrS_JVASP-10264_p_srniel.csv
SbIrS,JVASP-10264,proton,0.001,0.41434,SbIrS_JVASP-10264_p_srniel.csv
SbIrS,JVASP-10264,proton,0.0015,0.42859,SbIrS_JVASP-10264_p_srniel.csv
SbIrS,JVASP-10264,proton,0.002,0.48614,SbIrS_JVASP-10264_p_srniel.csv
SbIrS,JVASP-10264,proton,0.0025,0.51226,SbIrS_JVASP-10264_p_srniel.csv
SbIrS,JVASP-10264,proton,0.003,0.52297,SbIrS_JVASP-10264_p_srniel.csv
SbIrS,JVASP-10264,proton,0.0035,0.52538,SbIrS_JVASP-10264_p_srniel.csv
SbIrS,JVASP-10264,proton,0.004,0.52309,SbIrS_JVASP-10264_p_srniel.csv
SbIrS,JVASP-10264,proton,0.0045,0.51803,SbIrS_JVASP-10264_p_srniel.csv
SbIrS,JVASP-10264,proton,0.005,0.51135,SbIrS_JVASP-10264_p_srniel.csv
SbIrS,JVASP-10264,proton,0.0055,0.50372,SbIrS_JVASP-10264_p_srniel.csv
SbIrS,JVASP-10264,proton,0.006,0.49864,SbIrS_JVASP-10264_p_srniel.csv
SbIrS,JVASP-10264,proton,0.0065,0.50471,SbIrS_JVASP-10264_p_srniel.csv
SbIrS,JVASP-10264,proton,0.007,0.50859,SbIrS_JVASP-10264_p_srniel.csv
SbIrS,JVASP-10264,proton,0.0075,0.51077,SbIrS_JVASP-10264_p_srniel.csv
SbIrS,JVASP-10264,proton,0.008,0.51163,SbIrS_JVASP-10264_p_srniel.csv
SbIrS,JVASP-10264,proton,0.0085,0.51145,SbIrS_JVASP-10264_p_srniel.csv
SbIrS,JVASP-10264,proton,0.009,0.51046,SbIrS_JVASP-10264_p_srniel.csv
SbIrS,JVASP-10264,proton,0.0095,0.50881,SbIrS_JVASP-10264_p_srniel.csv
SbIrS,JVASP-10264,proton,0.01,0.50666,SbIrS_JVASP-10264_p_srniel.csv
SbIrS,JVASP-10264,proton,0.015,0.47248,SbIrS_JVASP-10264_p_srniel.csv
SbIrS,JVASP-10264,proton,0.02,0.43479,SbIrS_JVASP-10264_p_srniel.csv
SbIrS,JVASP-10264,proton,0.025,0.4011,SbIrS_JVASP-10264_p_srniel.csv
SbIrS,JVASP-10264,proton,0.03,0.37203,SbIrS_JVASP-10264_p_srniel.csv
SbIrS,JVASP-10264,proton,0.035,0.34702,SbIrS_JVASP-10264_p_srniel.csv
SbIrS,JVASP-10264,proton,0.04,0.32538,SbIrS_JVASP-10264_p_srniel.csv
SbIrS,JVASP-10264,proton,0.045,0.30651,SbIrS_JVASP-10264_p_srniel.csv
SbIrS,JVASP-10264,proton,0.05,0.2899,SbIrS_JVASP-10264_p_srniel.csv
SbIrS,JVASP-10264,proton,0.055,0.27519,SbIrS_JVASP-10264_p_srniel.csv
SbIrS,JVASP-10264,proton,0.06,0.26204,SbIrS_JVASP-10264_p_srniel.csv
SbIrS,JVASP-10264,proton,0.065,0.25023,SbIrS_JVASP-10264_p_srniel.csv
SbIrS,JVASP-10264,proton,0.07,0.23956,SbIrS_JVASP-10264_p_srniel.csv
SbIrS,JVASP-10264,proton,0.075,0.22985,SbIrS_JVASP-10264_p_srniel.csv
SbIrS,JVASP-10264,proton,0.08,0.22099,SbIrS_JVASP-10264_p_srniel.csv
SbIrS,JVASP-10264,proton,0.085,0.21285,SbIrS_JVASP-10264_p_srniel.csv
SbIrS,JVASP-10264,proton,0.09,0.20537,SbIrS_JVASP-10264_p_srniel.csv
SbIrS,JVASP-10264,proton,0.095,0.19844,SbIrS_JVASP-10264_p_srniel.csv
SbIrS,JVASP-10264,proton,0.1,0.19202,SbIrS_JVASP-10264_p_srniel.csv
SbIrS,JVASP-10264,proton,0.15,0.14629,SbIrS_JVASP-10264_p_srniel.csv
SbIrS,JVASP-10264,proton,0.2,0.11938,SbIrS_JVASP-10264_p_srniel.csv
SbIrS,JVASP-10264,proton,0.25,0.10147,SbIrS_JVASP-10264_p_srniel.csv
SbIrS,JVASP-10264,proton,0.3,0.088597,SbIrS_JVASP-10264_p_srniel.csv
SbIrS,JVASP-10264,proton,0.35,0.078835,SbIrS_JVASP-10264_p_srniel.csv
SbIrS,JVASP-10264,proton,0.4,0.071026,SbIrS_JVASP-10264_p_srniel.csv
SbIrS,JVASP-10264,proton,0.45,0.064728,SbIrS_JVASP-10264_p_srniel.csv
SbIrS,JVASP-10264,proton,0.5,0.059541,SbIrS_JVASP-10264_p_srniel.csv
SbIrS,JVASP-10264,proton,0.55,0.055189,SbIrS_JVASP-10264_p_srniel.csv
SbIrS,JVASP-10264,proton,0.6,0.051478,SbIrS_JVASP-10264_p_srniel.csv
SbIrS,JVASP-10264,proton,0.65,0.048269,SbIrS_JVASP-10264_p_srniel.csv
SbIrS,JVASP-10264,proton,0.7,0.045431,SbIrS_JVASP-10264_p_srniel.csv
SbIrS,JVASP-10264,proton,0.75,0.042938,SbIrS_JVASP-10264_p_srniel.csv
SbIrS,JVASP-10264,proton,0.8,0.04073,SbIrS_JVASP-10264_p_srniel.csv
SbIrS,JVASP-10264,proton,0.85,0.038759,SbIrS_JVASP-10264_p_srniel.csv
SbIrS,JVASP-10264,proton,0.9,0.036988,SbIrS_JVASP-10264_p_srniel.csv
SbIrS,JVASP-10264,proton,0.95,0.035387,SbIrS_JVASP-10264_p_srniel.csv
SbIrS,JVASP-10264,proton,1.0,0.033932,SbIrS_JVASP-10264_p_srniel.csv
SbIrS,JVASP-10264,proton,1.5,0.024154,SbIrS_JVASP-10264_p_srniel.csv
SbIrS,JVASP-10264,proton,2.0,0.018921,SbIrS_JVASP-10264_p_srniel.csv
SbIrS,JVASP-10264,proton,2.5,0.015578,SbIrS_JVASP-10264_p_srniel.csv
SbIrS,JVASP-10264,proton,3.0,0.013282,SbIrS_JVASP-10264_p_srniel.csv
SbIrS,JVASP-10264,proton,3.5,0.01162,SbIrS_JVASP-10264_p_srniel.csv
SbIrS,JVASP-10264,proton,4.0,0.010363,SbIrS_JVASP-10264_p_srniel.csv
SbIrS,JVASP-10264,proton,4.5,0.00937,SbIrS_JVASP-10264_p_srniel.csv
SbIrS,JVASP-10264,proton,5.0,0.0085638,SbIrS_JVASP-10264_p_srniel.csv
SbIrS,JVASP-10264,proton,5.5,0.0078961,SbIrS_JVASP-10264_p_srniel.csv
SbIrS,JVASP-10264,proton,6.0,0.0073364,SbIrS_JVASP-10264_p_srniel.csv
SbIrS,JVASP-10264,proton,6.5,0.0068663,SbIrS_JVASP-10264_p_srniel.csv
SbIrS,JVASP-10264,proton,7.0,0.0064667,SbIrS_JVASP-10264_p_srniel.csv
SbIrS,JVASP-10264,proton,7.5,0.0061188,SbIrS_JVASP-10264_p_srniel.csv
SbIrS,JVASP-10264,proton,8.0,0.0058107,SbIrS_JVASP-10264_p_srniel.csv
SbIrS,JVASP-10264,proton,8.5,0.0055355,SbIrS_JVASP-10264_p_srniel.csv
SbIrS,JVASP-10264,proton,9.0,0.0052888,SbIrS_JVASP-10264_p_srniel.csv
SbIrS,JVASP-10264,proton,9.5,0.005067,SbIrS_JVASP-10264_p_srniel.csv
SbIrS,JVASP-10264,proton,10.0,0.004867,SbIrS_JVASP-10264_p_srniel.csv
SbIrS,JVASP-10264,proton,15.0,0.0036248,SbIrS_JVASP-10264_p_srniel.csv
SbIrS,JVASP-10264,proton,20.0,0.0030363,SbIrS_JVASP-10264_p_srniel.csv
SbIrS,JVASP-10264,proton,25.0,0.0026847,SbIrS_JVASP-10264_p_srniel.csv
SbIrS,JVASP-10264,proton,30.0,0.0024462,SbIrS_JVASP-10264_p_srniel.csv
SbIrS,JVASP-10264,proton,35.0,0.0022747,SbIrS_JVASP-10264_p_srniel.csv
SbIrS,JVASP-10264,proton,40.0,0.0021475,SbIrS_JVASP-10264_p_srniel.csv
SbIrS,JVASP-10264,proton,45.0,0.0020507,SbIrS_JVASP-10264_p_srniel.csv
SbIrS,JVASP-10264,proton,50.0,0.0019757,SbIrS_JVASP-10264_p_srniel.csv
SbIrS,JVASP-10264,proton,55.0,0.0019163,SbIrS_JVASP-10264_p_srniel.csv
SbIrS,JVASP-10264,proton,60.0,0.0018685,SbIrS_JVASP-10264_p_srniel.csv
SbIrS,JVASP-10264,proton,65.0,0.0018294,SbIrS_JVASP-10264_p_srniel.csv
SbIrS,JVASP-10264,proton,70.0,0.0017969,SbIrS_JVASP-10264_p_srniel.csv
SbIrS,JVASP-10264,proton,75.0,0.0017695,SbIrS_JVASP-10264_p_srniel.csv
SbIrS,JVASP-10264,proton,80.0,0.0017461,SbIrS_JVASP-10264_p_srniel.csv
SbIrS,JVASP-10264,proton,85.0,0.0017258,SbIrS_JVASP-10264_p_srniel.csv
SbIrS,JVASP-10264,proton,90.0,0.001708,SbIrS_JVASP-10264_p_srniel.csv
SbIrS,JVASP-10264,proton,95.0,0.0016922,SbIrS_JVASP-10264_p_srniel.csv
SbIrS,JVASP-10264,proton,100.0,0.0016781,SbIrS_JVASP-10264_p_srniel.csv
SbIrS,JVASP-10264,proton,150.0,0.0015842,SbIrS_JVASP-10264_p_srniel.csv
SbIrS,JVASP-10264,proton,200.0,0.0015365,SbIrS_JVASP-10264_p_srniel.csv
SbIrS,JVASP-10264,proton,250.0,0.0015268,SbIrS_JVASP-10264_p_srniel.csv
SbIrS,JVASP-10264,proton,300.0,0.0015495,SbIrS_JVASP-10264_p_srniel.csv
SbIrS,JVASP-10264,proton,350.0,0.0015941,SbIrS_JVASP-10264_p_srniel.csv
SbIrS,JVASP-10264,proton,400.0,0.0016496,SbIrS_JVASP-10264_p_srniel.csv
SbIrS,JVASP-10264,proton,450.0,0.0017071,SbIrS_JVASP-10264_p_srniel.csv
SbIrS,JVASP-10264,proton,500.0,0.001761,SbIrS_JVASP-10264_p_srniel.csv
SbIrS,JVASP-10264,proton,550.0,0.0018093,SbIrS_JVASP-10264_p_srniel.csv
SbIrS,JVASP-10264,proton,600.0,0.0018523,SbIrS_JVASP-10264_p_srniel.csv
SbIrS,JVASP-10264,proton,650.0,0.0018921,SbIrS_JVASP-10264_p_srniel.csv
SbIrS,JVASP-10264,proton,700.0,0.001931,SbIrS_JVASP-10264_p_srniel.csv
SbIrS,JVASP-10264,proton,750.0,0.0019703,SbIrS_JVASP-10264_p_srniel.csv
SbIrS,JVASP-10264,proton,800.0,0.0020101,SbIrS_JVASP-10264_p_srniel.csv
SbIrS,JVASP-10264,proton,850.0,0.0020477,SbIrS_JVASP-10264_p_srniel.csv
SbIrS,JVASP-10264,proton,900.0,0.0020781,SbIrS_JVASP-10264_p_srniel.csv
SbIrS,JVASP-10264,proton,950.0,0.0020929,SbIrS_JVASP-10264_p_srniel.csv
SbIrS,JVASP-10264,proton,1000.0,0.0020813,SbIrS_JVASP-10264_p_srniel.csv
ScMo3O8,JVASP-12703,electron,0.04,0.0,ScMo3O8_JVASP-12703_e_srniel.csv
ScMo3O8,JVASP-12703,electron,0.045,0.0,ScMo3O8_JVASP-12703_e_srniel.csv
ScMo3O8,JVASP-12703,electron,0.05,0.0,ScMo3O8_JVASP-12703_e_srniel.csv
ScMo3O8,JVASP-12703,electron,0.055,0.0,ScMo3O8_JVASP-12703_e_srniel.csv
ScMo3O8,JVASP-12703,electron,0.06,1.2808e-07,ScMo3O8_JVASP-12703_e_srniel.csv
ScMo3O8,JVASP-12703,electron,0.065,1.7578e-06,ScMo3O8_JVASP-12703_e_srniel.csv
ScMo3O8,JVASP-12703,electron,0.07,3.0709e-06,ScMo3O8_JVASP-12703_e_srniel.csv
ScMo3O8,JVASP-12703,electron,0.075,4.1432e-06,ScMo3O8_JVASP-12703_e_srniel.csv
ScMo3O8,JVASP-12703,electron,0.08,5.0294e-06,ScMo3O8_JVASP-12703_e_srniel.csv
ScMo3O8,JVASP-12703,electron,0.085,5.7694e-06,ScMo3O8_JVASP-12703_e_srniel.csv
ScMo3O8,JVASP-12703,electron,0.09,6.3931e-06,ScMo3O8_JVASP-12703_e_srniel.csv
ScMo3O8,JVASP-12703,electron,0.095,6.9233e-06,ScMo3O8_JVASP-12703_e_srniel.csv
ScMo3O8,JVASP-12703,electron,0.1,7.3776e-06,ScMo3O8_JVASP-12703_e_srniel.csv
ScMo3O8,JVASP-12703,electron,0.15,1.0139e-05,ScMo3O8_JVASP-12703_e_srniel.csv
ScMo3O8,JVASP-12703,electron,0.2,1.1703e-05,ScMo3O8_JVASP-12703_e_srniel.csv
ScMo3O8,JVASP-12703,electron,0.25,1.261e-05,ScMo3O8_JVASP-12703_e_srniel.csv
ScMo3O8,JVASP-12703,electron,0.3,1.479e-05,ScMo3O8_JVASP-12703_e_srniel.csv
ScMo3O8,JVASP-12703,electron,0.35,1.7117e-05,ScMo3O8_JVASP-12703_e_srniel.csv
ScMo3O8,JVASP-12703,electron,0.4,1.9194e-05,ScMo3O8_JVASP-12703_e_srniel.csv
ScMo3O8,JVASP-12703,electron,0.45,2.1087e-05,ScMo3O8_JVASP-12703_e_srniel.csv
ScMo3O8,JVASP-12703,electron,0.5,2.2836e-05,ScMo3O8_JVASP-12703_e_srniel.csv
ScMo3O8,JVASP-12703,electron,0.55,2.447e-05,ScMo3O8_JVASP-12703_e_srniel.csv
ScMo3O8,JVASP-12703,electron,0.6,2.6007e-05,ScMo3O8_JVASP-12703_e_srniel.csv
ScMo3O8,JVASP-12703,electron,0.65,2.746e-05,ScMo3O8_JVASP-12703_e_srniel.csv
ScMo3O8,JVASP-12703,electron,0.7,2.8839e-05,ScMo3O8_JVASP-12703_e_srniel.csv
ScMo3O8,JVASP-12703,electron,0.75,3.0153e-05,ScMo3O8_JVASP-12703_e_srniel.csv
ScMo3O8,JVASP-12703,electron,0.8,3.1408e-05,ScMo3O8_JVASP-12703_e_srniel.csv
ScMo3O8,JVASP-12703,electron,0.85,3.261e-05,ScMo3O8_JVASP-12703_e_srniel.csv
ScMo3O8,JVASP-12703,electron,0.9,3.3763e-05,ScMo3O8_JVASP-12703_e_srniel.csv
ScMo3O8,JVASP-12703,electron,0.95,3.4871e-05,ScMo3O8_JVASP-12703_e_srniel.csv
ScMo3O8,JVASP-12703,electron,1.0,3.5939e-05,ScMo3O8_JVASP-12703_e_srniel.csv
ScMo3O8,JVASP-12703,electron,1.5,4.4893e-05,ScMo3O8_JVASP-12703_e_srniel.csv
ScMo3O8,JVASP-12703,electron,2.0,5.1742e-05,ScMo3O8_JVASP-12703_e_srniel.csv
ScMo3O8,JVASP-12703,electron,2.5,5.7282e-05,ScMo3O8_JVASP-12703_e_srniel.csv
ScMo3O8,JVASP-12703,electron,3.0,6.1921e-05,ScMo3O8_JVASP-12703_e_srniel.csv
ScMo3O8,JVASP-12703,electron,3.5,6.5902e-05,ScMo3O8_JVASP-12703_e_srniel.csv
ScMo3O8,JVASP-12703,electron,4.0,6.938e-05,ScMo3O8_JVASP-12703_e_srniel.csv
ScMo3O8,JVASP-12703,electron,4.5,7.2462e-05,ScMo3O8_JVASP-12703_e_srniel.csv
ScMo3O8,JVASP-12703,electron,5.0,7.5223e-05,ScMo3O8_JVASP-12703_e_srniel.csv
ScMo3O8,JVASP-12703,electron,5.5,7.772e-05,ScMo3O8_JVASP-12703_e_srniel.csv
ScMo3O8,JVASP-12703,electron,6.0,7.9994e-05,ScMo3O8_JVASP-12703_e_srniel.csv
ScMo3O8,JVASP-12703,electron,6.5,8.208e-05,ScMo3O8_JVASP-12703_e_srniel.csv
ScMo3O8,JVASP-12703,electron,7.0,8.4004e-05,ScMo3O8_JVASP-12703_e_srniel.csv
ScMo3O8,JVASP-12703,electron,7.5,8.5786e-05,ScMo3O8_JVASP-12703_e_srniel.csv
ScMo3O8,JVASP-12703,electron,8.0,8.7443e-05,ScMo3O8_JVASP-12703_e_srniel.csv
ScMo3O8,JVASP-12703,electron,8.5,8.8991e-05,ScMo3O8_JVASP-12703_e_srniel.csv
ScMo3O8,JVASP-12703,electron,9.0,9.0441e-05,ScMo3O8_JVASP-12703_e_srniel.csv
ScMo3O8,JVASP-12703,electron,9.5,9.1803e-05,ScMo3O8_JVASP-12703_e_srniel.csv
ScMo3O8,JVASP-12703,electron,10.0,9.3086e-05,ScMo3O8_JVASP-12703_e_srniel.csv
ScMo3O8,JVASP-12703,electron,15.0,0.0001028,ScMo3O8_JVASP-12703_e_srniel.csv
ScMo3O8,JVASP-12703,electron,20.0,0.00010903,ScMo3O8_JVASP-12703_e_srniel.csv
ScMo3O8,JVASP-12703,electron,25.0,0.00011333,ScMo3O8_JVASP-12703_e_srniel.csv
ScMo3O8,JVASP-12703,electron,30.0,0.00011639,ScMo3O8_JVASP-12703_e_srniel.csv
ScMo3O8,JVASP-12703,electron,35.0,0.00011862,ScMo3O8_JVASP-12703_e_srniel.csv
ScMo3O8,JVASP-12703,electron,40.0,0.00012026,ScMo3O8_JVASP-12703_e_srniel.csv
ScMo3O8,JVASP-12703,electron,45.0,0.00012147,ScMo3O8_JVASP-12703_e_srniel.csv
ScMo3O8,JVASP-12703,electron,50.0,0.00012236,ScMo3O8_JVASP-12703_e_srniel.csv
ScMo3O8,JVASP-12703,electron,55.0,0.00012302,ScMo3O8_JVASP-12703_e_srniel.csv
ScMo3O8,JVASP-12703,electron,60.0,0.00012349,ScMo3O8_JVASP-12703_e_srniel.csv
ScMo3O8,JVASP-12703,electron,65.0,0.00012383,ScMo3O8_JVASP-12703_e_srniel.csv
ScMo3O8,JVASP-12703,electron,70.0,0.00012407,ScMo3O8_JVASP-12703_e_srniel.csv
ScMo3O8,JVASP-12703,electron,75.0,0.00012423,ScMo3O8_JVASP-12703_e_srniel.csv
ScMo3O8,JVASP-12703,electron,80.0,0.00012433,ScMo3O8_JVASP-12703_e_srniel.csv
ScMo3O8,JVASP-12703,electron,85.0,0.00012439,ScMo3O8_JVASP-12703_e_srniel.csv
ScMo3O8,JVASP-12703,electron,90.0,0.00012442,ScMo3O8_JVASP-12703_e_srniel.csv
ScMo3O8,JVASP-12703,electron,95.0,0.00012442,ScMo3O8_JVASP-12703_e_srniel.csv
ScMo3O8,JVASP-12703,electron,100.0,0.0001244,ScMo3O8_JVASP-12703_e_srniel.csv
ScMo3O8,JVASP-12703,proton,0.0001,2.6219,ScMo3O8_JVASP-12703_p_srniel.csv
ScMo3O8,JVASP-12703,proton,0.00015,3.4397,ScMo3O8_JVASP-12703_p_srniel.csv
ScMo3O8,JVASP-12703,proton,0.0002,3.9119,ScMo3O8_JVASP-12703_p_srniel.csv
ScMo3O8,JVASP-12703,proton,0.00025,4.273,ScMo3O8_JVASP-12703_p_srniel.csv
ScMo3O8,JVASP-12703,proton,0.0003,4.5,ScMo3O8_JVASP-12703_p_srniel.csv
ScMo3O8,JVASP-12703,proton,0.00035,4.6449,ScMo3O8_JVASP-12703_p_srniel.csv
ScMo3O8,JVASP-12703,proton,0.0004,4.7363,ScMo3O8_JVASP-12703_p_srniel.csv
ScMo3O8,JVASP-12703,proton,0.00045,4.7916,ScMo3O8_JVASP-12703_p_srniel.csv
ScMo3O8,JVASP-12703,proton,0.0005,4.8216,ScMo3O8_JVASP-12703_p_srniel.csv
ScMo3O8,JVASP-12703,proton,0.00055,4.8335,ScMo3O8_JVASP-12703_p_srniel.csv
ScMo3O8,JVASP-12703,proton,0.0006,4.8323,ScMo3O8_JVASP-12703_p_srniel.csv
ScMo3O8,JVASP-12703,proton,0.00065,4.8215,ScMo3O8_JVASP-12703_p_srniel.csv
ScMo3O8,JVASP-12703,proton,0.0007,4.8035,ScMo3O8_JVASP-12703_p_srniel.csv
ScMo3O8,JVASP-12703,proton,0.00075,4.7801,ScMo3O8_JVASP-12703_p_srniel.csv
ScMo3O8,JVASP-12703,proton,0.0008,4.7528,ScMo3O8_JVASP-12703_p_srniel.csv
ScMo3O8,JVASP-12703,proton,0.00085,4.7226,ScMo3O8_JVASP-12703_p_srniel.csv
ScMo3O8,JVASP-12703,proton,0.0009,4.6901,ScMo3O8_JVASP-12703_p_srniel.csv
ScMo3O8,JVASP-12703,proton,0.00095,4.6561,ScMo3O8_JVASP-12703_p_srniel.csv
ScMo3O8,JVASP-12703,proton,0.001,4.6211,ScMo3O8_JVASP-12703_p_srniel.csv
ScMo3O8,JVASP-12703,proton,0.0015,4.2612,ScMo3O8_JVASP-12703_p_srniel.csv
ScMo3O8,JVASP-12703,proton,0.002,3.9397,ScMo3O8_JVASP-12703_p_srniel.csv
ScMo3O8,JVASP-12703,proton,0.0025,3.6675,ScMo3O8_JVASP-12703_p_srniel.csv
ScMo3O8,JVASP-12703,proton,0.003,3.4365,ScMo3O8_JVASP-12703_p_srniel.csv
ScMo3O8,JVASP-12703,proton,0.0035,3.2385,ScMo3O8_JVASP-12703_p_srniel.csv
ScMo3O8,JVASP-12703,proton,0.004,3.0666,ScMo3O8_JVASP-12703_p_srniel.csv
ScMo3O8,JVASP-12703,proton,0.0045,2.9157,ScMo3O8_JVASP-12703_p_srniel.csv
ScMo3O8,JVASP-12703,proton,0.005,2.782,ScMo3O8_JVASP-12703_p_srniel.csv
ScMo3O8,JVASP-12703,proton,0.0055,2.6625,ScMo3O8_JVASP-12703_p_srniel.csv
ScMo3O8,JVASP-12703,proton,0.006,2.5548,ScMo3O8_JVASP-12703_p_srniel.csv
ScMo3O8,JVASP-12703,proton,0.0065,2.4572,ScMo3O8_JVASP-12703_p_srniel.csv
ScMo3O8,JVASP-12703,proton,0.007,2.3682,ScMo3O8_JVASP-12703_p_srniel.csv
ScMo3O8,JVASP-12703,proton,0.0075,2.2867,ScMo3O8_JVASP-12703_p_srniel.csv
ScMo3O8,JVASP-12703,proton,0.008,2.2116,ScMo3O8_JVASP-12703_p_srniel.csv
ScMo3O8,JVASP-12703,proton,0.0085,2.1421,ScMo3O8_JVASP-12703_p_srniel.csv
ScMo3O8,JVASP-12703,proton,0.009,2.0777,ScMo3O8_JVASP-12703_p_srniel.csv
ScMo3O8,JVASP-12703,proton,0.0095,2.0177,ScMo3O8_JVASP-12703_p_srniel.csv
ScMo3O8,JVASP-12703,proton,0.01,1.9617,ScMo3O8_JVASP-12703_p_srniel.csv
ScMo3O8,JVASP-12703,proton,0.015,1.5513,ScMo3O8_JVASP-12703_p_srniel.csv
ScMo3O8,JVASP-12703,proton,0.02,1.2972,ScMo3O8_JVASP-12703_p_srniel.csv
ScMo3O8,JVASP-12703,proton,0.025,1.1217,ScMo3O8_JVASP-12703_p_srniel.csv
ScMo3O8,JVASP-12703,proton,0.03,0.99211,ScMo3O8_JVASP-12703_p_srniel.csv
ScMo3O8,JVASP-12703,proton,0.035,0.89193,ScMo3O8_JVASP-12703_p_srniel.csv
ScMo3O8,JVASP-12703,proton,0.04,0.81183,ScMo3O8_JVASP-12703_p_srniel.csv
ScMo3O8,JVASP-12703,proton,0.045,0.74612,ScMo3O8_JVASP-12703_p_srniel.csv
ScMo3O8,JVASP-12703,proton,0.05,0.69113,ScMo3O8_JVASP-12703_p_srniel.csv
ScMo3O8,JVASP-12703,proton,0.055,0.64417,ScMo3O8_JVASP-12703_p_srniel.csv
ScMo3O8,JVASP-12703,proton,0.06,0.60374,ScMo3O8_JVASP-12703_p_srniel.csv
ScMo3O8,JVASP-12703,proton,0.065,0.56856,ScMo3O8_JVASP-12703_p_srniel.csv
ScMo3O8,JVASP-12703,proton,0.07,0.53764,ScMo3O8_JVASP-12703_p_srniel.csv
ScMo3O8,JVASP-12703,proton,0.075,0.51023,ScMo3O8_JVASP-12703_p_srniel.csv
ScMo3O8,JVASP-12703,proton,0.08,0.48573,ScMo3O8_JVASP-12703_p_srniel.csv
ScMo3O8,JVASP-12703,proton,0.085,0.46369,ScMo3O8_JVASP-12703_p_srniel.csv
ScMo3O8,JVASP-12703,proton,0.09,0.44375,ScMo3O8_JVASP-12703_p_srniel.csv
ScMo3O8,JVASP-12703,proton,0.095,0.42561,ScMo3O8_JVASP-12703_p_srniel.csv
ScMo3O8,JVASP-12703,proton,0.1,0.40902,ScMo3O8_JVASP-12703_p_srniel.csv
ScMo3O8,JVASP-12703,proton,0.15,0.29736,ScMo3O8_JVASP-12703_p_srniel.csv
ScMo3O8,JVASP-12703,proton,0.2,0.23442,ScMo3O8_JVASP-12703_p_srniel.csv
ScMo3O8,JVASP-12703,proton,0.25,0.19435,ScMo3O8_JVASP-12703_p_srniel.csv
ScMo3O8,JVASP-12703,proton,0.3,0.16653,ScMo3O8_JVASP-12703_p_srniel.csv
ScMo3O8,JVASP-12703,proton,0.35,0.14617,ScMo3O8_JVASP-12703_p_srniel.csv
ScMo3O8,JVASP-12703,proton,0.4,0.13054,ScMo3O8_JVASP-12703_p_srniel.csv
ScMo3O8,JVASP-12703,proton,0.45,0.11812,ScMo3O8_JVASP-12703_p_srniel.csv
ScMo3O8,JVASP-12703,proton,0.5,0.10792,ScMo3O8_JVASP-12703_p_srniel.csv
ScMo3O8,JVASP-12703,proton,0.55,0.099451,ScMo3O8_JVASP-12703_p_srniel.csv
ScMo3O8,JVASP-12703,proton,0.6,0.092297,ScMo3O8_JVASP-12703_p_srniel.csv
ScMo3O8,JVASP-12703,proton,0.65,0.086169,ScMo3O8_JVASP-12703_p_srniel.csv
ScMo3O8,JVASP-12703,proton,0.7,0.080856,ScMo3O8_JVASP-12703_p_srniel.csv
ScMo3O8,JVASP-12703,proton,0.75,0.076204,ScMo3O8_JVASP-12703_p_srniel.csv
ScMo3O8,JVASP-12703,proton,0.8,0.072095,ScMo3O8_JVASP-12703_p_srniel.csv
ScMo3O8,JVASP-12703,proton,0.85,0.068435,ScMo3O8_JVASP-12703_p_srniel.csv
ScMo3O8,JVASP-12703,proton,0.9,0.065002,ScMo3O8_JVASP-12703_p_srniel.csv
ScMo3O8,JVASP-12703,proton,0.95,0.061859,ScMo3O8_JVASP-12703_p_srniel.csv
ScMo3O8,JVASP-12703,proton,1.0,0.059015,ScMo3O8_JVASP-12703_p_srniel.csv
ScMo3O8,JVASP-12703,proton,1.5,0.040609,ScMo3O8_JVASP-12703_p_srniel.csv
ScMo3O8,JVASP-12703,proton,2.0,0.031099,ScMo3O8_JVASP-12703_p_srniel.csv
ScMo3O8,JVASP-12703,proton,2.5,0.025266,ScMo3O8_JVASP-12703_p_srniel.csv
ScMo3O8,JVASP-12703,proton,3.0,0.021315,ScMo3O8_JVASP-12703_p_srniel.csv
ScMo3O8,JVASP-12703,proton,3.5,0.018471,ScMo3O8_JVASP-12703_p_srniel.csv
ScMo3O8,JVASP-12703,proton,4.0,0.016446,ScMo3O8_JVASP-12703_p_srniel.csv
ScMo3O8,JVASP-12703,proton,4.5,0.014857,ScMo3O8_JVASP-12703_p_srniel.csv
ScMo3O8,JVASP-12703,proton,5.0,0.013525,ScMo3O8_JVASP-12703_p_srniel.csv
ScMo3O8,JVASP-12703,proton,5.5,0.012433,ScMo3O8_JVASP-12703_p_srniel.csv
ScMo3O8,JVASP-12703,proton,6.0,0.011548,ScMo3O8_JVASP-12703_p_srniel.csv
ScMo3O8,JVASP-12703,proton,6.5,0.010823,ScMo3O8_JVASP-12703_p_srniel.csv
ScMo3O8,JVASP-12703,proton,7.0,0.010211,ScMo3O8_JVASP-12703_p_srniel.csv
ScMo3O8,JVASP-12703,proton,7.5,0.0096803,ScMo3O8_JVASP-12703_p_srniel.csv
ScMo3O8,JVASP-12703,proton,8.0,0.009212,ScMo3O8_JVASP-12703_p_srniel.csv
ScMo3O8,JVASP-12703,proton,8.5,0.0087942,ScMo3O8_JVASP-12703_p_srniel.csv
ScMo3O8,JVASP-12703,proton,9.0,0.0084187,ScMo3O8_JVASP-12703_p_srniel.csv
ScMo3O8,JVASP-12703,proton,9.5,0.0080793,ScMo3O8_JVASP-12703_p_srniel.csv
ScMo3O8,JVASP-12703,proton,10.0,0.0077719,ScMo3O8_JVASP-12703_p_srniel.csv
ScMo3O8,JVASP-12703,proton,15.0,0.0058667,ScMo3O8_JVASP-12703_p_srniel.csv
ScMo3O8,JVASP-12703,proton,20.0,0.0050398,ScMo3O8_JVASP-12703_p_srniel.csv
ScMo3O8,JVASP-12703,proton,25.0,0.0046012,ScMo3O8_JVASP-12703_p_srniel.csv
ScMo3O8,JVASP-12703,proton,30.0,0.0043093,ScMo3O8_JVASP-12703_p_srniel.csv
ScMo3O8,JVASP-12703,proton,35.0,0.004078,ScMo3O8_JVASP-12703_p_srniel.csv
ScMo3O8,JVASP-12703,proton,40.0,0.0038806,ScMo3O8_JVASP-12703_p_srniel.csv
ScMo3O8,JVASP-12703,proton,45.0,0.0037103,ScMo3O8_JVASP-12703_p_srniel.csv
ScMo3O8,JVASP-12703,proton,50.0,0.0035644,ScMo3O8_JVASP-12703_p_srniel.csv
ScMo3O8,JVASP-12703,proton,55.0,0.0034409,ScMo3O8_JVASP-12703_p_srniel.csv
ScMo3O8,JVASP-12703,proton,60.0,0.0033368,ScMo3O8_JVASP-12703_p_srniel.csv
ScMo3O8,JVASP-12703,proton,65.0,0.0032495,ScMo3O8_JVASP-12703_p_srniel.csv
ScMo3O8,JVASP-12703,proton,70.0,0.0031761,ScMo3O8_JVASP-12703_p_srniel.csv
ScMo3O8,JVASP-12703,proton,75.0,0.0031142,ScMo3O8_JVASP-12703_p_srniel.csv
ScMo3O8,JVASP-12703,proton,80.0,0.0030616,ScMo3O8_JVASP-12703_p_srniel.csv
ScMo3O8,JVASP-12703,proton,85.0,0.0030164,ScMo3O8_JVASP-12703_p_srniel.csv
ScMo3O8,JVASP-12703,proton,90.0,0.0029772,ScMo3O8_JVASP-12703_p_srniel.csv
ScMo3O8,JVASP-12703,proton,95.0,0.0029427,ScMo3O8_JVASP-12703_p_srniel.csv
ScMo3O8,JVASP-12703,proton,100.0,0.0029119,ScMo3O8_JVASP-12703_p_srniel.csv
ScMo3O8,JVASP-12703,proton,150.0,0.0026952,ScMo3O8_JVASP-12703_p_srniel.csv
ScMo3O8,JVASP-12703,proton,200.0,0.0025482,ScMo3O8_JVASP-12703_p_srniel.csv
ScMo3O8,JVASP-12703,proton,250.0,0.0024706,ScMo3O8_JVASP-12703_p_srniel.csv
ScMo3O8,JVASP-12703,proton,300.0,0.0024603,ScMo3O8_JVASP-12703_p_srniel.csv
ScMo3O8,JVASP-12703,proton,350.0,0.0024985,ScMo3O8_JVASP-12703_p_srniel.csv
ScMo3O8,JVASP-12703,proton,400.0,0.0025644,ScMo3O8_JVASP-12703_p_srniel.csv
ScMo3O8,JVASP-12703,proton,450.0,0.0026413,ScMo3O8_JVASP-12703_p_srniel.csv
ScMo3O8,JVASP-12703,proton,500.0,0.0027179,ScMo3O8_JVASP-12703_p_srniel.csv
ScMo3O8,JVASP-12703,proton,550.0,0.0027881,ScMo3O8_JVASP-12703_p_srniel.csv
ScMo3O8,JVASP-12703,proton,600.0,0.0028498,ScMo3O8_JVASP-12703_p_srniel.csv
ScMo3O8,JVASP-12703,proton,650.0,0.0029034,ScMo3O8_JVASP-12703_p_srniel.csv
ScMo3O8,JVASP-12703,proton,700.0,0.0029503,ScMo3O8_JVASP-12703_p_srniel.csv
ScMo3O8,JVASP-12703,proton,750.0,0.0029918,ScMo3O8_JVASP-12703_p_srniel.csv
ScMo3O8,JVASP-12703,proton,800.0,0.003028,ScMo3O8_JVASP-12703_p_srniel.csv
ScMo3O8,JVASP-12703,proton,850.0,0.0030576,ScMo3O8_JVASP-12703_p_srniel.csv
ScMo3O8,JVASP-12703,proton,900.0,0.0030778,ScMo3O8_JVASP-12703_p_srniel.csv
ScMo3O8,JVASP-12703,proton,950.0,0.0030837,ScMo3O8_JVASP-12703_p_srniel.csv
ScMo3O8,JVASP-12703,proton,1000.0,0.0030697,ScMo3O8_JVASP-12703_p_srniel.csv
ScS,JVASP-19725,electron,0.04,0.0,ScS_JVASP-19725_e_srniel.csv
ScS,JVASP-19725,electron,0.045,0.0,ScS_JVASP-19725_e_srniel.csv
ScS,JVASP-19725,electron,0.05,0.0,ScS_JVASP-19725_e_srniel.csv
ScS,JVASP-19725,electron,0.055,0.0,ScS_JVASP-19725_e_srniel.csv
ScS,JVASP-19725,electron,0.06,0.0,ScS_JVASP-19725_e_srniel.csv
ScS,JVASP-19725,electron,0.065,0.0,ScS_JVASP-19725_e_srniel.csv
ScS,JVASP-19725,electron,0.07,0.0,ScS_JVASP-19725_e_srniel.csv
ScS,JVASP-19725,electron,0.075,0.0,ScS_JVASP-19725_e_srniel.csv
ScS,JVASP-19725,electron,0.08,0.0,ScS_JVASP-19725_e_srniel.csv
ScS,JVASP-19725,electron,0.085,0.0,ScS_JVASP-19725_e_srniel.csv
ScS,JVASP-19725,electron,0.09,0.0,ScS_JVASP-19725_e_srniel.csv
ScS,JVASP-19725,electron,0.095,0.0,ScS_JVASP-19725_e_srniel.csv
ScS,JVASP-19725,electron,0.1,0.0,ScS_JVASP-19725_e_srniel.csv
ScS,JVASP-19725,electron,0.15,0.0,ScS_JVASP-19725_e_srniel.csv
ScS,JVASP-19725,electron,0.2,0.0,ScS_JVASP-19725_e_srniel.csv
ScS,JVASP-19725,electron,0.25,0.0,ScS_JVASP-19725_e_srniel.csv
ScS,JVASP-19725,electron,0.3,0.0,ScS_JVASP-19725_e_srniel.csv
ScS,JVASP-19725,electron,0.35,0.0,ScS_JVASP-19725_e_srniel.csv
ScS,JVASP-19725,electron,0.4,0.0,ScS_JVASP-19725_e_srniel.csv
ScS,JVASP-19725,electron,0.45,0.0,ScS_JVASP-19725_e_srniel.csv
ScS,JVASP-19725,electron,0.5,1.5835e-07,ScS_JVASP-19725_e_srniel.csv
ScS,JVASP-19725,electron,0.55,5.7185e-07,ScS_JVASP-19725_e_srniel.csv
ScS,JVASP-19725,electron,0.6,1.0081e-06,ScS_JVASP-19725_e_srniel.csv
ScS,JVASP-19725,electron,0.65,1.7874e-06,ScS_JVASP-19725_e_srniel.csv
ScS,JVASP-19725,electron,0.7,2.6234e-06,ScS_JVASP-19725_e_srniel.csv
ScS,JVASP-19725,electron,0.75,3.4955e-06,ScS_JVASP-19725_e_srniel.csv
ScS,JVASP-19725,electron,0.8,4.3893e-06,ScS_JVASP-19725_e_srniel.csv
ScS,JVASP-19725,electron,0.85,5.2944e-06,ScS_JVASP-19725_e_srniel.csv
ScS,JVASP-19725,electron,0.9,6.2032e-06,ScS_JVASP-19725_e_srniel.csv
ScS,JVASP-19725,electron,0.95,7.1104e-06,ScS_JVASP-19725_e_srniel.csv
ScS,JVASP-19725,electron,1.0,8.012e-06,ScS_JVASP-19725_e_srniel.csv
ScS,JVASP-19725,electron,1.5,1.6361e-05,ScS_JVASP-19725_e_srniel.csv
ScS,JVASP-19725,electron,2.0,2.3334e-05,ScS_JVASP-19725_e_srniel.csv
ScS,JVASP-19725,electron,2.5,2.9172e-05,ScS_JVASP-19725_e_srniel.csv
ScS,JVASP-19725,electron,3.0,3.4145e-05,ScS_JVASP-19725_e_srniel.csv
ScS,JVASP-19725,electron,3.5,3.8454e-05,ScS_JVASP-19725_e_srniel.csv
ScS,JVASP-19725,electron,4.0,4.2244e-05,ScS_JVASP-19725_e_srniel.csv
ScS,JVASP-19725,electron,4.5,4.5617e-05,ScS_JVASP-19725_e_srniel.csv
ScS,JVASP-19725,electron,5.0,4.865e-05,ScS_JVASP-19725_e_srniel.csv
ScS,JVASP-19725,electron,5.5,5.1401e-05,ScS_JVASP-19725_e_srniel.csv
ScS,JVASP-19725,electron,6.0,5.3914e-05,ScS_JVASP-19725_e_srniel.csv
ScS,JVASP-19725,electron,6.5,5.6224e-05,ScS_JVASP-19725_e_srniel.csv
ScS,JVASP-19725,electron,7.0,5.8359e-05,ScS_JVASP-19725_e_srniel.csv
ScS,JVASP-19725,electron,7.5,6.0342e-05,ScS_JVASP-19725_e_srniel.csv
ScS,JVASP-19725,electron,8.0,6.2191e-05,ScS_JVASP-19725_e_srniel.csv
ScS,JVASP-19725,electron,8.5,6.3921e-05,ScS_JVASP-19725_e_srniel.csv
ScS,JVASP-19725,electron,9.0,6.5546e-05,ScS_JVASP-19725_e_srniel.csv
ScS,JVASP-19725,electron,9.5,6.7076e-05,ScS_JVASP-19725_e_srniel.csv
ScS,JVASP-19725,electron,10.0,6.8521e-05,ScS_JVASP-19725_e_srniel.csv
ScS,JVASP-19725,electron,15.0,7.9618e-05,ScS_JVASP-19725_e_srniel.csv
ScS,JVASP-19725,electron,20.0,8.6986e-05,ScS_JVASP-19725_e_srniel.csv
ScS,JVASP-19725,electron,25.0,9.2275e-05,ScS_JVASP-19725_e_srniel.csv
ScS,JVASP-19725,electron,30.0,9.6237e-05,ScS_JVASP-19725_e_srniel.csv
ScS,JVASP-19725,electron,35.0,9.928e-05,ScS_JVASP-19725_e_srniel.csv
ScS,JVASP-19725,electron,40.0,0.00010166,ScS_JVASP-19725_e_srniel.csv
ScS,JVASP-19725,electron,45.0,0.00010353,ScS_JVASP-19725_e_srniel.csv
ScS,JVASP-19725,electron,50.0,0.00010503,ScS_JVASP-19725_e_srniel.csv
ScS,JVASP-19725,electron,55.0,0.00010622,ScS_JVASP-19725_e_srniel.csv
ScS,JVASP-19725,electron,60.0,0.00010718,ScS_JVASP-19725_e_srniel.csv
ScS,JVASP-19725,electron,65.0,0.00010796,ScS_JVASP-19725_e_srniel.csv
ScS,JVASP-19725,electron,70.0,0.00010858,ScS_JVASP-19725_e_srniel.csv
ScS,JVASP-19725,electron,75.0,0.00010909,ScS_JVASP-19725_e_srniel.csv
ScS,JVASP-19725,electron,80.0,0.0001095,ScS_JVASP-19725_e_srniel.csv
ScS,JVASP-19725,electron,85.0,0.00010984,ScS_JVASP-19725_e_srniel.csv
ScS,JVASP-19725,electron,90.0,0.00011011,ScS_JVASP-19725_e_srniel.csv
ScS,JVASP-19725,electron,95.0,0.00011033,ScS_JVASP-19725_e_srniel.csv
ScS,JVASP-19725,electron,100.0,0.00011052,ScS_JVASP-19725_e_srniel.csv
ScS,JVASP-19725,proton,0.0001,0.0,ScS_JVASP-19725_p_srniel.csv
ScS,JVASP-19725,proton,0.00015,0.0,ScS_JVASP-19725_p_srniel.csv
ScS,JVASP-19725,proton,0.0002,0.0,ScS_JVASP-19725_p_srniel.csv
ScS,JVASP-19725,proton,0.00025,0.0,ScS_JVASP-19725_p_srniel.csv
ScS,JVASP-19725,proton,0.0003,0.0,ScS_JVASP-19725_p_srniel.csv
ScS,JVASP-19725,proton,0.00035,0.0,ScS_JVASP-19725_p_srniel.csv
ScS,JVASP-19725,proton,0.0004,0.0,ScS_JVASP-19725_p_srniel.csv
ScS,JVASP-19725,proton,0.00045,0.18319,ScS_JVASP-19725_p_srniel.csv
ScS,JVASP-19725,proton,0.0005,0.36596,ScS_JVASP-19725_p_srniel.csv
ScS,JVASP-19725,proton,0.00055,0.54566,ScS_JVASP-19725_p_srniel.csv
ScS,JVASP-19725,proton,0.0006,0.81619,ScS_JVASP-19725_p_srniel.csv
ScS,JVASP-19725,proton,0.00065,1.047,ScS_JVASP-19725_p_srniel.csv
ScS,JVASP-19725,proton,0.0007,1.2456,ScS_JVASP-19725_p_srniel.csv
ScS,JVASP-19725,proton,0.00075,1.4174,ScS_JVASP-19725_p_srniel.csv
ScS,JVASP-19725,proton,0.0008,1.567,ScS_JVASP-19725_p_srniel.csv
ScS,JVASP-19725,proton,0.00085,1.6977,ScS_JVASP-19725_p_srniel.csv
ScS,JVASP-19725,proton,0.0009,1.8125,ScS_JVASP-19725_p_srniel.csv
ScS,JVASP-19725,proton,0.00095,1.9137,ScS_JVASP-19725_p_srniel.csv
ScS,JVASP-19725,proton,0.001,2.003,ScS_JVASP-19725_p_srniel.csv
ScS,JVASP-19725,proton,0.0015,2.4955,ScS_JVASP-19725_p_srniel.csv
ScS,JVASP-19725,proton,0.002,2.6399,ScS_JVASP-19725_p_srniel.csv
ScS,JVASP-19725,proton,0.0025,2.6554,ScS_JVASP-19725_p_srniel.csv
ScS,JVASP-19725,proton,0.003,2.6164,ScS_JVASP-19725_p_srniel.csv
ScS,JVASP-19725,proton,0.0035,2.5538,ScS_JVASP-19725_p_srniel.csv
ScS,JVASP-19725,proton,0.004,2.4814,ScS_JVASP-19725_p_srniel.csv
ScS,JVASP-19725,proton,0.0045,2.4062,ScS_JVASP-19725_p_srniel.csv
ScS,JVASP-19725,proton,0.005,2.3314,ScS_JVASP-19725_p_srniel.csv
ScS,JVASP-19725,proton,0.0055,2.2589,ScS_JVASP-19725_p_srniel.csv
ScS,JVASP-19725,proton,0.006,2.1895,ScS_JVASP-19725_p_srniel.csv
ScS,JVASP-19725,proton,0.0065,2.1234,ScS_JVASP-19725_p_srniel.csv
ScS,JVASP-19725,proton,0.007,2.0608,ScS_JVASP-19725_p_srniel.csv
ScS,JVASP-19725,proton,0.0075,2.0016,ScS_JVASP-19725_p_srniel.csv
ScS,JVASP-19725,proton,0.008,1.9456,ScS_JVASP-19725_p_srniel.csv
ScS,JVASP-19725,proton,0.0085,1.8928,ScS_JVASP-19725_p_srniel.csv
ScS,JVASP-19725,proton,0.009,1.8428,ScS_JVASP-19725_p_srniel.csv
ScS,JVASP-19725,proton,0.0095,1.7955,ScS_JVASP-19725_p_srniel.csv
ScS,JVASP-19725,proton,0.01,1.7507,ScS_JVASP-19725_p_srniel.csv
ScS,JVASP-19725,proton,0.015,1.4074,ScS_JVASP-19725_p_srniel.csv
ScS,JVASP-19725,proton,0.02,1.1844,ScS_JVASP-19725_p_srniel.csv
ScS,JVASP-19725,proton,0.025,1.0273,ScS_JVASP-19725_p_srniel.csv
ScS,JVASP-19725,proton,0.03,0.90998,ScS_JVASP-19725_p_srniel.csv
ScS,JVASP-19725,proton,0.035,0.81874,ScS_JVASP-19725_p_srniel.csv
ScS,JVASP-19725,proton,0.04,0.74552,ScS_JVASP-19725_p_srniel.csv
ScS,JVASP-19725,proton,0.045,0.68532,ScS_JVASP-19725_p_srniel.csv
ScS,JVASP-19725,proton,0.05,0.63486,ScS_JVASP-19725_p_srniel.csv
ScS,JVASP-19725,proton,0.055,0.59189,ScS_JVASP-19725_p_srniel.csv
ScS,JVASP-19725,proton,0.06,0.55481,ScS_JVASP-19725_p_srniel.csv
ScS,JVASP-19725,proton,0.065,0.52245,ScS_JVASP-19725_p_srniel.csv
ScS,JVASP-19725,proton,0.07,0.49394,ScS_JVASP-19725_p_srniel.csv
ScS,JVASP-19725,proton,0.075,0.46861,ScS_JVASP-19725_p_srniel.csv
ScS,JVASP-19725,proton,0.08,0.44594,ScS_JVASP-19725_p_srniel.csv
ScS,JVASP-19725,proton,0.085,0.42553,ScS_JVASP-19725_p_srniel.csv
ScS,JVASP-19725,proton,0.09,0.40703,ScS_JVASP-19725_p_srniel.csv
ScS,JVASP-19725,proton,0.095,0.3902,ScS_JVASP-19725_p_srniel.csv
ScS,JVASP-19725,proton,0.1,0.37479,ScS_JVASP-19725_p_srniel.csv
ScS,JVASP-19725,proton,0.15,0.27023,ScS_JVASP-19725_p_srniel.csv
ScS,JVASP-19725,proton,0.2,0.21273,ScS_JVASP-19725_p_srniel.csv
ScS,JVASP-19725,proton,0.25,0.1767,ScS_JVASP-19725_p_srniel.csv
ScS,JVASP-19725,proton,0.3,0.15183,ScS_JVASP-19725_p_srniel.csv
ScS,JVASP-19725,proton,0.35,0.13352,ScS_JVASP-19725_p_srniel.csv
ScS,JVASP-19725,proton,0.4,0.11915,ScS_JVASP-19725_p_srniel.csv
ScS,JVASP-19725,proton,0.45,0.10771,ScS_JVASP-19725_p_srniel.csv
ScS,JVASP-19725,proton,0.5,0.098149,ScS_JVASP-19725_p_srniel.csv
ScS,JVASP-19725,proton,0.55,0.090211,ScS_JVASP-19725_p_srniel.csv
ScS,JVASP-19725,proton,0.6,0.083508,ScS_JVASP-19725_p_srniel.csv
ScS,JVASP-19725,proton,0.65,0.077769,ScS_JVASP-19725_p_srniel.csv
ScS,JVASP-19725,proton,0.7,0.072795,ScS_JVASP-19725_p_srniel.csv
ScS,JVASP-19725,proton,0.75,0.068443,ScS_JVASP-19725_p_srniel.csv
ScS,JVASP-19725,proton,0.8,0.064599,ScS_JVASP-19725_p_srniel.csv
ScS,JVASP-19725,proton,0.85,0.06118,ScS_JVASP-19725_p_srniel.csv
ScS,JVASP-19725,proton,0.9,0.058116,ScS_JVASP-19725_p_srniel.csv
ScS,JVASP-19725,proton,0.95,0.055356,ScS_JVASP-19725_p_srniel.csv
ScS,JVASP-19725,proton,1.0,0.052854,ScS_JVASP-19725_p_srniel.csv
ScS,JVASP-19725,proton,1.5,0.036585,ScS_JVASP-19725_p_srniel.csv
ScS,JVASP-19725,proton,2.0,0.02811,ScS_JVASP-19725_p_srniel.csv
ScS,JVASP-19725,proton,2.5,0.022883,ScS_JVASP-19725_p_srniel.csv
ScS,JVASP-19725,proton,3.0,0.019341,ScS_JVASP-19725_p_srniel.csv
ScS,JVASP-19725,proton,3.5,0.016893,ScS_JVASP-19725_p_srniel.csv
ScS,JVASP-19725,proton,4.0,0.015166,ScS_JVASP-19725_p_srniel.csv
ScS,JVASP-19725,proton,4.5,0.013866,ScS_JVASP-19725_p_srniel.csv
ScS,JVASP-19725,proton,5.0,0.012839,ScS_JVASP-19725_p_srniel.csv
ScS,JVASP-19725,proton,5.5,0.012002,ScS_JVASP-19725_p_srniel.csv
ScS,JVASP-19725,proton,6.0,0.011307,ScS_JVASP-19725_p_srniel.csv
ScS,JVASP-19725,proton,6.5,0.01072,ScS_JVASP-19725_p_srniel.csv
ScS,JVASP-19725,proton,7.0,0.010218,ScS_JVASP-19725_p_srniel.csv
ScS,JVASP-19725,proton,7.5,0.0097864,ScS_JVASP-19725_p_srniel.csv
ScS,JVASP-19725,proton,8.0,0.0094116,ScS_JVASP-19725_p_srniel.csv
ScS,JVASP-19725,proton,8.5,0.0090844,ScS_JVASP-19725_p_srniel.csv
ScS,JVASP-19725,proton,9.0,0.0087973,ScS_JVASP-19725_p_srniel.csv
ScS,JVASP-19725,proton,9.5,0.0085441,ScS_JVASP-19725_p_srniel.csv
ScS,JVASP-19725,proton,10.0,0.0083198,ScS_JVASP-19725_p_srniel.csv
ScS,JVASP-19725,proton,15.0,0.0069881,ScS_JVASP-19725_p_srniel.csv
ScS,JVASP-19725,proton,20.0,0.0063088,ScS_JVASP-19725_p_srniel.csv
ScS,JVASP-19725,proton,25.0,0.0058152,ScS_JVASP-19725_p_srniel.csv
ScS,JVASP-19725,proton,30.0,0.0054263,ScS_JVASP-19725_p_srniel.csv
ScS,JVASP-19725,proton,35.0,0.0051198,ScS_JVASP-19725_p_srniel.csv
ScS,JVASP-19725,proton,40.0,0.0048777,ScS_JVASP-19725_p_srniel.csv
ScS,JVASP-19725,proton,45.0,0.004683,ScS_JVASP-19725_p_srniel.csv
ScS,JVASP-19725,proton,50.0,0.0045216,ScS_JVASP-19725_p_srniel.csv
ScS,JVASP-19725,proton,55.0,0.0043829,ScS_JVASP-19725_p_srniel.csv
ScS,JVASP-19725,proton,60.0,0.0042594,ScS_JVASP-19725_p_srniel.csv
ScS,JVASP-19725,proton,65.0,0.0041461,ScS_JVASP-19725_p_srniel.csv
ScS,JVASP-19725,proton,70.0,0.0040397,ScS_JVASP-19725_p_srniel.csv
ScS,JVASP-19725,proton,75.0,0.0039385,ScS_JVASP-19725_p_srniel.csv
ScS,JVASP-19725,proton,80.0,0.0038413,ScS_JVASP-19725_p_srniel.csv
ScS,JVASP-19725,proton,85.0,0.0037478,ScS_JVASP-19725_p_srniel.csv
ScS,JVASP-19725,proton,90.0,0.0036577,ScS_JVASP-19725_p_srniel.csv
ScS,JVASP-19725,proton,95.0,0.0035712,ScS_JVASP-19725_p_srniel.csv
ScS,JVASP-19725,proton,100.0,0.0034884,ScS_JVASP-19725_p_srniel.csv
ScS,JVASP-19725,proton,150.0,0.0028703,ScS_JVASP-19725_p_srniel.csv
ScS,JVASP-19725,proton,200.0,0.0025588,ScS_JVASP-19725_p_srniel.csv
ScS,JVASP-19725,proton,250.0,0.0024067,ScS_JVASP-19725_p_srniel.csv
ScS,JVASP-19725,proton,300.0,0.0023224,ScS_JVASP-19725_p_srniel.csv
ScS,JVASP-19725,proton,350.0,0.0022658,ScS_JVASP-19725_p_srniel.csv
ScS,JVASP-19725,proton,400.0,0.0022231,ScS_JVASP-19725_p_srniel.csv
ScS,JVASP-19725,proton,450.0,0.0021909,ScS_JVASP-19725_p_srniel.csv
ScS,JVASP-19725,proton,500.0,0.0021687,ScS_JVASP-19725_p_srniel.csv
ScS,JVASP-19725,proton,550.0,0.0021554,ScS_JVASP-19725_p_srniel.csv
ScS,JVASP-19725,proton,600.0,0.0021485,ScS_JVASP-19725_p_srniel.csv
ScS,JVASP-19725,proton,650.0,0.0021449,ScS_JVASP-19725_p_srniel.csv
ScS,JVASP-19725,proton,700.0,0.0021411,ScS_JVASP-19725_p_srniel.csv
ScS,JVASP-19725,proton,750.0,0.0021341,ScS_JVASP-19725_p_srniel.csv
ScS,JVASP-19725,proton,800.0,0.0021228,ScS_JVASP-19725_p_srniel.csv
ScS,JVASP-19725,proton,850.0,0.0021077,ScS_JVASP-19725_p_srniel.csv
ScS,JVASP-19725,proton,900.0,0.0020922,ScS_JVASP-19725_p_srniel.csv
ScS,JVASP-19725,proton,950.0,0.0020822,ScS_JVASP-19725_p_srniel.csv
ScS,JVASP-19725,proton,1000.0,0.0020868,ScS_JVASP-19725_p_srniel.csv
ScVO4,JVASP-11823,electron,0.04,0.0,ScVO4_JVASP-11823_e_srniel.csv
ScVO4,JVASP-11823,electron,0.045,0.0,ScVO4_JVASP-11823_e_srniel.csv
ScVO4,JVASP-11823,electron,0.05,0.0,ScVO4_JVASP-11823_e_srniel.csv
ScVO4,JVASP-11823,electron,0.055,0.0,ScVO4_JVASP-11823_e_srniel.csv
ScVO4,JVASP-11823,electron,0.06,0.0,ScVO4_JVASP-11823_e_srniel.csv
ScVO4,JVASP-11823,electron,0.065,0.0,ScVO4_JVASP-11823_e_srniel.csv
ScVO4,JVASP-11823,electron,0.07,0.0,ScVO4_JVASP-11823_e_srniel.csv
ScVO4,JVASP-11823,electron,0.075,0.0,ScVO4_JVASP-11823_e_srniel.csv
ScVO4,JVASP-11823,electron,0.08,0.0,ScVO4_JVASP-11823_e_srniel.csv
ScVO4,JVASP-11823,electron,0.085,0.0,ScVO4_JVASP-11823_e_srniel.csv
ScVO4,JVASP-11823,electron,0.09,0.0,ScVO4_JVASP-11823_e_srniel.csv
ScVO4,JVASP-11823,electron,0.095,0.0,ScVO4_JVASP-11823_e_srniel.csv
ScVO4,JVASP-11823,electron,0.1,0.0,ScVO4_JVASP-11823_e_srniel.csv
ScVO4,JVASP-11823,electron,0.15,0.0,ScVO4_JVASP-11823_e_srniel.csv
ScVO4,JVASP-11823,electron,0.2,1.3201e-06,ScVO4_JVASP-11823_e_srniel.csv
ScVO4,JVASP-11823,electron,0.25,3.1231e-06,ScVO4_JVASP-11823_e_srniel.csv
ScVO4,JVASP-11823,electron,0.3,4.3885e-06,ScVO4_JVASP-11823_e_srniel.csv
ScVO4,JVASP-11823,electron,0.35,5.3776e-06,ScVO4_JVASP-11823_e_srniel.csv
ScVO4,JVASP-11823,electron,0.4,6.4105e-06,ScVO4_JVASP-11823_e_srniel.csv
ScVO4,JVASP-11823,electron,0.45,7.5367e-06,ScVO4_JVASP-11823_e_srniel.csv
ScVO4,JVASP-11823,electron,0.5,8.8835e-06,ScVO4_JVASP-11823_e_srniel.csv
ScVO4,JVASP-11823,electron,0.55,1.0192e-05,ScVO4_JVASP-11823_e_srniel.csv
ScVO4,JVASP-11823,electron,0.6,1.1457e-05,ScVO4_JVASP-11823_e_srniel.csv
ScVO4,JVASP-11823,electron,0.65,1.2682e-05,ScVO4_JVASP-11823_e_srniel.csv
ScVO4,JVASP-11823,electron,0.7,1.3867e-05,ScVO4_JVASP-11823_e_srniel.csv
ScVO4,JVASP-11823,electron,0.75,1.5016e-05,ScVO4_JVASP-11823_e_srniel.csv
ScVO4,JVASP-11823,electron,0.8,1.613e-05,ScVO4_JVASP-11823_e_srniel.csv
ScVO4,JVASP-11823,electron,0.85,1.7211e-05,ScVO4_JVASP-11823_e_srniel.csv
ScVO4,JVASP-11823,electron,0.9,1.8259e-05,ScVO4_JVASP-11823_e_srniel.csv
ScVO4,JVASP-11823,electron,0.95,1.9277e-05,ScVO4_JVASP-11823_e_srniel.csv
ScVO4,JVASP-11823,electron,1.0,2.0267e-05,ScVO4_JVASP-11823_e_srniel.csv
ScVO4,JVASP-11823,electron,1.5,2.8834e-05,ScVO4_JVASP-11823_e_srniel.csv
ScVO4,JVASP-11823,electron,2.0,3.5612e-05,ScVO4_JVASP-11823_e_srniel.csv
ScVO4,JVASP-11823,electron,2.5,4.118e-05,ScVO4_JVASP-11823_e_srniel.csv
ScVO4,JVASP-11823,electron,3.0,4.5884e-05,ScVO4_JVASP-11823_e_srniel.csv
ScVO4,JVASP-11823,electron,3.5,4.9941e-05,ScVO4_JVASP-11823_e_srniel.csv
ScVO4,JVASP-11823,electron,4.0,5.3498e-05,ScVO4_JVASP-11823_e_srniel.csv
ScVO4,JVASP-11823,electron,4.5,5.6658e-05,ScVO4_JVASP-11823_e_srniel.csv
ScVO4,JVASP-11823,electron,5.0,5.9494e-05,ScVO4_JVASP-11823_e_srniel.csv
ScVO4,JVASP-11823,electron,5.5,6.2063e-05,ScVO4_JVASP-11823_e_srniel.csv
ScVO4,JVASP-11823,electron,6.0,6.4406e-05,ScVO4_JVASP-11823_e_srniel.csv
ScVO4,JVASP-11823,electron,6.5,6.6557e-05,ScVO4_JVASP-11823_e_srniel.csv
ScVO4,JVASP-11823,electron,7.0,6.8542e-05,ScVO4_JVASP-11823_e_srniel.csv
ScVO4,JVASP-11823,electron,7.5,7.0382e-05,ScVO4_JVASP-11823_e_srniel.csv
ScVO4,JVASP-11823,electron,8.0,7.2096e-05,ScVO4_JVASP-11823_e_srniel.csv
ScVO4,JVASP-11823,electron,8.5,7.3698e-05,ScVO4_JVASP-11823_e_srniel.csv
ScVO4,JVASP-11823,electron,9.0,7.5199e-05,ScVO4_JVASP-11823_e_srniel.csv
ScVO4,JVASP-11823,electron,9.5,7.661e-05,ScVO4_JVASP-11823_e_srniel.csv
ScVO4,JVASP-11823,electron,10.0,7.794e-05,ScVO4_JVASP-11823_e_srniel.csv
ScVO4,JVASP-11823,electron,15.0,8.8057e-05,ScVO4_JVASP-11823_e_srniel.csv
ScVO4,JVASP-11823,electron,20.0,9.4636e-05,ScVO4_JVASP-11823_e_srniel.csv
ScVO4,JVASP-11823,electron,25.0,9.9258e-05,ScVO4_JVASP-11823_e_srniel.csv
ScVO4,JVASP-11823,electron,30.0,0.00010265,ScVO4_JVASP-11823_e_srniel.csv
ScVO4,JVASP-11823,electron,35.0,0.00010521,ScVO4_JVASP-11823_e_srniel.csv
ScVO4,JVASP-11823,electron,40.0,0.00010718,ScVO4_JVASP-11823_e_srniel.csv
ScVO4,JVASP-11823,electron,45.0,0.00010871,ScVO4_JVASP-11823_e_srniel.csv
ScVO4,JVASP-11823,electron,50.0,0.00010991,ScVO4_JVASP-11823_e_srniel.csv
ScVO4,JVASP-11823,electron,55.0,0.00011087,ScVO4_JVASP-11823_e_srniel.csv
ScVO4,JVASP-11823,electron,60.0,0.00011163,ScVO4_JVASP-11823_e_srniel.csv
ScVO4,JVASP-11823,electron,65.0,0.00011223,ScVO4_JVASP-11823_e_srniel.csv
ScVO4,JVASP-11823,electron,70.0,0.00011272,ScVO4_JVASP-11823_e_srniel.csv
ScVO4,JVASP-11823,electron,75.0,0.00011311,ScVO4_JVASP-11823_e_srniel.csv
ScVO4,JVASP-11823,electron,80.0,0.00011343,ScVO4_JVASP-11823_e_srniel.csv
ScVO4,JVASP-11823,electron,85.0,0.00011369,ScVO4_JVASP-11823_e_srniel.csv
ScVO4,JVASP-11823,electron,90.0,0.00011389,ScVO4_JVASP-11823_e_srniel.csv
ScVO4,JVASP-11823,electron,95.0,0.00011406,ScVO4_JVASP-11823_e_srniel.csv
ScVO4,JVASP-11823,electron,100.0,0.0001142,ScVO4_JVASP-11823_e_srniel.csv
ScVO4,JVASP-11823,proton,0.0001,0.0,ScVO4_JVASP-11823_p_srniel.csv
ScVO4,JVASP-11823,proton,0.00015,0.79387,ScVO4_JVASP-11823_p_srniel.csv
ScVO4,JVASP-11823,proton,0.0002,1.8667,ScVO4_JVASP-11823_p_srniel.csv
ScVO4,JVASP-11823,proton,0.00025,2.5213,ScVO4_JVASP-11823_p_srniel.csv
ScVO4,JVASP-11823,proton,0.0003,2.9696,ScVO4_JVASP-11823_p_srniel.csv
ScVO4,JVASP-11823,proton,0.00035,3.3799,ScVO4_JVASP-11823_p_srniel.csv
ScVO4,JVASP-11823,proton,0.0004,3.7402,ScVO4_JVASP-11823_p_srniel.csv
ScVO4,JVASP-11823,proton,0.00045,4.0414,ScVO4_JVASP-11823_p_srniel.csv
ScVO4,JVASP-11823,proton,0.0005,4.2697,ScVO4_JVASP-11823_p_srniel.csv
ScVO4,JVASP-11823,proton,0.00055,4.444,ScVO4_JVASP-11823_p_srniel.csv
ScVO4,JVASP-11823,proton,0.0006,4.5774,ScVO4_JVASP-11823_p_srniel.csv
ScVO4,JVASP-11823,proton,0.00065,4.6792,ScVO4_JVASP-11823_p_srniel.csv
ScVO4,JVASP-11823,proton,0.0007,4.7563,ScVO4_JVASP-11823_p_srniel.csv
ScVO4,JVASP-11823,proton,0.00075,4.8138,ScVO4_JVASP-11823_p_srniel.csv
ScVO4,JVASP-11823,proton,0.0008,4.8557,ScVO4_JVASP-11823_p_srniel.csv
ScVO4,JVASP-11823,proton,0.00085,4.885,ScVO4_JVASP-11823_p_srniel.csv
ScVO4,JVASP-11823,proton,0.0009,4.9039,ScVO4_JVASP-11823_p_srniel.csv
ScVO4,JVASP-11823,proton,0.00095,4.9145,ScVO4_JVASP-11823_p_srniel.csv
ScVO4,JVASP-11823,proton,0.001,4.9181,ScVO4_JVASP-11823_p_srniel.csv
ScVO4,JVASP-11823,proton,0.0015,4.7563,ScVO4_JVASP-11823_p_srniel.csv
ScVO4,JVASP-11823,proton,0.002,4.4806,ScVO4_JVASP-11823_p_srniel.csv
ScVO4,JVASP-11823,proton,0.0025,4.2046,ScVO4_JVASP-11823_p_srniel.csv
ScVO4,JVASP-11823,proton,0.003,3.9521,ScVO4_JVASP-11823_p_srniel.csv
ScVO4,JVASP-11823,proton,0.0035,3.7264,ScVO4_JVASP-11823_p_srniel.csv
ScVO4,JVASP-11823,proton,0.004,3.5256,ScVO4_JVASP-11823_p_srniel.csv
ScVO4,JVASP-11823,proton,0.0045,3.3466,ScVO4_JVASP-11823_p_srniel.csv
ScVO4,JVASP-11823,proton,0.005,3.1863,ScVO4_JVASP-11823_p_srniel.csv
ScVO4,JVASP-11823,proton,0.0055,3.0422,ScVO4_JVASP-11823_p_srniel.csv
ScVO4,JVASP-11823,proton,0.006,2.9119,ScVO4_JVASP-11823_p_srniel.csv
ScVO4,JVASP-11823,proton,0.0065,2.7934,ScVO4_JVASP-11823_p_srniel.csv
ScVO4,JVASP-11823,proton,0.007,2.6853,ScVO4_JVASP-11823_p_srniel.csv
ScVO4,JVASP-11823,proton,0.0075,2.5863,ScVO4_JVASP-11823_p_srniel.csv
ScVO4,JVASP-11823,proton,0.008,2.495,ScVO4_JVASP-11823_p_srniel.csv
ScVO4,JVASP-11823,proton,0.0085,2.4108,ScVO4_JVASP-11823_p_srniel.csv
ScVO4,JVASP-11823,proton,0.009,2.3327,ScVO4_JVASP-11823_p_srniel.csv
ScVO4,JVASP-11823,proton,0.0095,2.2601,ScVO4_JVASP-11823_p_srniel.csv
ScVO4,JVASP-11823,proton,0.01,2.1924,ScVO4_JVASP-11823_p_srniel.csv
ScVO4,JVASP-11823,proton,0.015,1.7012,ScVO4_JVASP-11823_p_srniel.csv
ScVO4,JVASP-11823,proton,0.02,1.4028,ScVO4_JVASP-11823_p_srniel.csv
ScVO4,JVASP-11823,proton,0.025,1.2001,ScVO4_JVASP-11823_p_srniel.csv
ScVO4,JVASP-11823,proton,0.03,1.0523,ScVO4_JVASP-11823_p_srniel.csv
ScVO4,JVASP-11823,proton,0.035,0.93936,ScVO4_JVASP-11823_p_srniel.csv
ScVO4,JVASP-11823,proton,0.04,0.84988,ScVO4_JVASP-11823_p_srniel.csv
ScVO4,JVASP-11823,proton,0.045,0.77708,ScVO4_JVASP-11823_p_srniel.csv
ScVO4,JVASP-11823,proton,0.05,0.71656,ScVO4_JVASP-11823_p_srniel.csv
ScVO4,JVASP-11823,proton,0.055,0.6648,ScVO4_JVASP-11823_p_srniel.csv
ScVO4,JVASP-11823,proton,0.06,0.62042,ScVO4_JVASP-11823_p_srniel.csv
ScVO4,JVASP-11823,proton,0.065,0.58204,ScVO4_JVASP-11823_p_srniel.csv
ScVO4,JVASP-11823,proton,0.07,0.5485,ScVO4_JVASP-11823_p_srniel.csv
ScVO4,JVASP-11823,proton,0.075,0.51891,ScVO4_JVASP-11823_p_srniel.csv
ScVO4,JVASP-11823,proton,0.08,0.49259,ScVO4_JVASP-11823_p_srniel.csv
ScVO4,JVASP-11823,proton,0.085,0.46901,ScVO4_JVASP-11823_p_srniel.csv
ScVO4,JVASP-11823,proton,0.09,0.44776,ScVO4_JVASP-11823_p_srniel.csv
ScVO4,JVASP-11823,proton,0.095,0.42849,ScVO4_JVASP-11823_p_srniel.csv
ScVO4,JVASP-11823,proton,0.1,0.41094,ScVO4_JVASP-11823_p_srniel.csv
ScVO4,JVASP-11823,proton,0.15,0.29428,ScVO4_JVASP-11823_p_srniel.csv
ScVO4,JVASP-11823,proton,0.2,0.22968,ScVO4_JVASP-11823_p_srniel.csv
ScVO4,JVASP-11823,proton,0.25,0.18919,ScVO4_JVASP-11823_p_srniel.csv
ScVO4,JVASP-11823,proton,0.3,0.16139,ScVO4_JVASP-11823_p_srniel.csv
ScVO4,JVASP-11823,proton,0.35,0.14105,ScVO4_JVASP-11823_p_srniel.csv
ScVO4,JVASP-11823,proton,0.4,0.12549,ScVO4_JVASP-11823_p_srniel.csv
ScVO4,JVASP-11823,proton,0.45,0.11315,ScVO4_JVASP-11823_p_srniel.csv
ScVO4,JVASP-11823,proton,0.5,0.10296,ScVO4_JVASP-11823_p_srniel.csv
ScVO4,JVASP-11823,proton,0.55,0.094394,ScVO4_JVASP-11823_p_srniel.csv
ScVO4,JVASP-11823,proton,0.6,0.087176,ScVO4_JVASP-11823_p_srniel.csv
ScVO4,JVASP-11823,proton,0.65,0.081011,ScVO4_JVASP-11823_p_srniel.csv
ScVO4,JVASP-11823,proton,0.7,0.075682,ScVO4_JVASP-11823_p_srniel.csv
ScVO4,JVASP-11823,proton,0.75,0.071029,ScVO4_JVASP-11823_p_srniel.csv
ScVO4,JVASP-11823,proton,0.8,0.066928,ScVO4_JVASP-11823_p_srniel.csv
ScVO4,JVASP-11823,proton,0.85,0.063287,ScVO4_JVASP-11823_p_srniel.csv
ScVO4,JVASP-11823,proton,0.9,0.060031,ScVO4_JVASP-11823_p_srniel.csv
ScVO4,JVASP-11823,proton,0.95,0.057101,ScVO4_JVASP-11823_p_srniel.csv
ScVO4,JVASP-11823,proton,1.0,0.054451,ScVO4_JVASP-11823_p_srniel.csv
ScVO4,JVASP-11823,proton,1.5,0.03733,ScVO4_JVASP-11823_p_srniel.csv
ScVO4,JVASP-11823,proton,2.0,0.028506,ScVO4_JVASP-11823_p_srniel.csv
ScVO4,JVASP-11823,proton,2.5,0.023103,ScVO4_JVASP-11823_p_srniel.csv
ScVO4,JVASP-11823,proton,3.0,0.019451,ScVO4_JVASP-11823_p_srniel.csv
ScVO4,JVASP-11823,proton,3.5,0.016855,ScVO4_JVASP-11823_p_srniel.csv
ScVO4,JVASP-11823,proton,4.0,0.015123,ScVO4_JVASP-11823_p_srniel.csv
ScVO4,JVASP-11823,proton,4.5,0.013809,ScVO4_JVASP-11823_p_srniel.csv
ScVO4,JVASP-11823,proton,5.0,0.012697,ScVO4_JVASP-11823_p_srniel.csv
ScVO4,JVASP-11823,proton,5.5,0.011786,ScVO4_JVASP-11823_p_srniel.csv
ScVO4,JVASP-11823,proton,6.0,0.011043,ScVO4_JVASP-11823_p_srniel.csv
ScVO4,JVASP-11823,proton,6.5,0.01043,ScVO4_JVASP-11823_p_srniel.csv
ScVO4,JVASP-11823,proton,7.0,0.0099158,ScVO4_JVASP-11823_p_srniel.csv
ScVO4,JVASP-11823,proton,7.5,0.0094755,ScVO4_JVASP-11823_p_srniel.csv
ScVO4,JVASP-11823,proton,8.0,0.0090909,ScVO4_JVASP-11823_p_srniel.csv
ScVO4,JVASP-11823,proton,8.5,0.0087494,ScVO4_JVASP-11823_p_srniel.csv
ScVO4,JVASP-11823,proton,9.0,0.0084421,ScVO4_JVASP-11823_p_srniel.csv
ScVO4,JVASP-11823,proton,9.5,0.0081636,ScVO4_JVASP-11823_p_srniel.csv
ScVO4,JVASP-11823,proton,10.0,0.0079102,ScVO4_JVASP-11823_p_srniel.csv
ScVO4,JVASP-11823,proton,15.0,0.0063285,ScVO4_JVASP-11823_p_srniel.csv
ScVO4,JVASP-11823,proton,20.0,0.0056206,ScVO4_JVASP-11823_p_srniel.csv
ScVO4,JVASP-11823,proton,25.0,0.0051899,ScVO4_JVASP-11823_p_srniel.csv
ScVO4,JVASP-11823,proton,30.0,0.0048561,ScVO4_JVASP-11823_p_srniel.csv
ScVO4,JVASP-11823,proton,35.0,0.0045712,ScVO4_JVASP-11823_p_srniel.csv
ScVO4,JVASP-11823,proton,40.0,0.0043248,ScVO4_JVASP-11823_p_srniel.csv
ScVO4,JVASP-11823,proton,45.0,0.0041137,ScVO4_JVASP-11823_p_srniel.csv
ScVO4,JVASP-11823,proton,50.0,0.0039335,ScVO4_JVASP-11823_p_srniel.csv
ScVO4,JVASP-11823,proton,55.0,0.0037788,ScVO4_JVASP-11823_p_srniel.csv
ScVO4,JVASP-11823,proton,60.0,0.0036442,ScVO4_JVASP-11823_p_srniel.csv
ScVO4,JVASP-11823,proton,65.0,0.003525,ScVO4_JVASP-11823_p_srniel.csv
ScVO4,JVASP-11823,proton,70.0,0.0034176,ScVO4_JVASP-11823_p_srniel.csv
ScVO4,JVASP-11823,proton,75.0,0.0033193,ScVO4_JVASP-11823_p_srniel.csv
ScVO4,JVASP-11823,proton,80.0,0.0032281,ScVO4_JVASP-11823_p_srniel.csv
ScVO4,JVASP-11823,proton,85.0,0.0031429,ScVO4_JVASP-11823_p_srniel.csv
ScVO4,JVASP-11823,proton,90.0,0.0030627,ScVO4_JVASP-11823_p_srniel.csv
ScVO4,JVASP-11823,proton,95.0,0.0029869,ScVO4_JVASP-11823_p_srniel.csv
ScVO4,JVASP-11823,proton,100.0,0.0029153,ScVO4_JVASP-11823_p_srniel.csv
ScVO4,JVASP-11823,proton,150.0,0.0023888,ScVO4_JVASP-11823_p_srniel.csv
ScVO4,JVASP-11823,proton,200.0,0.0021189,ScVO4_JVASP-11823_p_srniel.csv
ScVO4,JVASP-11823,proton,250.0,0.0019853,ScVO4_JVASP-11823_p_srniel.csv
ScVO4,JVASP-11823,proton,300.0,0.0019135,ScVO4_JVASP-11823_p_srniel.csv
ScVO4,JVASP-11823,proton,350.0,0.0018691,ScVO4_JVASP-11823_p_srniel.csv
ScVO4,JVASP-11823,proton,400.0,0.0018389,ScVO4_JVASP-11823_p_srniel.csv
ScVO4,JVASP-11823,proton,450.0,0.0018188,ScVO4_JVASP-11823_p_srniel.csv
ScVO4,JVASP-11823,proton,500.0,0.0018071,ScVO4_JVASP-11823_p_srniel.csv
ScVO4,JVASP-11823,proton,550.0,0.0018023,ScVO4_JVASP-11823_p_srniel.csv
ScVO4,JVASP-11823,proton,600.0,0.0018021,ScVO4_JVASP-11823_p_srniel.csv
ScVO4,JVASP-11823,proton,650.0,0.0018035,ScVO4_JVASP-11823_p_srniel.csv
ScVO4,JVASP-11823,proton,700.0,0.0018037,ScVO4_JVASP-11823_p_srniel.csv
ScVO4,JVASP-11823,proton,750.0,0.0018003,ScVO4_JVASP-11823_p_srniel.csv
ScVO4,JVASP-11823,proton,800.0,0.0017922,ScVO4_JVASP-11823_p_srniel.csv
ScVO4,JVASP-11823,proton,850.0,0.0017803,ScVO4_JVASP-11823_p_srniel.csv
ScVO4,JVASP-11823,proton,900.0,0.0017674,ScVO4_JVASP-11823_p_srniel.csv
ScVO4,JVASP-11823,proton,950.0,0.0017591,ScVO4_JVASP-11823_p_srniel.csv
ScVO4,JVASP-11823,proton,1000.0,0.0017633,ScVO4_JVASP-11823_p_srniel.csv
Si,JVASP-25415,electron,0.04,0.0,Si_JVASP-25415_e_srniel.csv
Si,JVASP-25415,electron,0.045,0.0,Si_JVASP-25415_e_srniel.csv
Si,JVASP-25415,electron,0.05,0.0,Si_JVASP-25415_e_srniel.csv
Si,JVASP-25415,electron,0.055,0.0,Si_JVASP-25415_e_srniel.csv
Si,JVASP-25415,electron,0.06,3.7002e-06,Si_JVASP-25415_e_srniel.csv
Si,JVASP-25415,electron,0.065,9.5986e-06,Si_JVASP-25415_e_srniel.csv
Si,JVASP-25415,electron,0.07,1.4355e-05,Si_JVASP-25415_e_srniel.csv
Si,JVASP-25415,electron,0.075,1.8244e-05,Si_JVASP-25415_e_srniel.csv
Si,JVASP-25415,electron,0.08,2.1461e-05,Si_JVASP-25415_e_srniel.csv
Si,JVASP-25415,electron,0.085,2.415e-05,Si_JVASP-25415_e_srniel.csv
Si,JVASP-25415,electron,0.09,2.642e-05,Si_JVASP-25415_e_srniel.csv
Si,JVASP-25415,electron,0.095,2.8352e-05,Si_JVASP-25415_e_srniel.csv
Si,JVASP-25415,electron,0.1,3.0009e-05,Si_JVASP-25415_e_srniel.csv
Si,JVASP-25415,electron,0.15,3.8673e-05,Si_JVASP-25415_e_srniel.csv
Si,JVASP-25415,electron,0.2,4.1937e-05,Si_JVASP-25415_e_srniel.csv
Si,JVASP-25415,electron,0.25,4.3774e-05,Si_JVASP-25415_e_srniel.csv
Si,JVASP-25415,electron,0.3,4.5137e-05,Si_JVASP-25415_e_srniel.csv
Si,JVASP-25415,electron,0.35,4.6321e-05,Si_JVASP-25415_e_srniel.csv
Si,JVASP-25415,electron,0.4,4.7432e-05,Si_JVASP-25415_e_srniel.csv
Si,JVASP-25415,electron,0.45,4.8509e-05,Si_JVASP-25415_e_srniel.csv
Si,JVASP-25415,electron,0.5,4.9567e-05,Si_JVASP-25415_e_srniel.csv
Si,JVASP-25415,electron,0.55,5.0611e-05,Si_JVASP-25415_e_srniel.csv
Si,JVASP-25415,electron,0.6,5.1642e-05,Si_JVASP-25415_e_srniel.csv
Si,JVASP-25415,electron,0.65,5.2659e-05,Si_JVASP-25415_e_srniel.csv
Si,JVASP-25415,electron,0.7,5.3662e-05,Si_JVASP-25415_e_srniel.csv
Si,JVASP-25415,electron,0.75,5.4649e-05,Si_JVASP-25415_e_srniel.csv
Si,JVASP-25415,electron,0.8,5.562e-05,Si_JVASP-25415_e_srniel.csv
Si,JVASP-25415,electron,0.85,5.6575e-05,Si_JVASP-25415_e_srniel.csv
Si,JVASP-25415,electron,0.9,5.7512e-05,Si_JVASP-25415_e_srniel.csv
Si,JVASP-25415,electron,0.95,5.8431e-05,Si_JVASP-25415_e_srniel.csv
Si,JVASP-25415,electron,1.0,5.9333e-05,Si_JVASP-25415_e_srniel.csv
Si,JVASP-25415,electron,1.5,6.7435e-05,Si_JVASP-25415_e_srniel.csv
Si,JVASP-25415,electron,2.0,7.4121e-05,Si_JVASP-25415_e_srniel.csv
Si,JVASP-25415,electron,2.5,7.9744e-05,Si_JVASP-25415_e_srniel.csv
Si,JVASP-25415,electron,3.0,8.4566e-05,Si_JVASP-25415_e_srniel.csv
Si,JVASP-25415,electron,3.5,8.8771e-05,Si_JVASP-25415_e_srniel.csv
Si,JVASP-25415,electron,4.0,9.2487e-05,Si_JVASP-25415_e_srniel.csv
Si,JVASP-25415,electron,4.5,9.5809e-05,Si_JVASP-25415_e_srniel.csv
Si,JVASP-25415,electron,5.0,9.8808e-05,Si_JVASP-25415_e_srniel.csv
Si,JVASP-25415,electron,5.5,0.00010154,Si_JVASP-25415_e_srniel.csv
Si,JVASP-25415,electron,6.0,0.00010403,Si_JVASP-25415_e_srniel.csv
Si,JVASP-25415,electron,6.5,0.00010634,Si_JVASP-25415_e_srniel.csv
Si,JVASP-25415,electron,7.0,0.00010847,Si_JVASP-25415_e_srniel.csv
Si,JVASP-25415,electron,7.5,0.00011045,Si_JVASP-25415_e_srniel.csv
Si,JVASP-25415,electron,8.0,0.0001123,Si_JVASP-25415_e_srniel.csv
Si,JVASP-25415,electron,8.5,0.00011404,Si_JVASP-25415_e_srniel.csv
Si,JVASP-25415,electron,9.0,0.00011567,Si_JVASP-25415_e_srniel.csv
Si,JVASP-25415,electron,9.5,0.00011721,Si_JVASP-25415_e_srniel.csv
Si,JVASP-25415,electron,10.0,0.00011866,Si_JVASP-25415_e_srniel.csv
Si,JVASP-25415,electron,15.0,0.00012984,Si_JVASP-25415_e_srniel.csv
Si,JVASP-25415,electron,20.0,0.00013727,Si_JVASP-25415_e_srniel.csv
Si,JVASP-25415,electron,25.0,0.00014259,Si_JVASP-25415_e_srniel.csv
Si,JVASP-25415,electron,30.0,0.00014658,Si_JVASP-25415_e_srniel.csv
Si,JVASP-25415,electron,35.0,0.00014964,Si_JVASP-25415_e_srniel.csv
Si,JVASP-25415,electron,40.0,0.00015203,Si_JVASP-25415_e_srniel.csv
Si,JVASP-25415,electron,45.0,0.00015391,Si_JVASP-25415_e_srniel.csv
Si,JVASP-25415,electron,50.0,0.00015542,Si_JVASP-25415_e_srniel.csv
Si,JVASP-25415,electron,55.0,0.00015663,Si_JVASP-25415_e_srniel.csv
Si,JVASP-25415,electron,60.0,0.0001576,Si_JVASP-25415_e_srniel.csv
Si,JVASP-25415,electron,65.0,0.0001584,Si_JVASP-25415_e_srniel.csv
Si,JVASP-25415,electron,70.0,0.00015905,Si_JVASP-25415_e_srniel.csv
Si,JVASP-25415,electron,75.0,0.00015958,Si_JVASP-25415_e_srniel.csv
Si,JVASP-25415,electron,80.0,0.00016001,Si_JVASP-25415_e_srniel.csv
Si,JVASP-25415,electron,85.0,0.00016037,Si_JVASP-25415_e_srniel.csv
Si,JVASP-25415,electron,90.0,0.00016067,Si_JVASP-25415_e_srniel.csv
Si,JVASP-25415,electron,95.0,0.00016092,Si_JVASP-25415_e_srniel.csv
Si,JVASP-25415,electron,100.0,0.00016112,Si_JVASP-25415_e_srniel.csv
Si,JVASP-25415,proton,0.0001,4.7542,Si_JVASP-25415_p_srniel.csv
Si,JVASP-25415,proton,0.00015,6.1683,Si_JVASP-25415_p_srniel.csv
Si,JVASP-25415,proton,0.0002,6.9827,Si_JVASP-25415_p_srniel.csv
Si,JVASP-25415,proton,0.00025,7.4945,Si_JVASP-25415_p_srniel.csv
Si,JVASP-25415,proton,0.0003,7.8298,Si_JVASP-25415_p_srniel.csv
Si,JVASP-25415,proton,0.00035,8.0525,Si_JVASP-25415_p_srniel.csv
Si,JVASP-25415,proton,0.0004,8.1995,Si_JVASP-25415_p_srniel.csv
Si,JVASP-25415,proton,0.00045,8.2931,Si_JVASP-25415_p_srniel.csv
Si,JVASP-25415,proton,0.0005,8.3483,Si_JVASP-25415_p_srniel.csv
Si,JVASP-25415,proton,0.00055,8.3749,Si_JVASP-25415_p_srniel.csv
Si,JVASP-25415,proton,0.0006,8.3801,Si_JVASP-25415_p_srniel.csv
Si,JVASP-25415,proton,0.00065,8.3689,Si_JVASP-25415_p_srniel.csv
Si,JVASP-25415,proton,0.0007,8.3452,Si_JVASP-25415_p_srniel.csv
Si,JVASP-25415,proton,0.00075,8.3118,Si_JVASP-25415_p_srniel.csv
Si,JVASP-25415,proton,0.0008,8.2708,Si_JVASP-25415_p_srniel.csv
Si,JVASP-25415,proton,0.00085,8.224,Si_JVASP-25415_p_srniel.csv
Si,JVASP-25415,proton,0.0009,8.1727,Si_JVASP-25415_p_srniel.csv
Si,JVASP-25415,proton,0.00095,8.1179,Si_JVASP-25415_p_srniel.csv
Si,JVASP-25415,proton,0.001,8.0604,Si_JVASP-25415_p_srniel.csv
Si,JVASP-25415,proton,0.0015,7.4385,Si_JVASP-25415_p_srniel.csv
Si,JVASP-25415,proton,0.002,6.8534,Si_JVASP-25415_p_srniel.csv
Si,JVASP-25415,proton,0.0025,6.3457,Si_JVASP-25415_p_srniel.csv
Si,JVASP-25415,proton,0.003,5.9099,Si_JVASP-25415_p_srniel.csv
Si,JVASP-25415,proton,0.0035,5.5344,Si_JVASP-25415_p_srniel.csv
Si,JVASP-25415,proton,0.004,5.2081,Si_JVASP-25415_p_srniel.csv
Si,JVASP-25415,proton,0.0045,4.9222,Si_JVASP-25415_p_srniel.csv
Si,JVASP-25415,proton,0.005,4.6695,Si_JVASP-25415_p_srniel.csv
Si,JVASP-25415,proton,0.0055,4.4444,Si_JVASP-25415_p_srniel.csv
Si,JVASP-25415,proton,0.006,4.2426,Si_JVASP-25415_p_srniel.csv
Si,JVASP-25415,proton,0.0065,4.0605,Si_JVASP-25415_p_srniel.csv
Si,JVASP-25415,proton,0.007,3.8952,Si_JVASP-25415_p_srniel.csv
Si,JVASP-25415,proton,0.0075,3.7444,Si_JVASP-25415_p_srniel.csv
Si,JVASP-25415,proton,0.008,3.6063,Si_JVASP-25415_p_srniel.csv
Si,JVASP-25415,proton,0.0085,3.4792,Si_JVASP-25415_p_srniel.csv
Si,JVASP-25415,proton,0.009,3.3618,Si_JVASP-25415_p_srniel.csv
Si,JVASP-25415,proton,0.0095,3.2529,Si_JVASP-25415_p_srniel.csv
Si,JVASP-25415,proton,0.01,3.1518,Si_JVASP-25415_p_srniel.csv
Si,JVASP-25415,proton,0.015,2.4253,Si_JVASP-25415_p_srniel.csv
Si,JVASP-25415,proton,0.02,1.99,Si_JVASP-25415_p_srniel.csv
Si,JVASP-25415,proton,0.025,1.6967,Si_JVASP-25415_p_srniel.csv
Si,JVASP-25415,proton,0.03,1.4842,Si_JVASP-25415_p_srniel.csv
Si,JVASP-25415,proton,0.035,1.3224,Si_JVASP-25415_p_srniel.csv
Si,JVASP-25415,proton,0.04,1.1946,Si_JVASP-25415_p_srniel.csv
Si,JVASP-25415,proton,0.045,1.0909,Si_JVASP-25415_p_srniel.csv
Si,JVASP-25415,proton,0.05,1.0049,Si_JVASP-25415_p_srniel.csv
Si,JVASP-25415,proton,0.055,0.93228,Si_JVASP-25415_p_srniel.csv
Si,JVASP-25415,proton,0.06,0.8701,Si_JVASP-25415_p_srniel.csv
Si,JVASP-25415,proton,0.065,0.81621,Si_JVASP-25415_p_srniel.csv
Si,JVASP-25415,proton,0.07,0.769,Si_JVASP-25415_p_srniel.csv
Si,JVASP-25415,proton,0.075,0.72727,Si_JVASP-25415_p_srniel.csv
Si,JVASP-25415,proton,0.08,0.69011,Si_JVASP-25415_p_srniel.csv
Si,JVASP-25415,proton,0.085,0.65678,Si_JVASP-25415_p_srniel.csv
Si,JVASP-25415,proton,0.09,0.6267,Si_JVASP-25415_p_srniel.csv
Si,JVASP-25415,proton,0.095,0.59941,Si_JVASP-25415_p_srniel.csv
Si,JVASP-25415,proton,0.1,0.57462,Si_JVASP-25415_p_srniel.csv
Si,JVASP-25415,proton,0.15,0.41184,Si_JVASP-25415_p_srniel.csv
Si,JVASP-25415,proton,0.2,0.32516,Si_JVASP-25415_p_srniel.csv
Si,JVASP-25415,proton,0.25,0.2707,Si_JVASP-25415_p_srniel.csv
Si,JVASP-25415,proton,0.3,0.23252,Si_JVASP-25415_p_srniel.csv
Si,JVASP-25415,proton,0.35,0.20202,Si_JVASP-25415_p_srniel.csv
Si,JVASP-25415,proton,0.4,0.17876,Si_JVASP-25415_p_srniel.csv
Si,JVASP-25415,proton,0.45,0.16042,Si_JVASP-25415_p_srniel.csv
Si,JVASP-25415,proton,0.5,0.14558,Si_JVASP-25415_p_srniel.csv
Si,JVASP-25415,proton,0.55,0.1333,Si_JVASP-25415_p_srniel.csv
Si,JVASP-25415,proton,0.6,0.12298,Si_JVASP-25415_p_srniel.csv
Si,JVASP-25415,proton,0.65,0.11417,Si_JVASP-25415_p_srniel.csv
Si,JVASP-25415,proton,0.7,0.10657,Si_JVASP-25415_p_srniel.csv
Si,JVASP-25415,proton,0.75,0.099935,Si_JVASP-25415_p_srniel.csv
Si,JVASP-25415,proton,0.8,0.094094,Si_JVASP-25415_p_srniel.csv
Si,JVASP-25415,proton,0.85,0.088912,Si_JVASP-25415_p_srniel.csv
Si,JVASP-25415,proton,0.9,0.084281,Si_JVASP-25415_p_srniel.csv
Si,JVASP-25415,proton,0.95,0.080117,Si_JVASP-25415_p_srniel.csv
Si,JVASP-25415,proton,1.0,0.076353,Si_JVASP-25415_p_srniel.csv
Si,JVASP-25415,proton,1.5,0.052092,Si_JVASP-25415_p_srniel.csv
Si,JVASP-25415,proton,2.0,0.039635,Si_JVASP-25415_p_srniel.csv
Si,JVASP-25415,proton,2.5,0.03203,Si_JVASP-25415_p_srniel.csv
Si,JVASP-25415,proton,3.0,0.026906,Si_JVASP-25415_p_srniel.csv
Si,JVASP-25415,proton,3.5,0.023306,Si_JVASP-25415_p_srniel.csv
Si,JVASP-25415,proton,4.0,0.020755,Si_JVASP-25415_p_srniel.csv
Si,JVASP-25415,proton,4.5,0.018862,Si_JVASP-25415_p_srniel.csv
Si,JVASP-25415,proton,5.0,0.017371,Si_JVASP-25415_p_srniel.csv
Si,JVASP-25415,proton,5.5,0.016147,Si_JVASP-25415_p_srniel.csv
Si,JVASP-25415,proton,6.0,0.015124,Si_JVASP-25415_p_srniel.csv
Si,JVASP-25415,proton,6.5,0.014257,Si_JVASP-25415_p_srniel.csv
Si,JVASP-25415,proton,7.0,0.013517,Si_JVASP-25415_p_srniel.csv
Si,JVASP-25415,proton,7.5,0.012882,Si_JVASP-25415_p_srniel.csv
Si,JVASP-25415,proton,8.0,0.012331,Si_JVASP-25415_p_srniel.csv
Si,JVASP-25415,proton,8.5,0.011852,Si_JVASP-25415_p_srniel.csv
Si,JVASP-25415,proton,9.0,0.01143,Si_JVASP-25415_p_srniel.csv
Si,JVASP-25415,proton,9.5,0.011057,Si_JVASP-25415_p_srniel.csv
Si,JVASP-25415,proton,10.0,0.010723,Si_JVASP-25415_p_srniel.csv
Si,JVASP-25415,proton,15.0,0.0086072,Si_JVASP-25415_p_srniel.csv
Si,JVASP-25415,proton,20.0,0.0074291,Si_JVASP-25415_p_srniel.csv
Si,JVASP-25415,proton,25.0,0.0066298,Si_JVASP-25415_p_srniel.csv
Si,JVASP-25415,proton,30.0,0.0060475,Si_JVASP-25415_p_srniel.csv
Si,JVASP-25415,proton,35.0,0.0056017,Si_JVASP-25415_p_srniel.csv
Si,JVASP-25415,proton,40.0,0.0052446,Si_JVASP-25415_p_srniel.csv
Si,JVASP-25415,proton,45.0,0.0049471,Si_JVASP-25415_p_srniel.csv
Si,JVASP-25415,proton,50.0,0.004691,Si_JVASP-25415_p_srniel.csv
Si,JVASP-25415,proton,55.0,0.0044652,Si_JVASP-25415_p_srniel.csv
Si,JVASP-25415,proton,60.0,0.0042622,Si_JVASP-25415_p_srniel.csv
Si,JVASP-25415,proton,65.0,0.0040777,Si_JVASP-25415_p_srniel.csv
Si,JVASP-25415,proton,70.0,0.0039084,Si_JVASP-25415_p_srniel.csv
Si,JVASP-25415,proton,75.0,0.0037523,Si_JVASP-25415_p_srniel.csv
Si,JVASP-25415,proton,80.0,0.0036078,Si_JVASP-25415_p_srniel.csv
Si,JVASP-25415,proton,85.0,0.0034739,Si_JVASP-25415_p_srniel.csv
Si,JVASP-25415,proton,90.0,0.0033496,Si_JVASP-25415_p_srniel.csv
Si,JVASP-25415,proton,95.0,0.0032341,Si_JVASP-25415_p_srniel.csv
Si,JVASP-25415,proton,100.0,0.0031268,Si_JVASP-25415_p_srniel.csv
Si,JVASP-25415,proton,150.0,0.0023882,Si_JVASP-25415_p_srniel.csv
Si,JVASP-25415,proton,200.0,0.0020155,Si_JVASP-25415_p_srniel.csv
Si,JVASP-25415,proton,250.0,0.0018143,Si_JVASP-25415_p_srniel.csv
Si,JVASP-25415,proton,300.0,0.0016976,Si_JVASP-25415_p_srniel.csv
Si,JVASP-25415,proton,350.0,0.0016248,Si_JVASP-25415_p_srniel.csv
Si,JVASP-25415,proton,400.0,0.0015762,Si_JVASP-25415_p_srniel.csv
Si,JVASP-25415,proton,450.0,0.0015416,Si_JVASP-25415_p_srniel.csv
Si,JVASP-25415,proton,500.0,0.0015159,Si_JVASP-25415_p_srniel.csv
Si,JVASP-25415,proton,550.0,0.0014965,Si_JVASP-25415_p_srniel.csv
Si,JVASP-25415,proton,600.0,0.0014816,Si_JVASP-25415_p_srniel.csv
Si,JVASP-25415,proton,650.0,0.0014703,Si_JVASP-25415_p_srniel.csv
Si,JVASP-25415,proton,700.0,0.0014615,Si_JVASP-25415_p_srniel.csv
Si,JVASP-25415,proton,750.0,0.0014543,Si_JVASP-25415_p_srniel.csv
Si,JVASP-25415,proton,800.0,0.0014476,Si_JVASP-25415_p_srniel.csv
Si,JVASP-25415,proton,850.0,0.00144,Si_JVASP-25415_p_srniel.csv
Si,JVASP-25415,proton,900.0,0.00143,Si_JVASP-25415_p_srniel.csv
Si,JVASP-25415,proton,950.0,0.0014162,Si_JVASP-25415_p_srniel.csv
Si,JVASP-25415,proton,1000.0,0.0013968,Si_JVASP-25415_p_srniel.csv
Si,JVASP-25415,proton,1500.0,0.0014248,Si_JVASP-25415_p_srniel.csv
Si,JVASP-25415,proton,2000.0,0.0013985,Si_JVASP-25415_p_srniel.csv
Si,JVASP-25415,proton,2500.0,0.0013611,Si_JVASP-25415_p_srniel.csv
Si,JVASP-25415,proton,3000.0,0.0013248,Si_JVASP-25415_p_srniel.csv
Si,JVASP-25415,proton,3500.0,0.001293,Si_JVASP-25415_p_srniel.csv
Si,JVASP-25415,proton,4000.0,0.0012663,Si_JVASP-25415_p_srniel.csv
Si,JVASP-25415,proton,4500.0,0.0012443,Si_JVASP-25415_p_srniel.csv
Si,JVASP-25415,proton,5000.0,0.0012263,Si_JVASP-25415_p_srniel.csv
Si,JVASP-25415,proton,5500.0,0.0012118,Si_JVASP-25415_p_srniel.csv
Si,JVASP-25415,proton,6000.0,0.0012001,Si_JVASP-25415_p_srniel.csv
Si,JVASP-25415,proton,6500.0,0.0011908,Si_JVASP-25415_p_srniel.csv
Si,JVASP-25415,proton,7000.0,0.0011835,Si_JVASP-25415_p_srniel.csv
Si,JVASP-25415,proton,7500.0,0.0011777,Si_JVASP-25415_p_srniel.csv
Si,JVASP-25415,proton,8000.0,0.0011732,Si_JVASP-25415_p_srniel.csv
Si,JVASP-25415,proton,8500.0,0.0011699,Si_JVASP-25415_p_srniel.csv
Si,JVASP-25415,proton,9000.0,0.0011674,Si_JVASP-25415_p_srniel.csv
Si,JVASP-25415,proton,9500.0,0.0011656,Si_JVASP-25415_p_srniel.csv
Si,JVASP-25415,proton,10000.0,0.0011644,Si_JVASP-25415_p_srniel.csv
SrTaNO2,JVASP-109687,electron,0.04,0.0,SrTaNO2_JVASP-109687_e_srniel.csv
SrTaNO2,JVASP-109687,electron,0.045,1.5312e-06,SrTaNO2_JVASP-109687_e_srniel.csv
SrTaNO2,JVASP-109687,electron,0.05,9.934e-06,SrTaNO2_JVASP-109687_e_srniel.csv
SrTaNO2,JVASP-109687,electron,0.055,1.5894e-05,SrTaNO2_JVASP-109687_e_srniel.csv
SrTaNO2,JVASP-109687,electron,0.06,2.0285e-05,SrTaNO2_JVASP-109687_e_srniel.csv
SrTaNO2,JVASP-109687,electron,0.065,2.3616e-05,SrTaNO2_JVASP-109687_e_srniel.csv
SrTaNO2,JVASP-109687,electron,0.07,2.6199e-05,SrTaNO2_JVASP-109687_e_srniel.csv
SrTaNO2,JVASP-109687,electron,0.075,2.8239e-05,SrTaNO2_JVASP-109687_e_srniel.csv
SrTaNO2,JVASP-109687,electron,0.08,2.9874e-05,SrTaNO2_JVASP-109687_e_srniel.csv
SrTaNO2,JVASP-109687,electron,0.085,3.1201e-05,SrTaNO2_JVASP-109687_e_srniel.csv
SrTaNO2,JVASP-109687,electron,0.09,3.229e-05,SrTaNO2_JVASP-109687_e_srniel.csv
SrTaNO2,JVASP-109687,electron,0.095,3.3192e-05,SrTaNO2_JVASP-109687_e_srniel.csv
SrTaNO2,JVASP-109687,electron,0.1,3.3947e-05,SrTaNO2_JVASP-109687_e_srniel.csv
SrTaNO2,JVASP-109687,electron,0.15,3.774e-05,SrTaNO2_JVASP-109687_e_srniel.csv
SrTaNO2,JVASP-109687,electron,0.2,3.9405e-05,SrTaNO2_JVASP-109687_e_srniel.csv
SrTaNO2,JVASP-109687,electron,0.25,4.0969e-05,SrTaNO2_JVASP-109687_e_srniel.csv
SrTaNO2,JVASP-109687,electron,0.3,4.2652e-05,SrTaNO2_JVASP-109687_e_srniel.csv
SrTaNO2,JVASP-109687,electron,0.35,4.4043e-05,SrTaNO2_JVASP-109687_e_srniel.csv
SrTaNO2,JVASP-109687,electron,0.4,4.5276e-05,SrTaNO2_JVASP-109687_e_srniel.csv
SrTaNO2,JVASP-109687,electron,0.45,4.6411e-05,SrTaNO2_JVASP-109687_e_srniel.csv
SrTaNO2,JVASP-109687,electron,0.5,4.748e-05,SrTaNO2_JVASP-109687_e_srniel.csv
SrTaNO2,JVASP-109687,electron,0.55,4.8502e-05,SrTaNO2_JVASP-109687_e_srniel.csv
SrTaNO2,JVASP-109687,electron,0.6,4.9485e-05,SrTaNO2_JVASP-109687_e_srniel.csv
SrTaNO2,JVASP-109687,electron,0.65,5.0435e-05,SrTaNO2_JVASP-109687_e_srniel.csv
SrTaNO2,JVASP-109687,electron,0.7,5.1355e-05,SrTaNO2_JVASP-109687_e_srniel.csv
SrTaNO2,JVASP-109687,electron,0.75,5.2248e-05,SrTaNO2_JVASP-109687_e_srniel.csv
SrTaNO2,JVASP-109687,electron,0.8,5.3116e-05,SrTaNO2_JVASP-109687_e_srniel.csv
SrTaNO2,JVASP-109687,electron,0.85,5.3961e-05,SrTaNO2_JVASP-109687_e_srniel.csv
SrTaNO2,JVASP-109687,electron,0.9,5.4783e-05,SrTaNO2_JVASP-109687_e_srniel.csv
SrTaNO2,JVASP-109687,electron,0.95,5.5583e-05,SrTaNO2_JVASP-109687_e_srniel.csv
SrTaNO2,JVASP-109687,electron,1.0,5.6362e-05,SrTaNO2_JVASP-109687_e_srniel.csv
SrTaNO2,JVASP-109687,electron,1.5,6.3192e-05,SrTaNO2_JVASP-109687_e_srniel.csv
SrTaNO2,JVASP-109687,electron,2.0,6.8678e-05,SrTaNO2_JVASP-109687_e_srniel.csv
SrTaNO2,JVASP-109687,electron,2.5,7.3225e-05,SrTaNO2_JVASP-109687_e_srniel.csv
SrTaNO2,JVASP-109687,electron,3.0,7.7089e-05,SrTaNO2_JVASP-109687_e_srniel.csv
SrTaNO2,JVASP-109687,electron,3.5,8.0434e-05,SrTaNO2_JVASP-109687_e_srniel.csv
SrTaNO2,JVASP-109687,electron,4.0,8.3376e-05,SrTaNO2_JVASP-109687_e_srniel.csv
SrTaNO2,JVASP-109687,electron,4.5,8.5993e-05,SrTaNO2_JVASP-109687_e_srniel.csv
SrTaNO2,JVASP-109687,electron,5.0,8.8345e-05,SrTaNO2_JVASP-109687_e_srniel.csv
SrTaNO2,JVASP-109687,electron,5.5,9.0475e-05,SrTaNO2_JVASP-109687_e_srniel.csv
SrTaNO2,JVASP-109687,electron,6.0,9.2418e-05,SrTaNO2_JVASP-109687_e_srniel.csv
SrTaNO2,JVASP-109687,electron,6.5,9.4201e-05,SrTaNO2_JVASP-109687_e_srniel.csv
SrTaNO2,JVASP-109687,electron,7.0,9.5844e-05,SrTaNO2_JVASP-109687_e_srniel.csv
SrTaNO2,JVASP-109687,electron,7.5,9.7366e-05,SrTaNO2_JVASP-109687_e_srniel.csv
SrTaNO2,JVASP-109687,electron,8.0,9.878e-05,SrTaNO2_JVASP-109687_e_srniel.csv
SrTaNO2,JVASP-109687,electron,8.5,0.0001001,SrTaNO2_JVASP-109687_e_srniel.csv
SrTaNO2,JVASP-109687,electron,9.0,0.00010133,SrTaNO2_JVASP-109687_e_srniel.csv
SrTaNO2,JVASP-109687,electron,9.5,0.00010249,SrTaNO2_JVASP-109687_e_srniel.csv
SrTaNO2,JVASP-109687,electron,10.0,0.00010357,SrTaNO2_JVASP-109687_e_srniel.csv
SrTaNO2,JVASP-109687,electron,15.0,0.00011164,SrTaNO2_JVASP-109687_e_srniel.csv
SrTaNO2,JVASP-109687,electron,20.0,0.00011654,SrTaNO2_JVASP-109687_e_srniel.csv
SrTaNO2,JVASP-109687,electron,25.0,0.00011964,SrTaNO2_JVASP-109687_e_srniel.csv
SrTaNO2,JVASP-109687,electron,30.0,0.0001216,SrTaNO2_JVASP-109687_e_srniel.csv
SrTaNO2,JVASP-109687,electron,35.0,0.0001228,SrTaNO2_JVASP-109687_e_srniel.csv
SrTaNO2,JVASP-109687,electron,40.0,0.00012349,SrTaNO2_JVASP-109687_e_srniel.csv
SrTaNO2,JVASP-109687,electron,45.0,0.00012383,SrTaNO2_JVASP-109687_e_srniel.csv
SrTaNO2,JVASP-109687,electron,50.0,0.00012393,SrTaNO2_JVASP-109687_e_srniel.csv
SrTaNO2,JVASP-109687,electron,55.0,0.00012388,SrTaNO2_JVASP-109687_e_srniel.csv
SrTaNO2,JVASP-109687,electron,60.0,0.00012372,SrTaNO2_JVASP-109687_e_srniel.csv
SrTaNO2,JVASP-109687,electron,65.0,0.0001235,SrTaNO2_JVASP-109687_e_srniel.csv
SrTaNO2,JVASP-109687,electron,70.0,0.00012325,SrTaNO2_JVASP-109687_e_srniel.csv
SrTaNO2,JVASP-109687,electron,75.0,0.00012297,SrTaNO2_JVASP-109687_e_srniel.csv
SrTaNO2,JVASP-109687,electron,80.0,0.00012268,SrTaNO2_JVASP-109687_e_srniel.csv
SrTaNO2,JVASP-109687,electron,85.0,0.0001224,SrTaNO2_JVASP-109687_e_srniel.csv
SrTaNO2,JVASP-109687,electron,90.0,0.00012212,SrTaNO2_JVASP-109687_e_srniel.csv
SrTaNO2,JVASP-109687,electron,95.0,0.00012185,SrTaNO2_JVASP-109687_e_srniel.csv
SrTaNO2,JVASP-109687,electron,100.0,0.0001216,SrTaNO2_JVASP-109687_e_srniel.csv
SrTaNO2,JVASP-109687,proton,0.0001,0.2337,SrTaNO2_JVASP-109687_p_srniel.csv
SrTaNO2,JVASP-109687,proton,0.00015,0.69063,SrTaNO2_JVASP-109687_p_srniel.csv
SrTaNO2,JVASP-109687,proton,0.0002,1.1824,SrTaNO2_JVASP-109687_p_srniel.csv
SrTaNO2,JVASP-109687,proton,0.00025,1.5016,SrTaNO2_JVASP-109687_p_srniel.csv
SrTaNO2,JVASP-109687,proton,0.0003,1.7171,SrTaNO2_JVASP-109687_p_srniel.csv
SrTaNO2,JVASP-109687,proton,0.00035,1.8685,SrTaNO2_JVASP-109687_p_srniel.csv
SrTaNO2,JVASP-109687,proton,0.0004,1.9775,SrTaNO2_JVASP-109687_p_srniel.csv
SrTaNO2,JVASP-109687,proton,0.00045,2.0573,SrTaNO2_JVASP-109687_p_srniel.csv
SrTaNO2,JVASP-109687,proton,0.0005,2.1163,SrTaNO2_JVASP-109687_p_srniel.csv
SrTaNO2,JVASP-109687,proton,0.00055,2.16,SrTaNO2_JVASP-109687_p_srniel.csv
SrTaNO2,JVASP-109687,proton,0.0006,2.1921,SrTaNO2_JVASP-109687_p_srniel.csv
SrTaNO2,JVASP-109687,proton,0.00065,2.2155,SrTaNO2_JVASP-109687_p_srniel.csv
SrTaNO2,JVASP-109687,proton,0.0007,2.2321,SrTaNO2_JVASP-109687_p_srniel.csv
SrTaNO2,JVASP-109687,proton,0.00075,2.2433,SrTaNO2_JVASP-109687_p_srniel.csv
SrTaNO2,JVASP-109687,proton,0.0008,2.2504,SrTaNO2_JVASP-109687_p_srniel.csv
SrTaNO2,JVASP-109687,proton,0.00085,2.2541,SrTaNO2_JVASP-109687_p_srniel.csv
SrTaNO2,JVASP-109687,proton,0.0009,2.255,SrTaNO2_JVASP-109687_p_srniel.csv
SrTaNO2,JVASP-109687,proton,0.00095,2.2538,SrTaNO2_JVASP-109687_p_srniel.csv
SrTaNO2,JVASP-109687,proton,0.001,2.2508,SrTaNO2_JVASP-109687_p_srniel.csv
SrTaNO2,JVASP-109687,proton,0.0015,2.1727,SrTaNO2_JVASP-109687_p_srniel.csv
SrTaNO2,JVASP-109687,proton,0.002,2.0711,SrTaNO2_JVASP-109687_p_srniel.csv
SrTaNO2,JVASP-109687,proton,0.0025,1.9737,SrTaNO2_JVASP-109687_p_srniel.csv
SrTaNO2,JVASP-109687,proton,0.003,1.8854,SrTaNO2_JVASP-109687_p_srniel.csv
SrTaNO2,JVASP-109687,proton,0.0035,1.8063,SrTaNO2_JVASP-109687_p_srniel.csv
SrTaNO2,JVASP-109687,proton,0.004,1.7352,SrTaNO2_JVASP-109687_p_srniel.csv
SrTaNO2,JVASP-109687,proton,0.0045,1.6711,SrTaNO2_JVASP-109687_p_srniel.csv
SrTaNO2,JVASP-109687,proton,0.005,1.6129,SrTaNO2_JVASP-109687_p_srniel.csv
SrTaNO2,JVASP-109687,proton,0.0055,1.5599,SrTaNO2_JVASP-109687_p_srniel.csv
SrTaNO2,JVASP-109687,proton,0.006,1.5113,SrTaNO2_JVASP-109687_p_srniel.csv
SrTaNO2,JVASP-109687,proton,0.0065,1.4665,SrTaNO2_JVASP-109687_p_srniel.csv
SrTaNO2,JVASP-109687,proton,0.007,1.425,SrTaNO2_JVASP-109687_p_srniel.csv
SrTaNO2,JVASP-109687,proton,0.0075,1.3865,SrTaNO2_JVASP-109687_p_srniel.csv
SrTaNO2,JVASP-109687,proton,0.008,1.3507,SrTaNO2_JVASP-109687_p_srniel.csv
SrTaNO2,JVASP-109687,proton,0.0085,1.3171,SrTaNO2_JVASP-109687_p_srniel.csv
SrTaNO2,JVASP-109687,proton,0.009,1.2856,SrTaNO2_JVASP-109687_p_srniel.csv
SrTaNO2,JVASP-109687,proton,0.0095,1.256,SrTaNO2_JVASP-109687_p_srniel.csv
SrTaNO2,JVASP-109687,proton,0.01,1.228,SrTaNO2_JVASP-109687_p_srniel.csv
SrTaNO2,JVASP-109687,proton,0.015,1.015,SrTaNO2_JVASP-109687_p_srniel.csv
SrTaNO2,JVASP-109687,proton,0.02,0.87482,SrTaNO2_JVASP-109687_p_srniel.csv
SrTaNO2,JVASP-109687,proton,0.025,0.7738,SrTaNO2_JVASP-109687_p_srniel.csv
SrTaNO2,JVASP-109687,proton,0.03,0.69674,SrTaNO2_JVASP-109687_p_srniel.csv
SrTaNO2,JVASP-109687,proton,0.035,0.6356,SrTaNO2_JVASP-109687_p_srniel.csv
SrTaNO2,JVASP-109687,proton,0.04,0.58567,SrTaNO2_JVASP-109687_p_srniel.csv
SrTaNO2,JVASP-109687,proton,0.045,0.54397,SrTaNO2_JVASP-109687_p_srniel.csv
SrTaNO2,JVASP-109687,proton,0.05,0.50844,SrTaNO2_JVASP-109687_p_srniel.csv
SrTaNO2,JVASP-109687,proton,0.055,0.47769,SrTaNO2_JVASP-109687_p_srniel.csv
SrTaNO2,JVASP-109687,proton,0.06,0.45088,SrTaNO2_JVASP-109687_p_srniel.csv
SrTaNO2,JVASP-109687,proton,0.065,0.4273,SrTaNO2_JVASP-109687_p_srniel.csv
SrTaNO2,JVASP-109687,proton,0.07,0.40638,SrTaNO2_JVASP-109687_p_srniel.csv
SrTaNO2,JVASP-109687,proton,0.075,0.38766,SrTaNO2_JVASP-109687_p_srniel.csv
SrTaNO2,JVASP-109687,proton,0.08,0.3708,SrTaNO2_JVASP-109687_p_srniel.csv
SrTaNO2,JVASP-109687,proton,0.085,0.35552,SrTaNO2_JVASP-109687_p_srniel.csv
SrTaNO2,JVASP-109687,proton,0.09,0.3416,SrTaNO2_JVASP-109687_p_srniel.csv
SrTaNO2,JVASP-109687,proton,0.095,0.32885,SrTaNO2_JVASP-109687_p_srniel.csv
SrTaNO2,JVASP-109687,proton,0.1,0.31713,SrTaNO2_JVASP-109687_p_srniel.csv
SrTaNO2,JVASP-109687,proton,0.15,0.23633,SrTaNO2_JVASP-109687_p_srniel.csv
SrTaNO2,JVASP-109687,proton,0.2,0.18997,SrTaNO2_JVASP-109687_p_srniel.csv
SrTaNO2,JVASP-109687,proton,0.25,0.15974,SrTaNO2_JVASP-109687_p_srniel.csv
SrTaNO2,JVASP-109687,proton,0.3,0.13839,SrTaNO2_JVASP-109687_p_srniel.csv
SrTaNO2,JVASP-109687,proton,0.35,0.12246,SrTaNO2_JVASP-109687_p_srniel.csv
SrTaNO2,JVASP-109687,proton,0.4,0.11007,SrTaNO2_JVASP-109687_p_srniel.csv
SrTaNO2,JVASP-109687,proton,0.45,0.10013,SrTaNO2_JVASP-109687_p_srniel.csv
SrTaNO2,JVASP-109687,proton,0.5,0.091955,SrTaNO2_JVASP-109687_p_srniel.csv
SrTaNO2,JVASP-109687,proton,0.55,0.085111,SrTaNO2_JVASP-109687_p_srniel.csv
SrTaNO2,JVASP-109687,proton,0.6,0.079421,SrTaNO2_JVASP-109687_p_srniel.csv
SrTaNO2,JVASP-109687,proton,0.65,0.074556,SrTaNO2_JVASP-109687_p_srniel.csv
SrTaNO2,JVASP-109687,proton,0.7,0.070319,SrTaNO2_JVASP-109687_p_srniel.csv
SrTaNO2,JVASP-109687,proton,0.75,0.066592,SrTaNO2_JVASP-109687_p_srniel.csv
SrTaNO2,JVASP-109687,proton,0.8,0.063257,SrTaNO2_JVASP-109687_p_srniel.csv
SrTaNO2,JVASP-109687,proton,0.85,0.060199,SrTaNO2_JVASP-109687_p_srniel.csv
SrTaNO2,JVASP-109687,proton,0.9,0.057451,SrTaNO2_JVASP-109687_p_srniel.csv
SrTaNO2,JVASP-109687,proton,0.95,0.054967,SrTaNO2_JVASP-109687_p_srniel.csv
SrTaNO2,JVASP-109687,proton,1.0,0.05271,SrTaNO2_JVASP-109687_p_srniel.csv
SrTaNO2,JVASP-109687,proton,1.5,0.037841,SrTaNO2_JVASP-109687_p_srniel.csv
SrTaNO2,JVASP-109687,proton,2.0,0.029552,SrTaNO2_JVASP-109687_p_srniel.csv
SrTaNO2,JVASP-109687,proton,2.5,0.024207,SrTaNO2_JVASP-109687_p_srniel.csv
SrTaNO2,JVASP-109687,proton,3.0,0.020544,SrTaNO2_JVASP-109687_p_srniel.csv
SrTaNO2,JVASP-109687,proton,3.5,0.017876,SrTaNO2_JVASP-109687_p_srniel.csv
SrTaNO2,JVASP-109687,proton,4.0,0.0159,SrTaNO2_JVASP-109687_p_srniel.csv
SrTaNO2,JVASP-109687,proton,4.5,0.014336,SrTaNO2_JVASP-109687_p_srniel.csv
SrTaNO2,JVASP-109687,proton,5.0,0.013042,SrTaNO2_JVASP-109687_p_srniel.csv
SrTaNO2,JVASP-109687,proton,5.5,0.011979,SrTaNO2_JVASP-109687_p_srniel.csv
SrTaNO2,JVASP-109687,proton,6.0,0.011103,SrTaNO2_JVASP-109687_p_srniel.csv
SrTaNO2,JVASP-109687,proton,6.5,0.010366,SrTaNO2_JVASP-109687_p_srniel.csv
SrTaNO2,JVASP-109687,proton,7.0,0.0097342,SrTaNO2_JVASP-109687_p_srniel.csv
SrTaNO2,JVASP-109687,proton,7.5,0.0091834,SrTaNO2_JVASP-109687_p_srniel.csv
SrTaNO2,JVASP-109687,proton,8.0,0.0086979,SrTaNO2_JVASP-109687_p_srniel.csv
SrTaNO2,JVASP-109687,proton,8.5,0.0082658,SrTaNO2_JVASP-109687_p_srniel.csv
SrTaNO2,JVASP-109687,proton,9.0,0.0078783,SrTaNO2_JVASP-109687_p_srniel.csv
SrTaNO2,JVASP-109687,proton,9.5,0.0075289,SrTaNO2_JVASP-109687_p_srniel.csv
SrTaNO2,JVASP-109687,proton,10.0,0.0072121,SrTaNO2_JVASP-109687_p_srniel.csv
SrTaNO2,JVASP-109687,proton,15.0,0.0051921,SrTaNO2_JVASP-109687_p_srniel.csv
SrTaNO2,JVASP-109687,proton,20.0,0.0042181,SrTaNO2_JVASP-109687_p_srniel.csv
SrTaNO2,JVASP-109687,proton,25.0,0.0036572,SrTaNO2_JVASP-109687_p_srniel.csv
SrTaNO2,JVASP-109687,proton,30.0,0.0032815,SrTaNO2_JVASP-109687_p_srniel.csv
SrTaNO2,JVASP-109687,proton,35.0,0.0029989,SrTaNO2_JVASP-109687_p_srniel.csv
SrTaNO2,JVASP-109687,proton,40.0,0.0027722,SrTaNO2_JVASP-109687_p_srniel.csv
SrTaNO2,JVASP-109687,proton,45.0,0.0025852,SrTaNO2_JVASP-109687_p_srniel.csv
SrTaNO2,JVASP-109687,proton,50.0,0.0024293,SrTaNO2_JVASP-109687_p_srniel.csv
SrTaNO2,JVASP-109687,proton,55.0,0.0022986,SrTaNO2_JVASP-109687_p_srniel.csv
SrTaNO2,JVASP-109687,proton,60.0,0.0021885,SrTaNO2_JVASP-109687_p_srniel.csv
SrTaNO2,JVASP-109687,proton,65.0,0.0020954,SrTaNO2_JVASP-109687_p_srniel.csv
SrTaNO2,JVASP-109687,proton,70.0,0.0020162,SrTaNO2_JVASP-109687_p_srniel.csv
SrTaNO2,JVASP-109687,proton,75.0,0.0019482,SrTaNO2_JVASP-109687_p_srniel.csv
SrTaNO2,JVASP-109687,proton,80.0,0.0018895,SrTaNO2_JVASP-109687_p_srniel.csv
SrTaNO2,JVASP-109687,proton,85.0,0.0018383,SrTaNO2_JVASP-109687_p_srniel.csv
SrTaNO2,JVASP-109687,proton,90.0,0.0017933,SrTaNO2_JVASP-109687_p_srniel.csv
SrTaNO2,JVASP-109687,proton,95.0,0.0017533,SrTaNO2_JVASP-109687_p_srniel.csv
SrTaNO2,JVASP-109687,proton,100.0,0.0017174,SrTaNO2_JVASP-109687_p_srniel.csv
SrTaNO2,JVASP-109687,proton,150.0,0.0014791,SrTaNO2_JVASP-109687_p_srniel.csv
SrTaNO2,JVASP-109687,proton,200.0,0.0013393,SrTaNO2_JVASP-109687_p_srniel.csv
SrTaNO2,JVASP-109687,proton,250.0,0.0012573,SrTaNO2_JVASP-109687_p_srniel.csv
SrTaNO2,JVASP-109687,proton,300.0,0.0012183,SrTaNO2_JVASP-109687_p_srniel.csv
SrTaNO2,JVASP-109687,proton,350.0,0.0012083,SrTaNO2_JVASP-109687_p_srniel.csv
SrTaNO2,JVASP-109687,proton,400.0,0.0012154,SrTaNO2_JVASP-109687_p_srniel.csv
SrTaNO2,JVASP-109687,proton,450.0,0.0012308,SrTaNO2_JVASP-109687_p_srniel.csv
SrTaNO2,JVASP-109687,proton,500.0,0.001249,SrTaNO2_JVASP-109687_p_srniel.csv
SrTaNO2,JVASP-109687,proton,550.0,0.0012666,SrTaNO2_JVASP-109687_p_srniel.csv
SrTaNO2,JVASP-109687,proton,600.0,0.0012823,SrTaNO2_JVASP-109687_p_srniel.csv
SrTaNO2,JVASP-109687,proton,650.0,0.0012958,SrTaNO2_JVASP-109687_p_srniel.csv
SrTaNO2,JVASP-109687,proton,700.0,0.0013071,SrTaNO2_JVASP-109687_p_srniel.csv
SrTaNO2,JVASP-109687,proton,750.0,0.0013166,SrTaNO2_JVASP-109687_p_srniel.csv
SrTaNO2,JVASP-109687,proton,800.0,0.0013242,SrTaNO2_JVASP-109687_p_srniel.csv
SrTaNO2,JVASP-109687,proton,850.0,0.0013295,SrTaNO2_JVASP-109687_p_srniel.csv
SrTaNO2,JVASP-109687,proton,900.0,0.0013318,SrTaNO2_JVASP-109687_p_srniel.csv
SrTaNO2,JVASP-109687,proton,950.0,0.0013299,SrTaNO2_JVASP-109687_p_srniel.csv
SrTaNO2,JVASP-109687,proton,1000.0,0.0013224,SrTaNO2_JVASP-109687_p_srniel.csv
SrZrS3,JVASP-21271,electron,0.04,0.0,SrZrS3_JVASP-21271_e_srniel.csv
SrZrS3,JVASP-21271,electron,0.045,0.0,SrZrS3_JVASP-21271_e_srniel.csv
SrZrS3,JVASP-21271,electron,0.05,0.0,SrZrS3_JVASP-21271_e_srniel.csv
SrZrS3,JVASP-21271,electron,0.055,0.0,SrZrS3_JVASP-21271_e_srniel.csv
SrZrS3,JVASP-21271,electron,0.06,0.0,SrZrS3_JVASP-21271_e_srniel.csv
SrZrS3,JVASP-21271,electron,0.065,0.0,SrZrS3_JVASP-21271_e_srniel.csv
SrZrS3,JVASP-21271,electron,0.07,0.0,SrZrS3_JVASP-21271_e_srniel.csv
SrZrS3,JVASP-21271,electron,0.075,0.0,SrZrS3_JVASP-21271_e_srniel.csv
SrZrS3,JVASP-21271,electron,0.08,0.0,SrZrS3_JVASP-21271_e_srniel.csv
SrZrS3,JVASP-21271,electron,0.085,0.0,SrZrS3_JVASP-21271_e_srniel.csv
SrZrS3,JVASP-21271,electron,0.09,0.0,SrZrS3_JVASP-21271_e_srniel.csv
SrZrS3,JVASP-21271,electron,0.095,0.0,SrZrS3_JVASP-21271_e_srniel.csv
SrZrS3,JVASP-21271,electron,0.1,0.0,SrZrS3_JVASP-21271_e_srniel.csv
SrZrS3,JVASP-21271,electron,0.15,0.0,SrZrS3_JVASP-21271_e_srniel.csv
SrZrS3,JVASP-21271,electron,0.2,0.0,SrZrS3_JVASP-21271_e_srniel.csv
SrZrS3,JVASP-21271,electron,0.25,0.0,SrZrS3_JVASP-21271_e_srniel.csv
SrZrS3,JVASP-21271,electron,0.3,9.7949e-07,SrZrS3_JVASP-21271_e_srniel.csv
SrZrS3,JVASP-21271,electron,0.35,1.9013e-06,SrZrS3_JVASP-21271_e_srniel.csv
SrZrS3,JVASP-21271,electron,0.4,2.6945e-06,SrZrS3_JVASP-21271_e_srniel.csv
SrZrS3,JVASP-21271,electron,0.45,3.401e-06,SrZrS3_JVASP-21271_e_srniel.csv
SrZrS3,JVASP-21271,electron,0.5,4.0449e-06,SrZrS3_JVASP-21271_e_srniel.csv
SrZrS3,JVASP-21271,electron,0.55,4.7873e-06,SrZrS3_JVASP-21271_e_srniel.csv
SrZrS3,JVASP-21271,electron,0.6,5.8834e-06,SrZrS3_JVASP-21271_e_srniel.csv
SrZrS3,JVASP-21271,electron,0.65,7.0227e-06,SrZrS3_JVASP-21271_e_srniel.csv
SrZrS3,JVASP-21271,electron,0.7,8.1808e-06,SrZrS3_JVASP-21271_e_srniel.csv
SrZrS3,JVASP-21271,electron,0.75,9.3418e-06,SrZrS3_JVASP-21271_e_srniel.csv
SrZrS3,JVASP-21271,electron,0.8,1.0495e-05,SrZrS3_JVASP-21271_e_srniel.csv
SrZrS3,JVASP-21271,electron,0.85,1.1634e-05,SrZrS3_JVASP-21271_e_srniel.csv
SrZrS3,JVASP-21271,electron,0.9,1.2754e-05,SrZrS3_JVASP-21271_e_srniel.csv
SrZrS3,JVASP-21271,electron,0.95,1.3851e-05,SrZrS3_JVASP-21271_e_srniel.csv
SrZrS3,JVASP-21271,electron,1.0,1.4925e-05,SrZrS3_JVASP-21271_e_srniel.csv
SrZrS3,JVASP-21271,electron,1.5,2.432e-05,SrZrS3_JVASP-21271_e_srniel.csv
SrZrS3,JVASP-21271,electron,2.0,3.1694e-05,SrZrS3_JVASP-21271_e_srniel.csv
SrZrS3,JVASP-21271,electron,2.5,3.7669e-05,SrZrS3_JVASP-21271_e_srniel.csv
SrZrS3,JVASP-21271,electron,3.0,4.266e-05,SrZrS3_JVASP-21271_e_srniel.csv
SrZrS3,JVASP-21271,electron,3.5,4.6929e-05,SrZrS3_JVASP-21271_e_srniel.csv
SrZrS3,JVASP-21271,electron,4.0,5.0648e-05,SrZrS3_JVASP-21271_e_srniel.csv
SrZrS3,JVASP-21271,electron,4.5,5.3935e-05,SrZrS3_JVASP-21271_e_srniel.csv
SrZrS3,JVASP-21271,electron,5.0,5.6876e-05,SrZrS3_JVASP-21271_e_srniel.csv
SrZrS3,JVASP-21271,electron,5.5,5.953e-05,SrZrS3_JVASP-21271_e_srniel.csv
SrZrS3,JVASP-21271,electron,6.0,6.1947e-05,SrZrS3_JVASP-21271_e_srniel.csv
SrZrS3,JVASP-21271,electron,6.5,6.4162e-05,SrZrS3_JVASP-21271_e_srniel.csv
SrZrS3,JVASP-21271,electron,7.0,6.6204e-05,SrZrS3_JVASP-21271_e_srniel.csv
SrZrS3,JVASP-21271,electron,7.5,6.8095e-05,SrZrS3_JVASP-21271_e_srniel.csv
SrZrS3,JVASP-21271,electron,8.0,6.9855e-05,SrZrS3_JVASP-21271_e_srniel.csv
SrZrS3,JVASP-21271,electron,8.5,7.1498e-05,SrZrS3_JVASP-21271_e_srniel.csv
SrZrS3,JVASP-21271,electron,9.0,7.3039e-05,SrZrS3_JVASP-21271_e_srniel.csv
SrZrS3,JVASP-21271,electron,9.5,7.4487e-05,SrZrS3_JVASP-21271_e_srniel.csv
SrZrS3,JVASP-21271,electron,10.0,7.5852e-05,SrZrS3_JVASP-21271_e_srniel.csv
SrZrS3,JVASP-21271,electron,15.0,8.6248e-05,SrZrS3_JVASP-21271_e_srniel.csv
SrZrS3,JVASP-21271,electron,20.0,9.3027e-05,SrZrS3_JVASP-21271_e_srniel.csv
SrZrS3,JVASP-21271,electron,25.0,9.779e-05,SrZrS3_JVASP-21271_e_srniel.csv
SrZrS3,JVASP-21271,electron,30.0,0.00010126,SrZrS3_JVASP-21271_e_srniel.csv
SrZrS3,JVASP-21271,electron,35.0,0.00010385,SrZrS3_JVASP-21271_e_srniel.csv
SrZrS3,JVASP-21271,electron,40.0,0.0001058,SrZrS3_JVASP-21271_e_srniel.csv
SrZrS3,JVASP-21271,electron,45.0,0.00010728,SrZrS3_JVASP-21271_e_srniel.csv
SrZrS3,JVASP-21271,electron,50.0,0.0001084,SrZrS3_JVASP-21271_e_srniel.csv
SrZrS3,JVASP-21271,electron,55.0,0.00010925,SrZrS3_JVASP-21271_e_srniel.csv
SrZrS3,JVASP-21271,electron,60.0,0.00010989,SrZrS3_JVASP-21271_e_srniel.csv
SrZrS3,JVASP-21271,electron,65.0,0.00011038,SrZrS3_JVASP-21271_e_srniel.csv
SrZrS3,JVASP-21271,electron,70.0,0.00011074,SrZrS3_JVASP-21271_e_srniel.csv
SrZrS3,JVASP-21271,electron,75.0,0.00011101,SrZrS3_JVASP-21271_e_srniel.csv
SrZrS3,JVASP-21271,electron,80.0,0.0001112,SrZrS3_JVASP-21271_e_srniel.csv
SrZrS3,JVASP-21271,electron,85.0,0.00011133,SrZrS3_JVASP-21271_e_srniel.csv
SrZrS3,JVASP-21271,electron,90.0,0.00011142,SrZrS3_JVASP-21271_e_srniel.csv
SrZrS3,JVASP-21271,electron,95.0,0.00011148,SrZrS3_JVASP-21271_e_srniel.csv
SrZrS3,JVASP-21271,electron,100.0,0.00011151,SrZrS3_JVASP-21271_e_srniel.csv
SrZrS3,JVASP-21271,proton,0.0001,0.0,SrZrS3_JVASP-21271_p_srniel.csv
SrZrS3,JVASP-21271,proton,0.00015,0.0,SrZrS3_JVASP-21271_p_srniel.csv
SrZrS3,JVASP-21271,proton,0.0002,0.13191,SrZrS3_JVASP-21271_p_srniel.csv
SrZrS3,JVASP-21271,proton,0.00025,0.48918,SrZrS3_JVASP-21271_p_srniel.csv
SrZrS3,JVASP-21271,proton,0.0003,0.74624,SrZrS3_JVASP-21271_p_srniel.csv
SrZrS3,JVASP-21271,proton,0.00035,0.93873,SrZrS3_JVASP-21271_p_srniel.csv
SrZrS3,JVASP-21271,proton,0.0004,1.0869,SrZrS3_JVASP-21271_p_srniel.csv
SrZrS3,JVASP-21271,proton,0.00045,1.2117,SrZrS3_JVASP-21271_p_srniel.csv
SrZrS3,JVASP-21271,proton,0.0005,1.3725,SrZrS3_JVASP-21271_p_srniel.csv
SrZrS3,JVASP-21271,proton,0.00055,1.5185,SrZrS3_JVASP-21271_p_srniel.csv
SrZrS3,JVASP-21271,proton,0.0006,1.6413,SrZrS3_JVASP-21271_p_srniel.csv
SrZrS3,JVASP-21271,proton,0.00065,1.7454,SrZrS3_JVASP-21271_p_srniel.csv
SrZrS3,JVASP-21271,proton,0.0007,1.8343,SrZrS3_JVASP-21271_p_srniel.csv
SrZrS3,JVASP-21271,proton,0.00075,1.9106,SrZrS3_JVASP-21271_p_srniel.csv
SrZrS3,JVASP-21271,proton,0.0008,1.9763,SrZrS3_JVASP-21271_p_srniel.csv
SrZrS3,JVASP-21271,proton,0.00085,2.0332,SrZrS3_JVASP-21271_p_srniel.csv
SrZrS3,JVASP-21271,proton,0.0009,2.0826,SrZrS3_JVASP-21271_p_srniel.csv
SrZrS3,JVASP-21271,proton,0.00095,2.1255,SrZrS3_JVASP-21271_p_srniel.csv
SrZrS3,JVASP-21271,proton,0.001,2.1629,SrZrS3_JVASP-21271_p_srniel.csv
SrZrS3,JVASP-21271,proton,0.0015,2.3481,SrZrS3_JVASP-21271_p_srniel.csv
SrZrS3,JVASP-21271,proton,0.002,2.3718,SrZrS3_JVASP-21271_p_srniel.csv
SrZrS3,JVASP-21271,proton,0.0025,2.3377,SrZrS3_JVASP-21271_p_srniel.csv
SrZrS3,JVASP-21271,proton,0.003,2.2811,SrZrS3_JVASP-21271_p_srniel.csv
SrZrS3,JVASP-21271,proton,0.0035,2.2163,SrZrS3_JVASP-21271_p_srniel.csv
SrZrS3,JVASP-21271,proton,0.004,2.1494,SrZrS3_JVASP-21271_p_srniel.csv
SrZrS3,JVASP-21271,proton,0.0045,2.0836,SrZrS3_JVASP-21271_p_srniel.csv
SrZrS3,JVASP-21271,proton,0.005,2.0201,SrZrS3_JVASP-21271_p_srniel.csv
SrZrS3,JVASP-21271,proton,0.0055,1.9596,SrZrS3_JVASP-21271_p_srniel.csv
SrZrS3,JVASP-21271,proton,0.006,1.9022,SrZrS3_JVASP-21271_p_srniel.csv
SrZrS3,JVASP-21271,proton,0.0065,1.848,SrZrS3_JVASP-21271_p_srniel.csv
SrZrS3,JVASP-21271,proton,0.007,1.7968,SrZrS3_JVASP-21271_p_srniel.csv
SrZrS3,JVASP-21271,proton,0.0075,1.7484,SrZrS3_JVASP-21271_p_srniel.csv
SrZrS3,JVASP-21271,proton,0.008,1.7028,SrZrS3_JVASP-21271_p_srniel.csv
SrZrS3,JVASP-21271,proton,0.0085,1.6596,SrZrS3_JVASP-21271_p_srniel.csv
SrZrS3,JVASP-21271,proton,0.009,1.6188,SrZrS3_JVASP-21271_p_srniel.csv
SrZrS3,JVASP-21271,proton,0.0095,1.5802,SrZrS3_JVASP-21271_p_srniel.csv
SrZrS3,JVASP-21271,proton,0.01,1.5435,SrZrS3_JVASP-21271_p_srniel.csv
SrZrS3,JVASP-21271,proton,0.015,1.2598,SrZrS3_JVASP-21271_p_srniel.csv
SrZrS3,JVASP-21271,proton,0.02,1.0722,SrZrS3_JVASP-21271_p_srniel.csv
SrZrS3,JVASP-21271,proton,0.025,0.93787,SrZrS3_JVASP-21271_p_srniel.csv
SrZrS3,JVASP-21271,proton,0.03,0.83639,SrZrS3_JVASP-21271_p_srniel.csv
SrZrS3,JVASP-21271,proton,0.035,0.75667,SrZrS3_JVASP-21271_p_srniel.csv
SrZrS3,JVASP-21271,proton,0.04,0.69216,SrZrS3_JVASP-21271_p_srniel.csv
SrZrS3,JVASP-21271,proton,0.045,0.63876,SrZrS3_JVASP-21271_p_srniel.csv
SrZrS3,JVASP-21271,proton,0.05,0.59373,SrZrS3_JVASP-21271_p_srniel.csv
SrZrS3,JVASP-21271,proton,0.055,0.55517,SrZrS3_JVASP-21271_p_srniel.csv
SrZrS3,JVASP-21271,proton,0.06,0.52175,SrZrS3_JVASP-21271_p_srniel.csv
SrZrS3,JVASP-21271,proton,0.065,0.49247,SrZrS3_JVASP-21271_p_srniel.csv
SrZrS3,JVASP-21271,proton,0.07,0.46658,SrZrS3_JVASP-21271_p_srniel.csv
SrZrS3,JVASP-21271,proton,0.075,0.4435,SrZrS3_JVASP-21271_p_srniel.csv
SrZrS3,JVASP-21271,proton,0.08,0.42278,SrZrS3_JVASP-21271_p_srniel.csv
SrZrS3,JVASP-21271,proton,0.085,0.40407,SrZrS3_JVASP-21271_p_srniel.csv
SrZrS3,JVASP-21271,proton,0.09,0.38708,SrZrS3_JVASP-21271_p_srniel.csv
SrZrS3,JVASP-21271,proton,0.095,0.37158,SrZrS3_JVASP-21271_p_srniel.csv
SrZrS3,JVASP-21271,proton,0.1,0.35737,SrZrS3_JVASP-21271_p_srniel.csv
SrZrS3,JVASP-21271,proton,0.15,0.26043,SrZrS3_JVASP-21271_p_srniel.csv
SrZrS3,JVASP-21271,proton,0.2,0.20697,SrZrS3_JVASP-21271_p_srniel.csv
SrZrS3,JVASP-21271,proton,0.25,0.1728,SrZrS3_JVASP-21271_p_srniel.csv
SrZrS3,JVASP-21271,proton,0.3,0.14889,SrZrS3_JVASP-21271_p_srniel.csv
SrZrS3,JVASP-21271,proton,0.35,0.13111,SrZrS3_JVASP-21271_p_srniel.csv
SrZrS3,JVASP-21271,proton,0.4,0.11708,SrZrS3_JVASP-21271_p_srniel.csv
SrZrS3,JVASP-21271,proton,0.45,0.10594,SrZrS3_JVASP-21271_p_srniel.csv
SrZrS3,JVASP-21271,proton,0.5,0.096863,SrZrS3_JVASP-21271_p_srniel.csv
SrZrS3,JVASP-21271,proton,0.55,0.089318,SrZrS3_JVASP-21271_p_srniel.csv
SrZrS3,JVASP-21271,proton,0.6,0.082939,SrZrS3_JVASP-21271_p_srniel.csv
SrZrS3,JVASP-21271,proton,0.65,0.077469,SrZrS3_JVASP-21271_p_srniel.csv
SrZrS3,JVASP-21271,proton,0.7,0.072724,SrZrS3_JVASP-21271_p_srniel.csv
SrZrS3,JVASP-21271,proton,0.75,0.068565,SrZrS3_JVASP-21271_p_srniel.csv
SrZrS3,JVASP-21271,proton,0.8,0.064866,SrZrS3_JVASP-21271_p_srniel.csv
SrZrS3,JVASP-21271,proton,0.85,0.061514,SrZrS3_JVASP-21271_p_srniel.csv
SrZrS3,JVASP-21271,proton,0.9,0.05851,SrZrS3_JVASP-21271_p_srniel.csv
SrZrS3,JVASP-21271,proton,0.95,0.055771,SrZrS3_JVASP-21271_p_srniel.csv
SrZrS3,JVASP-21271,proton,1.0,0.05326,SrZrS3_JVASP-21271_p_srniel.csv
SrZrS3,JVASP-21271,proton,1.5,0.03693,SrZrS3_JVASP-21271_p_srniel.csv
SrZrS3,JVASP-21271,proton,2.0,0.028425,SrZrS3_JVASP-21271_p_srniel.csv
SrZrS3,JVASP-21271,proton,2.5,0.023177,SrZrS3_JVASP-21271_p_srniel.csv
SrZrS3,JVASP-21271,proton,3.0,0.019613,SrZrS3_JVASP-21271_p_srniel.csv
SrZrS3,JVASP-21271,proton,3.5,0.017093,SrZrS3_JVASP-21271_p_srniel.csv
SrZrS3,JVASP-21271,proton,4.0,0.015235,SrZrS3_JVASP-21271_p_srniel.csv
SrZrS3,JVASP-21271,proton,4.5,0.013781,SrZrS3_JVASP-21271_p_srniel.csv
SrZrS3,JVASP-21271,proton,5.0,0.012608,SrZrS3_JVASP-21271_p_srniel.csv
SrZrS3,JVASP-21271,proton,5.5,0.011655,SrZrS3_JVASP-21271_p_srniel.csv
SrZrS3,JVASP-21271,proton,6.0,0.010883,SrZrS3_JVASP-21271_p_srniel.csv
SrZrS3,JVASP-21271,proton,6.5,0.010242,SrZrS3_JVASP-21271_p_srniel.csv
SrZrS3,JVASP-21271,proton,7.0,0.0096923,SrZrS3_JVASP-21271_p_srniel.csv
SrZrS3,JVASP-21271,proton,7.5,0.009214,SrZrS3_JVASP-21271_p_srniel.csv
SrZrS3,JVASP-21271,proton,8.0,0.0087944,SrZrS3_JVASP-21271_p_srniel.csv
SrZrS3,JVASP-21271,proton,8.5,0.0084248,SrZrS3_JVASP-21271_p_srniel.csv
SrZrS3,JVASP-21271,proton,9.0,0.0080981,SrZrS3_JVASP-21271_p_srniel.csv
SrZrS3,JVASP-21271,proton,9.5,0.0078083,SrZrS3_JVASP-21271_p_srniel.csv
SrZrS3,JVASP-21271,proton,10.0,0.0075501,SrZrS3_JVASP-21271_p_srniel.csv
SrZrS3,JVASP-21271,proton,15.0,0.0060011,SrZrS3_JVASP-21271_p_srniel.csv
SrZrS3,JVASP-21271,proton,20.0,0.0052848,SrZrS3_JVASP-21271_p_srniel.csv
SrZrS3,JVASP-21271,proton,25.0,0.0048654,SrZrS3_JVASP-21271_p_srniel.csv
SrZrS3,JVASP-21271,proton,30.0,0.0045804,SrZrS3_JVASP-21271_p_srniel.csv
SrZrS3,JVASP-21271,proton,35.0,0.0043649,SrZrS3_JVASP-21271_p_srniel.csv
SrZrS3,JVASP-21271,proton,40.0,0.0041902,SrZrS3_JVASP-21271_p_srniel.csv
SrZrS3,JVASP-21271,proton,45.0,0.0040436,SrZrS3_JVASP-21271_p_srniel.csv
SrZrS3,JVASP-21271,proton,50.0,0.0039186,SrZrS3_JVASP-21271_p_srniel.csv
SrZrS3,JVASP-21271,proton,55.0,0.0038112,SrZrS3_JVASP-21271_p_srniel.csv
SrZrS3,JVASP-21271,proton,60.0,0.0037185,SrZrS3_JVASP-21271_p_srniel.csv
SrZrS3,JVASP-21271,proton,65.0,0.0036382,SrZrS3_JVASP-21271_p_srniel.csv
SrZrS3,JVASP-21271,proton,70.0,0.0035682,SrZrS3_JVASP-21271_p_srniel.csv
SrZrS3,JVASP-21271,proton,75.0,0.0035068,SrZrS3_JVASP-21271_p_srniel.csv
SrZrS3,JVASP-21271,proton,80.0,0.0034524,SrZrS3_JVASP-21271_p_srniel.csv
SrZrS3,JVASP-21271,proton,85.0,0.0034039,SrZrS3_JVASP-21271_p_srniel.csv
SrZrS3,JVASP-21271,proton,90.0,0.0033602,SrZrS3_JVASP-21271_p_srniel.csv
SrZrS3,JVASP-21271,proton,95.0,0.0033205,SrZrS3_JVASP-21271_p_srniel.csv
SrZrS3,JVASP-21271,proton,100.0,0.003284,SrZrS3_JVASP-21271_p_srniel.csv
SrZrS3,JVASP-21271,proton,150.0,0.0030141,SrZrS3_JVASP-21271_p_srniel.csv
SrZrS3,JVASP-21271,proton,200.0,0.0028361,SrZrS3_JVASP-21271_p_srniel.csv
SrZrS3,JVASP-21271,proton,250.0,0.0027399,SrZrS3_JVASP-21271_p_srniel.csv
SrZrS3,JVASP-21271,proton,300.0,0.0027144,SrZrS3_JVASP-21271_p_srniel.csv
SrZrS3,JVASP-21271,proton,350.0,0.0027374,SrZrS3_JVASP-21271_p_srniel.csv
SrZrS3,JVASP-21271,proton,400.0,0.0027878,SrZrS3_JVASP-21271_p_srniel.csv
SrZrS3,JVASP-21271,proton,450.0,0.0028498,SrZrS3_JVASP-21271_p_srniel.csv
SrZrS3,JVASP-21271,proton,500.0,0.002913,SrZrS3_JVASP-21271_p_srniel.csv
SrZrS3,JVASP-21271,proton,550.0,0.0029718,SrZrS3_JVASP-21271_p_srniel.csv
SrZrS3,JVASP-21271,proton,600.0,0.0030238,SrZrS3_JVASP-21271_p_srniel.csv
SrZrS3,JVASP-21271,proton,650.0,0.0030687,SrZrS3_JVASP-21271_p_srniel.csv
SrZrS3,JVASP-21271,proton,700.0,0.0031071,SrZrS3_JVASP-21271_p_srniel.csv
SrZrS3,JVASP-21271,proton,750.0,0.0031397,SrZrS3_JVASP-21271_p_srniel.csv
SrZrS3,JVASP-21271,proton,800.0,0.0031665,SrZrS3_JVASP-21271_p_srniel.csv
SrZrS3,JVASP-21271,proton,850.0,0.0031866,SrZrS3_JVASP-21271_p_srniel.csv
SrZrS3,JVASP-21271,proton,900.0,0.0031985,SrZrS3_JVASP-21271_p_srniel.csv
SrZrS3,JVASP-21271,proton,950.0,0.0031997,SrZrS3_JVASP-21271_p_srniel.csv
SrZrS3,JVASP-21271,proton,1000.0,0.0031873,SrZrS3_JVASP-21271_p_srniel.csv
Ta2Te4Br10O,JVASP-31871,electron,0.04,0.0,Ta2Te4Br10O_JVASP-31871_e_srniel.csv
Ta2Te4Br10O,JVASP-31871,electron,0.045,0.0,Ta2Te4Br10O_JVASP-31871_e_srniel.csv
Ta2Te4Br10O,JVASP-31871,electron,0.05,1.3381e-08,Ta2Te4Br10O_JVASP-31871_e_srniel.csv
Ta2Te4Br10O,JVASP-31871,electron,0.055,9.1415e-08,Ta2Te4Br10O_JVASP-31871_e_srniel.csv
Ta2Te4Br10O,JVASP-31871,electron,0.06,1.5148e-07,Ta2Te4Br10O_JVASP-31871_e_srniel.csv
Ta2Te4Br10O,JVASP-31871,electron,0.065,1.9855e-07,Ta2Te4Br10O_JVASP-31871_e_srniel.csv
Ta2Te4Br10O,JVASP-31871,electron,0.07,2.36e-07,Ta2Te4Br10O_JVASP-31871_e_srniel.csv
Ta2Te4Br10O,JVASP-31871,electron,0.075,2.6618e-07,Ta2Te4Br10O_JVASP-31871_e_srniel.csv
Ta2Te4Br10O,JVASP-31871,electron,0.08,2.9078e-07,Ta2Te4Br10O_JVASP-31871_e_srniel.csv
Ta2Te4Br10O,JVASP-31871,electron,0.085,3.1104e-07,Ta2Te4Br10O_JVASP-31871_e_srniel.csv
Ta2Te4Br10O,JVASP-31871,electron,0.09,3.2787e-07,Ta2Te4Br10O_JVASP-31871_e_srniel.csv
Ta2Te4Br10O,JVASP-31871,electron,0.095,3.4197e-07,Ta2Te4Br10O_JVASP-31871_e_srniel.csv
Ta2Te4Br10O,JVASP-31871,electron,0.1,3.5386e-07,Ta2Te4Br10O_JVASP-31871_e_srniel.csv
Ta2Te4Br10O,JVASP-31871,electron,0.15,4.1129e-07,Ta2Te4Br10O_JVASP-31871_e_srniel.csv
Ta2Te4Br10O,JVASP-31871,electron,0.2,4.2951e-07,Ta2Te4Br10O_JVASP-31871_e_srniel.csv
Ta2Te4Br10O,JVASP-31871,electron,0.25,1.7286e-06,Ta2Te4Br10O_JVASP-31871_e_srniel.csv
Ta2Te4Br10O,JVASP-31871,electron,0.3,3.3418e-06,Ta2Te4Br10O_JVASP-31871_e_srniel.csv
Ta2Te4Br10O,JVASP-31871,electron,0.35,4.6705e-06,Ta2Te4Br10O_JVASP-31871_e_srniel.csv
Ta2Te4Br10O,JVASP-31871,electron,0.4,5.9656e-06,Ta2Te4Br10O_JVASP-31871_e_srniel.csv
Ta2Te4Br10O,JVASP-31871,electron,0.45,7.4756e-06,Ta2Te4Br10O_JVASP-31871_e_srniel.csv
Ta2Te4Br10O,JVASP-31871,electron,0.5,8.9054e-06,Ta2Te4Br10O_JVASP-31871_e_srniel.csv
Ta2Te4Br10O,JVASP-31871,electron,0.55,1.0258e-05,Ta2Te4Br10O_JVASP-31871_e_srniel.csv
Ta2Te4Br10O,JVASP-31871,electron,0.6,1.1539e-05,Ta2Te4Br10O_JVASP-31871_e_srniel.csv
Ta2Te4Br10O,JVASP-31871,electron,0.65,1.2958e-05,Ta2Te4Br10O_JVASP-31871_e_srniel.csv
Ta2Te4Br10O,JVASP-31871,electron,0.7,1.4401e-05,Ta2Te4Br10O_JVASP-31871_e_srniel.csv
Ta2Te4Br10O,JVASP-31871,electron,0.75,1.5827e-05,Ta2Te4Br10O_JVASP-31871_e_srniel.csv
Ta2Te4Br10O,JVASP-31871,electron,0.8,1.7221e-05,Ta2Te4Br10O_JVASP-31871_e_srniel.csv
Ta2Te4Br10O,JVASP-31871,electron,0.85,1.8575e-05,Ta2Te4Br10O_JVASP-31871_e_srniel.csv
Ta2Te4Br10O,JVASP-31871,electron,0.9,1.9885e-05,Ta2Te4Br10O_JVASP-31871_e_srniel.csv
Ta2Te4Br10O,JVASP-31871,electron,0.95,2.1151e-05,Ta2Te4Br10O_JVASP-31871_e_srniel.csv
Ta2Te4Br10O,JVASP-31871,electron,1.0,2.2371e-05,Ta2Te4Br10O_JVASP-31871_e_srniel.csv
Ta2Te4Br10O,JVASP-31871,electron,1.5,3.2424e-05,Ta2Te4Br10O_JVASP-31871_e_srniel.csv
Ta2Te4Br10O,JVASP-31871,electron,2.0,3.9749e-05,Ta2Te4Br10O_JVASP-31871_e_srniel.csv
Ta2Te4Br10O,JVASP-31871,electron,2.5,4.5447e-05,Ta2Te4Br10O_JVASP-31871_e_srniel.csv
Ta2Te4Br10O,JVASP-31871,electron,3.0,5.0087e-05,Ta2Te4Br10O_JVASP-31871_e_srniel.csv
Ta2Te4Br10O,JVASP-31871,electron,3.5,5.3991e-05,Ta2Te4Br10O_JVASP-31871_e_srniel.csv
Ta2Te4Br10O,JVASP-31871,electron,4.0,5.7352e-05,Ta2Te4Br10O_JVASP-31871_e_srniel.csv
Ta2Te4Br10O,JVASP-31871,electron,4.5,6.0296e-05,Ta2Te4Br10O_JVASP-31871_e_srniel.csv
Ta2Te4Br10O,JVASP-31871,electron,5.0,6.2912e-05,Ta2Te4Br10O_JVASP-31871_e_srniel.csv
Ta2Te4Br10O,JVASP-31871,electron,5.5,6.5261e-05,Ta2Te4Br10O_JVASP-31871_e_srniel.csv
Ta2Te4Br10O,JVASP-31871,electron,6.0,6.7389e-05,Ta2Te4Br10O_JVASP-31871_e_srniel.csv
Ta2Te4Br10O,JVASP-31871,electron,6.5,6.9331e-05,Ta2Te4Br10O_JVASP-31871_e_srniel.csv
Ta2Te4Br10O,JVASP-31871,electron,7.0,7.1116e-05,Ta2Te4Br10O_JVASP-31871_e_srniel.csv
Ta2Te4Br10O,JVASP-31871,electron,7.5,7.2763e-05,Ta2Te4Br10O_JVASP-31871_e_srniel.csv
Ta2Te4Br10O,JVASP-31871,electron,8.0,7.4291e-05,Ta2Te4Br10O_JVASP-31871_e_srniel.csv
Ta2Te4Br10O,JVASP-31871,electron,8.5,7.5714e-05,Ta2Te4Br10O_JVASP-31871_e_srniel.csv
Ta2Te4Br10O,JVASP-31871,electron,9.0,7.7044e-05,Ta2Te4Br10O_JVASP-31871_e_srniel.csv
Ta2Te4Br10O,JVASP-31871,electron,9.5,7.829e-05,Ta2Te4Br10O_JVASP-31871_e_srniel.csv
Ta2Te4Br10O,JVASP-31871,electron,10.0,7.9462e-05,Ta2Te4Br10O_JVASP-31871_e_srniel.csv
Ta2Te4Br10O,JVASP-31871,electron,15.0,8.8243e-05,Ta2Te4Br10O_JVASP-31871_e_srniel.csv
Ta2Te4Br10O,JVASP-31871,electron,20.0,9.3753e-05,Ta2Te4Br10O_JVASP-31871_e_srniel.csv
Ta2Te4Br10O,JVASP-31871,electron,25.0,9.7429e-05,Ta2Te4Br10O_JVASP-31871_e_srniel.csv
Ta2Te4Br10O,JVASP-31871,electron,30.0,9.9938e-05,Ta2Te4Br10O_JVASP-31871_e_srniel.csv
Ta2Te4Br10O,JVASP-31871,electron,35.0,0.00010166,Ta2Te4Br10O_JVASP-31871_e_srniel.csv
Ta2Te4Br10O,JVASP-31871,electron,40.0,0.00010282,Ta2Te4Br10O_JVASP-31871_e_srniel.csv
Ta2Te4Br10O,JVASP-31871,electron,45.0,0.00010358,Ta2Te4Br10O_JVASP-31871_e_srniel.csv
Ta2Te4Br10O,JVASP-31871,electron,50.0,0.00010407,Ta2Te4Br10O_JVASP-31871_e_srniel.csv
Ta2Te4Br10O,JVASP-31871,electron,55.0,0.00010435,Ta2Te4Br10O_JVASP-31871_e_srniel.csv
Ta2Te4Br10O,JVASP-31871,electron,60.0,0.00010448,Ta2Te4Br10O_JVASP-31871_e_srniel.csv
Ta2Te4Br10O,JVASP-31871,electron,65.0,0.00010451,Ta2Te4Br10O_JVASP-31871_e_srniel.csv
Ta2Te4Br10O,JVASP-31871,electron,70.0,0.00010447,Ta2Te4Br10O_JVASP-31871_e_srniel.csv
Ta2Te4Br10O,JVASP-31871,electron,75.0,0.00010438,Ta2Te4Br10O_JVASP-31871_e_srniel.csv
Ta2Te4Br10O,JVASP-31871,electron,80.0,0.00010426,Ta2Te4Br10O_JVASP-31871_e_srniel.csv
Ta2Te4Br10O,JVASP-31871,electron,85.0,0.00010411,Ta2Te4Br10O_JVASP-31871_e_srniel.csv
Ta2Te4Br10O,JVASP-31871,electron,90.0,0.00010395,Ta2Te4Br10O_JVASP-31871_e_srniel.csv
Ta2Te4Br10O,JVASP-31871,electron,95.0,0.00010379,Ta2Te4Br10O_JVASP-31871_e_srniel.csv
Ta2Te4Br10O,JVASP-31871,electron,100.0,0.00010362,Ta2Te4Br10O_JVASP-31871_e_srniel.csv
Ta2Te4Br10O,JVASP-31871,proton,0.0001,0.10191,Ta2Te4Br10O_JVASP-31871_p_srniel.csv
Ta2Te4Br10O,JVASP-31871,proton,0.00015,0.13604,Ta2Te4Br10O_JVASP-31871_p_srniel.csv
Ta2Te4Br10O,JVASP-31871,proton,0.0002,0.31531,Ta2Te4Br10O_JVASP-31871_p_srniel.csv
Ta2Te4Br10O,JVASP-31871,proton,0.00025,0.44223,Ta2Te4Br10O_JVASP-31871_p_srniel.csv
Ta2Te4Br10O,JVASP-31871,proton,0.0003,0.54316,Ta2Te4Br10O_JVASP-31871_p_srniel.csv
Ta2Te4Br10O,JVASP-31871,proton,0.00035,0.64861,Ta2Te4Br10O_JVASP-31871_p_srniel.csv
Ta2Te4Br10O,JVASP-31871,proton,0.0004,0.73406,Ta2Te4Br10O_JVASP-31871_p_srniel.csv
Ta2Te4Br10O,JVASP-31871,proton,0.00045,0.80473,Ta2Te4Br10O_JVASP-31871_p_srniel.csv
Ta2Te4Br10O,JVASP-31871,proton,0.0005,0.86411,Ta2Te4Br10O_JVASP-31871_p_srniel.csv
Ta2Te4Br10O,JVASP-31871,proton,0.00055,0.91813,Ta2Te4Br10O_JVASP-31871_p_srniel.csv
Ta2Te4Br10O,JVASP-31871,proton,0.0006,0.96955,Ta2Te4Br10O_JVASP-31871_p_srniel.csv
Ta2Te4Br10O,JVASP-31871,proton,0.00065,1.0143,Ta2Te4Br10O_JVASP-31871_p_srniel.csv
Ta2Te4Br10O,JVASP-31871,proton,0.0007,1.0536,Ta2Te4Br10O_JVASP-31871_p_srniel.csv
Ta2Te4Br10O,JVASP-31871,proton,0.00075,1.0882,Ta2Te4Br10O_JVASP-31871_p_srniel.csv
Ta2Te4Br10O,JVASP-31871,proton,0.0008,1.119,Ta2Te4Br10O_JVASP-31871_p_srniel.csv
Ta2Te4Br10O,JVASP-31871,proton,0.00085,1.1463,Ta2Te4Br10O_JVASP-31871_p_srniel.csv
Ta2Te4Br10O,JVASP-31871,proton,0.0009,1.1707,Ta2Te4Br10O_JVASP-31871_p_srniel.csv
Ta2Te4Br10O,JVASP-31871,proton,0.00095,1.1926,Ta2Te4Br10O_JVASP-31871_p_srniel.csv
Ta2Te4Br10O,JVASP-31871,proton,0.001,1.2123,Ta2Te4Br10O_JVASP-31871_p_srniel.csv
Ta2Te4Br10O,JVASP-31871,proton,0.0015,1.3294,Ta2Te4Br10O_JVASP-31871_p_srniel.csv
Ta2Te4Br10O,JVASP-31871,proton,0.002,1.3708,Ta2Te4Br10O_JVASP-31871_p_srniel.csv
Ta2Te4Br10O,JVASP-31871,proton,0.0025,1.3794,Ta2Te4Br10O_JVASP-31871_p_srniel.csv
Ta2Te4Br10O,JVASP-31871,proton,0.003,1.3718,Ta2Te4Br10O_JVASP-31871_p_srniel.csv
Ta2Te4Br10O,JVASP-31871,proton,0.0035,1.3556,Ta2Te4Br10O_JVASP-31871_p_srniel.csv
Ta2Te4Br10O,JVASP-31871,proton,0.004,1.3349,Ta2Te4Br10O_JVASP-31871_p_srniel.csv
Ta2Te4Br10O,JVASP-31871,proton,0.0045,1.3118,Ta2Te4Br10O_JVASP-31871_p_srniel.csv
Ta2Te4Br10O,JVASP-31871,proton,0.005,1.2875,Ta2Te4Br10O_JVASP-31871_p_srniel.csv
Ta2Te4Br10O,JVASP-31871,proton,0.0055,1.263,Ta2Te4Br10O_JVASP-31871_p_srniel.csv
Ta2Te4Br10O,JVASP-31871,proton,0.006,1.2386,Ta2Te4Br10O_JVASP-31871_p_srniel.csv
Ta2Te4Br10O,JVASP-31871,proton,0.0065,1.2145,Ta2Te4Br10O_JVASP-31871_p_srniel.csv
Ta2Te4Br10O,JVASP-31871,proton,0.007,1.1911,Ta2Te4Br10O_JVASP-31871_p_srniel.csv
Ta2Te4Br10O,JVASP-31871,proton,0.0075,1.1683,Ta2Te4Br10O_JVASP-31871_p_srniel.csv
Ta2Te4Br10O,JVASP-31871,proton,0.008,1.1462,Ta2Te4Br10O_JVASP-31871_p_srniel.csv
Ta2Te4Br10O,JVASP-31871,proton,0.0085,1.1248,Ta2Te4Br10O_JVASP-31871_p_srniel.csv
Ta2Te4Br10O,JVASP-31871,proton,0.009,1.1043,Ta2Te4Br10O_JVASP-31871_p_srniel.csv
Ta2Te4Br10O,JVASP-31871,proton,0.0095,1.0844,Ta2Te4Br10O_JVASP-31871_p_srniel.csv
Ta2Te4Br10O,JVASP-31871,proton,0.01,1.0652,Ta2Te4Br10O_JVASP-31871_p_srniel.csv
Ta2Te4Br10O,JVASP-31871,proton,0.015,0.90736,Ta2Te4Br10O_JVASP-31871_p_srniel.csv
Ta2Te4Br10O,JVASP-31871,proton,0.02,0.79393,Ta2Te4Br10O_JVASP-31871_p_srniel.csv
Ta2Te4Br10O,JVASP-31871,proton,0.025,0.70848,Ta2Te4Br10O_JVASP-31871_p_srniel.csv
Ta2Te4Br10O,JVASP-31871,proton,0.03,0.64155,Ta2Te4Br10O_JVASP-31871_p_srniel.csv
Ta2Te4Br10O,JVASP-31871,proton,0.035,0.58753,Ta2Te4Br10O_JVASP-31871_p_srniel.csv
Ta2Te4Br10O,JVASP-31871,proton,0.04,0.54287,Ta2Te4Br10O_JVASP-31871_p_srniel.csv
Ta2Te4Br10O,JVASP-31871,proton,0.045,0.50525,Ta2Te4Br10O_JVASP-31871_p_srniel.csv
Ta2Te4Br10O,JVASP-31871,proton,0.05,0.47307,Ta2Te4Br10O_JVASP-31871_p_srniel.csv
Ta2Te4Br10O,JVASP-31871,proton,0.055,0.44516,Ta2Te4Br10O_JVASP-31871_p_srniel.csv
Ta2Te4Br10O,JVASP-31871,proton,0.06,0.42072,Ta2Te4Br10O_JVASP-31871_p_srniel.csv
Ta2Te4Br10O,JVASP-31871,proton,0.065,0.39909,Ta2Te4Br10O_JVASP-31871_p_srniel.csv
Ta2Te4Br10O,JVASP-31871,proton,0.07,0.37982,Ta2Te4Br10O_JVASP-31871_p_srniel.csv
Ta2Te4Br10O,JVASP-31871,proton,0.075,0.36251,Ta2Te4Br10O_JVASP-31871_p_srniel.csv
Ta2Te4Br10O,JVASP-31871,proton,0.08,0.34687,Ta2Te4Br10O_JVASP-31871_p_srniel.csv
Ta2Te4Br10O,JVASP-31871,proton,0.085,0.33266,Ta2Te4Br10O_JVASP-31871_p_srniel.csv
Ta2Te4Br10O,JVASP-31871,proton,0.09,0.31968,Ta2Te4Br10O_JVASP-31871_p_srniel.csv
Ta2Te4Br10O,JVASP-31871,proton,0.095,0.30777,Ta2Te4Br10O_JVASP-31871_p_srniel.csv
Ta2Te4Br10O,JVASP-31871,proton,0.1,0.29681,Ta2Te4Br10O_JVASP-31871_p_srniel.csv
Ta2Te4Br10O,JVASP-31871,proton,0.15,0.22092,Ta2Te4Br10O_JVASP-31871_p_srniel.csv
Ta2Te4Br10O,JVASP-31871,proton,0.2,0.1776,Ta2Te4Br10O_JVASP-31871_p_srniel.csv
Ta2Te4Br10O,JVASP-31871,proton,0.25,0.14933,Ta2Te4Br10O_JVASP-31871_p_srniel.csv
Ta2Te4Br10O,JVASP-31871,proton,0.3,0.12946,Ta2Te4Br10O_JVASP-31871_p_srniel.csv
Ta2Te4Br10O,JVASP-31871,proton,0.35,0.11464,Ta2Te4Br10O_JVASP-31871_p_srniel.csv
Ta2Te4Br10O,JVASP-31871,proton,0.4,0.10313,Ta2Te4Br10O_JVASP-31871_p_srniel.csv
Ta2Te4Br10O,JVASP-31871,proton,0.45,0.093933,Ta2Te4Br10O_JVASP-31871_p_srniel.csv
Ta2Te4Br10O,JVASP-31871,proton,0.5,0.086389,Ta2Te4Br10O_JVASP-31871_p_srniel.csv
Ta2Te4Br10O,JVASP-31871,proton,0.55,0.08008,Ta2Te4Br10O_JVASP-31871_p_srniel.csv
Ta2Te4Br10O,JVASP-31871,proton,0.6,0.074723,Ta2Te4Br10O_JVASP-31871_p_srniel.csv
Ta2Te4Br10O,JVASP-31871,proton,0.65,0.070113,Ta2Te4Br10O_JVASP-31871_p_srniel.csv
Ta2Te4Br10O,JVASP-31871,proton,0.7,0.066099,Ta2Te4Br10O_JVASP-31871_p_srniel.csv
Ta2Te4Br10O,JVASP-31871,proton,0.75,0.062428,Ta2Te4Br10O_JVASP-31871_p_srniel.csv
Ta2Te4Br10O,JVASP-31871,proton,0.8,0.059105,Ta2Te4Br10O_JVASP-31871_p_srniel.csv
Ta2Te4Br10O,JVASP-31871,proton,0.85,0.056142,Ta2Te4Br10O_JVASP-31871_p_srniel.csv
Ta2Te4Br10O,JVASP-31871,proton,0.9,0.053483,Ta2Te4Br10O_JVASP-31871_p_srniel.csv
Ta2Te4Br10O,JVASP-31871,proton,0.95,0.051083,Ta2Te4Br10O_JVASP-31871_p_srniel.csv
Ta2Te4Br10O,JVASP-31871,proton,1.0,0.048904,Ta2Te4Br10O_JVASP-31871_p_srniel.csv
Ta2Te4Br10O,JVASP-31871,proton,1.5,0.034372,Ta2Te4Br10O_JVASP-31871_p_srniel.csv
Ta2Te4Br10O,JVASP-31871,proton,2.0,0.026588,Ta2Te4Br10O_JVASP-31871_p_srniel.csv
Ta2Te4Br10O,JVASP-31871,proton,2.5,0.021735,Ta2Te4Br10O_JVASP-31871_p_srniel.csv
Ta2Te4Br10O,JVASP-31871,proton,3.0,0.018426,Ta2Te4Br10O_JVASP-31871_p_srniel.csv
Ta2Te4Br10O,JVASP-31871,proton,3.5,0.016019,Ta2Te4Br10O_JVASP-31871_p_srniel.csv
Ta2Te4Br10O,JVASP-31871,proton,4.0,0.014191,Ta2Te4Br10O_JVASP-31871_p_srniel.csv
Ta2Te4Br10O,JVASP-31871,proton,4.5,0.012751,Ta2Te4Br10O_JVASP-31871_p_srniel.csv
Ta2Te4Br10O,JVASP-31871,proton,5.0,0.011591,Ta2Te4Br10O_JVASP-31871_p_srniel.csv
Ta2Te4Br10O,JVASP-31871,proton,5.5,0.010656,Ta2Te4Br10O_JVASP-31871_p_srniel.csv
Ta2Te4Br10O,JVASP-31871,proton,6.0,0.0098895,Ta2Te4Br10O_JVASP-31871_p_srniel.csv
Ta2Te4Br10O,JVASP-31871,proton,6.5,0.0092396,Ta2Te4Br10O_JVASP-31871_p_srniel.csv
Ta2Te4Br10O,JVASP-31871,proton,7.0,0.008677,Ta2Te4Br10O_JVASP-31871_p_srniel.csv
Ta2Te4Br10O,JVASP-31871,proton,7.5,0.0081855,Ta2Te4Br10O_JVASP-31871_p_srniel.csv
Ta2Te4Br10O,JVASP-31871,proton,8.0,0.0077541,Ta2Te4Br10O_JVASP-31871_p_srniel.csv
Ta2Te4Br10O,JVASP-31871,proton,8.5,0.0073737,Ta2Te4Br10O_JVASP-31871_p_srniel.csv
Ta2Te4Br10O,JVASP-31871,proton,9.0,0.0070366,Ta2Te4Br10O_JVASP-31871_p_srniel.csv
Ta2Te4Br10O,JVASP-31871,proton,9.5,0.0067364,Ta2Te4Br10O_JVASP-31871_p_srniel.csv
Ta2Te4Br10O,JVASP-31871,proton,10.0,0.0064679,Ta2Te4Br10O_JVASP-31871_p_srniel.csv
Ta2Te4Br10O,JVASP-31871,proton,15.0,0.0048106,Ta2Te4Br10O_JVASP-31871_p_srniel.csv
Ta2Te4Br10O,JVASP-31871,proton,20.0,0.0040151,Ta2Te4Br10O_JVASP-31871_p_srniel.csv
Ta2Te4Br10O,JVASP-31871,proton,25.0,0.0035556,Ta2Te4Br10O_JVASP-31871_p_srniel.csv
Ta2Te4Br10O,JVASP-31871,proton,30.0,0.0032538,Ta2Te4Br10O_JVASP-31871_p_srniel.csv
Ta2Te4Br10O,JVASP-31871,proton,35.0,0.0030328,Ta2Te4Br10O_JVASP-31871_p_srniel.csv
Ta2Te4Br10O,JVASP-31871,proton,40.0,0.0028586,Ta2Te4Br10O_JVASP-31871_p_srniel.csv
Ta2Te4Br10O,JVASP-31871,proton,45.0,0.0027157,Ta2Te4Br10O_JVASP-31871_p_srniel.csv
Ta2Te4Br10O,JVASP-31871,proton,50.0,0.0025965,Ta2Te4Br10O_JVASP-31871_p_srniel.csv
Ta2Te4Br10O,JVASP-31871,proton,55.0,0.0024964,Ta2Te4Br10O_JVASP-31871_p_srniel.csv
Ta2Te4Br10O,JVASP-31871,proton,60.0,0.0024122,Ta2Te4Br10O_JVASP-31871_p_srniel.csv
Ta2Te4Br10O,JVASP-31871,proton,65.0,0.0023413,Ta2Te4Br10O_JVASP-31871_p_srniel.csv
Ta2Te4Br10O,JVASP-31871,proton,70.0,0.0022814,Ta2Te4Br10O_JVASP-31871_p_srniel.csv
Ta2Te4Br10O,JVASP-31871,proton,75.0,0.0022306,Ta2Te4Br10O_JVASP-31871_p_srniel.csv
Ta2Te4Br10O,JVASP-31871,proton,80.0,0.0021872,Ta2Te4Br10O_JVASP-31871_p_srniel.csv
Ta2Te4Br10O,JVASP-31871,proton,85.0,0.0021499,Ta2Te4Br10O_JVASP-31871_p_srniel.csv
Ta2Te4Br10O,JVASP-31871,proton,90.0,0.0021175,Ta2Te4Br10O_JVASP-31871_p_srniel.csv
Ta2Te4Br10O,JVASP-31871,proton,95.0,0.002089,Ta2Te4Br10O_JVASP-31871_p_srniel.csv
Ta2Te4Br10O,JVASP-31871,proton,100.0,0.0020636,Ta2Te4Br10O_JVASP-31871_p_srniel.csv
Ta2Te4Br10O,JVASP-31871,proton,150.0,0.0018881,Ta2Te4Br10O_JVASP-31871_p_srniel.csv
Ta2Te4Br10O,JVASP-31871,proton,200.0,0.0017678,Ta2Te4Br10O_JVASP-31871_p_srniel.csv
Ta2Te4Br10O,JVASP-31871,proton,250.0,0.0016941,Ta2Te4Br10O_JVASP-31871_p_srniel.csv
Ta2Te4Br10O,JVASP-31871,proton,300.0,0.0016643,Ta2Te4Br10O_JVASP-31871_p_srniel.csv
Ta2Te4Br10O,JVASP-31871,proton,350.0,0.0016661,Ta2Te4Br10O_JVASP-31871_p_srniel.csv
Ta2Te4Br10O,JVASP-31871,proton,400.0,0.0016865,Ta2Te4Br10O_JVASP-31871_p_srniel.csv
Ta2Te4Br10O,JVASP-31871,proton,450.0,0.0017155,Ta2Te4Br10O_JVASP-31871_p_srniel.csv
Ta2Te4Br10O,JVASP-31871,proton,500.0,0.0017463,Ta2Te4Br10O_JVASP-31871_p_srniel.csv
Ta2Te4Br10O,JVASP-31871,proton,550.0,0.0017752,Ta2Te4Br10O_JVASP-31871_p_srniel.csv
Ta2Te4Br10O,JVASP-31871,proton,600.0,0.0018005,Ta2Te4Br10O_JVASP-31871_p_srniel.csv
Ta2Te4Br10O,JVASP-31871,proton,650.0,0.0018219,Ta2Te4Br10O_JVASP-31871_p_srniel.csv
Ta2Te4Br10O,JVASP-31871,proton,700.0,0.0018394,Ta2Te4Br10O_JVASP-31871_p_srniel.csv
Ta2Te4Br10O,JVASP-31871,proton,750.0,0.0018534,Ta2Te4Br10O_JVASP-31871_p_srniel.csv
Ta2Te4Br10O,JVASP-31871,proton,800.0,0.0018639,Ta2Te4Br10O_JVASP-31871_p_srniel.csv
Ta2Te4Br10O,JVASP-31871,proton,850.0,0.0018708,Ta2Te4Br10O_JVASP-31871_p_srniel.csv
Ta2Te4Br10O,JVASP-31871,proton,900.0,0.0018734,Ta2Te4Br10O_JVASP-31871_p_srniel.csv
Ta2Te4Br10O,JVASP-31871,proton,950.0,0.0018709,Ta2Te4Br10O_JVASP-31871_p_srniel.csv
Ta2Te4Br10O,JVASP-31871,proton,1000.0,0.0018625,Ta2Te4Br10O_JVASP-31871_p_srniel.csv
Te2Mo3WS6,JVASP-28699,electron,0.04,0.0,Te2Mo3WS6_JVASP-28699_e_srniel.csv
Te2Mo3WS6,JVASP-28699,electron,0.045,0.0,Te2Mo3WS6_JVASP-28699_e_srniel.csv
Te2Mo3WS6,JVASP-28699,electron,0.05,0.0,Te2Mo3WS6_JVASP-28699_e_srniel.csv
Te2Mo3WS6,JVASP-28699,electron,0.055,0.0,Te2Mo3WS6_JVASP-28699_e_srniel.csv
Te2Mo3WS6,JVASP-28699,electron,0.06,0.0,Te2Mo3WS6_JVASP-28699_e_srniel.csv
Te2Mo3WS6,JVASP-28699,electron,0.065,0.0,Te2Mo3WS6_JVASP-28699_e_srniel.csv
Te2Mo3WS6,JVASP-28699,electron,0.07,0.0,Te2Mo3WS6_JVASP-28699_e_srniel.csv
Te2Mo3WS6,JVASP-28699,electron,0.075,0.0,Te2Mo3WS6_JVASP-28699_e_srniel.csv
Te2Mo3WS6,JVASP-28699,electron,0.08,0.0,Te2Mo3WS6_JVASP-28699_e_srniel.csv
Te2Mo3WS6,JVASP-28699,electron,0.085,0.0,Te2Mo3WS6_JVASP-28699_e_srniel.csv
Te2Mo3WS6,JVASP-28699,electron,0.09,0.0,Te2Mo3WS6_JVASP-28699_e_srniel.csv
Te2Mo3WS6,JVASP-28699,electron,0.095,0.0,Te2Mo3WS6_JVASP-28699_e_srniel.csv
Te2Mo3WS6,JVASP-28699,electron,0.1,0.0,Te2Mo3WS6_JVASP-28699_e_srniel.csv
Te2Mo3WS6,JVASP-28699,electron,0.15,3.0417e-06,Te2Mo3WS6_JVASP-28699_e_srniel.csv
Te2Mo3WS6,JVASP-28699,electron,0.2,4.4362e-06,Te2Mo3WS6_JVASP-28699_e_srniel.csv
Te2Mo3WS6,JVASP-28699,electron,0.25,5.2633e-06,Te2Mo3WS6_JVASP-28699_e_srniel.csv
Te2Mo3WS6,JVASP-28699,electron,0.3,6.6822e-06,Te2Mo3WS6_JVASP-28699_e_srniel.csv
Te2Mo3WS6,JVASP-28699,electron,0.35,7.9773e-06,Te2Mo3WS6_JVASP-28699_e_srniel.csv
Te2Mo3WS6,JVASP-28699,electron,0.4,9.1119e-06,Te2Mo3WS6_JVASP-28699_e_srniel.csv
Te2Mo3WS6,JVASP-28699,electron,0.45,1.013e-05,Te2Mo3WS6_JVASP-28699_e_srniel.csv
Te2Mo3WS6,JVASP-28699,electron,0.5,1.1059e-05,Te2Mo3WS6_JVASP-28699_e_srniel.csv
Te2Mo3WS6,JVASP-28699,electron,0.55,1.1916e-05,Te2Mo3WS6_JVASP-28699_e_srniel.csv
Te2Mo3WS6,JVASP-28699,electron,0.6,1.2713e-05,Te2Mo3WS6_JVASP-28699_e_srniel.csv
Te2Mo3WS6,JVASP-28699,electron,0.65,1.346e-05,Te2Mo3WS6_JVASP-28699_e_srniel.csv
Te2Mo3WS6,JVASP-28699,electron,0.7,1.4164e-05,Te2Mo3WS6_JVASP-28699_e_srniel.csv
Te2Mo3WS6,JVASP-28699,electron,0.75,1.4829e-05,Te2Mo3WS6_JVASP-28699_e_srniel.csv
Te2Mo3WS6,JVASP-28699,electron,0.8,1.5461e-05,Te2Mo3WS6_JVASP-28699_e_srniel.csv
Te2Mo3WS6,JVASP-28699,electron,0.85,1.6159e-05,Te2Mo3WS6_JVASP-28699_e_srniel.csv
Te2Mo3WS6,JVASP-28699,electron,0.9,1.6882e-05,Te2Mo3WS6_JVASP-28699_e_srniel.csv
Te2Mo3WS6,JVASP-28699,electron,0.95,1.7612e-05,Te2Mo3WS6_JVASP-28699_e_srniel.csv
Te2Mo3WS6,JVASP-28699,electron,1.0,1.8341e-05,Te2Mo3WS6_JVASP-28699_e_srniel.csv
Te2Mo3WS6,JVASP-28699,electron,1.5,2.5134e-05,Te2Mo3WS6_JVASP-28699_e_srniel.csv
Te2Mo3WS6,JVASP-28699,electron,2.0,3.1087e-05,Te2Mo3WS6_JVASP-28699_e_srniel.csv
Te2Mo3WS6,JVASP-28699,electron,2.5,3.6922e-05,Te2Mo3WS6_JVASP-28699_e_srniel.csv
Te2Mo3WS6,JVASP-28699,electron,3.0,4.2061e-05,Te2Mo3WS6_JVASP-28699_e_srniel.csv
Te2Mo3WS6,JVASP-28699,electron,3.5,4.6497e-05,Te2Mo3WS6_JVASP-28699_e_srniel.csv
Te2Mo3WS6,JVASP-28699,electron,4.0,5.0344e-05,Te2Mo3WS6_JVASP-28699_e_srniel.csv
Te2Mo3WS6,JVASP-28699,electron,4.5,5.3715e-05,Te2Mo3WS6_JVASP-28699_e_srniel.csv
Te2Mo3WS6,JVASP-28699,electron,5.0,5.67e-05,Te2Mo3WS6_JVASP-28699_e_srniel.csv
Te2Mo3WS6,JVASP-28699,electron,5.5,5.937e-05,Te2Mo3WS6_JVASP-28699_e_srniel.csv
Te2Mo3WS6,JVASP-28699,electron,6.0,6.1778e-05,Te2Mo3WS6_JVASP-28699_e_srniel.csv
Te2Mo3WS6,JVASP-28699,electron,6.5,6.3966e-05,Te2Mo3WS6_JVASP-28699_e_srniel.csv
Te2Mo3WS6,JVASP-28699,electron,7.0,6.5968e-05,Te2Mo3WS6_JVASP-28699_e_srniel.csv
Te2Mo3WS6,JVASP-28699,electron,7.5,6.7809e-05,Te2Mo3WS6_JVASP-28699_e_srniel.csv
Te2Mo3WS6,JVASP-28699,electron,8.0,6.9511e-05,Te2Mo3WS6_JVASP-28699_e_srniel.csv
Te2Mo3WS6,JVASP-28699,electron,8.5,7.1091e-05,Te2Mo3WS6_JVASP-28699_e_srniel.csv
Te2Mo3WS6,JVASP-28699,electron,9.0,7.2563e-05,Te2Mo3WS6_JVASP-28699_e_srniel.csv
Te2Mo3WS6,JVASP-28699,electron,9.5,7.394e-05,Te2Mo3WS6_JVASP-28699_e_srniel.csv
Te2Mo3WS6,JVASP-28699,electron,10.0,7.523e-05,Te2Mo3WS6_JVASP-28699_e_srniel.csv
Te2Mo3WS6,JVASP-28699,electron,15.0,8.4835e-05,Te2Mo3WS6_JVASP-28699_e_srniel.csv
Te2Mo3WS6,JVASP-28699,electron,20.0,9.0823e-05,Te2Mo3WS6_JVASP-28699_e_srniel.csv
Te2Mo3WS6,JVASP-28699,electron,25.0,9.4826e-05,Te2Mo3WS6_JVASP-28699_e_srniel.csv
Te2Mo3WS6,JVASP-28699,electron,30.0,9.7577e-05,Te2Mo3WS6_JVASP-28699_e_srniel.csv
Te2Mo3WS6,JVASP-28699,electron,35.0,9.9484e-05,Te2Mo3WS6_JVASP-28699_e_srniel.csv
Te2Mo3WS6,JVASP-28699,electron,40.0,0.0001008,Te2Mo3WS6_JVASP-28699_e_srniel.csv
Te2Mo3WS6,JVASP-28699,electron,45.0,0.00010169,Te2Mo3WS6_JVASP-28699_e_srniel.csv
Te2Mo3WS6,JVASP-28699,electron,50.0,0.00010229,Te2Mo3WS6_JVASP-28699_e_srniel.csv
Te2Mo3WS6,JVASP-28699,electron,55.0,0.00010266,Te2Mo3WS6_JVASP-28699_e_srniel.csv
Te2Mo3WS6,JVASP-28699,electron,60.0,0.00010288,Te2Mo3WS6_JVASP-28699_e_srniel.csv
Te2Mo3WS6,JVASP-28699,electron,65.0,0.00010298,Te2Mo3WS6_JVASP-28699_e_srniel.csv
Te2Mo3WS6,JVASP-28699,electron,70.0,0.000103,Te2Mo3WS6_JVASP-28699_e_srniel.csv
Te2Mo3WS6,JVASP-28699,electron,75.0,0.00010296,Te2Mo3WS6_JVASP-28699_e_srniel.csv
Te2Mo3WS6,JVASP-28699,electron,80.0,0.00010289,Te2Mo3WS6_JVASP-28699_e_srniel.csv
Te2Mo3WS6,JVASP-28699,electron,85.0,0.00010279,Te2Mo3WS6_JVASP-28699_e_srniel.csv
Te2Mo3WS6,JVASP-28699,electron,90.0,0.00010267,Te2Mo3WS6_JVASP-28699_e_srniel.csv
Te2Mo3WS6,JVASP-28699,electron,95.0,0.00010253,Te2Mo3WS6_JVASP-28699_e_srniel.csv
Te2Mo3WS6,JVASP-28699,electron,100.0,0.0001024,Te2Mo3WS6_JVASP-28699_e_srniel.csv
Te2Mo3WS6,JVASP-28699,proton,0.0001,0.40838,Te2Mo3WS6_JVASP-28699_p_srniel.csv
Te2Mo3WS6,JVASP-28699,proton,0.00015,0.72956,Te2Mo3WS6_JVASP-28699_p_srniel.csv
Te2Mo3WS6,JVASP-28699,proton,0.0002,0.9432,Te2Mo3WS6_JVASP-28699_p_srniel.csv
Te2Mo3WS6,JVASP-28699,proton,0.00025,1.1074,Te2Mo3WS6_JVASP-28699_p_srniel.csv
Te2Mo3WS6,JVASP-28699,proton,0.0003,1.2249,Te2Mo3WS6_JVASP-28699_p_srniel.csv
Te2Mo3WS6,JVASP-28699,proton,0.00035,1.3121,Te2Mo3WS6_JVASP-28699_p_srniel.csv
Te2Mo3WS6,JVASP-28699,proton,0.0004,1.3783,Te2Mo3WS6_JVASP-28699_p_srniel.csv
Te2Mo3WS6,JVASP-28699,proton,0.00045,1.4293,Te2Mo3WS6_JVASP-28699_p_srniel.csv
Te2Mo3WS6,JVASP-28699,proton,0.0005,1.4689,Te2Mo3WS6_JVASP-28699_p_srniel.csv
Te2Mo3WS6,JVASP-28699,proton,0.00055,1.4999,Te2Mo3WS6_JVASP-28699_p_srniel.csv
Te2Mo3WS6,JVASP-28699,proton,0.0006,1.5242,Te2Mo3WS6_JVASP-28699_p_srniel.csv
Te2Mo3WS6,JVASP-28699,proton,0.00065,1.5431,Te2Mo3WS6_JVASP-28699_p_srniel.csv
Te2Mo3WS6,JVASP-28699,proton,0.0007,1.5577,Te2Mo3WS6_JVASP-28699_p_srniel.csv
Te2Mo3WS6,JVASP-28699,proton,0.00075,1.5687,Te2Mo3WS6_JVASP-28699_p_srniel.csv
Te2Mo3WS6,JVASP-28699,proton,0.0008,1.5769,Te2Mo3WS6_JVASP-28699_p_srniel.csv
Te2Mo3WS6,JVASP-28699,proton,0.00085,1.6028,Te2Mo3WS6_JVASP-28699_p_srniel.csv
Te2Mo3WS6,JVASP-28699,proton,0.0009,1.6257,Te2Mo3WS6_JVASP-28699_p_srniel.csv
Te2Mo3WS6,JVASP-28699,proton,0.00095,1.6454,Te2Mo3WS6_JVASP-28699_p_srniel.csv
Te2Mo3WS6,JVASP-28699,proton,0.001,1.6622,Te2Mo3WS6_JVASP-28699_p_srniel.csv
Te2Mo3WS6,JVASP-28699,proton,0.0015,1.7343,Te2Mo3WS6_JVASP-28699_p_srniel.csv
Te2Mo3WS6,JVASP-28699,proton,0.002,1.7255,Te2Mo3WS6_JVASP-28699_p_srniel.csv
Te2Mo3WS6,JVASP-28699,proton,0.0025,1.6891,Te2Mo3WS6_JVASP-28699_p_srniel.csv
Te2Mo3WS6,JVASP-28699,proton,0.003,1.6569,Te2Mo3WS6_JVASP-28699_p_srniel.csv
Te2Mo3WS6,JVASP-28699,proton,0.0035,1.6193,Te2Mo3WS6_JVASP-28699_p_srniel.csv
Te2Mo3WS6,JVASP-28699,proton,0.004,1.5793,Te2Mo3WS6_JVASP-28699_p_srniel.csv
Te2Mo3WS6,JVASP-28699,proton,0.0045,1.5391,Te2Mo3WS6_JVASP-28699_p_srniel.csv
Te2Mo3WS6,JVASP-28699,proton,0.005,1.4997,Te2Mo3WS6_JVASP-28699_p_srniel.csv
Te2Mo3WS6,JVASP-28699,proton,0.0055,1.4616,Te2Mo3WS6_JVASP-28699_p_srniel.csv
Te2Mo3WS6,JVASP-28699,proton,0.006,1.4251,Te2Mo3WS6_JVASP-28699_p_srniel.csv
Te2Mo3WS6,JVASP-28699,proton,0.0065,1.3902,Te2Mo3WS6_JVASP-28699_p_srniel.csv
Te2Mo3WS6,JVASP-28699,proton,0.007,1.357,Te2Mo3WS6_JVASP-28699_p_srniel.csv
Te2Mo3WS6,JVASP-28699,proton,0.0075,1.3254,Te2Mo3WS6_JVASP-28699_p_srniel.csv
Te2Mo3WS6,JVASP-28699,proton,0.008,1.2953,Te2Mo3WS6_JVASP-28699_p_srniel.csv
Te2Mo3WS6,JVASP-28699,proton,0.0085,1.2666,Te2Mo3WS6_JVASP-28699_p_srniel.csv
Te2Mo3WS6,JVASP-28699,proton,0.009,1.2394,Te2Mo3WS6_JVASP-28699_p_srniel.csv
Te2Mo3WS6,JVASP-28699,proton,0.0095,1.2134,Te2Mo3WS6_JVASP-28699_p_srniel.csv
Te2Mo3WS6,JVASP-28699,proton,0.01,1.1886,Te2Mo3WS6_JVASP-28699_p_srniel.csv
Te2Mo3WS6,JVASP-28699,proton,0.015,0.99205,Te2Mo3WS6_JVASP-28699_p_srniel.csv
Te2Mo3WS6,JVASP-28699,proton,0.02,0.85743,Te2Mo3WS6_JVASP-28699_p_srniel.csv
Te2Mo3WS6,JVASP-28699,proton,0.025,0.75872,Te2Mo3WS6_JVASP-28699_p_srniel.csv
Te2Mo3WS6,JVASP-28699,proton,0.03,0.68276,Te2Mo3WS6_JVASP-28699_p_srniel.csv
Te2Mo3WS6,JVASP-28699,proton,0.035,0.62224,Te2Mo3WS6_JVASP-28699_p_srniel.csv
Te2Mo3WS6,JVASP-28699,proton,0.04,0.57269,Te2Mo3WS6_JVASP-28699_p_srniel.csv
Te2Mo3WS6,JVASP-28699,proton,0.045,0.53127,Te2Mo3WS6_JVASP-28699_p_srniel.csv
Te2Mo3WS6,JVASP-28699,proton,0.05,0.49605,Te2Mo3WS6_JVASP-28699_p_srniel.csv
Te2Mo3WS6,JVASP-28699,proton,0.055,0.46569,Te2Mo3WS6_JVASP-28699_p_srniel.csv
Te2Mo3WS6,JVASP-28699,proton,0.06,0.4392,Te2Mo3WS6_JVASP-28699_p_srniel.csv
Te2Mo3WS6,JVASP-28699,proton,0.065,0.41586,Te2Mo3WS6_JVASP-28699_p_srniel.csv
Te2Mo3WS6,JVASP-28699,proton,0.07,0.39512,Te2Mo3WS6_JVASP-28699_p_srniel.csv
Te2Mo3WS6,JVASP-28699,proton,0.075,0.37655,Te2Mo3WS6_JVASP-28699_p_srniel.csv
Te2Mo3WS6,JVASP-28699,proton,0.08,0.35982,Te2Mo3WS6_JVASP-28699_p_srniel.csv
Te2Mo3WS6,JVASP-28699,proton,0.085,0.34465,Te2Mo3WS6_JVASP-28699_p_srniel.csv
Te2Mo3WS6,JVASP-28699,proton,0.09,0.33083,Te2Mo3WS6_JVASP-28699_p_srniel.csv
Te2Mo3WS6,JVASP-28699,proton,0.095,0.31817,Te2Mo3WS6_JVASP-28699_p_srniel.csv
Te2Mo3WS6,JVASP-28699,proton,0.1,0.30654,Te2Mo3WS6_JVASP-28699_p_srniel.csv
Te2Mo3WS6,JVASP-28699,proton,0.15,0.22667,Te2Mo3WS6_JVASP-28699_p_srniel.csv
Te2Mo3WS6,JVASP-28699,proton,0.2,0.18185,Te2Mo3WS6_JVASP-28699_p_srniel.csv
Te2Mo3WS6,JVASP-28699,proton,0.25,0.15282,Te2Mo3WS6_JVASP-28699_p_srniel.csv
Te2Mo3WS6,JVASP-28699,proton,0.3,0.13231,Te2Mo3WS6_JVASP-28699_p_srniel.csv
Te2Mo3WS6,JVASP-28699,proton,0.35,0.11691,Te2Mo3WS6_JVASP-28699_p_srniel.csv
Te2Mo3WS6,JVASP-28699,proton,0.4,0.10466,Te2Mo3WS6_JVASP-28699_p_srniel.csv
Te2Mo3WS6,JVASP-28699,proton,0.45,0.094933,Te2Mo3WS6_JVASP-28699_p_srniel.csv
Te2Mo3WS6,JVASP-28699,proton,0.5,0.086983,Te2Mo3WS6_JVASP-28699_p_srniel.csv
Te2Mo3WS6,JVASP-28699,proton,0.55,0.080356,Te2Mo3WS6_JVASP-28699_p_srniel.csv
Te2Mo3WS6,JVASP-28699,proton,0.6,0.07474,Te2Mo3WS6_JVASP-28699_p_srniel.csv
Te2Mo3WS6,JVASP-28699,proton,0.65,0.069907,Te2Mo3WS6_JVASP-28699_p_srniel.csv
Te2Mo3WS6,JVASP-28699,proton,0.7,0.065705,Te2Mo3WS6_JVASP-28699_p_srniel.csv
Te2Mo3WS6,JVASP-28699,proton,0.75,0.06202,Te2Mo3WS6_JVASP-28699_p_srniel.csv
Te2Mo3WS6,JVASP-28699,proton,0.8,0.058759,Te2Mo3WS6_JVASP-28699_p_srniel.csv
Te2Mo3WS6,JVASP-28699,proton,0.85,0.055851,Te2Mo3WS6_JVASP-28699_p_srniel.csv
Te2Mo3WS6,JVASP-28699,proton,0.9,0.0532,Te2Mo3WS6_JVASP-28699_p_srniel.csv
Te2Mo3WS6,JVASP-28699,proton,0.95,0.050793,Te2Mo3WS6_JVASP-28699_p_srniel.csv
Te2Mo3WS6,JVASP-28699,proton,1.0,0.048609,Te2Mo3WS6_JVASP-28699_p_srniel.csv
Te2Mo3WS6,JVASP-28699,proton,1.5,0.034033,Te2Mo3WS6_JVASP-28699_p_srniel.csv
Te2Mo3WS6,JVASP-28699,proton,2.0,0.026301,Te2Mo3WS6_JVASP-28699_p_srniel.csv
Te2Mo3WS6,JVASP-28699,proton,2.5,0.021489,Te2Mo3WS6_JVASP-28699_p_srniel.csv
Te2Mo3WS6,JVASP-28699,proton,3.0,0.018212,Te2Mo3WS6_JVASP-28699_p_srniel.csv
Te2Mo3WS6,JVASP-28699,proton,3.5,0.01587,Te2Mo3WS6_JVASP-28699_p_srniel.csv
Te2Mo3WS6,JVASP-28699,proton,4.0,0.014122,Te2Mo3WS6_JVASP-28699_p_srniel.csv
Te2Mo3WS6,JVASP-28699,proton,4.5,0.01275,Te2Mo3WS6_JVASP-28699_p_srniel.csv
Te2Mo3WS6,JVASP-28699,proton,5.0,0.01164,Te2Mo3WS6_JVASP-28699_p_srniel.csv
Te2Mo3WS6,JVASP-28699,proton,5.5,0.010728,Te2Mo3WS6_JVASP-28699_p_srniel.csv
Te2Mo3WS6,JVASP-28699,proton,6.0,0.009972,Te2Mo3WS6_JVASP-28699_p_srniel.csv
Te2Mo3WS6,JVASP-28699,proton,6.5,0.0093374,Te2Mo3WS6_JVASP-28699_p_srniel.csv
Te2Mo3WS6,JVASP-28699,proton,7.0,0.0087935,Te2Mo3WS6_JVASP-28699_p_srniel.csv
Te2Mo3WS6,JVASP-28699,proton,7.5,0.0083197,Te2Mo3WS6_JVASP-28699_p_srniel.csv
Te2Mo3WS6,JVASP-28699,proton,8.0,0.0079029,Te2Mo3WS6_JVASP-28699_p_srniel.csv
Te2Mo3WS6,JVASP-28699,proton,8.5,0.0075338,Te2Mo3WS6_JVASP-28699_p_srniel.csv
Te2Mo3WS6,JVASP-28699,proton,9.0,0.0072053,Te2Mo3WS6_JVASP-28699_p_srniel.csv
Te2Mo3WS6,JVASP-28699,proton,9.5,0.0069115,Te2Mo3WS6_JVASP-28699_p_srniel.csv
Te2Mo3WS6,JVASP-28699,proton,10.0,0.0066474,Te2Mo3WS6_JVASP-28699_p_srniel.csv
Te2Mo3WS6,JVASP-28699,proton,15.0,0.0049994,Te2Mo3WS6_JVASP-28699_p_srniel.csv
Te2Mo3WS6,JVASP-28699,proton,20.0,0.0041915,Te2Mo3WS6_JVASP-28699_p_srniel.csv
Te2Mo3WS6,JVASP-28699,proton,25.0,0.0037035,Te2Mo3WS6_JVASP-28699_p_srniel.csv
Te2Mo3WS6,JVASP-28699,proton,30.0,0.0033708,Te2Mo3WS6_JVASP-28699_p_srniel.csv
Te2Mo3WS6,JVASP-28699,proton,35.0,0.0031255,Te2Mo3WS6_JVASP-28699_p_srniel.csv
Te2Mo3WS6,JVASP-28699,proton,40.0,0.0029348,Te2Mo3WS6_JVASP-28699_p_srniel.csv
Te2Mo3WS6,JVASP-28699,proton,45.0,0.0027812,Te2Mo3WS6_JVASP-28699_p_srniel.csv
Te2Mo3WS6,JVASP-28699,proton,50.0,0.0026546,Te2Mo3WS6_JVASP-28699_p_srniel.csv
Te2Mo3WS6,JVASP-28699,proton,55.0,0.0025485,Te2Mo3WS6_JVASP-28699_p_srniel.csv
Te2Mo3WS6,JVASP-28699,proton,60.0,0.0024582,Te2Mo3WS6_JVASP-28699_p_srniel.csv
Te2Mo3WS6,JVASP-28699,proton,65.0,0.0023806,Te2Mo3WS6_JVASP-28699_p_srniel.csv
Te2Mo3WS6,JVASP-28699,proton,70.0,0.0023132,Te2Mo3WS6_JVASP-28699_p_srniel.csv
Te2Mo3WS6,JVASP-28699,proton,75.0,0.0022541,Te2Mo3WS6_JVASP-28699_p_srniel.csv
Te2Mo3WS6,JVASP-28699,proton,80.0,0.0022018,Te2Mo3WS6_JVASP-28699_p_srniel.csv
Te2Mo3WS6,JVASP-28699,proton,85.0,0.0021552,Te2Mo3WS6_JVASP-28699_p_srniel.csv
Te2Mo3WS6,JVASP-28699,proton,90.0,0.0021132,Te2Mo3WS6_JVASP-28699_p_srniel.csv
Te2Mo3WS6,JVASP-28699,proton,95.0,0.0020752,Te2Mo3WS6_JVASP-28699_p_srniel.csv
Te2Mo3WS6,JVASP-28699,proton,100.0,0.0020405,Te2Mo3WS6_JVASP-28699_p_srniel.csv
Te2Mo3WS6,JVASP-28699,proton,150.0,0.0018004,Te2Mo3WS6_JVASP-28699_p_srniel.csv
Te2Mo3WS6,JVASP-28699,proton,200.0,0.001661,Te2Mo3WS6_JVASP-28699_p_srniel.csv
Te2Mo3WS6,JVASP-28699,proton,250.0,0.001585,Te2Mo3WS6_JVASP-28699_p_srniel.csv
Te2Mo3WS6,JVASP-28699,proton,300.0,0.0015557,Te2Mo3WS6_JVASP-28699_p_srniel.csv
Te2Mo3WS6,JVASP-28699,proton,350.0,0.001557,Te2Mo3WS6_JVASP-28699_p_srniel.csv
Te2Mo3WS6,JVASP-28699,proton,400.0,0.0015759,Te2Mo3WS6_JVASP-28699_p_srniel.csv
Te2Mo3WS6,JVASP-28699,proton,450.0,0.0016029,Te2Mo3WS6_JVASP-28699_p_srniel.csv
Te2Mo3WS6,JVASP-28699,proton,500.0,0.0016318,Te2Mo3WS6_JVASP-28699_p_srniel.csv
Te2Mo3WS6,JVASP-28699,proton,550.0,0.0016594,Te2Mo3WS6_JVASP-28699_p_srniel.csv
Te2Mo3WS6,JVASP-28699,proton,600.0,0.0016841,Te2Mo3WS6_JVASP-28699_p_srniel.csv
Te2Mo3WS6,JVASP-28699,proton,650.0,0.0017059,Te2Mo3WS6_JVASP-28699_p_srniel.csv
Te2Mo3WS6,JVASP-28699,proton,700.0,0.0017253,Te2Mo3WS6_JVASP-28699_p_srniel.csv
Te2Mo3WS6,JVASP-28699,proton,750.0,0.0017424,Te2Mo3WS6_JVASP-28699_p_srniel.csv
Te2Mo3WS6,JVASP-28699,proton,800.0,0.0017573,Te2Mo3WS6_JVASP-28699_p_srniel.csv
Te2Mo3WS6,JVASP-28699,proton,850.0,0.0017692,Te2Mo3WS6_JVASP-28699_p_srniel.csv
Te2Mo3WS6,JVASP-28699,proton,900.0,0.0017766,Te2Mo3WS6_JVASP-28699_p_srniel.csv
Te2Mo3WS6,JVASP-28699,proton,950.0,0.0017774,Te2Mo3WS6_JVASP-28699_p_srniel.csv
Te2Mo3WS6,JVASP-28699,proton,1000.0,0.001769,Te2Mo3WS6_JVASP-28699_p_srniel.csv
TeMoWSe3,JVASP-28952,electron,0.04,0.0,TeMoWSe3_JVASP-28952_e_srniel.csv
TeMoWSe3,JVASP-28952,electron,0.045,0.0,TeMoWSe3_JVASP-28952_e_srniel.csv
TeMoWSe3,JVASP-28952,electron,0.05,0.0,TeMoWSe3_JVASP-28952_e_srniel.csv
TeMoWSe3,JVASP-28952,electron,0.055,0.0,TeMoWSe3_JVASP-28952_e_srniel.csv
TeMoWSe3,JVASP-28952,electron,0.06,0.0,TeMoWSe3_JVASP-28952_e_srniel.csv
TeMoWSe3,JVASP-28952,electron,0.065,0.0,TeMoWSe3_JVASP-28952_e_srniel.csv
TeMoWSe3,JVASP-28952,electron,0.07,0.0,TeMoWSe3_JVASP-28952_e_srniel.csv
TeMoWSe3,JVASP-28952,electron,0.075,0.0,TeMoWSe3_JVASP-28952_e_srniel.csv
TeMoWSe3,JVASP-28952,electron,0.08,0.0,TeMoWSe3_JVASP-28952_e_srniel.csv
TeMoWSe3,JVASP-28952,electron,0.085,0.0,TeMoWSe3_JVASP-28952_e_srniel.csv
TeMoWSe3,JVASP-28952,electron,0.09,0.0,TeMoWSe3_JVASP-28952_e_srniel.csv
TeMoWSe3,JVASP-28952,electron,0.095,0.0,TeMoWSe3_JVASP-28952_e_srniel.csv
TeMoWSe3,JVASP-28952,electron,0.1,0.0,TeMoWSe3_JVASP-28952_e_srniel.csv
TeMoWSe3,JVASP-28952,electron,0.15,0.0,TeMoWSe3_JVASP-28952_e_srniel.csv
TeMoWSe3,JVASP-28952,electron,0.2,0.0,TeMoWSe3_JVASP-28952_e_srniel.csv
TeMoWSe3,JVASP-28952,electron,0.25,8.8676e-07,TeMoWSe3_JVASP-28952_e_srniel.csv
TeMoWSe3,JVASP-28952,electron,0.3,2.6649e-06,TeMoWSe3_JVASP-28952_e_srniel.csv
TeMoWSe3,JVASP-28952,electron,0.35,4.2315e-06,TeMoWSe3_JVASP-28952_e_srniel.csv
TeMoWSe3,JVASP-28952,electron,0.4,5.595e-06,TeMoWSe3_JVASP-28952_e_srniel.csv
TeMoWSe3,JVASP-28952,electron,0.45,6.8098e-06,TeMoWSe3_JVASP-28952_e_srniel.csv
TeMoWSe3,JVASP-28952,electron,0.5,7.9101e-06,TeMoWSe3_JVASP-28952_e_srniel.csv
TeMoWSe3,JVASP-28952,electron,0.55,8.919e-06,TeMoWSe3_JVASP-28952_e_srniel.csv
TeMoWSe3,JVASP-28952,electron,0.6,9.8526e-06,TeMoWSe3_JVASP-28952_e_srniel.csv
TeMoWSe3,JVASP-28952,electron,0.65,1.0723e-05,TeMoWSe3_JVASP-28952_e_srniel.csv
TeMoWSe3,JVASP-28952,electron,0.7,1.1538e-05,TeMoWSe3_JVASP-28952_e_srniel.csv
TeMoWSe3,JVASP-28952,electron,0.75,1.2306e-05,TeMoWSe3_JVASP-28952_e_srniel.csv
TeMoWSe3,JVASP-28952,electron,0.8,1.3033e-05,TeMoWSe3_JVASP-28952_e_srniel.csv
TeMoWSe3,JVASP-28952,electron,0.85,1.3768e-05,TeMoWSe3_JVASP-28952_e_srniel.csv
TeMoWSe3,JVASP-28952,electron,0.9,1.4495e-05,TeMoWSe3_JVASP-28952_e_srniel.csv
TeMoWSe3,JVASP-28952,electron,0.95,1.5206e-05,TeMoWSe3_JVASP-28952_e_srniel.csv
TeMoWSe3,JVASP-28952,electron,1.0,1.5901e-05,TeMoWSe3_JVASP-28952_e_srniel.csv
TeMoWSe3,JVASP-28952,electron,1.5,2.1959e-05,TeMoWSe3_JVASP-28952_e_srniel.csv
TeMoWSe3,JVASP-28952,electron,2.0,2.7231e-05,TeMoWSe3_JVASP-28952_e_srniel.csv
TeMoWSe3,JVASP-28952,electron,2.5,3.2859e-05,TeMoWSe3_JVASP-28952_e_srniel.csv
TeMoWSe3,JVASP-28952,electron,3.0,3.7914e-05,TeMoWSe3_JVASP-28952_e_srniel.csv
TeMoWSe3,JVASP-28952,electron,3.5,4.2288e-05,TeMoWSe3_JVASP-28952_e_srniel.csv
TeMoWSe3,JVASP-28952,electron,4.0,4.6074e-05,TeMoWSe3_JVASP-28952_e_srniel.csv
TeMoWSe3,JVASP-28952,electron,4.5,4.9378e-05,TeMoWSe3_JVASP-28952_e_srniel.csv
TeMoWSe3,JVASP-28952,electron,5.0,5.2293e-05,TeMoWSe3_JVASP-28952_e_srniel.csv
TeMoWSe3,JVASP-28952,electron,5.5,5.489e-05,TeMoWSe3_JVASP-28952_e_srniel.csv
TeMoWSe3,JVASP-28952,electron,6.0,5.7224e-05,TeMoWSe3_JVASP-28952_e_srniel.csv
TeMoWSe3,JVASP-28952,electron,6.5,5.9338e-05,TeMoWSe3_JVASP-28952_e_srniel.csv
TeMoWSe3,JVASP-28952,electron,7.0,6.1266e-05,TeMoWSe3_JVASP-28952_e_srniel.csv
TeMoWSe3,JVASP-28952,electron,7.5,6.3035e-05,TeMoWSe3_JVASP-28952_e_srniel.csv
TeMoWSe3,JVASP-28952,electron,8.0,6.4666e-05,TeMoWSe3_JVASP-28952_e_srniel.csv
TeMoWSe3,JVASP-28952,electron,8.5,6.6177e-05,TeMoWSe3_JVASP-28952_e_srniel.csv
TeMoWSe3,JVASP-28952,electron,9.0,6.7582e-05,TeMoWSe3_JVASP-28952_e_srniel.csv
TeMoWSe3,JVASP-28952,electron,9.5,6.8893e-05,TeMoWSe3_JVASP-28952_e_srniel.csv
TeMoWSe3,JVASP-28952,electron,10.0,7.0121e-05,TeMoWSe3_JVASP-28952_e_srniel.csv
TeMoWSe3,JVASP-28952,electron,15.0,7.9179e-05,TeMoWSe3_JVASP-28952_e_srniel.csv
TeMoWSe3,JVASP-28952,electron,20.0,8.4743e-05,TeMoWSe3_JVASP-28952_e_srniel.csv
TeMoWSe3,JVASP-28952,electron,25.0,8.8396e-05,TeMoWSe3_JVASP-28952_e_srniel.csv
TeMoWSe3,JVASP-28952,electron,30.0,9.085e-05,TeMoWSe3_JVASP-28952_e_srniel.csv
TeMoWSe3,JVASP-28952,electron,35.0,9.25e-05,TeMoWSe3_JVASP-28952_e_srniel.csv
TeMoWSe3,JVASP-28952,electron,40.0,9.359e-05,TeMoWSe3_JVASP-28952_e_srniel.csv
TeMoWSe3,JVASP-28952,electron,45.0,9.4287e-05,TeMoWSe3_JVASP-28952_e_srniel.csv
TeMoWSe3,JVASP-28952,electron,50.0,9.4705e-05,TeMoWSe3_JVASP-28952_e_srniel.csv
TeMoWSe3,JVASP-28952,electron,55.0,9.4925e-05,TeMoWSe3_JVASP-28952_e_srniel.csv
TeMoWSe3,JVASP-28952,electron,60.0,9.5006e-05,TeMoWSe3_JVASP-28952_e_srniel.csv
TeMoWSe3,JVASP-28952,electron,65.0,9.499e-05,TeMoWSe3_JVASP-28952_e_srniel.csv
TeMoWSe3,JVASP-28952,electron,70.0,9.4907e-05,TeMoWSe3_JVASP-28952_e_srniel.csv
TeMoWSe3,JVASP-28952,electron,75.0,9.478e-05,TeMoWSe3_JVASP-28952_e_srniel.csv
TeMoWSe3,JVASP-28952,electron,80.0,9.4624e-05,TeMoWSe3_JVASP-28952_e_srniel.csv
TeMoWSe3,JVASP-28952,electron,85.0,9.4449e-05,TeMoWSe3_JVASP-28952_e_srniel.csv
TeMoWSe3,JVASP-28952,electron,90.0,9.4266e-05,TeMoWSe3_JVASP-28952_e_srniel.csv
TeMoWSe3,JVASP-28952,electron,95.0,9.4078e-05,TeMoWSe3_JVASP-28952_e_srniel.csv
TeMoWSe3,JVASP-28952,electron,100.0,9.389e-05,TeMoWSe3_JVASP-28952_e_srniel.csv
TeMoWSe3,JVASP-28952,proton,0.0001,0.0,TeMoWSe3_JVASP-28952_p_srniel.csv
TeMoWSe3,JVASP-28952,proton,0.00015,0.0042276,TeMoWSe3_JVASP-28952_p_srniel.csv
TeMoWSe3,JVASP-28952,proton,0.0002,0.15228,TeMoWSe3_JVASP-28952_p_srniel.csv
TeMoWSe3,JVASP-28952,proton,0.00025,0.27444,TeMoWSe3_JVASP-28952_p_srniel.csv
TeMoWSe3,JVASP-28952,proton,0.0003,0.36805,TeMoWSe3_JVASP-28952_p_srniel.csv
TeMoWSe3,JVASP-28952,proton,0.00035,0.44252,TeMoWSe3_JVASP-28952_p_srniel.csv
TeMoWSe3,JVASP-28952,proton,0.0004,0.50336,TeMoWSe3_JVASP-28952_p_srniel.csv
TeMoWSe3,JVASP-28952,proton,0.00045,0.55404,TeMoWSe3_JVASP-28952_p_srniel.csv
TeMoWSe3,JVASP-28952,proton,0.0005,0.5969,TeMoWSe3_JVASP-28952_p_srniel.csv
TeMoWSe3,JVASP-28952,proton,0.00055,0.63358,TeMoWSe3_JVASP-28952_p_srniel.csv
TeMoWSe3,JVASP-28952,proton,0.0006,0.66528,TeMoWSe3_JVASP-28952_p_srniel.csv
TeMoWSe3,JVASP-28952,proton,0.00065,0.6929,TeMoWSe3_JVASP-28952_p_srniel.csv
TeMoWSe3,JVASP-28952,proton,0.0007,0.7171,TeMoWSe3_JVASP-28952_p_srniel.csv
TeMoWSe3,JVASP-28952,proton,0.00075,0.73843,TeMoWSe3_JVASP-28952_p_srniel.csv
TeMoWSe3,JVASP-28952,proton,0.0008,0.75732,TeMoWSe3_JVASP-28952_p_srniel.csv
TeMoWSe3,JVASP-28952,proton,0.00085,0.78366,TeMoWSe3_JVASP-28952_p_srniel.csv
TeMoWSe3,JVASP-28952,proton,0.0009,0.80771,TeMoWSe3_JVASP-28952_p_srniel.csv
TeMoWSe3,JVASP-28952,proton,0.00095,0.82939,TeMoWSe3_JVASP-28952_p_srniel.csv
TeMoWSe3,JVASP-28952,proton,0.001,0.849,TeMoWSe3_JVASP-28952_p_srniel.csv
TeMoWSe3,JVASP-28952,proton,0.0015,0.96993,TeMoWSe3_JVASP-28952_p_srniel.csv
TeMoWSe3,JVASP-28952,proton,0.002,1.0185,TeMoWSe3_JVASP-28952_p_srniel.csv
TeMoWSe3,JVASP-28952,proton,0.0025,1.0351,TeMoWSe3_JVASP-28952_p_srniel.csv
TeMoWSe3,JVASP-28952,proton,0.003,1.0553,TeMoWSe3_JVASP-28952_p_srniel.csv
TeMoWSe3,JVASP-28952,proton,0.0035,1.063,TeMoWSe3_JVASP-28952_p_srniel.csv
TeMoWSe3,JVASP-28952,proton,0.004,1.0621,TeMoWSe3_JVASP-28952_p_srniel.csv
TeMoWSe3,JVASP-28952,proton,0.0045,1.0557,TeMoWSe3_JVASP-28952_p_srniel.csv
TeMoWSe3,JVASP-28952,proton,0.005,1.0459,TeMoWSe3_JVASP-28952_p_srniel.csv
TeMoWSe3,JVASP-28952,proton,0.0055,1.034,TeMoWSe3_JVASP-28952_p_srniel.csv
TeMoWSe3,JVASP-28952,proton,0.006,1.0206,TeMoWSe3_JVASP-28952_p_srniel.csv
TeMoWSe3,JVASP-28952,proton,0.0065,1.0065,TeMoWSe3_JVASP-28952_p_srniel.csv
TeMoWSe3,JVASP-28952,proton,0.007,0.9919,TeMoWSe3_JVASP-28952_p_srniel.csv
TeMoWSe3,JVASP-28952,proton,0.0075,0.97713,TeMoWSe3_JVASP-28952_p_srniel.csv
TeMoWSe3,JVASP-28952,proton,0.008,0.96236,TeMoWSe3_JVASP-28952_p_srniel.csv
TeMoWSe3,JVASP-28952,proton,0.0085,0.9477,TeMoWSe3_JVASP-28952_p_srniel.csv
TeMoWSe3,JVASP-28952,proton,0.009,0.93324,TeMoWSe3_JVASP-28952_p_srniel.csv
TeMoWSe3,JVASP-28952,proton,0.0095,0.91904,TeMoWSe3_JVASP-28952_p_srniel.csv
TeMoWSe3,JVASP-28952,proton,0.01,0.90514,TeMoWSe3_JVASP-28952_p_srniel.csv
TeMoWSe3,JVASP-28952,proton,0.015,0.78447,TeMoWSe3_JVASP-28952_p_srniel.csv
TeMoWSe3,JVASP-28952,proton,0.02,0.69308,TeMoWSe3_JVASP-28952_p_srniel.csv
TeMoWSe3,JVASP-28952,proton,0.025,0.62242,TeMoWSe3_JVASP-28952_p_srniel.csv
TeMoWSe3,JVASP-28952,proton,0.03,0.56619,TeMoWSe3_JVASP-28952_p_srniel.csv
TeMoWSe3,JVASP-28952,proton,0.035,0.52032,TeMoWSe3_JVASP-28952_p_srniel.csv
TeMoWSe3,JVASP-28952,proton,0.04,0.4821,TeMoWSe3_JVASP-28952_p_srniel.csv
TeMoWSe3,JVASP-28952,proton,0.045,0.4497,TeMoWSe3_JVASP-28952_p_srniel.csv
TeMoWSe3,JVASP-28952,proton,0.05,0.42185,TeMoWSe3_JVASP-28952_p_srniel.csv
TeMoWSe3,JVASP-28952,proton,0.055,0.39762,TeMoWSe3_JVASP-28952_p_srniel.csv
TeMoWSe3,JVASP-28952,proton,0.06,0.37631,TeMoWSe3_JVASP-28952_p_srniel.csv
TeMoWSe3,JVASP-28952,proton,0.065,0.35741,TeMoWSe3_JVASP-28952_p_srniel.csv
TeMoWSe3,JVASP-28952,proton,0.07,0.34051,TeMoWSe3_JVASP-28952_p_srniel.csv
TeMoWSe3,JVASP-28952,proton,0.075,0.32531,TeMoWSe3_JVASP-28952_p_srniel.csv
TeMoWSe3,JVASP-28952,proton,0.08,0.31154,TeMoWSe3_JVASP-28952_p_srniel.csv
TeMoWSe3,JVASP-28952,proton,0.085,0.29901,TeMoWSe3_JVASP-28952_p_srniel.csv
TeMoWSe3,JVASP-28952,proton,0.09,0.28755,TeMoWSe3_JVASP-28952_p_srniel.csv
TeMoWSe3,JVASP-28952,proton,0.095,0.27703,TeMoWSe3_JVASP-28952_p_srniel.csv
TeMoWSe3,JVASP-28952,proton,0.1,0.26732,TeMoWSe3_JVASP-28952_p_srniel.csv
TeMoWSe3,JVASP-28952,proton,0.15,0.19981,TeMoWSe3_JVASP-28952_p_srniel.csv
TeMoWSe3,JVASP-28952,proton,0.2,0.16109,TeMoWSe3_JVASP-28952_p_srniel.csv
TeMoWSe3,JVASP-28952,proton,0.25,0.1357,TeMoWSe3_JVASP-28952_p_srniel.csv
TeMoWSe3,JVASP-28952,proton,0.3,0.11775,TeMoWSe3_JVASP-28952_p_srniel.csv
TeMoWSe3,JVASP-28952,proton,0.35,0.10431,TeMoWSe3_JVASP-28952_p_srniel.csv
TeMoWSe3,JVASP-28952,proton,0.4,0.093884,TeMoWSe3_JVASP-28952_p_srniel.csv
TeMoWSe3,JVASP-28952,proton,0.45,0.08555,TeMoWSe3_JVASP-28952_p_srniel.csv
TeMoWSe3,JVASP-28952,proton,0.5,0.078711,TeMoWSe3_JVASP-28952_p_srniel.csv
TeMoWSe3,JVASP-28952,proton,0.55,0.072986,TeMoWSe3_JVASP-28952_p_srniel.csv
TeMoWSe3,JVASP-28952,proton,0.6,0.068116,TeMoWSe3_JVASP-28952_p_srniel.csv
TeMoWSe3,JVASP-28952,proton,0.65,0.063906,TeMoWSe3_JVASP-28952_p_srniel.csv
TeMoWSe3,JVASP-28952,proton,0.7,0.060234,TeMoWSe3_JVASP-28952_p_srniel.csv
TeMoWSe3,JVASP-28952,proton,0.75,0.056958,TeMoWSe3_JVASP-28952_p_srniel.csv
TeMoWSe3,JVASP-28952,proton,0.8,0.053956,TeMoWSe3_JVASP-28952_p_srniel.csv
TeMoWSe3,JVASP-28952,proton,0.85,0.051279,TeMoWSe3_JVASP-28952_p_srniel.csv
TeMoWSe3,JVASP-28952,proton,0.9,0.048856,TeMoWSe3_JVASP-28952_p_srniel.csv
TeMoWSe3,JVASP-28952,proton,0.95,0.046662,TeMoWSe3_JVASP-28952_p_srniel.csv
TeMoWSe3,JVASP-28952,proton,1.0,0.04467,TeMoWSe3_JVASP-28952_p_srniel.csv
TeMoWSe3,JVASP-28952,proton,1.5,0.031414,TeMoWSe3_JVASP-28952_p_srniel.csv
TeMoWSe3,JVASP-28952,proton,2.0,0.024366,TeMoWSe3_JVASP-28952_p_srniel.csv
TeMoWSe3,JVASP-28952,proton,2.5,0.019953,TeMoWSe3_JVASP-28952_p_srniel.csv
TeMoWSe3,JVASP-28952,proton,3.0,0.016938,TeMoWSe3_JVASP-28952_p_srniel.csv
TeMoWSe3,JVASP-28952,proton,3.5,0.014742,TeMoWSe3_JVASP-28952_p_srniel.csv
TeMoWSe3,JVASP-28952,proton,4.0,0.013069,TeMoWSe3_JVASP-28952_p_srniel.csv
TeMoWSe3,JVASP-28952,proton,4.5,0.011763,TeMoWSe3_JVASP-28952_p_srniel.csv
TeMoWSe3,JVASP-28952,proton,5.0,0.010725,TeMoWSe3_JVASP-28952_p_srniel.csv
TeMoWSe3,JVASP-28952,proton,5.5,0.0098684,TeMoWSe3_JVASP-28952_p_srniel.csv
TeMoWSe3,JVASP-28952,proton,6.0,0.0091497,TeMoWSe3_JVASP-28952_p_srniel.csv
TeMoWSe3,JVASP-28952,proton,6.5,0.0085417,TeMoWSe3_JVASP-28952_p_srniel.csv
TeMoWSe3,JVASP-28952,proton,7.0,0.0080216,TeMoWSe3_JVASP-28952_p_srniel.csv
TeMoWSe3,JVASP-28952,proton,7.5,0.0075722,TeMoWSe3_JVASP-28952_p_srniel.csv
TeMoWSe3,JVASP-28952,proton,8.0,0.0071805,TeMoWSe3_JVASP-28952_p_srniel.csv
TeMoWSe3,JVASP-28952,proton,8.5,0.0068369,TeMoWSe3_JVASP-28952_p_srniel.csv
TeMoWSe3,JVASP-28952,proton,9.0,0.0065331,TeMoWSe3_JVASP-28952_p_srniel.csv
TeMoWSe3,JVASP-28952,proton,9.5,0.0062629,TeMoWSe3_JVASP-28952_p_srniel.csv
TeMoWSe3,JVASP-28952,proton,10.0,0.0060208,TeMoWSe3_JVASP-28952_p_srniel.csv
TeMoWSe3,JVASP-28952,proton,15.0,0.0045119,TeMoWSe3_JVASP-28952_p_srniel.csv
TeMoWSe3,JVASP-28952,proton,20.0,0.0038024,TeMoWSe3_JVASP-28952_p_srniel.csv
TeMoWSe3,JVASP-28952,proton,25.0,0.0034082,TeMoWSe3_JVASP-28952_p_srniel.csv
TeMoWSe3,JVASP-28952,proton,30.0,0.003148,TeMoWSe3_JVASP-28952_p_srniel.csv
TeMoWSe3,JVASP-28952,proton,35.0,0.0029513,TeMoWSe3_JVASP-28952_p_srniel.csv
TeMoWSe3,JVASP-28952,proton,40.0,0.0027925,TeMoWSe3_JVASP-28952_p_srniel.csv
TeMoWSe3,JVASP-28952,proton,45.0,0.0026621,TeMoWSe3_JVASP-28952_p_srniel.csv
TeMoWSe3,JVASP-28952,proton,50.0,0.0025553,TeMoWSe3_JVASP-28952_p_srniel.csv
TeMoWSe3,JVASP-28952,proton,55.0,0.0024682,TeMoWSe3_JVASP-28952_p_srniel.csv
TeMoWSe3,JVASP-28952,proton,60.0,0.0023976,TeMoWSe3_JVASP-28952_p_srniel.csv
TeMoWSe3,JVASP-28952,proton,65.0,0.0023401,TeMoWSe3_JVASP-28952_p_srniel.csv
TeMoWSe3,JVASP-28952,proton,70.0,0.0022932,TeMoWSe3_JVASP-28952_p_srniel.csv
TeMoWSe3,JVASP-28952,proton,75.0,0.0022544,TeMoWSe3_JVASP-28952_p_srniel.csv
TeMoWSe3,JVASP-28952,proton,80.0,0.0022218,TeMoWSe3_JVASP-28952_p_srniel.csv
TeMoWSe3,JVASP-28952,proton,85.0,0.0021938,TeMoWSe3_JVASP-28952_p_srniel.csv
TeMoWSe3,JVASP-28952,proton,90.0,0.0021692,TeMoWSe3_JVASP-28952_p_srniel.csv
TeMoWSe3,JVASP-28952,proton,95.0,0.002147,TeMoWSe3_JVASP-28952_p_srniel.csv
TeMoWSe3,JVASP-28952,proton,100.0,0.0021265,TeMoWSe3_JVASP-28952_p_srniel.csv
TeMoWSe3,JVASP-28952,proton,150.0,0.0019602,TeMoWSe3_JVASP-28952_p_srniel.csv
TeMoWSe3,JVASP-28952,proton,200.0,0.0018505,TeMoWSe3_JVASP-28952_p_srniel.csv
TeMoWSe3,JVASP-28952,proton,250.0,0.0018036,TeMoWSe3_JVASP-28952_p_srniel.csv
TeMoWSe3,JVASP-28952,proton,300.0,0.0017987,TeMoWSe3_JVASP-28952_p_srniel.csv
TeMoWSe3,JVASP-28952,proton,350.0,0.0018135,TeMoWSe3_JVASP-28952_p_srniel.csv
TeMoWSe3,JVASP-28952,proton,400.0,0.0018358,TeMoWSe3_JVASP-28952_p_srniel.csv
TeMoWSe3,JVASP-28952,proton,450.0,0.0018615,TeMoWSe3_JVASP-28952_p_srniel.csv
TeMoWSe3,JVASP-28952,proton,500.0,0.0018904,TeMoWSe3_JVASP-28952_p_srniel.csv
TeMoWSe3,JVASP-28952,proton,550.0,0.0019229,TeMoWSe3_JVASP-28952_p_srniel.csv
TeMoWSe3,JVASP-28952,proton,600.0,0.0019587,TeMoWSe3_JVASP-28952_p_srniel.csv
TeMoWSe3,JVASP-28952,proton,650.0,0.0019962,TeMoWSe3_JVASP-28952_p_srniel.csv
TeMoWSe3,JVASP-28952,proton,700.0,0.002032,TeMoWSe3_JVASP-28952_p_srniel.csv
TeMoWSe3,JVASP-28952,proton,750.0,0.0020625,TeMoWSe3_JVASP-28952_p_srniel.csv
TeMoWSe3,JVASP-28952,proton,800.0,0.0020842,TeMoWSe3_JVASP-28952_p_srniel.csv
TeMoWSe3,JVASP-28952,proton,850.0,0.0020951,TeMoWSe3_JVASP-28952_p_srniel.csv
TeMoWSe3,JVASP-28952,proton,900.0,0.0020958,TeMoWSe3_JVASP-28952_p_srniel.csv
TeMoWSe3,JVASP-28952,proton,950.0,0.0020903,TeMoWSe3_JVASP-28952_p_srniel.csv
TeMoWSe3,JVASP-28952,proton,1000.0,0.0020863,TeMoWSe3_JVASP-28952_p_srniel.csv
VRhO4,JVASP-42957,electron,0.04,0.0,VRhO4_JVASP-42957_e_srniel.csv
VRhO4,JVASP-42957,electron,0.045,0.0,VRhO4_JVASP-42957_e_srniel.csv
VRhO4,JVASP-42957,electron,0.05,0.0,VRhO4_JVASP-42957_e_srniel.csv
VRhO4,JVASP-42957,electron,0.055,0.0,VRhO4_JVASP-42957_e_srniel.csv
VRhO4,JVASP-42957,electron,0.06,0.0,VRhO4_JVASP-42957_e_srniel.csv
VRhO4,JVASP-42957,electron,0.065,0.0,VRhO4_JVASP-42957_e_srniel.csv
VRhO4,JVASP-42957,electron,0.07,0.0,VRhO4_JVASP-42957_e_srniel.csv
VRhO4,JVASP-42957,electron,0.075,0.0,VRhO4_JVASP-42957_e_srniel.csv
VRhO4,JVASP-42957,electron,0.08,0.0,VRhO4_JVASP-42957_e_srniel.csv
VRhO4,JVASP-42957,electron,0.085,0.0,VRhO4_JVASP-42957_e_srniel.csv
VRhO4,JVASP-42957,electron,0.09,0.0,VRhO4_JVASP-42957_e_srniel.csv
VRhO4,JVASP-42957,electron,0.095,0.0,VRhO4_JVASP-42957_e_srniel.csv
VRhO4,JVASP-42957,electron,0.1,0.0,VRhO4_JVASP-42957_e_srniel.csv
VRhO4,JVASP-42957,electron,0.15,0.0,VRhO4_JVASP-42957_e_srniel.csv
VRhO4,JVASP-42957,electron,0.2,9.6896e-07,VRhO4_JVASP-42957_e_srniel.csv
VRhO4,JVASP-42957,electron,0.25,2.2923e-06,VRhO4_JVASP-42957_e_srniel.csv
VRhO4,JVASP-42957,electron,0.3,3.2211e-06,VRhO4_JVASP-42957_e_srniel.csv
VRhO4,JVASP-42957,electron,0.35,3.9471e-06,VRhO4_JVASP-42957_e_srniel.csv
VRhO4,JVASP-42957,electron,0.4,4.5551e-06,VRhO4_JVASP-42957_e_srniel.csv
VRhO4,JVASP-42957,electron,0.45,5.088e-06,VRhO4_JVASP-42957_e_srniel.csv
VRhO4,JVASP-42957,electron,0.5,5.7895e-06,VRhO4_JVASP-42957_e_srniel.csv
VRhO4,JVASP-42957,electron,0.55,6.4703e-06,VRhO4_JVASP-42957_e_srniel.csv
VRhO4,JVASP-42957,electron,0.6,7.128e-06,VRhO4_JVASP-42957_e_srniel.csv
VRhO4,JVASP-42957,electron,0.65,7.7641e-06,VRhO4_JVASP-42957_e_srniel.csv
VRhO4,JVASP-42957,electron,0.7,8.3919e-06,VRhO4_JVASP-42957_e_srniel.csv
VRhO4,JVASP-42957,electron,0.75,9.2357e-06,VRhO4_JVASP-42957_e_srniel.csv
VRhO4,JVASP-42957,electron,0.8,1.0131e-05,VRhO4_JVASP-42957_e_srniel.csv
VRhO4,JVASP-42957,electron,0.85,1.1058e-05,VRhO4_JVASP-42957_e_srniel.csv
VRhO4,JVASP-42957,electron,0.9,1.2002e-05,VRhO4_JVASP-42957_e_srniel.csv
VRhO4,JVASP-42957,electron,0.95,1.2953e-05,VRhO4_JVASP-42957_e_srniel.csv
VRhO4,JVASP-42957,electron,1.0,1.3905e-05,VRhO4_JVASP-42957_e_srniel.csv
VRhO4,JVASP-42957,electron,1.5,2.2734e-05,VRhO4_JVASP-42957_e_srniel.csv
VRhO4,JVASP-42957,electron,2.0,2.9951e-05,VRhO4_JVASP-42957_e_srniel.csv
VRhO4,JVASP-42957,electron,2.5,3.5856e-05,VRhO4_JVASP-42957_e_srniel.csv
VRhO4,JVASP-42957,electron,3.0,4.0799e-05,VRhO4_JVASP-42957_e_srniel.csv
VRhO4,JVASP-42957,electron,3.5,4.5024e-05,VRhO4_JVASP-42957_e_srniel.csv
VRhO4,JVASP-42957,electron,4.0,4.8701e-05,VRhO4_JVASP-42957_e_srniel.csv
VRhO4,JVASP-42957,electron,4.5,5.1946e-05,VRhO4_JVASP-42957_e_srniel.csv
VRhO4,JVASP-42957,electron,5.0,5.4842e-05,VRhO4_JVASP-42957_e_srniel.csv
VRhO4,JVASP-42957,electron,5.5,5.7453e-05,VRhO4_JVASP-42957_e_srniel.csv
VRhO4,JVASP-42957,electron,6.0,5.9825e-05,VRhO4_JVASP-42957_e_srniel.csv
VRhO4,JVASP-42957,electron,6.5,6.1995e-05,VRhO4_JVASP-42957_e_srniel.csv
VRhO4,JVASP-42957,electron,7.0,6.3991e-05,VRhO4_JVASP-42957_e_srniel.csv
VRhO4,JVASP-42957,electron,7.5,6.5836e-05,VRhO4_JVASP-42957_e_srniel.csv
VRhO4,JVASP-42957,electron,8.0,6.7551e-05,VRhO4_JVASP-42957_e_srniel.csv
VRhO4,JVASP-42957,electron,8.5,6.9148e-05,VRhO4_JVASP-42957_e_srniel.csv
VRhO4,JVASP-42957,electron,9.0,7.0643e-05,VRhO4_JVASP-42957_e_srniel.csv
VRhO4,JVASP-42957,electron,9.5,7.2045e-05,VRhO4_JVASP-42957_e_srniel.csv
VRhO4,JVASP-42957,electron,10.0,7.3364e-05,VRhO4_JVASP-42957_e_srniel.csv
VRhO4,JVASP-42957,electron,15.0,8.331e-05,VRhO4_JVASP-42957_e_srniel.csv
VRhO4,JVASP-42957,electron,20.0,8.9664e-05,VRhO4_JVASP-42957_e_srniel.csv
VRhO4,JVASP-42957,electron,25.0,9.4035e-05,VRhO4_JVASP-42957_e_srniel.csv
VRhO4,JVASP-42957,electron,30.0,9.7157e-05,VRhO4_JVASP-42957_e_srniel.csv
VRhO4,JVASP-42957,electron,35.0,9.9435e-05,VRhO4_JVASP-42957_e_srniel.csv
VRhO4,JVASP-42957,electron,40.0,0.00010112,VRhO4_JVASP-42957_e_srniel.csv
VRhO4,JVASP-42957,electron,45.0,0.00010236,VRhO4_JVASP-42957_e_srniel.csv
VRhO4,JVASP-42957,electron,50.0,0.00010329,VRhO4_JVASP-42957_e_srniel.csv
VRhO4,JVASP-42957,electron,55.0,0.00010397,VRhO4_JVASP-42957_e_srniel.csv
VRhO4,JVASP-42957,electron,60.0,0.00010448,VRhO4_JVASP-42957_e_srniel.csv
VRhO4,JVASP-42957,electron,65.0,0.00010485,VRhO4_JVASP-42957_e_srniel.csv
VRhO4,JVASP-42957,electron,70.0,0.00010512,VRhO4_JVASP-42957_e_srniel.csv
VRhO4,JVASP-42957,electron,75.0,0.0001053,VRhO4_JVASP-42957_e_srniel.csv
VRhO4,JVASP-42957,electron,80.0,0.00010543,VRhO4_JVASP-42957_e_srniel.csv
VRhO4,JVASP-42957,electron,85.0,0.00010551,VRhO4_JVASP-42957_e_srniel.csv
VRhO4,JVASP-42957,electron,90.0,0.00010556,VRhO4_JVASP-42957_e_srniel.csv
VRhO4,JVASP-42957,electron,95.0,0.00010558,VRhO4_JVASP-42957_e_srniel.csv
VRhO4,JVASP-42957,electron,100.0,0.00010558,VRhO4_JVASP-42957_e_srniel.csv
VRhO4,JVASP-42957,proton,0.0001,0.0,VRhO4_JVASP-42957_p_srniel.csv
VRhO4,JVASP-42957,proton,0.00015,0.58269,VRhO4_JVASP-42957_p_srniel.csv
VRhO4,JVASP-42957,proton,0.0002,1.3702,VRhO4_JVASP-42957_p_srniel.csv
VRhO4,JVASP-42957,proton,0.00025,1.8506,VRhO4_JVASP-42957_p_srniel.csv
VRhO4,JVASP-42957,proton,0.0003,2.1609,VRhO4_JVASP-42957_p_srniel.csv
VRhO4,JVASP-42957,proton,0.00035,2.3678,VRhO4_JVASP-42957_p_srniel.csv
VRhO4,JVASP-42957,proton,0.0004,2.5574,VRhO4_JVASP-42957_p_srniel.csv
VRhO4,JVASP-42957,proton,0.00045,2.7178,VRhO4_JVASP-42957_p_srniel.csv
VRhO4,JVASP-42957,proton,0.0005,2.8354,VRhO4_JVASP-42957_p_srniel.csv
VRhO4,JVASP-42957,proton,0.00055,2.9216,VRhO4_JVASP-42957_p_srniel.csv
VRhO4,JVASP-42957,proton,0.0006,2.9843,VRhO4_JVASP-42957_p_srniel.csv
VRhO4,JVASP-42957,proton,0.00065,3.0291,VRhO4_JVASP-42957_p_srniel.csv
VRhO4,JVASP-42957,proton,0.0007,3.095,VRhO4_JVASP-42957_p_srniel.csv
VRhO4,JVASP-42957,proton,0.00075,3.147,VRhO4_JVASP-42957_p_srniel.csv
VRhO4,JVASP-42957,proton,0.0008,3.1874,VRhO4_JVASP-42957_p_srniel.csv
VRhO4,JVASP-42957,proton,0.00085,3.2184,VRhO4_JVASP-42957_p_srniel.csv
VRhO4,JVASP-42957,proton,0.0009,3.2417,VRhO4_JVASP-42957_p_srniel.csv
VRhO4,JVASP-42957,proton,0.00095,3.2587,VRhO4_JVASP-42957_p_srniel.csv
VRhO4,JVASP-42957,proton,0.001,3.2704,VRhO4_JVASP-42957_p_srniel.csv
VRhO4,JVASP-42957,proton,0.0015,3.2307,VRhO4_JVASP-42957_p_srniel.csv
VRhO4,JVASP-42957,proton,0.002,3.0898,VRhO4_JVASP-42957_p_srniel.csv
VRhO4,JVASP-42957,proton,0.0025,2.9353,VRhO4_JVASP-42957_p_srniel.csv
VRhO4,JVASP-42957,proton,0.003,2.788,VRhO4_JVASP-42957_p_srniel.csv
VRhO4,JVASP-42957,proton,0.0035,2.6531,VRhO4_JVASP-42957_p_srniel.csv
VRhO4,JVASP-42957,proton,0.004,2.5307,VRhO4_JVASP-42957_p_srniel.csv
VRhO4,JVASP-42957,proton,0.0045,2.42,VRhO4_JVASP-42957_p_srniel.csv
VRhO4,JVASP-42957,proton,0.005,2.3196,VRhO4_JVASP-42957_p_srniel.csv
VRhO4,JVASP-42957,proton,0.0055,2.2283,VRhO4_JVASP-42957_p_srniel.csv
VRhO4,JVASP-42957,proton,0.006,2.1449,VRhO4_JVASP-42957_p_srniel.csv
VRhO4,JVASP-42957,proton,0.0065,2.0684,VRhO4_JVASP-42957_p_srniel.csv
VRhO4,JVASP-42957,proton,0.007,1.998,VRhO4_JVASP-42957_p_srniel.csv
VRhO4,JVASP-42957,proton,0.0075,1.933,VRhO4_JVASP-42957_p_srniel.csv
VRhO4,JVASP-42957,proton,0.008,1.8727,VRhO4_JVASP-42957_p_srniel.csv
VRhO4,JVASP-42957,proton,0.0085,1.8167,VRhO4_JVASP-42957_p_srniel.csv
VRhO4,JVASP-42957,proton,0.009,1.7644,VRhO4_JVASP-42957_p_srniel.csv
VRhO4,JVASP-42957,proton,0.0095,1.7156,VRhO4_JVASP-42957_p_srniel.csv
VRhO4,JVASP-42957,proton,0.01,1.6697,VRhO4_JVASP-42957_p_srniel.csv
VRhO4,JVASP-42957,proton,0.015,1.3295,VRhO4_JVASP-42957_p_srniel.csv
VRhO4,JVASP-42957,proton,0.02,1.1154,VRhO4_JVASP-42957_p_srniel.csv
VRhO4,JVASP-42957,proton,0.025,0.96649,VRhO4_JVASP-42957_p_srniel.csv
VRhO4,JVASP-42957,proton,0.03,0.85597,VRhO4_JVASP-42957_p_srniel.csv
VRhO4,JVASP-42957,proton,0.035,0.77024,VRhO4_JVASP-42957_p_srniel.csv
VRhO4,JVASP-42957,proton,0.04,0.70155,VRhO4_JVASP-42957_p_srniel.csv
VRhO4,JVASP-42957,proton,0.045,0.64512,VRhO4_JVASP-42957_p_srniel.csv
VRhO4,JVASP-42957,proton,0.05,0.59782,VRhO4_JVASP-42957_p_srniel.csv
VRhO4,JVASP-42957,proton,0.055,0.55711,VRhO4_JVASP-42957_p_srniel.csv
VRhO4,JVASP-42957,proton,0.06,0.52198,VRhO4_JVASP-42957_p_srniel.csv
VRhO4,JVASP-42957,proton,0.065,0.49142,VRhO4_JVASP-42957_p_srniel.csv
VRhO4,JVASP-42957,proton,0.07,0.46458,VRhO4_JVASP-42957_p_srniel.csv
VRhO4,JVASP-42957,proton,0.075,0.44078,VRhO4_JVASP-42957_p_srniel.csv
VRhO4,JVASP-42957,proton,0.08,0.41952,VRhO4_JVASP-42957_p_srniel.csv
VRhO4,JVASP-42957,proton,0.085,0.40041,VRhO4_JVASP-42957_p_srniel.csv
VRhO4,JVASP-42957,proton,0.09,0.38311,VRhO4_JVASP-42957_p_srniel.csv
VRhO4,JVASP-42957,proton,0.095,0.36738,VRhO4_JVASP-42957_p_srniel.csv
VRhO4,JVASP-42957,proton,0.1,0.353,VRhO4_JVASP-42957_p_srniel.csv
VRhO4,JVASP-42957,proton,0.15,0.25629,VRhO4_JVASP-42957_p_srniel.csv
VRhO4,JVASP-42957,proton,0.2,0.20208,VRhO4_JVASP-42957_p_srniel.csv
VRhO4,JVASP-42957,proton,0.25,0.16756,VRhO4_JVASP-42957_p_srniel.csv
VRhO4,JVASP-42957,proton,0.3,0.14358,VRhO4_JVASP-42957_p_srniel.csv
VRhO4,JVASP-42957,proton,0.35,0.1259,VRhO4_JVASP-42957_p_srniel.csv
VRhO4,JVASP-42957,proton,0.4,0.11223,VRhO4_JVASP-42957_p_srniel.csv
VRhO4,JVASP-42957,proton,0.45,0.10139,VRhO4_JVASP-42957_p_srniel.csv
VRhO4,JVASP-42957,proton,0.5,0.092568,VRhO4_JVASP-42957_p_srniel.csv
VRhO4,JVASP-42957,proton,0.55,0.085144,VRhO4_JVASP-42957_p_srniel.csv
VRhO4,JVASP-42957,proton,0.6,0.078879,VRhO4_JVASP-42957_p_srniel.csv
VRhO4,JVASP-42957,proton,0.65,0.073519,VRhO4_JVASP-42957_p_srniel.csv
VRhO4,JVASP-42957,proton,0.7,0.068876,VRhO4_JVASP-42957_p_srniel.csv
VRhO4,JVASP-42957,proton,0.75,0.064815,VRhO4_JVASP-42957_p_srniel.csv
VRhO4,JVASP-42957,proton,0.8,0.06123,VRhO4_JVASP-42957_p_srniel.csv
VRhO4,JVASP-42957,proton,0.85,0.058041,VRhO4_JVASP-42957_p_srniel.csv
VRhO4,JVASP-42957,proton,0.9,0.055185,VRhO4_JVASP-42957_p_srniel.csv
VRhO4,JVASP-42957,proton,0.95,0.052611,VRhO4_JVASP-42957_p_srniel.csv
VRhO4,JVASP-42957,proton,1.0,0.05028,VRhO4_JVASP-42957_p_srniel.csv
VRhO4,JVASP-42957,proton,1.5,0.034784,VRhO4_JVASP-42957_p_srniel.csv
VRhO4,JVASP-42957,proton,2.0,0.026693,VRhO4_JVASP-42957_p_srniel.csv
VRhO4,JVASP-42957,proton,2.5,0.021719,VRhO4_JVASP-42957_p_srniel.csv
VRhO4,JVASP-42957,proton,3.0,0.018342,VRhO4_JVASP-42957_p_srniel.csv
VRhO4,JVASP-42957,proton,3.5,0.015912,VRhO4_JVASP-42957_p_srniel.csv
VRhO4,JVASP-42957,proton,4.0,0.014217,VRhO4_JVASP-42957_p_srniel.csv
VRhO4,JVASP-42957,proton,4.5,0.0129,VRhO4_JVASP-42957_p_srniel.csv
VRhO4,JVASP-42957,proton,5.0,0.011789,VRhO4_JVASP-42957_p_srniel.csv
VRhO4,JVASP-42957,proton,5.5,0.010875,VRhO4_JVASP-42957_p_srniel.csv
VRhO4,JVASP-42957,proton,6.0,0.010131,VRhO4_JVASP-42957_p_srniel.csv
VRhO4,JVASP-42957,proton,6.5,0.0095234,VRhO4_JVASP-42957_p_srniel.csv
VRhO4,JVASP-42957,proton,7.0,0.009014,VRhO4_JVASP-42957_p_srniel.csv
VRhO4,JVASP-42957,proton,7.5,0.0085744,VRhO4_JVASP-42957_p_srniel.csv
VRhO4,JVASP-42957,proton,8.0,0.0081867,VRhO4_JVASP-42957_p_srniel.csv
VRhO4,JVASP-42957,proton,8.5,0.0078402,VRhO4_JVASP-42957_p_srniel.csv
VRhO4,JVASP-42957,proton,9.0,0.007528,VRhO4_JVASP-42957_p_srniel.csv
VRhO4,JVASP-42957,proton,9.5,0.0072451,VRhO4_JVASP-42957_p_srniel.csv
VRhO4,JVASP-42957,proton,10.0,0.0069883,VRhO4_JVASP-42957_p_srniel.csv
VRhO4,JVASP-42957,proton,15.0,0.005404,VRhO4_JVASP-42957_p_srniel.csv
VRhO4,JVASP-42957,proton,20.0,0.0047325,VRhO4_JVASP-42957_p_srniel.csv
VRhO4,JVASP-42957,proton,25.0,0.0043708,VRhO4_JVASP-42957_p_srniel.csv
VRhO4,JVASP-42957,proton,30.0,0.0041187,VRhO4_JVASP-42957_p_srniel.csv
VRhO4,JVASP-42957,proton,35.0,0.0039122,VRhO4_JVASP-42957_p_srniel.csv
VRhO4,JVASP-42957,proton,40.0,0.0037344,VRhO4_JVASP-42957_p_srniel.csv
VRhO4,JVASP-42957,proton,45.0,0.0035815,VRhO4_JVASP-42957_p_srniel.csv
VRhO4,JVASP-42957,proton,50.0,0.0034512,VRhO4_JVASP-42957_p_srniel.csv
VRhO4,JVASP-42957,proton,55.0,0.0033411,VRhO4_JVASP-42957_p_srniel.csv
VRhO4,JVASP-42957,proton,60.0,0.0032482,VRhO4_JVASP-42957_p_srniel.csv
VRhO4,JVASP-42957,proton,65.0,0.0031695,VRhO4_JVASP-42957_p_srniel.csv
VRhO4,JVASP-42957,proton,70.0,0.0031022,VRhO4_JVASP-42957_p_srniel.csv
VRhO4,JVASP-42957,proton,75.0,0.0030443,VRhO4_JVASP-42957_p_srniel.csv
VRhO4,JVASP-42957,proton,80.0,0.0029937,VRhO4_JVASP-42957_p_srniel.csv
VRhO4,JVASP-42957,proton,85.0,0.002949,VRhO4_JVASP-42957_p_srniel.csv
VRhO4,JVASP-42957,proton,90.0,0.0029091,VRhO4_JVASP-42957_p_srniel.csv
VRhO4,JVASP-42957,proton,95.0,0.0028729,VRhO4_JVASP-42957_p_srniel.csv
VRhO4,JVASP-42957,proton,100.0,0.0028397,VRhO4_JVASP-42957_p_srniel.csv
VRhO4,JVASP-42957,proton,150.0,0.0025992,VRhO4_JVASP-42957_p_srniel.csv
VRhO4,JVASP-42957,proton,200.0,0.002453,VRhO4_JVASP-42957_p_srniel.csv
VRhO4,JVASP-42957,proton,250.0,0.002384,VRhO4_JVASP-42957_p_srniel.csv
VRhO4,JVASP-42957,proton,300.0,0.0023767,VRhO4_JVASP-42957_p_srniel.csv
VRhO4,JVASP-42957,proton,350.0,0.0024104,VRhO4_JVASP-42957_p_srniel.csv
VRhO4,JVASP-42957,proton,400.0,0.0024669,VRhO4_JVASP-42957_p_srniel.csv
VRhO4,JVASP-42957,proton,450.0,0.0025325,VRhO4_JVASP-42957_p_srniel.csv
VRhO4,JVASP-42957,proton,500.0,0.0025983,VRhO4_JVASP-42957_p_srniel.csv
VRhO4,JVASP-42957,proton,550.0,0.0026595,VRhO4_JVASP-42957_p_srniel.csv
VRhO4,JVASP-42957,proton,600.0,0.0027143,VRhO4_JVASP-42957_p_srniel.csv
VRhO4,JVASP-42957,proton,650.0,0.002763,VRhO4_JVASP-42957_p_srniel.csv
VRhO4,JVASP-42957,proton,700.0,0.0028064,VRhO4_JVASP-42957_p_srniel.csv
VRhO4,JVASP-42957,proton,750.0,0.0028453,VRhO4_JVASP-42957_p_srniel.csv
VRhO4,JVASP-42957,proton,800.0,0.0028794,VRhO4_JVASP-42957_p_srniel.csv
VRhO4,JVASP-42957,proton,850.0,0.0029076,VRhO4_JVASP-42957_p_srniel.csv
VRhO4,JVASP-42957,proton,900.0,0.0029272,VRhO4_JVASP-42957_p_srniel.csv
VRhO4,JVASP-42957,proton,950.0,0.0029342,VRhO4_JVASP-42957_p_srniel.csv
VRhO4,JVASP-42957,proton,1000.0,0.0029237,VRhO4_JVASP-42957_p_srniel.csv
ZnBi2O5,JVASP-9800,electron,0.04,0.0,ZnBi2O5_JVASP-9800_e_srniel.csv
ZnBi2O5,JVASP-9800,electron,0.045,0.0,ZnBi2O5_JVASP-9800_e_srniel.csv
ZnBi2O5,JVASP-9800,electron,0.05,0.0,ZnBi2O5_JVASP-9800_e_srniel.csv
ZnBi2O5,JVASP-9800,electron,0.055,0.0,ZnBi2O5_JVASP-9800_e_srniel.csv
ZnBi2O5,JVASP-9800,electron,0.06,0.0,ZnBi2O5_JVASP-9800_e_srniel.csv
ZnBi2O5,JVASP-9800,electron,0.065,0.0,ZnBi2O5_JVASP-9800_e_srniel.csv
ZnBi2O5,JVASP-9800,electron,0.07,0.0,ZnBi2O5_JVASP-9800_e_srniel.csv
ZnBi2O5,JVASP-9800,electron,0.075,0.0,ZnBi2O5_JVASP-9800_e_srniel.csv
ZnBi2O5,JVASP-9800,electron,0.08,0.0,ZnBi2O5_JVASP-9800_e_srniel.csv
ZnBi2O5,JVASP-9800,electron,0.085,0.0,ZnBi2O5_JVASP-9800_e_srniel.csv
ZnBi2O5,JVASP-9800,electron,0.09,0.0,ZnBi2O5_JVASP-9800_e_srniel.csv
ZnBi2O5,JVASP-9800,electron,0.095,0.0,ZnBi2O5_JVASP-9800_e_srniel.csv
ZnBi2O5,JVASP-9800,electron,0.1,0.0,ZnBi2O5_JVASP-9800_e_srniel.csv
ZnBi2O5,JVASP-9800,electron,0.15,0.0,ZnBi2O5_JVASP-9800_e_srniel.csv
ZnBi2O5,JVASP-9800,electron,0.2,4.6837e-07,ZnBi2O5_JVASP-9800_e_srniel.csv
ZnBi2O5,JVASP-9800,electron,0.25,1.1854e-06,ZnBi2O5_JVASP-9800_e_srniel.csv
ZnBi2O5,JVASP-9800,electron,0.3,2.0162e-06,ZnBi2O5_JVASP-9800_e_srniel.csv
ZnBi2O5,JVASP-9800,electron,0.35,2.6859e-06,ZnBi2O5_JVASP-9800_e_srniel.csv
ZnBi2O5,JVASP-9800,electron,0.4,3.2567e-06,ZnBi2O5_JVASP-9800_e_srniel.csv
ZnBi2O5,JVASP-9800,electron,0.45,3.7613e-06,ZnBi2O5_JVASP-9800_e_srniel.csv
ZnBi2O5,JVASP-9800,electron,0.5,4.2185e-06,ZnBi2O5_JVASP-9800_e_srniel.csv
ZnBi2O5,JVASP-9800,electron,0.55,5.7765e-06,ZnBi2O5_JVASP-9800_e_srniel.csv
ZnBi2O5,JVASP-9800,electron,0.6,7.8207e-06,ZnBi2O5_JVASP-9800_e_srniel.csv
ZnBi2O5,JVASP-9800,electron,0.65,9.9786e-06,ZnBi2O5_JVASP-9800_e_srniel.csv
ZnBi2O5,JVASP-9800,electron,0.7,1.2149e-05,ZnBi2O5_JVASP-9800_e_srniel.csv
ZnBi2O5,JVASP-9800,electron,0.75,1.4277e-05,ZnBi2O5_JVASP-9800_e_srniel.csv
ZnBi2O5,JVASP-9800,electron,0.8,1.633e-05,ZnBi2O5_JVASP-9800_e_srniel.csv
ZnBi2O5,JVASP-9800,electron,0.85,1.8295e-05,ZnBi2O5_JVASP-9800_e_srniel.csv
ZnBi2O5,JVASP-9800,electron,0.9,2.0165e-05,ZnBi2O5_JVASP-9800_e_srniel.csv
ZnBi2O5,JVASP-9800,electron,0.95,2.1941e-05,ZnBi2O5_JVASP-9800_e_srniel.csv
ZnBi2O5,JVASP-9800,electron,1.0,2.3626e-05,ZnBi2O5_JVASP-9800_e_srniel.csv
ZnBi2O5,JVASP-9800,electron,1.5,3.6541e-05,ZnBi2O5_JVASP-9800_e_srniel.csv
ZnBi2O5,JVASP-9800,electron,2.0,4.5037e-05,ZnBi2O5_JVASP-9800_e_srniel.csv
ZnBi2O5,JVASP-9800,electron,2.5,5.1244e-05,ZnBi2O5_JVASP-9800_e_srniel.csv
ZnBi2O5,JVASP-9800,electron,3.0,5.6095e-05,ZnBi2O5_JVASP-9800_e_srniel.csv
ZnBi2O5,JVASP-9800,electron,3.5,6.0062e-05,ZnBi2O5_JVASP-9800_e_srniel.csv
ZnBi2O5,JVASP-9800,electron,4.0,6.3408e-05,ZnBi2O5_JVASP-9800_e_srniel.csv
ZnBi2O5,JVASP-9800,electron,4.5,6.6294e-05,ZnBi2O5_JVASP-9800_e_srniel.csv
ZnBi2O5,JVASP-9800,electron,5.0,6.8826e-05,ZnBi2O5_JVASP-9800_e_srniel.csv
ZnBi2O5,JVASP-9800,electron,5.5,7.1076e-05,ZnBi2O5_JVASP-9800_e_srniel.csv
ZnBi2O5,JVASP-9800,electron,6.0,7.3097e-05,ZnBi2O5_JVASP-9800_e_srniel.csv
ZnBi2O5,JVASP-9800,electron,6.5,7.4927e-05,ZnBi2O5_JVASP-9800_e_srniel.csv
ZnBi2O5,JVASP-9800,electron,7.0,7.6596e-05,ZnBi2O5_JVASP-9800_e_srniel.csv
ZnBi2O5,JVASP-9800,electron,7.5,7.8125e-05,ZnBi2O5_JVASP-9800_e_srniel.csv
ZnBi2O5,JVASP-9800,electron,8.0,7.9534e-05,ZnBi2O5_JVASP-9800_e_srniel.csv
ZnBi2O5,JVASP-9800,electron,8.5,8.0837e-05,ZnBi2O5_JVASP-9800_e_srniel.csv
ZnBi2O5,JVASP-9800,electron,9.0,8.2047e-05,ZnBi2O5_JVASP-9800_e_srniel.csv
ZnBi2O5,JVASP-9800,electron,9.5,8.3172e-05,ZnBi2O5_JVASP-9800_e_srniel.csv
ZnBi2O5,JVASP-9800,electron,10.0,8.4223e-05,ZnBi2O5_JVASP-9800_e_srniel.csv
ZnBi2O5,JVASP-9800,electron,15.0,9.1775e-05,ZnBi2O5_JVASP-9800_e_srniel.csv
ZnBi2O5,JVASP-9800,electron,20.0,9.6024e-05,ZnBi2O5_JVASP-9800_e_srniel.csv
ZnBi2O5,JVASP-9800,electron,25.0,9.843e-05,ZnBi2O5_JVASP-9800_e_srniel.csv
ZnBi2O5,JVASP-9800,electron,30.0,9.9697e-05,ZnBi2O5_JVASP-9800_e_srniel.csv
ZnBi2O5,JVASP-9800,electron,35.0,0.00010024,ZnBi2O5_JVASP-9800_e_srniel.csv
ZnBi2O5,JVASP-9800,electron,40.0,0.00010031,ZnBi2O5_JVASP-9800_e_srniel.csv
ZnBi2O5,JVASP-9800,electron,45.0,0.00010009,ZnBi2O5_JVASP-9800_e_srniel.csv
ZnBi2O5,JVASP-9800,electron,50.0,9.9704e-05,ZnBi2O5_JVASP-9800_e_srniel.csv
ZnBi2O5,JVASP-9800,electron,55.0,9.9219e-05,ZnBi2O5_JVASP-9800_e_srniel.csv
ZnBi2O5,JVASP-9800,electron,60.0,9.869e-05,ZnBi2O5_JVASP-9800_e_srniel.csv
ZnBi2O5,JVASP-9800,electron,65.0,9.8151e-05,ZnBi2O5_JVASP-9800_e_srniel.csv
ZnBi2O5,JVASP-9800,electron,70.0,9.7621e-05,ZnBi2O5_JVASP-9800_e_srniel.csv
ZnBi2O5,JVASP-9800,electron,75.0,9.7114e-05,ZnBi2O5_JVASP-9800_e_srniel.csv
ZnBi2O5,JVASP-9800,electron,80.0,9.6635e-05,ZnBi2O5_JVASP-9800_e_srniel.csv
ZnBi2O5,JVASP-9800,electron,85.0,9.6188e-05,ZnBi2O5_JVASP-9800_e_srniel.csv
ZnBi2O5,JVASP-9800,electron,90.0,9.5773e-05,ZnBi2O5_JVASP-9800_e_srniel.csv
ZnBi2O5,JVASP-9800,electron,95.0,9.5391e-05,ZnBi2O5_JVASP-9800_e_srniel.csv
ZnBi2O5,JVASP-9800,electron,100.0,9.5038e-05,ZnBi2O5_JVASP-9800_e_srniel.csv
ZnBi2O5,JVASP-9800,proton,0.0001,0.0,ZnBi2O5_JVASP-9800_p_srniel.csv
ZnBi2O5,JVASP-9800,proton,0.00015,0.28166,ZnBi2O5_JVASP-9800_p_srniel.csv
ZnBi2O5,JVASP-9800,proton,0.0002,0.69898,ZnBi2O5_JVASP-9800_p_srniel.csv
ZnBi2O5,JVASP-9800,proton,0.00025,0.97392,ZnBi2O5_JVASP-9800_p_srniel.csv
ZnBi2O5,JVASP-9800,proton,0.0003,1.1562,ZnBi2O5_JVASP-9800_p_srniel.csv
ZnBi2O5,JVASP-9800,proton,0.00035,1.2816,ZnBi2O5_JVASP-9800_p_srniel.csv
ZnBi2O5,JVASP-9800,proton,0.0004,1.3696,ZnBi2O5_JVASP-9800_p_srniel.csv
ZnBi2O5,JVASP-9800,proton,0.00045,1.45,ZnBi2O5_JVASP-9800_p_srniel.csv
ZnBi2O5,JVASP-9800,proton,0.0005,1.5201,ZnBi2O5_JVASP-9800_p_srniel.csv
ZnBi2O5,JVASP-9800,proton,0.00055,1.574,ZnBi2O5_JVASP-9800_p_srniel.csv
ZnBi2O5,JVASP-9800,proton,0.0006,1.6156,ZnBi2O5_JVASP-9800_p_srniel.csv
ZnBi2O5,JVASP-9800,proton,0.00065,1.6478,ZnBi2O5_JVASP-9800_p_srniel.csv
ZnBi2O5,JVASP-9800,proton,0.0007,1.6727,ZnBi2O5_JVASP-9800_p_srniel.csv
ZnBi2O5,JVASP-9800,proton,0.00075,1.6917,ZnBi2O5_JVASP-9800_p_srniel.csv
ZnBi2O5,JVASP-9800,proton,0.0008,1.706,ZnBi2O5_JVASP-9800_p_srniel.csv
ZnBi2O5,JVASP-9800,proton,0.00085,1.7166,ZnBi2O5_JVASP-9800_p_srniel.csv
ZnBi2O5,JVASP-9800,proton,0.0009,1.7241,ZnBi2O5_JVASP-9800_p_srniel.csv
ZnBi2O5,JVASP-9800,proton,0.00095,1.7291,ZnBi2O5_JVASP-9800_p_srniel.csv
ZnBi2O5,JVASP-9800,proton,0.001,1.732,ZnBi2O5_JVASP-9800_p_srniel.csv
ZnBi2O5,JVASP-9800,proton,0.0015,1.701,ZnBi2O5_JVASP-9800_p_srniel.csv
ZnBi2O5,JVASP-9800,proton,0.002,1.6334,ZnBi2O5_JVASP-9800_p_srniel.csv
ZnBi2O5,JVASP-9800,proton,0.0025,1.563,ZnBi2O5_JVASP-9800_p_srniel.csv
ZnBi2O5,JVASP-9800,proton,0.003,1.497,ZnBi2O5_JVASP-9800_p_srniel.csv
ZnBi2O5,JVASP-9800,proton,0.0035,1.437,ZnBi2O5_JVASP-9800_p_srniel.csv
ZnBi2O5,JVASP-9800,proton,0.004,1.3826,ZnBi2O5_JVASP-9800_p_srniel.csv
ZnBi2O5,JVASP-9800,proton,0.0045,1.3333,ZnBi2O5_JVASP-9800_p_srniel.csv
ZnBi2O5,JVASP-9800,proton,0.005,1.2885,ZnBi2O5_JVASP-9800_p_srniel.csv
ZnBi2O5,JVASP-9800,proton,0.0055,1.2476,ZnBi2O5_JVASP-9800_p_srniel.csv
ZnBi2O5,JVASP-9800,proton,0.006,1.21,ZnBi2O5_JVASP-9800_p_srniel.csv
ZnBi2O5,JVASP-9800,proton,0.0065,1.1754,ZnBi2O5_JVASP-9800_p_srniel.csv
ZnBi2O5,JVASP-9800,proton,0.007,1.1434,ZnBi2O5_JVASP-9800_p_srniel.csv
ZnBi2O5,JVASP-9800,proton,0.0075,1.1136,ZnBi2O5_JVASP-9800_p_srniel.csv
ZnBi2O5,JVASP-9800,proton,0.008,1.0858,ZnBi2O5_JVASP-9800_p_srniel.csv
ZnBi2O5,JVASP-9800,proton,0.0085,1.0598,ZnBi2O5_JVASP-9800_p_srniel.csv
ZnBi2O5,JVASP-9800,proton,0.009,1.0353,ZnBi2O5_JVASP-9800_p_srniel.csv
ZnBi2O5,JVASP-9800,proton,0.0095,1.0124,ZnBi2O5_JVASP-9800_p_srniel.csv
ZnBi2O5,JVASP-9800,proton,0.01,0.99071,ZnBi2O5_JVASP-9800_p_srniel.csv
ZnBi2O5,JVASP-9800,proton,0.015,0.82493,ZnBi2O5_JVASP-9800_p_srniel.csv
ZnBi2O5,JVASP-9800,proton,0.02,0.71512,ZnBi2O5_JVASP-9800_p_srniel.csv
ZnBi2O5,JVASP-9800,proton,0.025,0.63545,ZnBi2O5_JVASP-9800_p_srniel.csv
ZnBi2O5,JVASP-9800,proton,0.03,0.5743,ZnBi2O5_JVASP-9800_p_srniel.csv
ZnBi2O5,JVASP-9800,proton,0.035,0.52551,ZnBi2O5_JVASP-9800_p_srniel.csv
ZnBi2O5,JVASP-9800,proton,0.04,0.48549,ZnBi2O5_JVASP-9800_p_srniel.csv
ZnBi2O5,JVASP-9800,proton,0.045,0.45192,ZnBi2O5_JVASP-9800_p_srniel.csv
ZnBi2O5,JVASP-9800,proton,0.05,0.42329,ZnBi2O5_JVASP-9800_p_srniel.csv
ZnBi2O5,JVASP-9800,proton,0.055,0.39831,ZnBi2O5_JVASP-9800_p_srniel.csv
ZnBi2O5,JVASP-9800,proton,0.06,0.37645,ZnBi2O5_JVASP-9800_p_srniel.csv
ZnBi2O5,JVASP-9800,proton,0.065,0.35719,ZnBi2O5_JVASP-9800_p_srniel.csv
ZnBi2O5,JVASP-9800,proton,0.07,0.34007,ZnBi2O5_JVASP-9800_p_srniel.csv
ZnBi2O5,JVASP-9800,proton,0.075,0.32472,ZnBi2O5_JVASP-9800_p_srniel.csv
ZnBi2O5,JVASP-9800,proton,0.08,0.31087,ZnBi2O5_JVASP-9800_p_srniel.csv
ZnBi2O5,JVASP-9800,proton,0.085,0.2983,ZnBi2O5_JVASP-9800_p_srniel.csv
ZnBi2O5,JVASP-9800,proton,0.09,0.28684,ZnBi2O5_JVASP-9800_p_srniel.csv
ZnBi2O5,JVASP-9800,proton,0.095,0.27633,ZnBi2O5_JVASP-9800_p_srniel.csv
ZnBi2O5,JVASP-9800,proton,0.1,0.26665,ZnBi2O5_JVASP-9800_p_srniel.csv
ZnBi2O5,JVASP-9800,proton,0.15,0.19967,ZnBi2O5_JVASP-9800_p_srniel.csv
ZnBi2O5,JVASP-9800,proton,0.2,0.16088,ZnBi2O5_JVASP-9800_p_srniel.csv
ZnBi2O5,JVASP-9800,proton,0.25,0.13546,ZnBi2O5_JVASP-9800_p_srniel.csv
ZnBi2O5,JVASP-9800,proton,0.3,0.11744,ZnBi2O5_JVASP-9800_p_srniel.csv
ZnBi2O5,JVASP-9800,proton,0.35,0.10394,ZnBi2O5_JVASP-9800_p_srniel.csv
ZnBi2O5,JVASP-9800,proton,0.4,0.093403,ZnBi2O5_JVASP-9800_p_srniel.csv
ZnBi2O5,JVASP-9800,proton,0.45,0.084937,ZnBi2O5_JVASP-9800_p_srniel.csv
ZnBi2O5,JVASP-9800,proton,0.5,0.077971,ZnBi2O5_JVASP-9800_p_srniel.csv
ZnBi2O5,JVASP-9800,proton,0.55,0.072131,ZnBi2O5_JVASP-9800_p_srniel.csv
ZnBi2O5,JVASP-9800,proton,0.6,0.067157,ZnBi2O5_JVASP-9800_p_srniel.csv
ZnBi2O5,JVASP-9800,proton,0.65,0.062867,ZnBi2O5_JVASP-9800_p_srniel.csv
ZnBi2O5,JVASP-9800,proton,0.7,0.059111,ZnBi2O5_JVASP-9800_p_srniel.csv
ZnBi2O5,JVASP-9800,proton,0.75,0.05581,ZnBi2O5_JVASP-9800_p_srniel.csv
ZnBi2O5,JVASP-9800,proton,0.8,0.052888,ZnBi2O5_JVASP-9800_p_srniel.csv
ZnBi2O5,JVASP-9800,proton,0.85,0.050283,ZnBi2O5_JVASP-9800_p_srniel.csv
ZnBi2O5,JVASP-9800,proton,0.9,0.047944,ZnBi2O5_JVASP-9800_p_srniel.csv
ZnBi2O5,JVASP-9800,proton,0.95,0.045831,ZnBi2O5_JVASP-9800_p_srniel.csv
ZnBi2O5,JVASP-9800,proton,1.0,0.043913,ZnBi2O5_JVASP-9800_p_srniel.csv
ZnBi2O5,JVASP-9800,proton,1.5,0.031315,ZnBi2O5_JVASP-9800_p_srniel.csv
ZnBi2O5,JVASP-9800,proton,2.0,0.024637,ZnBi2O5_JVASP-9800_p_srniel.csv
ZnBi2O5,JVASP-9800,proton,2.5,0.020153,ZnBi2O5_JVASP-9800_p_srniel.csv
ZnBi2O5,JVASP-9800,proton,3.0,0.01708,ZnBi2O5_JVASP-9800_p_srniel.csv
ZnBi2O5,JVASP-9800,proton,3.5,0.014851,ZnBi2O5_JVASP-9800_p_srniel.csv
ZnBi2O5,JVASP-9800,proton,4.0,0.013215,ZnBi2O5_JVASP-9800_p_srniel.csv
ZnBi2O5,JVASP-9800,proton,4.5,0.011931,ZnBi2O5_JVASP-9800_p_srniel.csv
ZnBi2O5,JVASP-9800,proton,5.0,0.010871,ZnBi2O5_JVASP-9800_p_srniel.csv
ZnBi2O5,JVASP-9800,proton,5.5,0.0099946,ZnBi2O5_JVASP-9800_p_srniel.csv
ZnBi2O5,JVASP-9800,proton,6.0,0.009264,ZnBi2O5_JVASP-9800_p_srniel.csv
ZnBi2O5,JVASP-9800,proton,6.5,0.0086477,ZnBi2O5_JVASP-9800_p_srniel.csv
ZnBi2O5,JVASP-9800,proton,7.0,0.008121,ZnBi2O5_JVASP-9800_p_srniel.csv
ZnBi2O5,JVASP-9800,proton,7.5,0.0076644,ZnBi2O5_JVASP-9800_p_srniel.csv
ZnBi2O5,JVASP-9800,proton,8.0,0.0072633,ZnBi2O5_JVASP-9800_p_srniel.csv
ZnBi2O5,JVASP-9800,proton,8.5,0.0069068,ZnBi2O5_JVASP-9800_p_srniel.csv
ZnBi2O5,JVASP-9800,proton,9.0,0.0065869,ZnBi2O5_JVASP-9800_p_srniel.csv
ZnBi2O5,JVASP-9800,proton,9.5,0.0062975,ZnBi2O5_JVASP-9800_p_srniel.csv
ZnBi2O5,JVASP-9800,proton,10.0,0.0060344,ZnBi2O5_JVASP-9800_p_srniel.csv
ZnBi2O5,JVASP-9800,proton,15.0,0.0043296,ZnBi2O5_JVASP-9800_p_srniel.csv
ZnBi2O5,JVASP-9800,proton,20.0,0.0034919,ZnBi2O5_JVASP-9800_p_srniel.csv
ZnBi2O5,JVASP-9800,proton,25.0,0.0030002,ZnBi2O5_JVASP-9800_p_srniel.csv
ZnBi2O5,JVASP-9800,proton,30.0,0.0026624,ZnBi2O5_JVASP-9800_p_srniel.csv
ZnBi2O5,JVASP-9800,proton,35.0,0.0024044,ZnBi2O5_JVASP-9800_p_srniel.csv
ZnBi2O5,JVASP-9800,proton,40.0,0.0021969,ZnBi2O5_JVASP-9800_p_srniel.csv
ZnBi2O5,JVASP-9800,proton,45.0,0.0020266,ZnBi2O5_JVASP-9800_p_srniel.csv
ZnBi2O5,JVASP-9800,proton,50.0,0.0018854,ZnBi2O5_JVASP-9800_p_srniel.csv
ZnBi2O5,JVASP-9800,proton,55.0,0.0017674,ZnBi2O5_JVASP-9800_p_srniel.csv
ZnBi2O5,JVASP-9800,proton,60.0,0.0016679,ZnBi2O5_JVASP-9800_p_srniel.csv
ZnBi2O5,JVASP-9800,proton,65.0,0.0015831,ZnBi2O5_JVASP-9800_p_srniel.csv
ZnBi2O5,JVASP-9800,proton,70.0,0.0015101,ZnBi2O5_JVASP-9800_p_srniel.csv
ZnBi2O5,JVASP-9800,proton,75.0,0.0014465,ZnBi2O5_JVASP-9800_p_srniel.csv
ZnBi2O5,JVASP-9800,proton,80.0,0.0013904,ZnBi2O5_JVASP-9800_p_srniel.csv
ZnBi2O5,JVASP-9800,proton,85.0,0.0013406,ZnBi2O5_JVASP-9800_p_srniel.csv
ZnBi2O5,JVASP-9800,proton,90.0,0.0012958,ZnBi2O5_JVASP-9800_p_srniel.csv
ZnBi2O5,JVASP-9800,proton,95.0,0.0012552,ZnBi2O5_JVASP-9800_p_srniel.csv
ZnBi2O5,JVASP-9800,proton,100.0,0.0012181,ZnBi2O5_JVASP-9800_p_srniel.csv
ZnBi2O5,JVASP-9800,proton,150.0,0.0009665,ZnBi2O5_JVASP-9800_p_srniel.csv
ZnBi2O5,JVASP-9800,proton,200.0,0.0008329,ZnBi2O5_JVASP-9800_p_srniel.csv
ZnBi2O5,JVASP-9800,proton,250.0,0.00075836,ZnBi2O5_JVASP-9800_p_srniel.csv
ZnBi2O5,JVASP-9800,proton,300.0,0.00071506,ZnBi2O5_JVASP-9800_p_srniel.csv
ZnBi2O5,JVASP-9800,proton,350.0,0.00068851,ZnBi2O5_JVASP-9800_p_srniel.csv
ZnBi2O5,JVASP-9800,proton,400.0,0.00067145,ZnBi2O5_JVASP-9800_p_srniel.csv
ZnBi2O5,JVASP-9800,proton,450.0,0.00066033,ZnBi2O5_JVASP-9800_p_srniel.csv
ZnBi2O5,JVASP-9800,proton,500.0,0.00065335,ZnBi2O5_JVASP-9800_p_srniel.csv
ZnBi2O5,JVASP-9800,proton,550.0,0.00064934,ZnBi2O5_JVASP-9800_p_srniel.csv
ZnBi2O5,JVASP-9800,proton,600.0,0.0006473,ZnBi2O5_JVASP-9800_p_srniel.csv
ZnBi2O5,JVASP-9800,proton,650.0,0.00064616,ZnBi2O5_JVASP-9800_p_srniel.csv
ZnBi2O5,JVASP-9800,proton,700.0,0.00064491,ZnBi2O5_JVASP-9800_p_srniel.csv
ZnBi2O5,JVASP-9800,proton,750.0,0.00064269,ZnBi2O5_JVASP-9800_p_srniel.csv
ZnBi2O5,JVASP-9800,proton,800.0,0.00063904,ZnBi2O5_JVASP-9800_p_srniel.csv
ZnBi2O5,JVASP-9800,proton,850.0,0.00063407,ZnBi2O5_JVASP-9800_p_srniel.csv
ZnBi2O5,JVASP-9800,proton,900.0,0.00062862,ZnBi2O5_JVASP-9800_p_srniel.csv
ZnBi2O5,JVASP-9800,proton,950.0,0.00062435,ZnBi2O5_JVASP-9800_p_srniel.csv
ZnBi2O5,JVASP-9800,proton,1000.0,0.00062382,ZnBi2O5_JVASP-9800_p_srniel.csv
ZnGeN2,JVASP-9374,electron,0.04,4.1282e-05,ZnGeN2_JVASP-9374_e_srniel.csv
ZnGeN2,JVASP-9374,electron,0.045,4.2357e-05,ZnGeN2_JVASP-9374_e_srniel.csv
ZnGeN2,JVASP-9374,electron,0.05,4.2839e-05,ZnGeN2_JVASP-9374_e_srniel.csv
ZnGeN2,JVASP-9374,electron,0.055,4.296e-05,ZnGeN2_JVASP-9374_e_srniel.csv
ZnGeN2,JVASP-9374,electron,0.06,4.2858e-05,ZnGeN2_JVASP-9374_e_srniel.csv
ZnGeN2,JVASP-9374,electron,0.065,4.2619e-05,ZnGeN2_JVASP-9374_e_srniel.csv
ZnGeN2,JVASP-9374,electron,0.07,4.2294e-05,ZnGeN2_JVASP-9374_e_srniel.csv
ZnGeN2,JVASP-9374,electron,0.075,4.1919e-05,ZnGeN2_JVASP-9374_e_srniel.csv
ZnGeN2,JVASP-9374,electron,0.08,4.1516e-05,ZnGeN2_JVASP-9374_e_srniel.csv
ZnGeN2,JVASP-9374,electron,0.085,4.11e-05,ZnGeN2_JVASP-9374_e_srniel.csv
ZnGeN2,JVASP-9374,electron,0.09,4.0682e-05,ZnGeN2_JVASP-9374_e_srniel.csv
ZnGeN2,JVASP-9374,electron,0.095,4.0267e-05,ZnGeN2_JVASP-9374_e_srniel.csv
ZnGeN2,JVASP-9374,electron,0.1,3.986e-05,ZnGeN2_JVASP-9374_e_srniel.csv
ZnGeN2,JVASP-9374,electron,0.15,3.7515e-05,ZnGeN2_JVASP-9374_e_srniel.csv
ZnGeN2,JVASP-9374,electron,0.2,3.6556e-05,ZnGeN2_JVASP-9374_e_srniel.csv
ZnGeN2,JVASP-9374,electron,0.25,3.5913e-05,ZnGeN2_JVASP-9374_e_srniel.csv
ZnGeN2,JVASP-9374,electron,0.3,3.5562e-05,ZnGeN2_JVASP-9374_e_srniel.csv
ZnGeN2,JVASP-9374,electron,0.35,3.5426e-05,ZnGeN2_JVASP-9374_e_srniel.csv
ZnGeN2,JVASP-9374,electron,0.4,3.6057e-05,ZnGeN2_JVASP-9374_e_srniel.csv
ZnGeN2,JVASP-9374,electron,0.45,3.6874e-05,ZnGeN2_JVASP-9374_e_srniel.csv
ZnGeN2,JVASP-9374,electron,0.5,3.7752e-05,ZnGeN2_JVASP-9374_e_srniel.csv
ZnGeN2,JVASP-9374,electron,0.55,3.8665e-05,ZnGeN2_JVASP-9374_e_srniel.csv
ZnGeN2,JVASP-9374,electron,0.6,3.9596e-05,ZnGeN2_JVASP-9374_e_srniel.csv
ZnGeN2,JVASP-9374,electron,0.65,4.0533e-05,ZnGeN2_JVASP-9374_e_srniel.csv
ZnGeN2,JVASP-9374,electron,0.7,4.1468e-05,ZnGeN2_JVASP-9374_e_srniel.csv
ZnGeN2,JVASP-9374,electron,0.75,4.2396e-05,ZnGeN2_JVASP-9374_e_srniel.csv
ZnGeN2,JVASP-9374,electron,0.8,4.3314e-05,ZnGeN2_JVASP-9374_e_srniel.csv
ZnGeN2,JVASP-9374,electron,0.85,4.4218e-05,ZnGeN2_JVASP-9374_e_srniel.csv
ZnGeN2,JVASP-9374,electron,0.9,4.5108e-05,ZnGeN2_JVASP-9374_e_srniel.csv
ZnGeN2,JVASP-9374,electron,0.95,4.5981e-05,ZnGeN2_JVASP-9374_e_srniel.csv
ZnGeN2,JVASP-9374,electron,1.0,4.6838e-05,ZnGeN2_JVASP-9374_e_srniel.csv
ZnGeN2,JVASP-9374,electron,1.5,5.4489e-05,ZnGeN2_JVASP-9374_e_srniel.csv
ZnGeN2,JVASP-9374,electron,2.0,6.0725e-05,ZnGeN2_JVASP-9374_e_srniel.csv
ZnGeN2,JVASP-9374,electron,2.5,6.5918e-05,ZnGeN2_JVASP-9374_e_srniel.csv
ZnGeN2,JVASP-9374,electron,3.0,7.034e-05,ZnGeN2_JVASP-9374_e_srniel.csv
ZnGeN2,JVASP-9374,electron,3.5,7.4174e-05,ZnGeN2_JVASP-9374_e_srniel.csv
ZnGeN2,JVASP-9374,electron,4.0,7.7549e-05,ZnGeN2_JVASP-9374_e_srniel.csv
ZnGeN2,JVASP-9374,electron,4.5,8.0555e-05,ZnGeN2_JVASP-9374_e_srniel.csv
ZnGeN2,JVASP-9374,electron,5.0,8.3261e-05,ZnGeN2_JVASP-9374_e_srniel.csv
ZnGeN2,JVASP-9374,electron,5.5,8.5715e-05,ZnGeN2_JVASP-9374_e_srniel.csv
ZnGeN2,JVASP-9374,electron,6.0,8.7958e-05,ZnGeN2_JVASP-9374_e_srniel.csv
ZnGeN2,JVASP-9374,electron,6.5,9.002e-05,ZnGeN2_JVASP-9374_e_srniel.csv
ZnGeN2,JVASP-9374,electron,7.0,9.1926e-05,ZnGeN2_JVASP-9374_e_srniel.csv
ZnGeN2,JVASP-9374,electron,7.5,9.3695e-05,ZnGeN2_JVASP-9374_e_srniel.csv
ZnGeN2,JVASP-9374,electron,8.0,9.5344e-05,ZnGeN2_JVASP-9374_e_srniel.csv
ZnGeN2,JVASP-9374,electron,8.5,9.6886e-05,ZnGeN2_JVASP-9374_e_srniel.csv
ZnGeN2,JVASP-9374,electron,9.0,9.8333e-05,ZnGeN2_JVASP-9374_e_srniel.csv
ZnGeN2,JVASP-9374,electron,9.5,9.9695e-05,ZnGeN2_JVASP-9374_e_srniel.csv
ZnGeN2,JVASP-9374,electron,10.0,0.00010098,ZnGeN2_JVASP-9374_e_srniel.csv
ZnGeN2,JVASP-9374,electron,15.0,0.00011078,ZnGeN2_JVASP-9374_e_srniel.csv
ZnGeN2,JVASP-9374,electron,20.0,0.00011717,ZnGeN2_JVASP-9374_e_srniel.csv
ZnGeN2,JVASP-9374,electron,25.0,0.00012165,ZnGeN2_JVASP-9374_e_srniel.csv
ZnGeN2,JVASP-9374,electron,30.0,0.00012492,ZnGeN2_JVASP-9374_e_srniel.csv
ZnGeN2,JVASP-9374,electron,35.0,0.00012736,ZnGeN2_JVASP-9374_e_srniel.csv
ZnGeN2,JVASP-9374,electron,40.0,0.0001292,ZnGeN2_JVASP-9374_e_srniel.csv
ZnGeN2,JVASP-9374,electron,45.0,0.00013061,ZnGeN2_JVASP-9374_e_srniel.csv
ZnGeN2,JVASP-9374,electron,50.0,0.00013168,ZnGeN2_JVASP-9374_e_srniel.csv
ZnGeN2,JVASP-9374,electron,55.0,0.0001325,ZnGeN2_JVASP-9374_e_srniel.csv
ZnGeN2,JVASP-9374,electron,60.0,0.00013313,ZnGeN2_JVASP-9374_e_srniel.csv
ZnGeN2,JVASP-9374,electron,65.0,0.00013361,ZnGeN2_JVASP-9374_e_srniel.csv
ZnGeN2,JVASP-9374,electron,70.0,0.00013397,ZnGeN2_JVASP-9374_e_srniel.csv
ZnGeN2,JVASP-9374,electron,75.0,0.00013424,ZnGeN2_JVASP-9374_e_srniel.csv
ZnGeN2,JVASP-9374,electron,80.0,0.00013444,ZnGeN2_JVASP-9374_e_srniel.csv
ZnGeN2,JVASP-9374,electron,85.0,0.00013459,ZnGeN2_JVASP-9374_e_srniel.csv
ZnGeN2,JVASP-9374,electron,90.0,0.00013469,ZnGeN2_JVASP-9374_e_srniel.csv
ZnGeN2,JVASP-9374,electron,95.0,0.00013476,ZnGeN2_JVASP-9374_e_srniel.csv
ZnGeN2,JVASP-9374,electron,100.0,0.0001348,ZnGeN2_JVASP-9374_e_srniel.csv
ZnGeN2,JVASP-9374,proton,0.0001,1.1161,ZnGeN2_JVASP-9374_p_srniel.csv
ZnGeN2,JVASP-9374,proton,0.00015,2.032,ZnGeN2_JVASP-9374_p_srniel.csv
ZnGeN2,JVASP-9374,proton,0.0002,2.5278,ZnGeN2_JVASP-9374_p_srniel.csv
ZnGeN2,JVASP-9374,proton,0.00025,2.8246,ZnGeN2_JVASP-9374_p_srniel.csv
ZnGeN2,JVASP-9374,proton,0.0003,3.0876,ZnGeN2_JVASP-9374_p_srniel.csv
ZnGeN2,JVASP-9374,proton,0.00035,3.3082,ZnGeN2_JVASP-9374_p_srniel.csv
ZnGeN2,JVASP-9374,proton,0.0004,3.4671,ZnGeN2_JVASP-9374_p_srniel.csv
ZnGeN2,JVASP-9374,proton,0.00045,3.5831,ZnGeN2_JVASP-9374_p_srniel.csv
ZnGeN2,JVASP-9374,proton,0.0005,3.6684,ZnGeN2_JVASP-9374_p_srniel.csv
ZnGeN2,JVASP-9374,proton,0.00055,3.7311,ZnGeN2_JVASP-9374_p_srniel.csv
ZnGeN2,JVASP-9374,proton,0.0006,3.7767,ZnGeN2_JVASP-9374_p_srniel.csv
ZnGeN2,JVASP-9374,proton,0.00065,3.8092,ZnGeN2_JVASP-9374_p_srniel.csv
ZnGeN2,JVASP-9374,proton,0.0007,3.8316,ZnGeN2_JVASP-9374_p_srniel.csv
ZnGeN2,JVASP-9374,proton,0.00075,3.8459,ZnGeN2_JVASP-9374_p_srniel.csv
ZnGeN2,JVASP-9374,proton,0.0008,3.8538,ZnGeN2_JVASP-9374_p_srniel.csv
ZnGeN2,JVASP-9374,proton,0.00085,3.8566,ZnGeN2_JVASP-9374_p_srniel.csv
ZnGeN2,JVASP-9374,proton,0.0009,3.8552,ZnGeN2_JVASP-9374_p_srniel.csv
ZnGeN2,JVASP-9374,proton,0.00095,3.8505,ZnGeN2_JVASP-9374_p_srniel.csv
ZnGeN2,JVASP-9374,proton,0.001,3.843,ZnGeN2_JVASP-9374_p_srniel.csv
ZnGeN2,JVASP-9374,proton,0.0015,3.6921,ZnGeN2_JVASP-9374_p_srniel.csv
ZnGeN2,JVASP-9374,proton,0.002,3.5032,ZnGeN2_JVASP-9374_p_srniel.csv
ZnGeN2,JVASP-9374,proton,0.0025,3.3215,ZnGeN2_JVASP-9374_p_srniel.csv
ZnGeN2,JVASP-9374,proton,0.003,3.1556,ZnGeN2_JVASP-9374_p_srniel.csv
ZnGeN2,JVASP-9374,proton,0.0035,3.006,ZnGeN2_JVASP-9374_p_srniel.csv
ZnGeN2,JVASP-9374,proton,0.004,2.8714,ZnGeN2_JVASP-9374_p_srniel.csv
ZnGeN2,JVASP-9374,proton,0.0045,2.7499,ZnGeN2_JVASP-9374_p_srniel.csv
ZnGeN2,JVASP-9374,proton,0.005,2.6397,ZnGeN2_JVASP-9374_p_srniel.csv
ZnGeN2,JVASP-9374,proton,0.0055,2.5394,ZnGeN2_JVASP-9374_p_srniel.csv
ZnGeN2,JVASP-9374,proton,0.006,2.4476,ZnGeN2_JVASP-9374_p_srniel.csv
ZnGeN2,JVASP-9374,proton,0.0065,2.3633,ZnGeN2_JVASP-9374_p_srniel.csv
ZnGeN2,JVASP-9374,proton,0.007,2.2856,ZnGeN2_JVASP-9374_p_srniel.csv
ZnGeN2,JVASP-9374,proton,0.0075,2.2136,ZnGeN2_JVASP-9374_p_srniel.csv
ZnGeN2,JVASP-9374,proton,0.008,2.1468,ZnGeN2_JVASP-9374_p_srniel.csv
ZnGeN2,JVASP-9374,proton,0.0085,2.0845,ZnGeN2_JVASP-9374_p_srniel.csv
ZnGeN2,JVASP-9374,proton,0.009,2.0263,ZnGeN2_JVASP-9374_p_srniel.csv
ZnGeN2,JVASP-9374,proton,0.0095,1.9718,ZnGeN2_JVASP-9374_p_srniel.csv
ZnGeN2,JVASP-9374,proton,0.01,1.9206,ZnGeN2_JVASP-9374_p_srniel.csv
ZnGeN2,JVASP-9374,proton,0.015,1.5382,ZnGeN2_JVASP-9374_p_srniel.csv
ZnGeN2,JVASP-9374,proton,0.02,1.2954,ZnGeN2_JVASP-9374_p_srniel.csv
ZnGeN2,JVASP-9374,proton,0.025,1.1255,ZnGeN2_JVASP-9374_p_srniel.csv
ZnGeN2,JVASP-9374,proton,0.03,0.99896,ZnGeN2_JVASP-9374_p_srniel.csv
ZnGeN2,JVASP-9374,proton,0.035,0.9005,ZnGeN2_JVASP-9374_p_srniel.csv
ZnGeN2,JVASP-9374,proton,0.04,0.82141,ZnGeN2_JVASP-9374_p_srniel.csv
ZnGeN2,JVASP-9374,proton,0.045,0.75627,ZnGeN2_JVASP-9374_p_srniel.csv
ZnGeN2,JVASP-9374,proton,0.05,0.70127,ZnGeN2_JVASP-9374_p_srniel.csv
ZnGeN2,JVASP-9374,proton,0.055,0.65447,ZnGeN2_JVASP-9374_p_srniel.csv
ZnGeN2,JVASP-9374,proton,0.06,0.61411,ZnGeN2_JVASP-9374_p_srniel.csv
ZnGeN2,JVASP-9374,proton,0.065,0.5789,ZnGeN2_JVASP-9374_p_srniel.csv
ZnGeN2,JVASP-9374,proton,0.07,0.54788,ZnGeN2_JVASP-9374_p_srniel.csv
ZnGeN2,JVASP-9374,proton,0.075,0.52031,ZnGeN2_JVASP-9374_p_srniel.csv
ZnGeN2,JVASP-9374,proton,0.08,0.49563,ZnGeN2_JVASP-9374_p_srniel.csv
ZnGeN2,JVASP-9374,proton,0.085,0.4734,ZnGeN2_JVASP-9374_p_srniel.csv
ZnGeN2,JVASP-9374,proton,0.09,0.45325,ZnGeN2_JVASP-9374_p_srniel.csv
ZnGeN2,JVASP-9374,proton,0.095,0.43489,ZnGeN2_JVASP-9374_p_srniel.csv
ZnGeN2,JVASP-9374,proton,0.1,0.4181,ZnGeN2_JVASP-9374_p_srniel.csv
ZnGeN2,JVASP-9374,proton,0.15,0.30417,ZnGeN2_JVASP-9374_p_srniel.csv
ZnGeN2,JVASP-9374,proton,0.2,0.24079,ZnGeN2_JVASP-9374_p_srniel.csv
ZnGeN2,JVASP-9374,proton,0.25,0.20073,ZnGeN2_JVASP-9374_p_srniel.csv
ZnGeN2,JVASP-9374,proton,0.3,0.17323,ZnGeN2_JVASP-9374_p_srniel.csv
ZnGeN2,JVASP-9374,proton,0.35,0.15294,ZnGeN2_JVASP-9374_p_srniel.csv
ZnGeN2,JVASP-9374,proton,0.4,0.1373,ZnGeN2_JVASP-9374_p_srniel.csv
ZnGeN2,JVASP-9374,proton,0.45,0.12483,ZnGeN2_JVASP-9374_p_srniel.csv
ZnGeN2,JVASP-9374,proton,0.5,0.11464,ZnGeN2_JVASP-9374_p_srniel.csv
ZnGeN2,JVASP-9374,proton,0.55,0.10614,ZnGeN2_JVASP-9374_p_srniel.csv
ZnGeN2,JVASP-9374,proton,0.6,0.09893,ZnGeN2_JVASP-9374_p_srniel.csv
ZnGeN2,JVASP-9374,proton,0.65,0.092734,ZnGeN2_JVASP-9374_p_srniel.csv
ZnGeN2,JVASP-9374,proton,0.7,0.08696,ZnGeN2_JVASP-9374_p_srniel.csv
ZnGeN2,JVASP-9374,proton,0.75,0.081744,ZnGeN2_JVASP-9374_p_srniel.csv
ZnGeN2,JVASP-9374,proton,0.8,0.077139,ZnGeN2_JVASP-9374_p_srniel.csv
ZnGeN2,JVASP-9374,proton,0.85,0.07304,ZnGeN2_JVASP-9374_p_srniel.csv
ZnGeN2,JVASP-9374,proton,0.9,0.069368,ZnGeN2_JVASP-9374_p_srniel.csv
ZnGeN2,JVASP-9374,proton,0.95,0.066059,ZnGeN2_JVASP-9374_p_srniel.csv
ZnGeN2,JVASP-9374,proton,1.0,0.063061,ZnGeN2_JVASP-9374_p_srniel.csv
ZnGeN2,JVASP-9374,proton,1.5,0.043575,ZnGeN2_JVASP-9374_p_srniel.csv
ZnGeN2,JVASP-9374,proton,2.0,0.033447,ZnGeN2_JVASP-9374_p_srniel.csv
ZnGeN2,JVASP-9374,proton,2.5,0.027213,ZnGeN2_JVASP-9374_p_srniel.csv
ZnGeN2,JVASP-9374,proton,3.0,0.022978,ZnGeN2_JVASP-9374_p_srniel.csv
ZnGeN2,JVASP-9374,proton,3.5,0.019915,ZnGeN2_JVASP-9374_p_srniel.csv
ZnGeN2,JVASP-9374,proton,4.0,0.017659,ZnGeN2_JVASP-9374_p_srniel.csv
ZnGeN2,JVASP-9374,proton,4.5,0.015925,ZnGeN2_JVASP-9374_p_srniel.csv
ZnGeN2,JVASP-9374,proton,5.0,0.01455,ZnGeN2_JVASP-9374_p_srniel.csv
ZnGeN2,JVASP-9374,proton,5.5,0.013415,ZnGeN2_JVASP-9374_p_srniel.csv
ZnGeN2,JVASP-9374,proton,6.0,0.012463,ZnGeN2_JVASP-9374_p_srniel.csv
ZnGeN2,JVASP-9374,proton,6.5,0.011664,ZnGeN2_JVASP-9374_p_srniel.csv
ZnGeN2,JVASP-9374,proton,7.0,0.010988,ZnGeN2_JVASP-9374_p_srniel.csv
ZnGeN2,JVASP-9374,proton,7.5,0.010413,ZnGeN2_JVASP-9374_p_srniel.csv
ZnGeN2,JVASP-9374,proton,8.0,0.0099166,ZnGeN2_JVASP-9374_p_srniel.csv
ZnGeN2,JVASP-9374,proton,8.5,0.0094839,ZnGeN2_JVASP-9374_p_srniel.csv
ZnGeN2,JVASP-9374,proton,9.0,0.0091023,ZnGeN2_JVASP-9374_p_srniel.csv
ZnGeN2,JVASP-9374,proton,9.5,0.0087624,ZnGeN2_JVASP-9374_p_srniel.csv
ZnGeN2,JVASP-9374,proton,10.0,0.008457,ZnGeN2_JVASP-9374_p_srniel.csv
ZnGeN2,JVASP-9374,proton,15.0,0.0065568,ZnGeN2_JVASP-9374_p_srniel.csv
ZnGeN2,JVASP-9374,proton,20.0,0.0057276,ZnGeN2_JVASP-9374_p_srniel.csv
ZnGeN2,JVASP-9374,proton,25.0,0.0053028,ZnGeN2_JVASP-9374_p_srniel.csv
ZnGeN2,JVASP-9374,proton,30.0,0.0050104,ZnGeN2_JVASP-9374_p_srniel.csv
ZnGeN2,JVASP-9374,proton,35.0,0.0047604,ZnGeN2_JVASP-9374_p_srniel.csv
ZnGeN2,JVASP-9374,proton,40.0,0.0045359,ZnGeN2_JVASP-9374_p_srniel.csv
ZnGeN2,JVASP-9374,proton,45.0,0.0043387,ZnGeN2_JVASP-9374_p_srniel.csv
ZnGeN2,JVASP-9374,proton,50.0,0.0041707,ZnGeN2_JVASP-9374_p_srniel.csv
ZnGeN2,JVASP-9374,proton,55.0,0.0040304,ZnGeN2_JVASP-9374_p_srniel.csv
ZnGeN2,JVASP-9374,proton,60.0,0.0039145,ZnGeN2_JVASP-9374_p_srniel.csv
ZnGeN2,JVASP-9374,proton,65.0,0.0038187,ZnGeN2_JVASP-9374_p_srniel.csv
ZnGeN2,JVASP-9374,proton,70.0,0.0037388,ZnGeN2_JVASP-9374_p_srniel.csv
ZnGeN2,JVASP-9374,proton,75.0,0.0036711,ZnGeN2_JVASP-9374_p_srniel.csv
ZnGeN2,JVASP-9374,proton,80.0,0.0036124,ZnGeN2_JVASP-9374_p_srniel.csv
ZnGeN2,JVASP-9374,proton,85.0,0.0035604,ZnGeN2_JVASP-9374_p_srniel.csv
ZnGeN2,JVASP-9374,proton,90.0,0.0035133,ZnGeN2_JVASP-9374_p_srniel.csv
ZnGeN2,JVASP-9374,proton,95.0,0.0034697,ZnGeN2_JVASP-9374_p_srniel.csv
ZnGeN2,JVASP-9374,proton,100.0,0.0034285,ZnGeN2_JVASP-9374_p_srniel.csv
ZnGeN2,JVASP-9374,proton,150.0,0.0030912,ZnGeN2_JVASP-9374_p_srniel.csv
ZnGeN2,JVASP-9374,proton,200.0,0.0028847,ZnGeN2_JVASP-9374_p_srniel.csv
ZnGeN2,JVASP-9374,proton,250.0,0.0027928,ZnGeN2_JVASP-9374_p_srniel.csv
ZnGeN2,JVASP-9374,proton,300.0,0.0027632,ZnGeN2_JVASP-9374_p_srniel.csv
ZnGeN2,JVASP-9374,proton,350.0,0.0027599,ZnGeN2_JVASP-9374_p_srniel.csv
ZnGeN2,JVASP-9374,proton,400.0,0.0027686,ZnGeN2_JVASP-9374_p_srniel.csv
ZnGeN2,JVASP-9374,proton,450.0,0.002787,ZnGeN2_JVASP-9374_p_srniel.csv
ZnGeN2,JVASP-9374,proton,500.0,0.0028163,ZnGeN2_JVASP-9374_p_srniel.csv
ZnGeN2,JVASP-9374,proton,550.0,0.0028552,ZnGeN2_JVASP-9374_p_srniel.csv
ZnGeN2,JVASP-9374,proton,600.0,0.0028995,ZnGeN2_JVASP-9374_p_srniel.csv
ZnGeN2,JVASP-9374,proton,650.0,0.0029416,ZnGeN2_JVASP-9374_p_srniel.csv
ZnGeN2,JVASP-9374,proton,700.0,0.0029731,ZnGeN2_JVASP-9374_p_srniel.csv
ZnGeN2,JVASP-9374,proton,750.0,0.0029872,ZnGeN2_JVASP-9374_p_srniel.csv
ZnGeN2,JVASP-9374,proton,800.0,0.0029815,ZnGeN2_JVASP-9374_p_srniel.csv
ZnGeN2,JVASP-9374,proton,850.0,0.0029605,ZnGeN2_JVASP-9374_p_srniel.csv
ZnGeN2,JVASP-9374,proton,900.0,0.0029368,ZnGeN2_JVASP-9374_p_srniel.csv
ZnGeN2,JVASP-9374,proton,950.0,0.0029317,ZnGeN2_JVASP-9374_p_srniel.csv
ZnGeN2,JVASP-9374,proton,1000.0,0.002977,ZnGeN2_JVASP-9374_p_srniel.csv
ZnO,JVASP-17188,electron,0.04,0.0,ZnO_JVASP-17188_e_srniel.csv
ZnO,JVASP-17188,electron,0.045,0.0,ZnO_JVASP-17188_e_srniel.csv
ZnO,JVASP-17188,electron,0.05,0.0,ZnO_JVASP-17188_e_srniel.csv
ZnO,JVASP-17188,electron,0.055,0.0,ZnO_JVASP-17188_e_srniel.csv
ZnO,JVASP-17188,electron,0.06,0.0,ZnO_JVASP-17188_e_srniel.csv
ZnO,JVASP-17188,electron,0.065,0.0,ZnO_JVASP-17188_e_srniel.csv
ZnO,JVASP-17188,electron,0.07,0.0,ZnO_JVASP-17188_e_srniel.csv
ZnO,JVASP-17188,electron,0.075,0.0,ZnO_JVASP-17188_e_srniel.csv
ZnO,JVASP-17188,electron,0.08,0.0,ZnO_JVASP-17188_e_srniel.csv
ZnO,JVASP-17188,electron,0.085,0.0,ZnO_JVASP-17188_e_srniel.csv
ZnO,JVASP-17188,electron,0.09,0.0,ZnO_JVASP-17188_e_srniel.csv
ZnO,JVASP-17188,electron,0.095,0.0,ZnO_JVASP-17188_e_srniel.csv
ZnO,JVASP-17188,electron,0.1,0.0,ZnO_JVASP-17188_e_srniel.csv
ZnO,JVASP-17188,electron,0.15,0.0,ZnO_JVASP-17188_e_srniel.csv
ZnO,JVASP-17188,electron,0.2,6.4845e-07,ZnO_JVASP-17188_e_srniel.csv
ZnO,JVASP-17188,electron,0.25,2.0692e-06,ZnO_JVASP-17188_e_srniel.csv
ZnO,JVASP-17188,electron,0.3,5.3344e-06,ZnO_JVASP-17188_e_srniel.csv
ZnO,JVASP-17188,electron,0.35,8.0272e-06,ZnO_JVASP-17188_e_srniel.csv
ZnO,JVASP-17188,electron,0.4,1.035e-05,ZnO_JVASP-17188_e_srniel.csv
ZnO,JVASP-17188,electron,0.45,1.2417e-05,ZnO_JVASP-17188_e_srniel.csv
ZnO,JVASP-17188,electron,0.5,1.4294e-05,ZnO_JVASP-17188_e_srniel.csv
ZnO,JVASP-17188,electron,0.55,1.6024e-05,ZnO_JVASP-17188_e_srniel.csv
ZnO,JVASP-17188,electron,0.6,1.7637e-05,ZnO_JVASP-17188_e_srniel.csv
ZnO,JVASP-17188,electron,0.65,1.9151e-05,ZnO_JVASP-17188_e_srniel.csv
ZnO,JVASP-17188,electron,0.7,2.0582e-05,ZnO_JVASP-17188_e_srniel.csv
ZnO,JVASP-17188,electron,0.75,2.1941e-05,ZnO_JVASP-17188_e_srniel.csv
ZnO,JVASP-17188,electron,0.8,2.3235e-05,ZnO_JVASP-17188_e_srniel.csv
ZnO,JVASP-17188,electron,0.85,2.4473e-05,ZnO_JVASP-17188_e_srniel.csv
ZnO,JVASP-17188,electron,0.9,2.5659e-05,ZnO_JVASP-17188_e_srniel.csv
ZnO,JVASP-17188,electron,0.95,2.6799e-05,ZnO_JVASP-17188_e_srniel.csv
ZnO,JVASP-17188,electron,1.0,2.7896e-05,ZnO_JVASP-17188_e_srniel.csv
ZnO,JVASP-17188,electron,1.5,3.7101e-05,ZnO_JVASP-17188_e_srniel.csv
ZnO,JVASP-17188,electron,2.0,4.4157e-05,ZnO_JVASP-17188_e_srniel.csv
ZnO,JVASP-17188,electron,2.5,4.9877e-05,ZnO_JVASP-17188_e_srniel.csv
ZnO,JVASP-17188,electron,3.0,5.4675e-05,ZnO_JVASP-17188_e_srniel.csv
ZnO,JVASP-17188,electron,3.5,5.8799e-05,ZnO_JVASP-17188_e_srniel.csv
ZnO,JVASP-17188,electron,4.0,6.2406e-05,ZnO_JVASP-17188_e_srniel.csv
ZnO,JVASP-17188,electron,4.5,6.5606e-05,ZnO_JVASP-17188_e_srniel.csv
ZnO,JVASP-17188,electron,5.0,6.8477e-05,ZnO_JVASP-17188_e_srniel.csv
ZnO,JVASP-17188,electron,5.5,7.1075e-05,ZnO_JVASP-17188_e_srniel.csv
ZnO,JVASP-17188,electron,6.0,7.3446e-05,ZnO_JVASP-17188_e_srniel.csv
ZnO,JVASP-17188,electron,6.5,7.5622e-05,ZnO_JVASP-17188_e_srniel.csv
ZnO,JVASP-17188,electron,7.0,7.763e-05,ZnO_JVASP-17188_e_srniel.csv
ZnO,JVASP-17188,electron,7.5,7.9494e-05,ZnO_JVASP-17188_e_srniel.csv
ZnO,JVASP-17188,electron,8.0,8.1229e-05,ZnO_JVASP-17188_e_srniel.csv
ZnO,JVASP-17188,electron,8.5,8.2852e-05,ZnO_JVASP-17188_e_srniel.csv
ZnO,JVASP-17188,electron,9.0,8.4374e-05,ZnO_JVASP-17188_e_srniel.csv
ZnO,JVASP-17188,electron,9.5,8.5805e-05,ZnO_JVASP-17188_e_srniel.csv
ZnO,JVASP-17188,electron,10.0,8.7155e-05,ZnO_JVASP-17188_e_srniel.csv
ZnO,JVASP-17188,electron,15.0,9.7453e-05,ZnO_JVASP-17188_e_srniel.csv
ZnO,JVASP-17188,electron,20.0,0.00010418,ZnO_JVASP-17188_e_srniel.csv
ZnO,JVASP-17188,electron,25.0,0.00010891,ZnO_JVASP-17188_e_srniel.csv
ZnO,JVASP-17188,electron,30.0,0.00011238,ZnO_JVASP-17188_e_srniel.csv
ZnO,JVASP-17188,electron,35.0,0.00011498,ZnO_JVASP-17188_e_srniel.csv
ZnO,JVASP-17188,electron,40.0,0.00011695,ZnO_JVASP-17188_e_srniel.csv
ZnO,JVASP-17188,electron,45.0,0.00011846,ZnO_JVASP-17188_e_srniel.csv
ZnO,JVASP-17188,electron,50.0,0.00011962,ZnO_JVASP-17188_e_srniel.csv
ZnO,JVASP-17188,electron,55.0,0.00012052,ZnO_JVASP-17188_e_srniel.csv
ZnO,JVASP-17188,electron,60.0,0.00012121,ZnO_JVASP-17188_e_srniel.csv
ZnO,JVASP-17188,electron,65.0,0.00012174,ZnO_JVASP-17188_e_srniel.csv
ZnO,JVASP-17188,electron,70.0,0.00012215,ZnO_JVASP-17188_e_srniel.csv
ZnO,JVASP-17188,electron,75.0,0.00012246,ZnO_JVASP-17188_e_srniel.csv
ZnO,JVASP-17188,electron,80.0,0.0001227,ZnO_JVASP-17188_e_srniel.csv
ZnO,JVASP-17188,electron,85.0,0.00012288,ZnO_JVASP-17188_e_srniel.csv
ZnO,JVASP-17188,electron,90.0,0.00012301,ZnO_JVASP-17188_e_srniel.csv
ZnO,JVASP-17188,electron,95.0,0.0001231,ZnO_JVASP-17188_e_srniel.csv
ZnO,JVASP-17188,electron,100.0,0.00012317,ZnO_JVASP-17188_e_srniel.csv
ZnO,JVASP-17188,proton,0.0001,0.0,ZnO_JVASP-17188_p_srniel.csv
ZnO,JVASP-17188,proton,0.00015,0.38995,ZnO_JVASP-17188_p_srniel.csv
ZnO,JVASP-17188,proton,0.0002,1.1708,ZnO_JVASP-17188_p_srniel.csv
ZnO,JVASP-17188,proton,0.00025,1.788,ZnO_JVASP-17188_p_srniel.csv
ZnO,JVASP-17188,proton,0.0003,2.2191,ZnO_JVASP-17188_p_srniel.csv
ZnO,JVASP-17188,proton,0.00035,2.5331,ZnO_JVASP-17188_p_srniel.csv
ZnO,JVASP-17188,proton,0.0004,2.7682,ZnO_JVASP-17188_p_srniel.csv
ZnO,JVASP-17188,proton,0.00045,2.948,ZnO_JVASP-17188_p_srniel.csv
ZnO,JVASP-17188,proton,0.0005,3.0873,ZnO_JVASP-17188_p_srniel.csv
ZnO,JVASP-17188,proton,0.00055,3.1965,ZnO_JVASP-17188_p_srniel.csv
ZnO,JVASP-17188,proton,0.0006,3.2824,ZnO_JVASP-17188_p_srniel.csv
ZnO,JVASP-17188,proton,0.00065,3.3502,ZnO_JVASP-17188_p_srniel.csv
ZnO,JVASP-17188,proton,0.0007,3.4037,ZnO_JVASP-17188_p_srniel.csv
ZnO,JVASP-17188,proton,0.00075,3.4457,ZnO_JVASP-17188_p_srniel.csv
ZnO,JVASP-17188,proton,0.0008,3.4784,ZnO_JVASP-17188_p_srniel.csv
ZnO,JVASP-17188,proton,0.00085,3.5035,ZnO_JVASP-17188_p_srniel.csv
ZnO,JVASP-17188,proton,0.0009,3.5222,ZnO_JVASP-17188_p_srniel.csv
ZnO,JVASP-17188,proton,0.00095,3.5357,ZnO_JVASP-17188_p_srniel.csv
ZnO,JVASP-17188,proton,0.001,3.5449,ZnO_JVASP-17188_p_srniel.csv
ZnO,JVASP-17188,proton,0.0015,3.5023,ZnO_JVASP-17188_p_srniel.csv
ZnO,JVASP-17188,proton,0.002,3.368,ZnO_JVASP-17188_p_srniel.csv
ZnO,JVASP-17188,proton,0.0025,3.2179,ZnO_JVASP-17188_p_srniel.csv
ZnO,JVASP-17188,proton,0.003,3.072,ZnO_JVASP-17188_p_srniel.csv
ZnO,JVASP-17188,proton,0.0035,2.9359,ZnO_JVASP-17188_p_srniel.csv
ZnO,JVASP-17188,proton,0.004,2.8108,ZnO_JVASP-17188_p_srniel.csv
ZnO,JVASP-17188,proton,0.0045,2.6962,ZnO_JVASP-17188_p_srniel.csv
ZnO,JVASP-17188,proton,0.005,2.5912,ZnO_JVASP-17188_p_srniel.csv
ZnO,JVASP-17188,proton,0.0055,2.4949,ZnO_JVASP-17188_p_srniel.csv
ZnO,JVASP-17188,proton,0.006,2.4063,ZnO_JVASP-17188_p_srniel.csv
ZnO,JVASP-17188,proton,0.0065,2.3246,ZnO_JVASP-17188_p_srniel.csv
ZnO,JVASP-17188,proton,0.007,2.2489,ZnO_JVASP-17188_p_srniel.csv
ZnO,JVASP-17188,proton,0.0075,2.1787,ZnO_JVASP-17188_p_srniel.csv
ZnO,JVASP-17188,proton,0.008,2.1133,ZnO_JVASP-17188_p_srniel.csv
ZnO,JVASP-17188,proton,0.0085,2.0522,ZnO_JVASP-17188_p_srniel.csv
ZnO,JVASP-17188,proton,0.009,1.9951,ZnO_JVASP-17188_p_srniel.csv
ZnO,JVASP-17188,proton,0.0095,1.9415,ZnO_JVASP-17188_p_srniel.csv
ZnO,JVASP-17188,proton,0.01,1.8912,ZnO_JVASP-17188_p_srniel.csv
ZnO,JVASP-17188,proton,0.015,1.5134,ZnO_JVASP-17188_p_srniel.csv
ZnO,JVASP-17188,proton,0.02,1.2729,ZnO_JVASP-17188_p_srniel.csv
ZnO,JVASP-17188,proton,0.025,1.1045,ZnO_JVASP-17188_p_srniel.csv
ZnO,JVASP-17188,proton,0.03,0.9791,ZnO_JVASP-17188_p_srniel.csv
ZnO,JVASP-17188,proton,0.035,0.88162,ZnO_JVASP-17188_p_srniel.csv
ZnO,JVASP-17188,proton,0.04,0.80338,ZnO_JVASP-17188_p_srniel.csv
ZnO,JVASP-17188,proton,0.045,0.73903,ZnO_JVASP-17188_p_srniel.csv
ZnO,JVASP-17188,proton,0.05,0.68505,ZnO_JVASP-17188_p_srniel.csv
ZnO,JVASP-17188,proton,0.055,0.63875,ZnO_JVASP-17188_p_srniel.csv
ZnO,JVASP-17188,proton,0.06,0.59878,ZnO_JVASP-17188_p_srniel.csv
ZnO,JVASP-17188,proton,0.065,0.56394,ZnO_JVASP-17188_p_srniel.csv
ZnO,JVASP-17188,proton,0.07,0.53329,ZnO_JVASP-17188_p_srniel.csv
ZnO,JVASP-17188,proton,0.075,0.50608,ZnO_JVASP-17188_p_srniel.csv
ZnO,JVASP-17188,proton,0.08,0.48174,ZnO_JVASP-17188_p_srniel.csv
ZnO,JVASP-17188,proton,0.085,0.45983,ZnO_JVASP-17188_p_srniel.csv
ZnO,JVASP-17188,proton,0.09,0.44,ZnO_JVASP-17188_p_srniel.csv
ZnO,JVASP-17188,proton,0.095,0.42194,ZnO_JVASP-17188_p_srniel.csv
ZnO,JVASP-17188,proton,0.1,0.40543,ZnO_JVASP-17188_p_srniel.csv
ZnO,JVASP-17188,proton,0.15,0.29413,ZnO_JVASP-17188_p_srniel.csv
ZnO,JVASP-17188,proton,0.2,0.23227,ZnO_JVASP-17188_p_srniel.csv
ZnO,JVASP-17188,proton,0.25,0.19282,ZnO_JVASP-17188_p_srniel.csv
ZnO,JVASP-17188,proton,0.3,0.16553,ZnO_JVASP-17188_p_srniel.csv
ZnO,JVASP-17188,proton,0.35,0.14548,ZnO_JVASP-17188_p_srniel.csv
ZnO,JVASP-17188,proton,0.4,0.13007,ZnO_JVASP-17188_p_srniel.csv
ZnO,JVASP-17188,proton,0.45,0.11784,ZnO_JVASP-17188_p_srniel.csv
ZnO,JVASP-17188,proton,0.5,0.10786,ZnO_JVASP-17188_p_srniel.csv
ZnO,JVASP-17188,proton,0.55,0.099571,ZnO_JVASP-17188_p_srniel.csv
ZnO,JVASP-17188,proton,0.6,0.092555,ZnO_JVASP-17188_p_srniel.csv
ZnO,JVASP-17188,proton,0.65,0.086536,ZnO_JVASP-17188_p_srniel.csv
ZnO,JVASP-17188,proton,0.7,0.081084,ZnO_JVASP-17188_p_srniel.csv
ZnO,JVASP-17188,proton,0.75,0.076171,ZnO_JVASP-17188_p_srniel.csv
ZnO,JVASP-17188,proton,0.8,0.071839,ZnO_JVASP-17188_p_srniel.csv
ZnO,JVASP-17188,proton,0.85,0.067989,ZnO_JVASP-17188_p_srniel.csv
ZnO,JVASP-17188,proton,0.9,0.064543,ZnO_JVASP-17188_p_srniel.csv
ZnO,JVASP-17188,proton,0.95,0.061441,ZnO_JVASP-17188_p_srniel.csv
ZnO,JVASP-17188,proton,1.0,0.058633,ZnO_JVASP-17188_p_srniel.csv
ZnO,JVASP-17188,proton,1.5,0.04044,ZnO_JVASP-17188_p_srniel.csv
ZnO,JVASP-17188,proton,2.0,0.031019,ZnO_JVASP-17188_p_srniel.csv
ZnO,JVASP-17188,proton,2.5,0.025231,ZnO_JVASP-17188_p_srniel.csv
ZnO,JVASP-17188,proton,3.0,0.021303,ZnO_JVASP-17188_p_srniel.csv
ZnO,JVASP-17188,proton,3.5,0.018464,ZnO_JVASP-17188_p_srniel.csv
ZnO,JVASP-17188,proton,4.0,0.016401,ZnO_JVASP-17188_p_srniel.csv
ZnO,JVASP-17188,proton,4.5,0.01483,ZnO_JVASP-17188_p_srniel.csv
ZnO,JVASP-17188,proton,5.0,0.013571,ZnO_JVASP-17188_p_srniel.csv
ZnO,JVASP-17188,proton,5.5,0.012533,ZnO_JVASP-17188_p_srniel.csv
ZnO,JVASP-17188,proton,6.0,0.011669,ZnO_JVASP-17188_p_srniel.csv
ZnO,JVASP-17188,proton,6.5,0.010945,ZnO_JVASP-17188_p_srniel.csv
ZnO,JVASP-17188,proton,7.0,0.010334,ZnO_JVASP-17188_p_srniel.csv
ZnO,JVASP-17188,proton,7.5,0.0098148,ZnO_JVASP-17188_p_srniel.csv
ZnO,JVASP-17188,proton,8.0,0.0093667,ZnO_JVASP-17188_p_srniel.csv
ZnO,JVASP-17188,proton,8.5,0.0089753,ZnO_JVASP-17188_p_srniel.csv
ZnO,JVASP-17188,proton,9.0,0.0086294,ZnO_JVASP-17188_p_srniel.csv
ZnO,JVASP-17188,proton,9.5,0.0083207,ZnO_JVASP-17188_p_srniel.csv
ZnO,JVASP-17188,proton,10.0,0.0080433,ZnO_JVASP-17188_p_srniel.csv
ZnO,JVASP-17188,proton,15.0,0.0063245,ZnO_JVASP-17188_p_srniel.csv
ZnO,JVASP-17188,proton,20.0,0.0055753,ZnO_JVASP-17188_p_srniel.csv
ZnO,JVASP-17188,proton,25.0,0.0051786,ZnO_JVASP-17188_p_srniel.csv
ZnO,JVASP-17188,proton,30.0,0.0048989,ZnO_JVASP-17188_p_srniel.csv
ZnO,JVASP-17188,proton,35.0,0.0046616,ZnO_JVASP-17188_p_srniel.csv
ZnO,JVASP-17188,proton,40.0,0.0044513,ZnO_JVASP-17188_p_srniel.csv
ZnO,JVASP-17188,proton,45.0,0.0042678,ZnO_JVASP-17188_p_srniel.csv
ZnO,JVASP-17188,proton,50.0,0.004111,ZnO_JVASP-17188_p_srniel.csv
ZnO,JVASP-17188,proton,55.0,0.003979,ZnO_JVASP-17188_p_srniel.csv
ZnO,JVASP-17188,proton,60.0,0.0038683,ZnO_JVASP-17188_p_srniel.csv
ZnO,JVASP-17188,proton,65.0,0.0037751,ZnO_JVASP-17188_p_srniel.csv
ZnO,JVASP-17188,proton,70.0,0.0036957,ZnO_JVASP-17188_p_srniel.csv
ZnO,JVASP-17188,proton,75.0,0.0036271,ZnO_JVASP-17188_p_srniel.csv
ZnO,JVASP-17188,proton,80.0,0.0035666,ZnO_JVASP-17188_p_srniel.csv
ZnO,JVASP-17188,proton,85.0,0.0035123,ZnO_JVASP-17188_p_srniel.csv
ZnO,JVASP-17188,proton,90.0,0.0034626,ZnO_JVASP-17188_p_srniel.csv
ZnO,JVASP-17188,proton,95.0,0.0034165,ZnO_JVASP-17188_p_srniel.csv
ZnO,JVASP-17188,proton,100.0,0.003373,ZnO_JVASP-17188_p_srniel.csv
ZnO,JVASP-17188,proton,150.0,0.0030244,ZnO_JVASP-17188_p_srniel.csv
ZnO,JVASP-17188,proton,200.0,0.00281,ZnO_JVASP-17188_p_srniel.csv
ZnO,JVASP-17188,proton,250.0,0.0027053,ZnO_JVASP-17188_p_srniel.csv
ZnO,JVASP-17188,proton,300.0,0.0026653,ZnO_JVASP-17188_p_srniel.csv
ZnO,JVASP-17188,proton,350.0,0.0026573,ZnO_JVASP-17188_p_srniel.csv
ZnO,JVASP-17188,proton,400.0,0.0026649,ZnO_JVASP-17188_p_srniel.csv
ZnO,JVASP-17188,proton,450.0,0.0026817,ZnO_JVASP-17188_p_srniel.csv
ZnO,JVASP-17188,proton,500.0,0.0027058,ZnO_JVASP-17188_p_srniel.csv
ZnO,JVASP-17188,proton,550.0,0.0027353,ZnO_JVASP-17188_p_srniel.csv
ZnO,JVASP-17188,proton,600.0,0.0027674,ZnO_JVASP-17188_p_srniel.csv
ZnO,JVASP-17188,proton,650.0,0.002798,ZnO_JVASP-17188_p_srniel.csv
ZnO,JVASP-17188,proton,700.0,0.0028223,ZnO_JVASP-17188_p_srniel.csv
ZnO,JVASP-17188,proton,750.0,0.0028363,ZnO_JVASP-17188_p_srniel.csv
ZnO,JVASP-17188,proton,800.0,0.002838,ZnO_JVASP-17188_p_srniel.csv
ZnO,JVASP-17188,proton,850.0,0.0028289,ZnO_JVASP-17188_p_srniel.csv
ZnO,JVASP-17188,proton,900.0,0.0028145,ZnO_JVASP-17188_p_srniel.csv
ZnO,JVASP-17188,proton,950.0,0.0028052,ZnO_JVASP-17188_p_srniel.csv
ZnO,JVASP-17188,proton,1000.0,0.0028166,ZnO_JVASP-17188_p_srniel.csv
ZnS,JVASP-10591,electron,0.04,0.0,ZnS_JVASP-10591_e_srniel.csv
ZnS,JVASP-10591,electron,0.045,0.0,ZnS_JVASP-10591_e_srniel.csv
ZnS,JVASP-10591,electron,0.05,0.0,ZnS_JVASP-10591_e_srniel.csv
ZnS,JVASP-10591,electron,0.055,0.0,ZnS_JVASP-10591_e_srniel.csv
ZnS,JVASP-10591,electron,0.06,0.0,ZnS_JVASP-10591_e_srniel.csv
ZnS,JVASP-10591,electron,0.065,0.0,ZnS_JVASP-10591_e_srniel.csv
ZnS,JVASP-10591,electron,0.07,0.0,ZnS_JVASP-10591_e_srniel.csv
ZnS,JVASP-10591,electron,0.075,0.0,ZnS_JVASP-10591_e_srniel.csv
ZnS,JVASP-10591,electron,0.08,0.0,ZnS_JVASP-10591_e_srniel.csv
ZnS,JVASP-10591,electron,0.085,0.0,ZnS_JVASP-10591_e_srniel.csv
ZnS,JVASP-10591,electron,0.09,0.0,ZnS_JVASP-10591_e_srniel.csv
ZnS,JVASP-10591,electron,0.095,0.0,ZnS_JVASP-10591_e_srniel.csv
ZnS,JVASP-10591,electron,0.1,0.0,ZnS_JVASP-10591_e_srniel.csv
ZnS,JVASP-10591,electron,0.15,6.0001e-06,ZnS_JVASP-10591_e_srniel.csv
ZnS,JVASP-10591,electron,0.2,1.0819e-05,ZnS_JVASP-10591_e_srniel.csv
ZnS,JVASP-10591,electron,0.25,1.377e-05,ZnS_JVASP-10591_e_srniel.csv
ZnS,JVASP-10591,electron,0.3,1.6317e-05,ZnS_JVASP-10591_e_srniel.csv
ZnS,JVASP-10591,electron,0.35,1.8815e-05,ZnS_JVASP-10591_e_srniel.csv
ZnS,JVASP-10591,electron,0.4,2.0943e-05,ZnS_JVASP-10591_e_srniel.csv
ZnS,JVASP-10591,electron,0.45,2.2828e-05,ZnS_JVASP-10591_e_srniel.csv
ZnS,JVASP-10591,electron,0.5,2.4541e-05,ZnS_JVASP-10591_e_srniel.csv
ZnS,JVASP-10591,electron,0.55,2.6123e-05,ZnS_JVASP-10591_e_srniel.csv
ZnS,JVASP-10591,electron,0.6,2.7603e-05,ZnS_JVASP-10591_e_srniel.csv
ZnS,JVASP-10591,electron,0.65,2.8998e-05,ZnS_JVASP-10591_e_srniel.csv
ZnS,JVASP-10591,electron,0.7,3.0322e-05,ZnS_JVASP-10591_e_srniel.csv
ZnS,JVASP-10591,electron,0.75,3.1584e-05,ZnS_JVASP-10591_e_srniel.csv
ZnS,JVASP-10591,electron,0.8,3.2792e-05,ZnS_JVASP-10591_e_srniel.csv
ZnS,JVASP-10591,electron,0.85,3.3952e-05,ZnS_JVASP-10591_e_srniel.csv
ZnS,JVASP-10591,electron,0.9,3.5068e-05,ZnS_JVASP-10591_e_srniel.csv
ZnS,JVASP-10591,electron,0.95,3.6144e-05,ZnS_JVASP-10591_e_srniel.csv
ZnS,JVASP-10591,electron,1.0,3.7183e-05,ZnS_JVASP-10591_e_srniel.csv
ZnS,JVASP-10591,electron,1.5,4.6033e-05,ZnS_JVASP-10591_e_srniel.csv
ZnS,JVASP-10591,electron,2.0,5.2948e-05,ZnS_JVASP-10591_e_srniel.csv
ZnS,JVASP-10591,electron,2.5,5.8616e-05,ZnS_JVASP-10591_e_srniel.csv
ZnS,JVASP-10591,electron,3.0,6.3406e-05,ZnS_JVASP-10591_e_srniel.csv
ZnS,JVASP-10591,electron,3.5,6.7544e-05,ZnS_JVASP-10591_e_srniel.csv
ZnS,JVASP-10591,electron,4.0,7.1179e-05,ZnS_JVASP-10591_e_srniel.csv
ZnS,JVASP-10591,electron,4.5,7.4414e-05,ZnS_JVASP-10591_e_srniel.csv
ZnS,JVASP-10591,electron,5.0,7.7324e-05,ZnS_JVASP-10591_e_srniel.csv
ZnS,JVASP-10591,electron,5.5,7.9965e-05,ZnS_JVASP-10591_e_srniel.csv
ZnS,JVASP-10591,electron,6.0,8.2379e-05,ZnS_JVASP-10591_e_srniel.csv
ZnS,JVASP-10591,electron,6.5,8.4599e-05,ZnS_JVASP-10591_e_srniel.csv
ZnS,JVASP-10591,electron,7.0,8.6653e-05,ZnS_JVASP-10591_e_srniel.csv
ZnS,JVASP-10591,electron,7.5,8.8561e-05,ZnS_JVASP-10591_e_srniel.csv
ZnS,JVASP-10591,electron,8.0,9.0341e-05,ZnS_JVASP-10591_e_srniel.csv
ZnS,JVASP-10591,electron,8.5,9.2008e-05,ZnS_JVASP-10591_e_srniel.csv
ZnS,JVASP-10591,electron,9.0,9.3573e-05,ZnS_JVASP-10591_e_srniel.csv
ZnS,JVASP-10591,electron,9.5,9.5048e-05,ZnS_JVASP-10591_e_srniel.csv
ZnS,JVASP-10591,electron,10.0,9.6442e-05,ZnS_JVASP-10591_e_srniel.csv
ZnS,JVASP-10591,electron,15.0,0.00010715,ZnS_JVASP-10591_e_srniel.csv
ZnS,JVASP-10591,electron,20.0,0.00011424,ZnS_JVASP-10591_e_srniel.csv
ZnS,JVASP-10591,electron,25.0,0.00011929,ZnS_JVASP-10591_e_srniel.csv
ZnS,JVASP-10591,electron,30.0,0.00012304,ZnS_JVASP-10591_e_srniel.csv
ZnS,JVASP-10591,electron,35.0,0.00012589,ZnS_JVASP-10591_e_srniel.csv
ZnS,JVASP-10591,electron,40.0,0.00012808,ZnS_JVASP-10591_e_srniel.csv
ZnS,JVASP-10591,electron,45.0,0.00012978,ZnS_JVASP-10591_e_srniel.csv
ZnS,JVASP-10591,electron,50.0,0.00013111,ZnS_JVASP-10591_e_srniel.csv
ZnS,JVASP-10591,electron,55.0,0.00013214,ZnS_JVASP-10591_e_srniel.csv
ZnS,JVASP-10591,electron,60.0,0.00013295,ZnS_JVASP-10591_e_srniel.csv
ZnS,JVASP-10591,electron,65.0,0.00013359,ZnS_JVASP-10591_e_srniel.csv
ZnS,JVASP-10591,electron,70.0,0.00013409,ZnS_JVASP-10591_e_srniel.csv
ZnS,JVASP-10591,electron,75.0,0.00013448,ZnS_JVASP-10591_e_srniel.csv
ZnS,JVASP-10591,electron,80.0,0.00013478,ZnS_JVASP-10591_e_srniel.csv
ZnS,JVASP-10591,electron,85.0,0.00013501,ZnS_JVASP-10591_e_srniel.csv
ZnS,JVASP-10591,electron,90.0,0.00013519,ZnS_JVASP-10591_e_srniel.csv
ZnS,JVASP-10591,electron,95.0,0.00013532,ZnS_JVASP-10591_e_srniel.csv
ZnS,JVASP-10591,electron,100.0,0.00013542,ZnS_JVASP-10591_e_srniel.csv
ZnS,JVASP-10591,proton,0.0001,0.33343,ZnS_JVASP-10591_p_srniel.csv
ZnS,JVASP-10591,proton,0.00015,0.71822,ZnS_JVASP-10591_p_srniel.csv
ZnS,JVASP-10591,proton,0.0002,0.96824,ZnS_JVASP-10591_p_srniel.csv
ZnS,JVASP-10591,proton,0.00025,1.4685,ZnS_JVASP-10591_p_srniel.csv
ZnS,JVASP-10591,proton,0.0003,1.8574,ZnS_JVASP-10591_p_srniel.csv
ZnS,JVASP-10591,proton,0.00035,2.1534,ZnS_JVASP-10591_p_srniel.csv
ZnS,JVASP-10591,proton,0.0004,2.385,ZnS_JVASP-10591_p_srniel.csv
ZnS,JVASP-10591,proton,0.00045,2.5697,ZnS_JVASP-10591_p_srniel.csv
ZnS,JVASP-10591,proton,0.0005,2.7192,ZnS_JVASP-10591_p_srniel.csv
ZnS,JVASP-10591,proton,0.00055,2.8415,ZnS_JVASP-10591_p_srniel.csv
ZnS,JVASP-10591,proton,0.0006,2.9424,ZnS_JVASP-10591_p_srniel.csv
ZnS,JVASP-10591,proton,0.00065,3.0262,ZnS_JVASP-10591_p_srniel.csv
ZnS,JVASP-10591,proton,0.0007,3.096,ZnS_JVASP-10591_p_srniel.csv
ZnS,JVASP-10591,proton,0.00075,3.1543,ZnS_JVASP-10591_p_srniel.csv
ZnS,JVASP-10591,proton,0.0008,3.203,ZnS_JVASP-10591_p_srniel.csv
ZnS,JVASP-10591,proton,0.00085,3.2436,ZnS_JVASP-10591_p_srniel.csv
ZnS,JVASP-10591,proton,0.0009,3.2775,ZnS_JVASP-10591_p_srniel.csv
ZnS,JVASP-10591,proton,0.00095,3.3055,ZnS_JVASP-10591_p_srniel.csv
ZnS,JVASP-10591,proton,0.001,3.3286,ZnS_JVASP-10591_p_srniel.csv
ZnS,JVASP-10591,proton,0.0015,3.3944,ZnS_JVASP-10591_p_srniel.csv
ZnS,JVASP-10591,proton,0.002,3.3266,ZnS_JVASP-10591_p_srniel.csv
ZnS,JVASP-10591,proton,0.0025,3.2185,ZnS_JVASP-10591_p_srniel.csv
ZnS,JVASP-10591,proton,0.003,3.1001,ZnS_JVASP-10591_p_srniel.csv
ZnS,JVASP-10591,proton,0.0035,2.9827,ZnS_JVASP-10591_p_srniel.csv
ZnS,JVASP-10591,proton,0.004,2.8704,ZnS_JVASP-10591_p_srniel.csv
ZnS,JVASP-10591,proton,0.0045,2.7648,ZnS_JVASP-10591_p_srniel.csv
ZnS,JVASP-10591,proton,0.005,2.6662,ZnS_JVASP-10591_p_srniel.csv
ZnS,JVASP-10591,proton,0.0055,2.5744,ZnS_JVASP-10591_p_srniel.csv
ZnS,JVASP-10591,proton,0.006,2.4889,ZnS_JVASP-10591_p_srniel.csv
ZnS,JVASP-10591,proton,0.0065,2.4093,ZnS_JVASP-10591_p_srniel.csv
ZnS,JVASP-10591,proton,0.007,2.3351,ZnS_JVASP-10591_p_srniel.csv
ZnS,JVASP-10591,proton,0.0075,2.2657,ZnS_JVASP-10591_p_srniel.csv
ZnS,JVASP-10591,proton,0.008,2.2008,ZnS_JVASP-10591_p_srniel.csv
ZnS,JVASP-10591,proton,0.0085,2.1399,ZnS_JVASP-10591_p_srniel.csv
ZnS,JVASP-10591,proton,0.009,2.0826,ZnS_JVASP-10591_p_srniel.csv
ZnS,JVASP-10591,proton,0.0095,2.0288,ZnS_JVASP-10591_p_srniel.csv
ZnS,JVASP-10591,proton,0.01,1.978,ZnS_JVASP-10591_p_srniel.csv
ZnS,JVASP-10591,proton,0.015,1.5927,ZnS_JVASP-10591_p_srniel.csv
ZnS,JVASP-10591,proton,0.02,1.3443,ZnS_JVASP-10591_p_srniel.csv
ZnS,JVASP-10591,proton,0.025,1.1692,ZnS_JVASP-10591_p_srniel.csv
ZnS,JVASP-10591,proton,0.03,1.0383,ZnS_JVASP-10591_p_srniel.csv
ZnS,JVASP-10591,proton,0.035,0.93623,ZnS_JVASP-10591_p_srniel.csv
ZnS,JVASP-10591,proton,0.04,0.85412,ZnS_JVASP-10591_p_srniel.csv
ZnS,JVASP-10591,proton,0.045,0.78646,ZnS_JVASP-10591_p_srniel.csv
ZnS,JVASP-10591,proton,0.05,0.72963,ZnS_JVASP-10591_p_srniel.csv
ZnS,JVASP-10591,proton,0.055,0.68114,ZnS_JVASP-10591_p_srniel.csv
ZnS,JVASP-10591,proton,0.06,0.63923,ZnS_JVASP-10591_p_srniel.csv
ZnS,JVASP-10591,proton,0.065,0.60259,ZnS_JVASP-10591_p_srniel.csv
ZnS,JVASP-10591,proton,0.07,0.57026,ZnS_JVASP-10591_p_srniel.csv
ZnS,JVASP-10591,proton,0.075,0.5415,ZnS_JVASP-10591_p_srniel.csv
ZnS,JVASP-10591,proton,0.08,0.51572,ZnS_JVASP-10591_p_srniel.csv
ZnS,JVASP-10591,proton,0.085,0.49248,ZnS_JVASP-10591_p_srniel.csv
ZnS,JVASP-10591,proton,0.09,0.47141,ZnS_JVASP-10591_p_srniel.csv
ZnS,JVASP-10591,proton,0.095,0.4522,ZnS_JVASP-10591_p_srniel.csv
ZnS,JVASP-10591,proton,0.1,0.43462,ZnS_JVASP-10591_p_srniel.csv
ZnS,JVASP-10591,proton,0.15,0.31527,ZnS_JVASP-10591_p_srniel.csv
ZnS,JVASP-10591,proton,0.2,0.24974,ZnS_JVASP-10591_p_srniel.csv
ZnS,JVASP-10591,proton,0.25,0.20823,ZnS_JVASP-10591_p_srniel.csv
ZnS,JVASP-10591,proton,0.3,0.17961,ZnS_JVASP-10591_p_srniel.csv
ZnS,JVASP-10591,proton,0.35,0.15846,ZnS_JVASP-10591_p_srniel.csv
ZnS,JVASP-10591,proton,0.4,0.14184,ZnS_JVASP-10591_p_srniel.csv
ZnS,JVASP-10591,proton,0.45,0.12862,ZnS_JVASP-10591_p_srniel.csv
ZnS,JVASP-10591,proton,0.5,0.11784,ZnS_JVASP-10591_p_srniel.csv
ZnS,JVASP-10591,proton,0.55,0.10886,ZnS_JVASP-10591_p_srniel.csv
ZnS,JVASP-10591,proton,0.6,0.10125,ZnS_JVASP-10591_p_srniel.csv
ZnS,JVASP-10591,proton,0.65,0.094726,ZnS_JVASP-10591_p_srniel.csv
ZnS,JVASP-10591,proton,0.7,0.088789,ZnS_JVASP-10591_p_srniel.csv
ZnS,JVASP-10591,proton,0.75,0.083428,ZnS_JVASP-10591_p_srniel.csv
ZnS,JVASP-10591,proton,0.8,0.078698,ZnS_JVASP-10591_p_srniel.csv
ZnS,JVASP-10591,proton,0.85,0.074493,ZnS_JVASP-10591_p_srniel.csv
ZnS,JVASP-10591,proton,0.9,0.070729,ZnS_JVASP-10591_p_srniel.csv
ZnS,JVASP-10591,proton,0.95,0.067339,ZnS_JVASP-10591_p_srniel.csv
ZnS,JVASP-10591,proton,1.0,0.064269,ZnS_JVASP-10591_p_srniel.csv
ZnS,JVASP-10591,proton,1.5,0.04436,ZnS_JVASP-10591_p_srniel.csv
ZnS,JVASP-10591,proton,2.0,0.034034,ZnS_JVASP-10591_p_srniel.csv
ZnS,JVASP-10591,proton,2.5,0.027684,ZnS_JVASP-10591_p_srniel.csv
ZnS,JVASP-10591,proton,3.0,0.023379,ZnS_JVASP-10591_p_srniel.csv
ZnS,JVASP-10591,proton,3.5,0.020323,ZnS_JVASP-10591_p_srniel.csv
ZnS,JVASP-10591,proton,4.0,0.018064,ZnS_JVASP-10591_p_srniel.csv
ZnS,JVASP-10591,proton,4.5,0.016343,ZnS_JVASP-10591_p_srniel.csv
ZnS,JVASP-10591,proton,5.0,0.014993,ZnS_JVASP-10591_p_srniel.csv
ZnS,JVASP-10591,proton,5.5,0.013884,ZnS_JVASP-10591_p_srniel.csv
ZnS,JVASP-10591,proton,6.0,0.012954,ZnS_JVASP-10591_p_srniel.csv
ZnS,JVASP-10591,proton,6.5,0.012168,ZnS_JVASP-10591_p_srniel.csv
ZnS,JVASP-10591,proton,7.0,0.011501,ZnS_JVASP-10591_p_srniel.csv
ZnS,JVASP-10591,proton,7.5,0.01093,ZnS_JVASP-10591_p_srniel.csv
ZnS,JVASP-10591,proton,8.0,0.010437,ZnS_JVASP-10591_p_srniel.csv
ZnS,JVASP-10591,proton,8.5,0.010009,ZnS_JVASP-10591_p_srniel.csv
ZnS,JVASP-10591,proton,9.0,0.0096329,ZnS_JVASP-10591_p_srniel.csv
ZnS,JVASP-10591,proton,9.5,0.0093006,ZnS_JVASP-10591_p_srniel.csv
ZnS,JVASP-10591,proton,10.0,0.0090047,ZnS_JVASP-10591_p_srniel.csv
ZnS,JVASP-10591,proton,15.0,0.007194,ZnS_JVASP-10591_p_srniel.csv
ZnS,JVASP-10591,proton,20.0,0.0063369,ZnS_JVASP-10591_p_srniel.csv
ZnS,JVASP-10591,proton,25.0,0.0058234,ZnS_JVASP-10591_p_srniel.csv
ZnS,JVASP-10591,proton,30.0,0.0054545,ZnS_JVASP-10591_p_srniel.csv
ZnS,JVASP-10591,proton,35.0,0.0051619,ZnS_JVASP-10591_p_srniel.csv
ZnS,JVASP-10591,proton,40.0,0.0049209,ZnS_JVASP-10591_p_srniel.csv
ZnS,JVASP-10591,proton,45.0,0.0047202,ZnS_JVASP-10591_p_srniel.csv
ZnS,JVASP-10591,proton,50.0,0.0045522,ZnS_JVASP-10591_p_srniel.csv
ZnS,JVASP-10591,proton,55.0,0.0044104,ZnS_JVASP-10591_p_srniel.csv
ZnS,JVASP-10591,proton,60.0,0.0042893,ZnS_JVASP-10591_p_srniel.csv
ZnS,JVASP-10591,proton,65.0,0.0041842,ZnS_JVASP-10591_p_srniel.csv
ZnS,JVASP-10591,proton,70.0,0.0040916,ZnS_JVASP-10591_p_srniel.csv
ZnS,JVASP-10591,proton,75.0,0.0040084,ZnS_JVASP-10591_p_srniel.csv
ZnS,JVASP-10591,proton,80.0,0.0039326,ZnS_JVASP-10591_p_srniel.csv
ZnS,JVASP-10591,proton,85.0,0.0038626,ZnS_JVASP-10591_p_srniel.csv
ZnS,JVASP-10591,proton,90.0,0.0037972,ZnS_JVASP-10591_p_srniel.csv
ZnS,JVASP-10591,proton,95.0,0.0037355,ZnS_JVASP-10591_p_srniel.csv
ZnS,JVASP-10591,proton,100.0,0.003677,ZnS_JVASP-10591_p_srniel.csv
ZnS,JVASP-10591,proton,150.0,0.0032227,ZnS_JVASP-10591_p_srniel.csv
ZnS,JVASP-10591,proton,200.0,0.0029626,ZnS_JVASP-10591_p_srniel.csv
ZnS,JVASP-10591,proton,250.0,0.0028344,ZnS_JVASP-10591_p_srniel.csv
ZnS,JVASP-10591,proton,300.0,0.0027772,ZnS_JVASP-10591_p_srniel.csv
ZnS,JVASP-10591,proton,350.0,0.0027535,ZnS_JVASP-10591_p_srniel.csv
ZnS,JVASP-10591,proton,400.0,0.0027461,ZnS_JVASP-10591_p_srniel.csv
ZnS,JVASP-10591,proton,450.0,0.002749,ZnS_JVASP-10591_p_srniel.csv
ZnS,JVASP-10591,proton,500.0,0.0027603,ZnS_JVASP-10591_p_srniel.csv
ZnS,JVASP-10591,proton,550.0,0.0027785,ZnS_JVASP-10591_p_srniel.csv
ZnS,JVASP-10591,proton,600.0,0.0028007,ZnS_JVASP-10591_p_srniel.csv
ZnS,JVASP-10591,proton,650.0,0.0028228,ZnS_JVASP-10591_p_srniel.csv
ZnS,JVASP-10591,proton,700.0,0.0028402,ZnS_JVASP-10591_p_srniel.csv
ZnS,JVASP-10591,proton,750.0,0.0028489,ZnS_JVASP-10591_p_srniel.csv
ZnS,JVASP-10591,proton,800.0,0.002847,ZnS_JVASP-10591_p_srniel.csv
ZnS,JVASP-10591,proton,850.0,0.0028356,ZnS_JVASP-10591_p_srniel.csv
ZnS,JVASP-10591,proton,900.0,0.00282,ZnS_JVASP-10591_p_srniel.csv
ZnS,JVASP-10591,proton,950.0,0.0028097,ZnS_JVASP-10591_p_srniel.csv
ZnS,JVASP-10591,proton,1000.0,0.0028194,ZnS_JVASP-10591_p_srniel.csv
