srniel_damage_rank,formula,material_id,parameter,ddde_mev_per_g,ddde_to_p_mev_per_g,dddp_mev_per_g,rf_min_pct,rf_mid_pct,rf_max_pct,grf_min_pct,grf_mid_pct,grf_max_pct,has_fallback_ed,density_g_cm3,manifest_density_g_cm3,density_matches_manifest,active_layer_name,active_layer_formula,electron_niel_file,proton_niel_file,electron_niel_matches_candidate,proton_niel_matches_candidate,omere_status,validated_candidate_layer,source_file
1,SbIrS,JVASP-10264,Isc,7956140.0,7956140.0,467190000.0,99.8553,99.8553,99.8553,99.7729,99.7729,99.7729,False,10.030,10.03,True,SbIrS,SbIrS,C:\LUMENS\sadc_edit_active_pilot_20260523_103646\candidate_niel\NIEL_e_SbIrS_JVASP-10264.dat,C:\LUMENS\sadc_edit_active_pilot_20260523_103646\candidate_niel\NIEL_p_SbIrS_JVASP-10264.dat,True,True,completed_validated,True,radiation_degradation/omere_sadc_outputs_final_materials_20260523/outputs/01_SbIrS_JVASP-10264.dat
1,SbIrS,JVASP-10264,Voc,7956140.0,3673440.0,467190000.0,96.995,96.995,96.995,,,,False,10.030,10.03,True,SbIrS,SbIrS,C:\LUMENS\sadc_edit_active_pilot_20260523_103646\candidate_niel\NIEL_e_SbIrS_JVASP-10264.dat,C:\LUMENS\sadc_edit_active_pilot_20260523_103646\candidate_niel\NIEL_p_SbIrS_JVASP-10264.dat,True,True,completed_validated,True,radiation_degradation/omere_sadc_outputs_final_materials_20260523/outputs/01_SbIrS_JVASP-10264.dat
1,SbIrS,JVASP-10264,Pmax,7956140.0,4297740.0,467190000.0,98.3771,98.3771,98.3771,98.2959,98.2959,98.2959,False,10.030,10.03,True,SbIrS,SbIrS,C:\LUMENS\sadc_edit_active_pilot_20260523_103646\candidate_niel\NIEL_e_SbIrS_JVASP-10264.dat,C:\LUMENS\sadc_edit_active_pilot_20260523_103646\candidate_niel\NIEL_p_SbIrS_JVASP-10264.dat,True,True,completed_validated,True,radiation_degradation/omere_sadc_outputs_final_materials_20260523/outputs/01_SbIrS_JVASP-10264.dat
1,SbIrS,JVASP-10264,Ipm,7956140.0,7956140.0,467190000.0,99.7886,99.7886,99.7886,99.7062,99.7062,99.7062,False,10.030,10.03,True,SbIrS,SbIrS,C:\LUMENS\sadc_edit_active_pilot_20260523_103646\candidate_niel\NIEL_e_SbIrS_JVASP-10264.dat,C:\LUMENS\sadc_edit_active_pilot_20260523_103646\candidate_niel\NIEL_p_SbIrS_JVASP-10264.dat,True,True,completed_validated,True,radiation_degradation/omere_sadc_outputs_final_materials_20260523/outputs/01_SbIrS_JVASP-10264.dat
1,SbIrS,JVASP-10264,Vpm,7956140.0,1570790.0,467190000.0,95.7701,95.7701,95.7701,,,,False,10.030,10.03,True,SbIrS,SbIrS,C:\LUMENS\sadc_edit_active_pilot_20260523_103646\candidate_niel\NIEL_e_SbIrS_JVASP-10264.dat,C:\LUMENS\sadc_edit_active_pilot_20260523_103646\candidate_niel\NIEL_p_SbIrS_JVASP-10264.dat,True,True,completed_validated,True,radiation_degradation/omere_sadc_outputs_final_materials_20260523/outputs/01_SbIrS_JVASP-10264.dat
2,InN,JVASP-17841,Isc,9599560.0,9599560.0,573145000.0,99.8227,99.8227,99.8227,99.7402,99.7402,99.7402,False,8.235,8.235,True,InN,InN,C:\LUMENS\sadc_edit_active_pilot_20260523_103822\candidate_niel\NIEL_e_InN_JVASP-17841.dat,C:\LUMENS\sadc_edit_active_pilot_20260523_103822\candidate_niel\NIEL_p_InN_JVASP-17841.dat,True,True,completed_validated,True,radiation_degradation/omere_sadc_outputs_final_materials_20260523/outputs/02_InN_JVASP-17841.dat
2,InN,JVASP-17841,Voc,9599560.0,4432230.0,573145000.0,96.6257,96.6257,96.6257,,,,False,8.235,8.235,True,InN,InN,C:\LUMENS\sadc_edit_active_pilot_20260523_103822\candidate_niel\NIEL_e_InN_JVASP-17841.dat,C:\LUMENS\sadc_edit_active_pilot_20260523_103822\candidate_niel\NIEL_p_InN_JVASP-17841.dat,True,True,completed_validated,True,radiation_degradation/omere_sadc_outputs_final_materials_20260523/outputs/02_InN_JVASP-17841.dat
2,InN,JVASP-17841,Pmax,9599560.0,5185480.0,573145000.0,98.0354,98.0354,98.0354,97.9544,97.9544,97.9544,False,8.235,8.235,True,InN,InN,C:\LUMENS\sadc_edit_active_pilot_20260523_103822\candidate_niel\NIEL_e_InN_JVASP-17841.dat,C:\LUMENS\sadc_edit_active_pilot_20260523_103822\candidate_niel\NIEL_p_InN_JVASP-17841.dat,True,True,completed_validated,True,radiation_degradation/omere_sadc_outputs_final_materials_20260523/outputs/02_InN_JVASP-17841.dat
2,InN,JVASP-17841,Ipm,9599560.0,9599560.0,573145000.0,99.741,99.741,99.741,99.6586,99.6586,99.6586,False,8.235,8.235,True,InN,InN,C:\LUMENS\sadc_edit_active_pilot_20260523_103822\candidate_niel\NIEL_e_InN_JVASP-17841.dat,C:\LUMENS\sadc_edit_active_pilot_20260523_103822\candidate_niel\NIEL_p_InN_JVASP-17841.dat,True,True,completed_validated,True,radiation_degradation/omere_sadc_outputs_final_materials_20260523/outputs/02_InN_JVASP-17841.dat
2,InN,JVASP-17841,Vpm,9599560.0,1895260.0,573145000.0,95.3254,95.3254,95.3254,,,,False,8.235,8.235,True,InN,InN,C:\LUMENS\sadc_edit_active_pilot_20260523_103822\candidate_niel\NIEL_e_InN_JVASP-17841.dat,C:\LUMENS\sadc_edit_active_pilot_20260523_103822\candidate_niel\NIEL_p_InN_JVASP-17841.dat,True,True,completed_validated,True,radiation_degradation/omere_sadc_outputs_final_materials_20260523/outputs/02_InN_JVASP-17841.dat
3,Hg3Cl2O2,JVASP-12474,Isc,127157000.0,127157000.0,539187000.0,99.7973,99.7973,99.7973,99.7149,99.7149,99.7149,False,8.225,8.225,True,Hg3Cl2O2,Hg3Cl2O2,C:\LUMENS\sadc_edit_active_pilot_20260523_104000\candidate_niel\NIEL_e_Hg3Cl2O2_JVASP-12474.dat,C:\LUMENS\sadc_edit_active_pilot_20260523_104000\candidate_niel\NIEL_p_Hg3Cl2O2_JVASP-12474.dat,True,True,completed_validated,True,radiation_degradation/omere_sadc_outputs_final_materials_20260523/outputs/03_Hg3Cl2O2_JVASP-12474.dat
3,Hg3Cl2O2,JVASP-12474,Voc,127157000.0,58709900.0,539187000.0,96.5611,96.5611,96.5611,,,,False,8.225,8.225,True,Hg3Cl2O2,Hg3Cl2O2,C:\LUMENS\sadc_edit_active_pilot_20260523_104000\candidate_niel\NIEL_e_Hg3Cl2O2_JVASP-12474.dat,C:\LUMENS\sadc_edit_active_pilot_20260523_104000\candidate_niel\NIEL_p_Hg3Cl2O2_JVASP-12474.dat,True,True,completed_validated,True,radiation_degradation/omere_sadc_outputs_final_materials_20260523/outputs/03_Hg3Cl2O2_JVASP-12474.dat
3,Hg3Cl2O2,JVASP-12474,Pmax,127157000.0,68687500.0,539187000.0,97.9424,97.9424,97.9424,97.8615,97.8615,97.8615,False,8.225,8.225,True,Hg3Cl2O2,Hg3Cl2O2,C:\LUMENS\sadc_edit_active_pilot_20260523_104000\candidate_niel\NIEL_e_Hg3Cl2O2_JVASP-12474.dat,C:\LUMENS\sadc_edit_active_pilot_20260523_104000\candidate_niel\NIEL_p_Hg3Cl2O2_JVASP-12474.dat,True,True,completed_validated,True,radiation_degradation/omere_sadc_outputs_final_materials_20260523/outputs/03_Hg3Cl2O2_JVASP-12474.dat
3,Hg3Cl2O2,JVASP-12474,Ipm,127157000.0,127157000.0,539187000.0,99.704,99.704,99.704,99.6217,99.6217,99.6217,False,8.225,8.225,True,Hg3Cl2O2,Hg3Cl2O2,C:\LUMENS\sadc_edit_active_pilot_20260523_104000\candidate_niel\NIEL_e_Hg3Cl2O2_JVASP-12474.dat,C:\LUMENS\sadc_edit_active_pilot_20260523_104000\candidate_niel\NIEL_p_Hg3Cl2O2_JVASP-12474.dat,True,True,completed_validated,True,radiation_degradation/omere_sadc_outputs_final_materials_20260523/outputs/03_Hg3Cl2O2_JVASP-12474.dat
3,Hg3Cl2O2,JVASP-12474,Vpm,127157000.0,25104900.0,539187000.0,95.3671,95.3671,95.3671,,,,False,8.225,8.225,True,Hg3Cl2O2,Hg3Cl2O2,C:\LUMENS\sadc_edit_active_pilot_20260523_104000\candidate_niel\NIEL_e_Hg3Cl2O2_JVASP-12474.dat,C:\LUMENS\sadc_edit_active_pilot_20260523_104000\candidate_niel\NIEL_p_Hg3Cl2O2_JVASP-12474.dat,True,True,completed_validated,True,radiation_degradation/omere_sadc_outputs_final_materials_20260523/outputs/03_Hg3Cl2O2_JVASP-12474.dat
4,PbS,JVASP-17941,Isc,81679600.0,81679600.0,549312000.0,99.808,99.808,99.808,99.7256,99.7256,99.7256,False,8.219,8.219,True,PbS,PbS,C:\LUMENS\sadc_edit_active_pilot_20260523_104137\candidate_niel\NIEL_e_PbS_JVASP-17941.dat,C:\LUMENS\sadc_edit_active_pilot_20260523_104137\candidate_niel\NIEL_p_PbS_JVASP-17941.dat,True,True,completed_validated,True,radiation_degradation/omere_sadc_outputs_final_materials_20260523/outputs/04_PbS_JVASP-17941.dat
4,PbS,JVASP-17941,Voc,81679600.0,37712400.0,549312000.0,96.5955,96.5955,96.5955,,,,False,8.219,8.219,True,PbS,PbS,C:\LUMENS\sadc_edit_active_pilot_20260523_104137\candidate_niel\NIEL_e_PbS_JVASP-17941.dat,C:\LUMENS\sadc_edit_active_pilot_20260523_104137\candidate_niel\NIEL_p_PbS_JVASP-17941.dat,True,True,completed_validated,True,radiation_degradation/omere_sadc_outputs_final_materials_20260523/outputs/04_PbS_JVASP-17941.dat
4,PbS,JVASP-17941,Pmax,81679600.0,44121600.0,549312000.0,97.9878,97.9878,97.9878,97.9068,97.9068,97.9068,False,8.219,8.219,True,PbS,PbS,C:\LUMENS\sadc_edit_active_pilot_20260523_104137\candidate_niel\NIEL_e_PbS_JVASP-17941.dat,C:\LUMENS\sadc_edit_active_pilot_20260523_104137\candidate_niel\NIEL_p_PbS_JVASP-17941.dat,True,True,completed_validated,True,radiation_degradation/omere_sadc_outputs_final_materials_20260523/outputs/04_PbS_JVASP-17941.dat
4,PbS,JVASP-17941,Ipm,81679600.0,81679600.0,549312000.0,99.7196,99.7196,99.7196,99.6373,99.6373,99.6373,False,8.219,8.219,True,PbS,PbS,C:\LUMENS\sadc_edit_active_pilot_20260523_104137\candidate_niel\NIEL_e_PbS_JVASP-17941.dat,C:\LUMENS\sadc_edit_active_pilot_20260523_104137\candidate_niel\NIEL_p_PbS_JVASP-17941.dat,True,True,completed_validated,True,radiation_degradation/omere_sadc_outputs_final_materials_20260523/outputs/04_PbS_JVASP-17941.dat
4,PbS,JVASP-17941,Vpm,81679600.0,16126100.0,549312000.0,95.3627,95.3627,95.3627,,,,False,8.219,8.219,True,PbS,PbS,C:\LUMENS\sadc_edit_active_pilot_20260523_104137\candidate_niel\NIEL_e_PbS_JVASP-17941.dat,C:\LUMENS\sadc_edit_active_pilot_20260523_104137\candidate_niel\NIEL_p_PbS_JVASP-17941.dat,True,True,completed_validated,True,radiation_degradation/omere_sadc_outputs_final_materials_20260523/outputs/04_PbS_JVASP-17941.dat
5,Ag2Te,JVASP-108812,Isc,8958280.0,8958280.0,565901000.0,99.8251,99.8251,99.8251,99.7426,99.7426,99.7426,False,7.528,7.528,True,Ag2Te,Ag2Te,C:\LUMENS\sadc_edit_active_pilot_20260523_104314\candidate_niel\NIEL_e_Ag2Te_JVASP-108812.dat,C:\LUMENS\sadc_edit_active_pilot_20260523_104314\candidate_niel\NIEL_p_Ag2Te_JVASP-108812.dat,True,True,completed_validated,True,radiation_degradation/omere_sadc_outputs_final_materials_20260523/outputs/05_Ag2Te_JVASP-108812.dat
5,Ag2Te,JVASP-108812,Voc,8958280.0,4136140.0,565901000.0,96.6501,96.6501,96.6501,,,,False,7.528,7.528,True,Ag2Te,Ag2Te,C:\LUMENS\sadc_edit_active_pilot_20260523_104314\candidate_niel\NIEL_e_Ag2Te_JVASP-108812.dat,C:\LUMENS\sadc_edit_active_pilot_20260523_104314\candidate_niel\NIEL_p_Ag2Te_JVASP-108812.dat,True,True,completed_validated,True,radiation_degradation/omere_sadc_outputs_final_materials_20260523/outputs/05_Ag2Te_JVASP-108812.dat
5,Ag2Te,JVASP-108812,Pmax,8958280.0,4839070.0,565901000.0,98.0594,98.0594,98.0594,97.9784,97.9784,97.9784,False,7.528,7.528,True,Ag2Te,Ag2Te,C:\LUMENS\sadc_edit_active_pilot_20260523_104314\candidate_niel\NIEL_e_Ag2Te_JVASP-108812.dat,C:\LUMENS\sadc_edit_active_pilot_20260523_104314\candidate_niel\NIEL_p_Ag2Te_JVASP-108812.dat,True,True,completed_validated,True,radiation_degradation/omere_sadc_outputs_final_materials_20260523/outputs/05_Ag2Te_JVASP-108812.dat
5,Ag2Te,JVASP-108812,Ipm,8958280.0,8958280.0,565901000.0,99.7445,99.7445,99.7445,99.6621,99.6621,99.6621,False,7.528,7.528,True,Ag2Te,Ag2Te,C:\LUMENS\sadc_edit_active_pilot_20260523_104314\candidate_niel\NIEL_e_Ag2Te_JVASP-108812.dat,C:\LUMENS\sadc_edit_active_pilot_20260523_104314\candidate_niel\NIEL_p_Ag2Te_JVASP-108812.dat,True,True,completed_validated,True,radiation_degradation/omere_sadc_outputs_final_materials_20260523/outputs/05_Ag2Te_JVASP-108812.dat
5,Ag2Te,JVASP-108812,Vpm,8958280.0,1768650.0,565901000.0,95.3539,95.3539,95.3539,,,,False,7.528,7.528,True,Ag2Te,Ag2Te,C:\LUMENS\sadc_edit_active_pilot_20260523_104314\candidate_niel\NIEL_e_Ag2Te_JVASP-108812.dat,C:\LUMENS\sadc_edit_active_pilot_20260523_104314\candidate_niel\NIEL_p_Ag2Te_JVASP-108812.dat,True,True,completed_validated,True,radiation_degradation/omere_sadc_outputs_final_materials_20260523/outputs/05_Ag2Te_JVASP-108812.dat
6,PtI2,JVASP-12896,Isc,46942600.0,46942600.0,543452000.0,99.8203,99.8203,99.8203,99.7379,99.7379,99.7379,False,7.546,7.546,True,PtI2,PtI2,C:\LUMENS\sadc_edit_active_pilot_20260523_104450\candidate_niel\NIEL_e_PtI2_JVASP-12896.dat,C:\LUMENS\sadc_edit_active_pilot_20260523_104450\candidate_niel\NIEL_p_PtI2_JVASP-12896.dat,True,True,completed_validated,True,radiation_degradation/omere_sadc_outputs_final_materials_20260523/outputs/06_PtI2_JVASP-12896.dat
6,PtI2,JVASP-12896,Voc,46942600.0,21673900.0,543452000.0,96.6661,96.6661,96.6661,,,,False,7.546,7.546,True,PtI2,PtI2,C:\LUMENS\sadc_edit_active_pilot_20260523_104450\candidate_niel\NIEL_e_PtI2_JVASP-12896.dat,C:\LUMENS\sadc_edit_active_pilot_20260523_104450\candidate_niel\NIEL_p_PtI2_JVASP-12896.dat,True,True,completed_validated,True,radiation_degradation/omere_sadc_outputs_final_materials_20260523/outputs/06_PtI2_JVASP-12896.dat
6,PtI2,JVASP-12896,Pmax,46942600.0,25357400.0,543452000.0,98.0655,98.0655,98.0655,97.9845,97.9845,97.9845,False,7.546,7.546,True,PtI2,PtI2,C:\LUMENS\sadc_edit_active_pilot_20260523_104450\candidate_niel\NIEL_e_PtI2_JVASP-12896.dat,C:\LUMENS\sadc_edit_active_pilot_20260523_104450\candidate_niel\NIEL_p_PtI2_JVASP-12896.dat,True,True,completed_validated,True,radiation_degradation/omere_sadc_outputs_final_materials_20260523/outputs/06_PtI2_JVASP-12896.dat
6,PtI2,JVASP-12896,Ipm,46942600.0,46942600.0,543452000.0,99.7376,99.7376,99.7376,99.6552,99.6552,99.6552,False,7.546,7.546,True,PtI2,PtI2,C:\LUMENS\sadc_edit_active_pilot_20260523_104450\candidate_niel\NIEL_e_PtI2_JVASP-12896.dat,C:\LUMENS\sadc_edit_active_pilot_20260523_104450\candidate_niel\NIEL_p_PtI2_JVASP-12896.dat,True,True,completed_validated,True,radiation_degradation/omere_sadc_outputs_final_materials_20260523/outputs/06_PtI2_JVASP-12896.dat
6,PtI2,JVASP-12896,Vpm,46942600.0,9267960.0,543452000.0,95.4129,95.4129,95.4129,,,,False,7.546,7.546,True,PtI2,PtI2,C:\LUMENS\sadc_edit_active_pilot_20260523_104450\candidate_niel\NIEL_e_PtI2_JVASP-12896.dat,C:\LUMENS\sadc_edit_active_pilot_20260523_104450\candidate_niel\NIEL_p_PtI2_JVASP-12896.dat,True,True,completed_validated,True,radiation_degradation/omere_sadc_outputs_final_materials_20260523/outputs/06_PtI2_JVASP-12896.dat
7,NbBi3O7,JVASP-13254,Isc,548891000.0,548891000.0,558235000.0,99.6637,99.6637,99.6637,99.5814,99.5814,99.5814,False,8.354,8.354,True,NbBi3O7,NbBi3O7,C:\LUMENS\sadc_edit_active_pilot_20260523_104628\candidate_niel\NIEL_e_NbBi3O7_JVASP-13254.dat,C:\LUMENS\sadc_edit_active_pilot_20260523_104628\candidate_niel\NIEL_p_NbBi3O7_JVASP-13254.dat,True,True,completed_validated,True,radiation_degradation/omere_sadc_outputs_final_materials_20260523/outputs/07_NbBi3O7_JVASP-13254.dat
7,NbBi3O7,JVASP-13254,Voc,548891000.0,253430000.0,558235000.0,95.9665,95.9665,95.9665,,,,False,8.354,8.354,True,NbBi3O7,NbBi3O7,C:\LUMENS\sadc_edit_active_pilot_20260523_104628\candidate_niel\NIEL_e_NbBi3O7_JVASP-13254.dat,C:\LUMENS\sadc_edit_active_pilot_20260523_104628\candidate_niel\NIEL_p_NbBi3O7_JVASP-13254.dat,True,True,completed_validated,True,radiation_degradation/omere_sadc_outputs_final_materials_20260523/outputs/07_NbBi3O7_JVASP-13254.dat
7,NbBi3O7,JVASP-13254,Pmax,548891000.0,296499000.0,558235000.0,97.19,97.19,97.19,97.1097,97.1097,97.1097,False,8.354,8.354,True,NbBi3O7,NbBi3O7,C:\LUMENS\sadc_edit_active_pilot_20260523_104628\candidate_niel\NIEL_e_NbBi3O7_JVASP-13254.dat,C:\LUMENS\sadc_edit_active_pilot_20260523_104628\candidate_niel\NIEL_p_NbBi3O7_JVASP-13254.dat,True,True,completed_validated,True,radiation_degradation/omere_sadc_outputs_final_materials_20260523/outputs/07_NbBi3O7_JVASP-13254.dat
7,NbBi3O7,JVASP-13254,Ipm,548891000.0,548891000.0,558235000.0,99.5098,99.5098,99.5098,99.4276,99.4276,99.4276,False,8.354,8.354,True,NbBi3O7,NbBi3O7,C:\LUMENS\sadc_edit_active_pilot_20260523_104628\candidate_niel\NIEL_e_NbBi3O7_JVASP-13254.dat,C:\LUMENS\sadc_edit_active_pilot_20260523_104628\candidate_niel\NIEL_p_NbBi3O7_JVASP-13254.dat,True,True,completed_validated,True,radiation_degradation/omere_sadc_outputs_final_materials_20260523/outputs/07_NbBi3O7_JVASP-13254.dat
7,NbBi3O7,JVASP-13254,Vpm,548891000.0,108369000.0,558235000.0,94.9935,94.9935,94.9935,,,,False,8.354,8.354,True,NbBi3O7,NbBi3O7,C:\LUMENS\sadc_edit_active_pilot_20260523_104628\candidate_niel\NIEL_e_NbBi3O7_JVASP-13254.dat,C:\LUMENS\sadc_edit_active_pilot_20260523_104628\candidate_niel\NIEL_p_NbBi3O7_JVASP-13254.dat,True,True,completed_validated,True,radiation_degradation/omere_sadc_outputs_final_materials_20260523/outputs/07_NbBi3O7_JVASP-13254.dat
8,ZnBi2O5,JVASP-9800,Isc,67128400.0,67128400.0,590928000.0,99.7998,99.7998,99.7998,99.7174,99.7174,99.7174,False,7.910,7.91,True,ZnBi2O5,ZnBi2O5,C:\LUMENS\sadc_edit_active_pilot_20260523_104804\candidate_niel\NIEL_e_ZnBi2O5_JVASP-9800.dat,C:\LUMENS\sadc_edit_active_pilot_20260523_104804\candidate_niel\NIEL_p_ZnBi2O5_JVASP-9800.dat,True,True,completed_validated,True,radiation_degradation/omere_sadc_outputs_final_materials_20260523/outputs/08_ZnBi2O5_JVASP-9800.dat
8,ZnBi2O5,JVASP-9800,Voc,67128400.0,30994000.0,590928000.0,96.4869,96.4869,96.4869,,,,False,7.910,7.91,True,ZnBi2O5,ZnBi2O5,C:\LUMENS\sadc_edit_active_pilot_20260523_104804\candidate_niel\NIEL_e_ZnBi2O5_JVASP-9800.dat,C:\LUMENS\sadc_edit_active_pilot_20260523_104804\candidate_niel\NIEL_p_ZnBi2O5_JVASP-9800.dat,True,True,completed_validated,True,radiation_degradation/omere_sadc_outputs_final_materials_20260523/outputs/08_ZnBi2O5_JVASP-9800.dat
8,ZnBi2O5,JVASP-9800,Pmax,67128400.0,36261300.0,590928000.0,97.882,97.882,97.882,97.8011,97.8011,97.8011,False,7.910,7.91,True,ZnBi2O5,ZnBi2O5,C:\LUMENS\sadc_edit_active_pilot_20260523_104804\candidate_niel\NIEL_e_ZnBi2O5_JVASP-9800.dat,C:\LUMENS\sadc_edit_active_pilot_20260523_104804\candidate_niel\NIEL_p_ZnBi2O5_JVASP-9800.dat,True,True,completed_validated,True,radiation_degradation/omere_sadc_outputs_final_materials_20260523/outputs/08_ZnBi2O5_JVASP-9800.dat
8,ZnBi2O5,JVASP-9800,Ipm,67128400.0,67128400.0,590928000.0,99.7077,99.7077,99.7077,99.6253,99.6253,99.6253,False,7.910,7.91,True,ZnBi2O5,ZnBi2O5,C:\LUMENS\sadc_edit_active_pilot_20260523_104804\candidate_niel\NIEL_e_ZnBi2O5_JVASP-9800.dat,C:\LUMENS\sadc_edit_active_pilot_20260523_104804\candidate_niel\NIEL_p_ZnBi2O5_JVASP-9800.dat,True,True,completed_validated,True,radiation_degradation/omere_sadc_outputs_final_materials_20260523/outputs/08_ZnBi2O5_JVASP-9800.dat
8,ZnBi2O5,JVASP-9800,Vpm,67128400.0,13253300.0,590928000.0,95.2152,95.2152,95.2152,,,,False,7.910,7.91,True,ZnBi2O5,ZnBi2O5,C:\LUMENS\sadc_edit_active_pilot_20260523_104804\candidate_niel\NIEL_e_ZnBi2O5_JVASP-9800.dat,C:\LUMENS\sadc_edit_active_pilot_20260523_104804\candidate_niel\NIEL_p_ZnBi2O5_JVASP-9800.dat,True,True,completed_validated,True,radiation_degradation/omere_sadc_outputs_final_materials_20260523/outputs/08_ZnBi2O5_JVASP-9800.dat
9,Ag3SI,JVASP-53111,Isc,90931100.0,90931100.0,626937000.0,99.7817,99.7817,99.7817,99.6992,99.6992,99.6992,False,6.577,6.577,True,Ag3SI,Ag3SI,C:\LUMENS\sadc_edit_active_pilot_20260523_104941\candidate_niel\NIEL_e_Ag3SI_JVASP-53111.dat,C:\LUMENS\sadc_edit_active_pilot_20260523_104941\candidate_niel\NIEL_p_Ag3SI_JVASP-53111.dat,True,True,completed_validated,True,radiation_degradation/omere_sadc_outputs_final_materials_20260523/outputs/09_Ag3SI_JVASP-53111.dat
9,Ag3SI,JVASP-53111,Voc,90931100.0,41983900.0,626937000.0,96.3476,96.3476,96.3476,,,,False,6.577,6.577,True,Ag3SI,Ag3SI,C:\LUMENS\sadc_edit_active_pilot_20260523_104941\candidate_niel\NIEL_e_Ag3SI_JVASP-53111.dat,C:\LUMENS\sadc_edit_active_pilot_20260523_104941\candidate_niel\NIEL_p_Ag3SI_JVASP-53111.dat,True,True,completed_validated,True,radiation_degradation/omere_sadc_outputs_final_materials_20260523/outputs/09_Ag3SI_JVASP-53111.dat
9,Ag3SI,JVASP-53111,Pmax,90931100.0,49119000.0,626937000.0,97.7303,97.7303,97.7303,97.6496,97.6496,97.6496,False,6.577,6.577,True,Ag3SI,Ag3SI,C:\LUMENS\sadc_edit_active_pilot_20260523_104941\candidate_niel\NIEL_e_Ag3SI_JVASP-53111.dat,C:\LUMENS\sadc_edit_active_pilot_20260523_104941\candidate_niel\NIEL_p_Ag3SI_JVASP-53111.dat,True,True,completed_validated,True,radiation_degradation/omere_sadc_outputs_final_materials_20260523/outputs/09_Ag3SI_JVASP-53111.dat
9,Ag3SI,JVASP-53111,Ipm,90931100.0,90931100.0,626937000.0,99.6812,99.6812,99.6812,99.5989,99.5989,99.5989,False,6.577,6.577,True,Ag3SI,Ag3SI,C:\LUMENS\sadc_edit_active_pilot_20260523_104941\candidate_niel\NIEL_e_Ag3SI_JVASP-53111.dat,C:\LUMENS\sadc_edit_active_pilot_20260523_104941\candidate_niel\NIEL_p_Ag3SI_JVASP-53111.dat,True,True,completed_validated,True,radiation_degradation/omere_sadc_outputs_final_materials_20260523/outputs/09_Ag3SI_JVASP-53111.dat
9,Ag3SI,JVASP-53111,Vpm,90931100.0,17952700.0,626937000.0,95.0686,95.0686,95.0686,,,,False,6.577,6.577,True,Ag3SI,Ag3SI,C:\LUMENS\sadc_edit_active_pilot_20260523_104941\candidate_niel\NIEL_e_Ag3SI_JVASP-53111.dat,C:\LUMENS\sadc_edit_active_pilot_20260523_104941\candidate_niel\NIEL_p_Ag3SI_JVASP-53111.dat,True,True,completed_validated,True,radiation_degradation/omere_sadc_outputs_final_materials_20260523/outputs/09_Ag3SI_JVASP-53111.dat
10,AlBiO3,JVASP-11273,Isc,243611000.0,243611000.0,599020000.0,99.7438,99.7438,99.7438,99.6614,99.6614,99.6614,False,6.414,6.414,True,AlBiO3,AlBiO3,C:\LUMENS\sadc_edit_active_pilot_20260523_105118\candidate_niel\NIEL_e_AlBiO3_JVASP-11273.dat,C:\LUMENS\sadc_edit_active_pilot_20260523_105118\candidate_niel\NIEL_p_AlBiO3_JVASP-11273.dat,True,True,completed_validated,True,radiation_degradation/omere_sadc_outputs_final_materials_20260523/outputs/10_AlBiO3_JVASP-11273.dat
10,AlBiO3,JVASP-11273,Voc,243611000.0,112478000.0,599020000.0,96.2278,96.2278,96.2278,,,,False,6.414,6.414,True,AlBiO3,AlBiO3,C:\LUMENS\sadc_edit_active_pilot_20260523_105118\candidate_niel\NIEL_e_AlBiO3_JVASP-11273.dat,C:\LUMENS\sadc_edit_active_pilot_20260523_105118\candidate_niel\NIEL_p_AlBiO3_JVASP-11273.dat,True,True,completed_validated,True,radiation_degradation/omere_sadc_outputs_final_materials_20260523/outputs/10_AlBiO3_JVASP-11273.dat
10,AlBiO3,JVASP-11273,Pmax,243611000.0,131594000.0,599020000.0,97.563,97.563,97.563,97.4824,97.4824,97.4824,False,6.414,6.414,True,AlBiO3,AlBiO3,C:\LUMENS\sadc_edit_active_pilot_20260523_105118\candidate_niel\NIEL_e_AlBiO3_JVASP-11273.dat,C:\LUMENS\sadc_edit_active_pilot_20260523_105118\candidate_niel\NIEL_p_AlBiO3_JVASP-11273.dat,True,True,completed_validated,True,radiation_degradation/omere_sadc_outputs_final_materials_20260523/outputs/10_AlBiO3_JVASP-11273.dat
10,AlBiO3,JVASP-11273,Ipm,243611000.0,243611000.0,599020000.0,99.6262,99.6262,99.6262,99.5439,99.5439,99.5439,False,6.414,6.414,True,AlBiO3,AlBiO3,C:\LUMENS\sadc_edit_active_pilot_20260523_105118\candidate_niel\NIEL_e_AlBiO3_JVASP-11273.dat,C:\LUMENS\sadc_edit_active_pilot_20260523_105118\candidate_niel\NIEL_p_AlBiO3_JVASP-11273.dat,True,True,completed_validated,True,radiation_degradation/omere_sadc_outputs_final_materials_20260523/outputs/10_AlBiO3_JVASP-11273.dat
10,AlBiO3,JVASP-11273,Vpm,243611000.0,48096600.0,599020000.0,95.0608,95.0608,95.0608,,,,False,6.414,6.414,True,AlBiO3,AlBiO3,C:\LUMENS\sadc_edit_active_pilot_20260523_105118\candidate_niel\NIEL_e_AlBiO3_JVASP-11273.dat,C:\LUMENS\sadc_edit_active_pilot_20260523_105118\candidate_niel\NIEL_p_AlBiO3_JVASP-11273.dat,True,True,completed_validated,True,radiation_degradation/omere_sadc_outputs_final_materials_20260523/outputs/10_AlBiO3_JVASP-11273.dat
11,CuAs2Pb6Cl7O6,JVASP-53178,Isc,211485000.0,211485000.0,637801000.0,99.7418,99.7418,99.7418,99.6594,99.6594,99.6594,False,6.141,6.141,True,CuAs2Pb6Cl7O6,CuAs2Pb6Cl7O6,C:\LUMENS\sadc_edit_active_pilot_20260523_105255\candidate_niel\NIEL_e_CuAs2Pb6Cl7O6_JVASP-53178.dat,C:\LUMENS\sadc_edit_active_pilot_20260523_105255\candidate_niel\NIEL_p_CuAs2Pb6Cl7O6_JVASP-53178.dat,True,True,completed_validated,True,radiation_degradation/omere_sadc_outputs_final_materials_20260523/outputs/11_CuAs2Pb6Cl7O6_JVASP-53178.dat
11,CuAs2Pb6Cl7O6,JVASP-53178,Voc,211485000.0,97645000.0,637801000.0,96.1628,96.1628,96.1628,,,,False,6.141,6.141,True,CuAs2Pb6Cl7O6,CuAs2Pb6Cl7O6,C:\LUMENS\sadc_edit_active_pilot_20260523_105255\candidate_niel\NIEL_e_CuAs2Pb6Cl7O6_JVASP-53178.dat,C:\LUMENS\sadc_edit_active_pilot_20260523_105255\candidate_niel\NIEL_p_CuAs2Pb6Cl7O6_JVASP-53178.dat,True,True,completed_validated,True,radiation_degradation/omere_sadc_outputs_final_materials_20260523/outputs/11_CuAs2Pb6Cl7O6_JVASP-53178.dat
11,CuAs2Pb6Cl7O6,JVASP-53178,Pmax,211485000.0,114240000.0,637801000.0,97.4978,97.4978,97.4978,97.4173,97.4173,97.4173,False,6.141,6.141,True,CuAs2Pb6Cl7O6,CuAs2Pb6Cl7O6,C:\LUMENS\sadc_edit_active_pilot_20260523_105255\candidate_niel\NIEL_e_CuAs2Pb6Cl7O6_JVASP-53178.dat,C:\LUMENS\sadc_edit_active_pilot_20260523_105255\candidate_niel\NIEL_p_CuAs2Pb6Cl7O6_JVASP-53178.dat,True,True,completed_validated,True,radiation_degradation/omere_sadc_outputs_final_materials_20260523/outputs/11_CuAs2Pb6Cl7O6_JVASP-53178.dat
11,CuAs2Pb6Cl7O6,JVASP-53178,Ipm,211485000.0,211485000.0,637801000.0,99.6232,99.6232,99.6232,99.541,99.541,99.541,False,6.141,6.141,True,CuAs2Pb6Cl7O6,CuAs2Pb6Cl7O6,C:\LUMENS\sadc_edit_active_pilot_20260523_105255\candidate_niel\NIEL_e_CuAs2Pb6Cl7O6_JVASP-53178.dat,C:\LUMENS\sadc_edit_active_pilot_20260523_105255\candidate_niel\NIEL_p_CuAs2Pb6Cl7O6_JVASP-53178.dat,True,True,completed_validated,True,radiation_degradation/omere_sadc_outputs_final_materials_20260523/outputs/11_CuAs2Pb6Cl7O6_JVASP-53178.dat
11,CuAs2Pb6Cl7O6,JVASP-53178,Vpm,211485000.0,41753800.0,637801000.0,94.9497,94.9497,94.9497,,,,False,6.141,6.141,True,CuAs2Pb6Cl7O6,CuAs2Pb6Cl7O6,C:\LUMENS\sadc_edit_active_pilot_20260523_105255\candidate_niel\NIEL_e_CuAs2Pb6Cl7O6_JVASP-53178.dat,C:\LUMENS\sadc_edit_active_pilot_20260523_105255\candidate_niel\NIEL_p_CuAs2Pb6Cl7O6_JVASP-53178.dat,True,True,completed_validated,True,radiation_degradation/omere_sadc_outputs_final_materials_20260523/outputs/11_CuAs2Pb6Cl7O6_JVASP-53178.dat
12,Ta2Te4Br10O,JVASP-31871,Isc,84080300.0,84080300.0,655030000.0,99.7752,99.7752,99.7752,99.6928,99.6928,99.6928,False,5.238,5.238,True,Ta2Te4Br10O,Ta2Te4Br10O,C:\LUMENS\sadc_edit_active_pilot_20260523_105432\candidate_niel\NIEL_e_Ta2Te4Br10O_JVASP-31871.dat,C:\LUMENS\sadc_edit_active_pilot_20260523_105432\candidate_niel\NIEL_p_Ta2Te4Br10O_JVASP-31871.dat,True,True,completed_validated,True,radiation_degradation/omere_sadc_outputs_final_materials_20260523/outputs/12_Ta2Te4Br10O_JVASP-31871.dat
12,Ta2Te4Br10O,JVASP-31871,Voc,84080300.0,38820900.0,655030000.0,96.2768,96.2768,96.2768,,,,False,5.238,5.238,True,Ta2Te4Br10O,Ta2Te4Br10O,C:\LUMENS\sadc_edit_active_pilot_20260523_105432\candidate_niel\NIEL_e_Ta2Te4Br10O_JVASP-31871.dat,C:\LUMENS\sadc_edit_active_pilot_20260523_105432\candidate_niel\NIEL_p_Ta2Te4Br10O_JVASP-31871.dat,True,True,completed_validated,True,radiation_degradation/omere_sadc_outputs_final_materials_20260523/outputs/12_Ta2Te4Br10O_JVASP-31871.dat
12,Ta2Te4Br10O,JVASP-31871,Pmax,84080300.0,45418400.0,655030000.0,97.6552,97.6552,97.6552,97.5746,97.5746,97.5746,False,5.238,5.238,True,Ta2Te4Br10O,Ta2Te4Br10O,C:\LUMENS\sadc_edit_active_pilot_20260523_105432\candidate_niel\NIEL_e_Ta2Te4Br10O_JVASP-31871.dat,C:\LUMENS\sadc_edit_active_pilot_20260523_105432\candidate_niel\NIEL_p_Ta2Te4Br10O_JVASP-31871.dat,True,True,completed_validated,True,radiation_degradation/omere_sadc_outputs_final_materials_20260523/outputs/12_Ta2Te4Br10O_JVASP-31871.dat
12,Ta2Te4Br10O,JVASP-31871,Ipm,84080300.0,84080300.0,655030000.0,99.6719,99.6719,99.6719,99.5895,99.5895,99.5895,False,5.238,5.238,True,Ta2Te4Br10O,Ta2Te4Br10O,C:\LUMENS\sadc_edit_active_pilot_20260523_105432\candidate_niel\NIEL_e_Ta2Te4Br10O_JVASP-31871.dat,C:\LUMENS\sadc_edit_active_pilot_20260523_105432\candidate_niel\NIEL_p_Ta2Te4Br10O_JVASP-31871.dat,True,True,completed_validated,True,radiation_degradation/omere_sadc_outputs_final_materials_20260523/outputs/12_Ta2Te4Br10O_JVASP-31871.dat
12,Ta2Te4Br10O,JVASP-31871,Vpm,84080300.0,16600100.0,655030000.0,94.9764,94.9764,94.9764,,,,False,5.238,5.238,True,Ta2Te4Br10O,Ta2Te4Br10O,C:\LUMENS\sadc_edit_active_pilot_20260523_105432\candidate_niel\NIEL_e_Ta2Te4Br10O_JVASP-31871.dat,C:\LUMENS\sadc_edit_active_pilot_20260523_105432\candidate_niel\NIEL_p_Ta2Te4Br10O_JVASP-31871.dat,True,True,completed_validated,True,radiation_degradation/omere_sadc_outputs_final_materials_20260523/outputs/12_Ta2Te4Br10O_JVASP-31871.dat
13,Cd2GaAgSe4,JVASP-108799,Isc,106478000.0,106478000.0,714009000.0,99.7505,99.7505,99.7505,99.6681,99.6681,99.6681,False,5.335,5.335,True,Cd2GaAgSe4,Cd2GaAgSe4,C:\LUMENS\sadc_edit_active_pilot_20260523_105609\candidate_niel\NIEL_e_Cd2GaAgSe4_JVASP-108799.dat,C:\LUMENS\sadc_edit_active_pilot_20260523_105609\candidate_niel\NIEL_p_Cd2GaAgSe4_JVASP-108799.dat,True,True,completed_validated,True,radiation_degradation/omere_sadc_outputs_final_materials_20260523/outputs/13_Cd2GaAgSe4_JVASP-108799.dat
13,Cd2GaAgSe4,JVASP-108799,Voc,106478000.0,49162000.0,714009000.0,96.0897,96.0897,96.0897,,,,False,5.335,5.335,True,Cd2GaAgSe4,Cd2GaAgSe4,C:\LUMENS\sadc_edit_active_pilot_20260523_105609\candidate_niel\NIEL_e_Cd2GaAgSe4_JVASP-108799.dat,C:\LUMENS\sadc_edit_active_pilot_20260523_105609\candidate_niel\NIEL_p_Cd2GaAgSe4_JVASP-108799.dat,True,True,completed_validated,True,radiation_degradation/omere_sadc_outputs_final_materials_20260523/outputs/13_Cd2GaAgSe4_JVASP-108799.dat
13,Cd2GaAgSe4,JVASP-108799,Pmax,106478000.0,57517000.0,714009000.0,97.4389,97.4389,97.4389,97.3584,97.3584,97.3584,False,5.335,5.335,True,Cd2GaAgSe4,Cd2GaAgSe4,C:\LUMENS\sadc_edit_active_pilot_20260523_105609\candidate_niel\NIEL_e_Cd2GaAgSe4_JVASP-108799.dat,C:\LUMENS\sadc_edit_active_pilot_20260523_105609\candidate_niel\NIEL_p_Cd2GaAgSe4_JVASP-108799.dat,True,True,completed_validated,True,radiation_degradation/omere_sadc_outputs_final_materials_20260523/outputs/13_Cd2GaAgSe4_JVASP-108799.dat
13,Cd2GaAgSe4,JVASP-108799,Ipm,106478000.0,106478000.0,714009000.0,99.6359,99.6359,99.6359,99.5537,99.5537,99.5537,False,5.335,5.335,True,Cd2GaAgSe4,Cd2GaAgSe4,C:\LUMENS\sadc_edit_active_pilot_20260523_105609\candidate_niel\NIEL_e_Cd2GaAgSe4_JVASP-108799.dat,C:\LUMENS\sadc_edit_active_pilot_20260523_105609\candidate_niel\NIEL_p_Cd2GaAgSe4_JVASP-108799.dat,True,True,completed_validated,True,radiation_degradation/omere_sadc_outputs_final_materials_20260523/outputs/13_Cd2GaAgSe4_JVASP-108799.dat
13,Cd2GaAgSe4,JVASP-108799,Vpm,106478000.0,21022100.0,714009000.0,94.7697,94.7697,94.7697,,,,False,5.335,5.335,True,Cd2GaAgSe4,Cd2GaAgSe4,C:\LUMENS\sadc_edit_active_pilot_20260523_105609\candidate_niel\NIEL_e_Cd2GaAgSe4_JVASP-108799.dat,C:\LUMENS\sadc_edit_active_pilot_20260523_105609\candidate_niel\NIEL_p_Cd2GaAgSe4_JVASP-108799.dat,True,True,completed_validated,True,radiation_degradation/omere_sadc_outputs_final_materials_20260523/outputs/13_Cd2GaAgSe4_JVASP-108799.dat
14,Na2WO4,JVASP-11669,Isc,240616000.0,240616000.0,654731000.0,99.7278,99.7278,99.7278,99.6455,99.6455,99.6455,False,5.092,5.092,True,Na2WO4,Na2WO4,C:\LUMENS\sadc_edit_active_pilot_20260523_105745\candidate_niel\NIEL_e_Na2WO4_JVASP-11669.dat,C:\LUMENS\sadc_edit_active_pilot_20260523_105745\candidate_niel\NIEL_p_Na2WO4_JVASP-11669.dat,True,True,completed_validated,True,radiation_degradation/omere_sadc_outputs_final_materials_20260523/outputs/14_Na2WO4_JVASP-11669.dat
14,Na2WO4,JVASP-11669,Voc,240616000.0,111095000.0,654731000.0,96.0828,96.0828,96.0828,,,,False,5.092,5.092,True,Na2WO4,Na2WO4,C:\LUMENS\sadc_edit_active_pilot_20260523_105745\candidate_niel\NIEL_e_Na2WO4_JVASP-11669.dat,C:\LUMENS\sadc_edit_active_pilot_20260523_105745\candidate_niel\NIEL_p_Na2WO4_JVASP-11669.dat,True,True,completed_validated,True,radiation_degradation/omere_sadc_outputs_final_materials_20260523/outputs/14_Na2WO4_JVASP-11669.dat
14,Na2WO4,JVASP-11669,Pmax,240616000.0,129976000.0,654731000.0,97.3991,97.3991,97.3991,97.3187,97.3187,97.3187,False,5.092,5.092,True,Na2WO4,Na2WO4,C:\LUMENS\sadc_edit_active_pilot_20260523_105745\candidate_niel\NIEL_e_Na2WO4_JVASP-11669.dat,C:\LUMENS\sadc_edit_active_pilot_20260523_105745\candidate_niel\NIEL_p_Na2WO4_JVASP-11669.dat,True,True,completed_validated,True,radiation_degradation/omere_sadc_outputs_final_materials_20260523/outputs/14_Na2WO4_JVASP-11669.dat
14,Na2WO4,JVASP-11669,Ipm,240616000.0,240616000.0,654731000.0,99.6029,99.6029,99.6029,99.5207,99.5207,99.5207,False,5.092,5.092,True,Na2WO4,Na2WO4,C:\LUMENS\sadc_edit_active_pilot_20260523_105745\candidate_niel\NIEL_e_Na2WO4_JVASP-11669.dat,C:\LUMENS\sadc_edit_active_pilot_20260523_105745\candidate_niel\NIEL_p_Na2WO4_JVASP-11669.dat,True,True,completed_validated,True,radiation_degradation/omere_sadc_outputs_final_materials_20260523/outputs/14_Na2WO4_JVASP-11669.dat
14,Na2WO4,JVASP-11669,Vpm,240616000.0,47505300.0,654731000.0,94.8746,94.8746,94.8746,,,,False,5.092,5.092,True,Na2WO4,Na2WO4,C:\LUMENS\sadc_edit_active_pilot_20260523_105745\candidate_niel\NIEL_e_Na2WO4_JVASP-11669.dat,C:\LUMENS\sadc_edit_active_pilot_20260523_105745\candidate_niel\NIEL_p_Na2WO4_JVASP-11669.dat,True,True,completed_validated,True,radiation_degradation/omere_sadc_outputs_final_materials_20260523/outputs/14_Na2WO4_JVASP-11669.dat
15,AlInSb2,JVASP-109795,Isc,836119000.0,836119000.0,753196000.0,99.5181,99.5181,99.5181,99.4359,99.4359,99.4359,False,4.846,4.846,True,AlInSb2,AlInSb2,C:\LUMENS\sadc_edit_active_pilot_20260523_105922\candidate_niel\NIEL_e_AlInSb2_JVASP-109795.dat,C:\LUMENS\sadc_edit_active_pilot_20260523_105922\candidate_niel\NIEL_p_AlInSb2_JVASP-109795.dat,True,True,completed_validated,True,radiation_degradation/omere_sadc_outputs_final_materials_20260523/outputs/15_AlInSb2_JVASP-109795.dat
15,AlInSb2,JVASP-109795,Voc,836119000.0,386046000.0,753196000.0,95.263,95.263,95.263,,,,False,4.846,4.846,True,AlInSb2,AlInSb2,C:\LUMENS\sadc_edit_active_pilot_20260523_105922\candidate_niel\NIEL_e_AlInSb2_JVASP-109795.dat,C:\LUMENS\sadc_edit_active_pilot_20260523_105922\candidate_niel\NIEL_p_AlInSb2_JVASP-109795.dat,True,True,completed_validated,True,radiation_degradation/omere_sadc_outputs_final_materials_20260523/outputs/15_AlInSb2_JVASP-109795.dat
15,AlInSb2,JVASP-109795,Pmax,836119000.0,451653000.0,753196000.0,96.191,96.191,96.191,96.1116,96.1116,96.1116,False,4.846,4.846,True,AlInSb2,AlInSb2,C:\LUMENS\sadc_edit_active_pilot_20260523_105922\candidate_niel\NIEL_e_AlInSb2_JVASP-109795.dat,C:\LUMENS\sadc_edit_active_pilot_20260523_105922\candidate_niel\NIEL_p_AlInSb2_JVASP-109795.dat,True,True,completed_validated,True,radiation_degradation/omere_sadc_outputs_final_materials_20260523/outputs/15_AlInSb2_JVASP-109795.dat
15,AlInSb2,JVASP-109795,Ipm,836119000.0,836119000.0,753196000.0,99.2987,99.2987,99.2987,99.2167,99.2167,99.2167,False,4.846,4.846,True,AlInSb2,AlInSb2,C:\LUMENS\sadc_edit_active_pilot_20260523_105922\candidate_niel\NIEL_e_AlInSb2_JVASP-109795.dat,C:\LUMENS\sadc_edit_active_pilot_20260523_105922\candidate_niel\NIEL_p_AlInSb2_JVASP-109795.dat,True,True,completed_validated,True,radiation_degradation/omere_sadc_outputs_final_materials_20260523/outputs/15_AlInSb2_JVASP-109795.dat
15,AlInSb2,JVASP-109795,Vpm,836119000.0,165076000.0,753196000.0,94.2485,94.2485,94.2485,,,,False,4.846,4.846,True,AlInSb2,AlInSb2,C:\LUMENS\sadc_edit_active_pilot_20260523_105922\candidate_niel\NIEL_e_AlInSb2_JVASP-109795.dat,C:\LUMENS\sadc_edit_active_pilot_20260523_105922\candidate_niel\NIEL_p_AlInSb2_JVASP-109795.dat,True,True,completed_validated,True,radiation_degradation/omere_sadc_outputs_final_materials_20260523/outputs/15_AlInSb2_JVASP-109795.dat
16,SrTaNO2,JVASP-109687,Isc,908234000.0,908234000.0,717648000.0,99.5071,99.5071,99.5071,99.4249,99.4249,99.4249,False,7.809,7.809,True,SrTaNO2,SrTaNO2,C:\LUMENS\sadc_edit_active_pilot_20260523_110100\candidate_niel\NIEL_e_SrTaNO2_JVASP-109687.dat,C:\LUMENS\sadc_edit_active_pilot_20260523_110100\candidate_niel\NIEL_p_SrTaNO2_JVASP-109687.dat,True,True,completed_validated,True,radiation_degradation/omere_sadc_outputs_final_materials_20260523/outputs/16_SrTaNO2_JVASP-109687.dat
16,SrTaNO2,JVASP-109687,Voc,908234000.0,419342000.0,717648000.0,95.2672,95.2672,95.2672,,,,False,7.809,7.809,True,SrTaNO2,SrTaNO2,C:\LUMENS\sadc_edit_active_pilot_20260523_110100\candidate_niel\NIEL_e_SrTaNO2_JVASP-109687.dat,C:\LUMENS\sadc_edit_active_pilot_20260523_110100\candidate_niel\NIEL_p_SrTaNO2_JVASP-109687.dat,True,True,completed_validated,True,radiation_degradation/omere_sadc_outputs_final_materials_20260523/outputs/16_SrTaNO2_JVASP-109687.dat
16,SrTaNO2,JVASP-109687,Pmax,908234000.0,490608000.0,717648000.0,96.1817,96.1817,96.1817,96.1022,96.1022,96.1022,False,7.809,7.809,True,SrTaNO2,SrTaNO2,C:\LUMENS\sadc_edit_active_pilot_20260523_110100\candidate_niel\NIEL_e_SrTaNO2_JVASP-109687.dat,C:\LUMENS\sadc_edit_active_pilot_20260523_110100\candidate_niel\NIEL_p_SrTaNO2_JVASP-109687.dat,True,True,completed_validated,True,radiation_degradation/omere_sadc_outputs_final_materials_20260523/outputs/16_SrTaNO2_JVASP-109687.dat
16,SrTaNO2,JVASP-109687,Ipm,908234000.0,908234000.0,717648000.0,99.2828,99.2828,99.2828,99.2008,99.2008,99.2008,False,7.809,7.809,True,SrTaNO2,SrTaNO2,C:\LUMENS\sadc_edit_active_pilot_20260523_110100\candidate_niel\NIEL_e_SrTaNO2_JVASP-109687.dat,C:\LUMENS\sadc_edit_active_pilot_20260523_110100\candidate_niel\NIEL_p_SrTaNO2_JVASP-109687.dat,True,True,completed_validated,True,radiation_degradation/omere_sadc_outputs_final_materials_20260523/outputs/16_SrTaNO2_JVASP-109687.dat
16,SrTaNO2,JVASP-109687,Vpm,908234000.0,179314000.0,717648000.0,94.3042,94.3042,94.3042,,,,False,7.809,7.809,True,SrTaNO2,SrTaNO2,C:\LUMENS\sadc_edit_active_pilot_20260523_110100\candidate_niel\NIEL_e_SrTaNO2_JVASP-109687.dat,C:\LUMENS\sadc_edit_active_pilot_20260523_110100\candidate_niel\NIEL_p_SrTaNO2_JVASP-109687.dat,True,True,completed_validated,True,radiation_degradation/omere_sadc_outputs_final_materials_20260523/outputs/16_SrTaNO2_JVASP-109687.dat
17,HfS3,JVASP-8218,Isc,342699000.0,342699000.0,698649000.0,99.6836,99.6836,99.6836,99.6013,99.6013,99.6013,False,5.523,5.523,True,HfS3,HfS3,C:\LUMENS\sadc_edit_active_pilot_20260523_110237\candidate_niel\NIEL_e_HfS3_JVASP-8218.dat,C:\LUMENS\sadc_edit_active_pilot_20260523_110237\candidate_niel\NIEL_p_HfS3_JVASP-8218.dat,True,True,completed_validated,True,radiation_degradation/omere_sadc_outputs_final_materials_20260523/outputs/17_HfS3_JVASP-8218.dat
17,HfS3,JVASP-8218,Voc,342699000.0,158228000.0,698649000.0,95.8569,95.8569,95.8569,,,,False,5.523,5.523,True,HfS3,HfS3,C:\LUMENS\sadc_edit_active_pilot_20260523_110237\candidate_niel\NIEL_e_HfS3_JVASP-8218.dat,C:\LUMENS\sadc_edit_active_pilot_20260523_110237\candidate_niel\NIEL_p_HfS3_JVASP-8218.dat,True,True,completed_validated,True,radiation_degradation/omere_sadc_outputs_final_materials_20260523/outputs/17_HfS3_JVASP-8218.dat
17,HfS3,JVASP-8218,Pmax,342699000.0,185119000.0,698649000.0,97.1042,97.1042,97.1042,97.024,97.024,97.024,False,5.523,5.523,True,HfS3,HfS3,C:\LUMENS\sadc_edit_active_pilot_20260523_110237\candidate_niel\NIEL_e_HfS3_JVASP-8218.dat,C:\LUMENS\sadc_edit_active_pilot_20260523_110237\candidate_niel\NIEL_p_HfS3_JVASP-8218.dat,True,True,completed_validated,True,radiation_degradation/omere_sadc_outputs_final_materials_20260523/outputs/17_HfS3_JVASP-8218.dat
17,HfS3,JVASP-8218,Ipm,342699000.0,342699000.0,698649000.0,99.5387,99.5387,99.5387,99.4565,99.4565,99.4565,False,5.523,5.523,True,HfS3,HfS3,C:\LUMENS\sadc_edit_active_pilot_20260523_110237\candidate_niel\NIEL_e_HfS3_JVASP-8218.dat,C:\LUMENS\sadc_edit_active_pilot_20260523_110237\candidate_niel\NIEL_p_HfS3_JVASP-8218.dat,True,True,completed_validated,True,radiation_degradation/omere_sadc_outputs_final_materials_20260523/outputs/17_HfS3_JVASP-8218.dat
17,HfS3,JVASP-8218,Vpm,342699000.0,67659700.0,698649000.0,94.6733,94.6733,94.6733,,,,False,5.523,5.523,True,HfS3,HfS3,C:\LUMENS\sadc_edit_active_pilot_20260523_110237\candidate_niel\NIEL_e_HfS3_JVASP-8218.dat,C:\LUMENS\sadc_edit_active_pilot_20260523_110237\candidate_niel\NIEL_p_HfS3_JVASP-8218.dat,True,True,completed_validated,True,radiation_degradation/omere_sadc_outputs_final_materials_20260523/outputs/17_HfS3_JVASP-8218.dat
18,HgSO4,JVASP-9390,Isc,586680000.0,586680000.0,677499000.0,99.6163,99.6163,99.6163,99.534,99.534,99.534,False,6.271,6.271,True,HgSO4,HgSO4,C:\LUMENS\sadc_edit_active_pilot_20260523_110414\candidate_niel\NIEL_e_HgSO4_JVASP-9390.dat,C:\LUMENS\sadc_edit_active_pilot_20260523_110414\candidate_niel\NIEL_p_HgSO4_JVASP-9390.dat,True,True,completed_validated,True,radiation_degradation/omere_sadc_outputs_final_materials_20260523/outputs/18_HgSO4_JVASP-9390.dat
18,HgSO4,JVASP-9390,Voc,586680000.0,270877000.0,677499000.0,95.6487,95.6487,95.6487,,,,False,6.271,6.271,True,HgSO4,HgSO4,C:\LUMENS\sadc_edit_active_pilot_20260523_110414\candidate_niel\NIEL_e_HgSO4_JVASP-9390.dat,C:\LUMENS\sadc_edit_active_pilot_20260523_110414\candidate_niel\NIEL_p_HgSO4_JVASP-9390.dat,True,True,completed_validated,True,radiation_degradation/omere_sadc_outputs_final_materials_20260523/outputs/18_HgSO4_JVASP-9390.dat
18,HgSO4,JVASP-9390,Pmax,586680000.0,316912000.0,677499000.0,96.7824,96.7824,96.7824,96.7025,96.7025,96.7025,False,6.271,6.271,True,HgSO4,HgSO4,C:\LUMENS\sadc_edit_active_pilot_20260523_110414\candidate_niel\NIEL_e_HgSO4_JVASP-9390.dat,C:\LUMENS\sadc_edit_active_pilot_20260523_110414\candidate_niel\NIEL_p_HgSO4_JVASP-9390.dat,True,True,completed_validated,True,radiation_degradation/omere_sadc_outputs_final_materials_20260523/outputs/18_HgSO4_JVASP-9390.dat
18,HgSO4,JVASP-9390,Ipm,586680000.0,586680000.0,677499000.0,99.4409,99.4409,99.4409,99.3587,99.3587,99.3587,False,6.271,6.271,True,HgSO4,HgSO4,C:\LUMENS\sadc_edit_active_pilot_20260523_110414\candidate_niel\NIEL_e_HgSO4_JVASP-9390.dat,C:\LUMENS\sadc_edit_active_pilot_20260523_110414\candidate_niel\NIEL_p_HgSO4_JVASP-9390.dat,True,True,completed_validated,True,radiation_degradation/omere_sadc_outputs_final_materials_20260523/outputs/18_HgSO4_JVASP-9390.dat
18,HgSO4,JVASP-9390,Vpm,586680000.0,115829000.0,677499000.0,94.5927,94.5927,94.5927,,,,False,6.271,6.271,True,HgSO4,HgSO4,C:\LUMENS\sadc_edit_active_pilot_20260523_110414\candidate_niel\NIEL_e_HgSO4_JVASP-9390.dat,C:\LUMENS\sadc_edit_active_pilot_20260523_110414\candidate_niel\NIEL_p_HgSO4_JVASP-9390.dat,True,True,completed_validated,True,radiation_degradation/omere_sadc_outputs_final_materials_20260523/outputs/18_HgSO4_JVASP-9390.dat
19,InAgS2,JVASP-12383,Isc,221844000.0,221844000.0,780708000.0,99.6954,99.6954,99.6954,99.613,99.613,99.613,False,4.775,4.775,True,InAgS2,InAgS2,C:\LUMENS\sadc_edit_active_pilot_20260523_110551\candidate_niel\NIEL_e_InAgS2_JVASP-12383.dat,C:\LUMENS\sadc_edit_active_pilot_20260523_110551\candidate_niel\NIEL_p_InAgS2_JVASP-12383.dat,True,True,completed_validated,True,radiation_degradation/omere_sadc_outputs_final_materials_20260523/outputs/19_InAgS2_JVASP-12383.dat
19,InAgS2,JVASP-12383,Voc,221844000.0,102428000.0,780708000.0,95.7954,95.7954,95.7954,,,,False,4.775,4.775,True,InAgS2,InAgS2,C:\LUMENS\sadc_edit_active_pilot_20260523_110551\candidate_niel\NIEL_e_InAgS2_JVASP-12383.dat,C:\LUMENS\sadc_edit_active_pilot_20260523_110551\candidate_niel\NIEL_p_InAgS2_JVASP-12383.dat,True,True,completed_validated,True,radiation_degradation/omere_sadc_outputs_final_materials_20260523/outputs/19_InAgS2_JVASP-12383.dat
19,InAgS2,JVASP-12383,Pmax,221844000.0,119836000.0,780708000.0,97.0549,97.0549,97.0549,96.9748,96.9748,96.9748,False,4.775,4.775,True,InAgS2,InAgS2,C:\LUMENS\sadc_edit_active_pilot_20260523_110551\candidate_niel\NIEL_e_InAgS2_JVASP-12383.dat,C:\LUMENS\sadc_edit_active_pilot_20260523_110551\candidate_niel\NIEL_p_InAgS2_JVASP-12383.dat,True,True,completed_validated,True,radiation_degradation/omere_sadc_outputs_final_materials_20260523/outputs/19_InAgS2_JVASP-12383.dat
19,InAgS2,JVASP-12383,Ipm,221844000.0,221844000.0,780708000.0,99.5558,99.5558,99.5558,99.4735,99.4735,99.4735,False,4.775,4.775,True,InAgS2,InAgS2,C:\LUMENS\sadc_edit_active_pilot_20260523_110551\candidate_niel\NIEL_e_InAgS2_JVASP-12383.dat,C:\LUMENS\sadc_edit_active_pilot_20260523_110551\candidate_niel\NIEL_p_InAgS2_JVASP-12383.dat,True,True,completed_validated,True,radiation_degradation/omere_sadc_outputs_final_materials_20260523/outputs/19_InAgS2_JVASP-12383.dat
19,InAgS2,JVASP-12383,Vpm,221844000.0,43799100.0,780708000.0,94.5026,94.5026,94.5026,,,,False,4.775,4.775,True,InAgS2,InAgS2,C:\LUMENS\sadc_edit_active_pilot_20260523_110551\candidate_niel\NIEL_e_InAgS2_JVASP-12383.dat,C:\LUMENS\sadc_edit_active_pilot_20260523_110551\candidate_niel\NIEL_p_InAgS2_JVASP-12383.dat,True,True,completed_validated,True,radiation_degradation/omere_sadc_outputs_final_materials_20260523/outputs/19_InAgS2_JVASP-12383.dat
20,InS,JVASP-51076,Isc,267704000.0,267704000.0,781068000.0,99.6814,99.6814,99.6814,99.5991,99.5991,99.5991,False,5.013,5.013,True,InS,InS,C:\LUMENS\sadc_edit_active_pilot_20260523_110728\candidate_niel\NIEL_e_InS_JVASP-51076.dat,C:\LUMENS\sadc_edit_active_pilot_20260523_110728\candidate_niel\NIEL_p_InS_JVASP-51076.dat,True,True,completed_validated,True,radiation_degradation/omere_sadc_outputs_final_materials_20260523/outputs/20_InS_JVASP-51076.dat
20,InS,JVASP-51076,Voc,267704000.0,123602000.0,781068000.0,95.746,95.746,95.746,,,,False,5.013,5.013,True,InS,InS,C:\LUMENS\sadc_edit_active_pilot_20260523_110728\candidate_niel\NIEL_e_InS_JVASP-51076.dat,C:\LUMENS\sadc_edit_active_pilot_20260523_110728\candidate_niel\NIEL_p_InS_JVASP-51076.dat,True,True,completed_validated,True,radiation_degradation/omere_sadc_outputs_final_materials_20260523/outputs/20_InS_JVASP-51076.dat
20,InS,JVASP-51076,Pmax,267704000.0,144608000.0,781068000.0,96.9814,96.9814,96.9814,96.9013,96.9013,96.9013,False,5.013,5.013,True,InS,InS,C:\LUMENS\sadc_edit_active_pilot_20260523_110728\candidate_niel\NIEL_e_InS_JVASP-51076.dat,C:\LUMENS\sadc_edit_active_pilot_20260523_110728\candidate_niel\NIEL_p_InS_JVASP-51076.dat,True,True,completed_validated,True,radiation_degradation/omere_sadc_outputs_final_materials_20260523/outputs/20_InS_JVASP-51076.dat
20,InS,JVASP-51076,Ipm,267704000.0,267704000.0,781068000.0,99.5354,99.5354,99.5354,99.4532,99.4532,99.4532,False,5.013,5.013,True,InS,InS,C:\LUMENS\sadc_edit_active_pilot_20260523_110728\candidate_niel\NIEL_e_InS_JVASP-51076.dat,C:\LUMENS\sadc_edit_active_pilot_20260523_110728\candidate_niel\NIEL_p_InS_JVASP-51076.dat,True,True,completed_validated,True,radiation_degradation/omere_sadc_outputs_final_materials_20260523/outputs/20_InS_JVASP-51076.dat
20,InS,JVASP-51076,Vpm,267704000.0,52853200.0,781068000.0,94.476,94.476,94.476,,,,False,5.013,5.013,True,InS,InS,C:\LUMENS\sadc_edit_active_pilot_20260523_110728\candidate_niel\NIEL_e_InS_JVASP-51076.dat,C:\LUMENS\sadc_edit_active_pilot_20260523_110728\candidate_niel\NIEL_p_InS_JVASP-51076.dat,True,True,completed_validated,True,radiation_degradation/omere_sadc_outputs_final_materials_20260523/outputs/20_InS_JVASP-51076.dat
21,BaAlSi,JVASP-17183,Isc,391315000.0,391315000.0,720239000.0,99.6624,99.6624,99.6624,99.5801,99.5801,99.5801,False,3.797,3.797,True,BaAlSi,BaAlSi,C:\LUMENS\sadc_edit_active_pilot_20260523_110905\candidate_niel\NIEL_e_BaAlSi_JVASP-17183.dat,C:\LUMENS\sadc_edit_active_pilot_20260523_110905\candidate_niel\NIEL_p_BaAlSi_JVASP-17183.dat,True,True,completed_validated,True,radiation_degradation/omere_sadc_outputs_final_materials_20260523/outputs/21_BaAlSi_JVASP-17183.dat
21,BaAlSi,JVASP-17183,Voc,391315000.0,180675000.0,720239000.0,95.7546,95.7546,95.7546,,,,False,3.797,3.797,True,BaAlSi,BaAlSi,C:\LUMENS\sadc_edit_active_pilot_20260523_110905\candidate_niel\NIEL_e_BaAlSi_JVASP-17183.dat,C:\LUMENS\sadc_edit_active_pilot_20260523_110905\candidate_niel\NIEL_p_BaAlSi_JVASP-17183.dat,True,True,completed_validated,True,radiation_degradation/omere_sadc_outputs_final_materials_20260523/outputs/21_BaAlSi_JVASP-17183.dat
21,BaAlSi,JVASP-17183,Pmax,391315000.0,211380000.0,720239000.0,96.9641,96.9641,96.9641,96.884,96.884,96.884,False,3.797,3.797,True,BaAlSi,BaAlSi,C:\LUMENS\sadc_edit_active_pilot_20260523_110905\candidate_niel\NIEL_e_BaAlSi_JVASP-17183.dat,C:\LUMENS\sadc_edit_active_pilot_20260523_110905\candidate_niel\NIEL_p_BaAlSi_JVASP-17183.dat,True,True,completed_validated,True,radiation_degradation/omere_sadc_outputs_final_materials_20260523/outputs/21_BaAlSi_JVASP-17183.dat
21,BaAlSi,JVASP-17183,Ipm,391315000.0,391315000.0,720239000.0,99.5078,99.5078,99.5078,99.4256,99.4256,99.4256,False,3.797,3.797,True,BaAlSi,BaAlSi,C:\LUMENS\sadc_edit_active_pilot_20260523_110905\candidate_niel\NIEL_e_BaAlSi_JVASP-17183.dat,C:\LUMENS\sadc_edit_active_pilot_20260523_110905\candidate_niel\NIEL_p_BaAlSi_JVASP-17183.dat,True,True,completed_validated,True,radiation_degradation/omere_sadc_outputs_final_materials_20260523/outputs/21_BaAlSi_JVASP-17183.dat
21,BaAlSi,JVASP-17183,Vpm,391315000.0,77258100.0,720239000.0,94.5805,94.5805,94.5805,,,,False,3.797,3.797,True,BaAlSi,BaAlSi,C:\LUMENS\sadc_edit_active_pilot_20260523_110905\candidate_niel\NIEL_e_BaAlSi_JVASP-17183.dat,C:\LUMENS\sadc_edit_active_pilot_20260523_110905\candidate_niel\NIEL_p_BaAlSi_JVASP-17183.dat,True,True,completed_validated,True,radiation_degradation/omere_sadc_outputs_final_materials_20260523/outputs/21_BaAlSi_JVASP-17183.dat
22,GaAgTeSe,JVASP-109402,Isc,596174000.0,596174000.0,791670000.0,99.5789,99.5789,99.5789,99.4967,99.4967,99.4967,False,5.623,5.623,True,GaAgTeSe,GaAgTeSe,C:\LUMENS\sadc_edit_active_pilot_20260523_111042\candidate_niel\NIEL_e_GaAgTeSe_JVASP-109402.dat,C:\LUMENS\sadc_edit_active_pilot_20260523_111042\candidate_niel\NIEL_p_GaAgTeSe_JVASP-109402.dat,True,True,completed_validated,True,radiation_degradation/omere_sadc_outputs_final_materials_20260523/outputs/22_GaAgTeSe_JVASP-109402.dat
22,GaAgTeSe,JVASP-109402,Voc,596174000.0,275260000.0,791670000.0,95.4023,95.4023,95.4023,,,,False,5.623,5.623,True,GaAgTeSe,GaAgTeSe,C:\LUMENS\sadc_edit_active_pilot_20260523_111042\candidate_niel\NIEL_e_GaAgTeSe_JVASP-109402.dat,C:\LUMENS\sadc_edit_active_pilot_20260523_111042\candidate_niel\NIEL_p_GaAgTeSe_JVASP-109402.dat,True,True,completed_validated,True,radiation_degradation/omere_sadc_outputs_final_materials_20260523/outputs/22_GaAgTeSe_JVASP-109402.dat
22,GaAgTeSe,JVASP-109402,Pmax,596174000.0,322040000.0,791670000.0,96.4439,96.4439,96.4439,96.3643,96.3643,96.3643,False,5.623,5.623,True,GaAgTeSe,GaAgTeSe,C:\LUMENS\sadc_edit_active_pilot_20260523_111042\candidate_niel\NIEL_e_GaAgTeSe_JVASP-109402.dat,C:\LUMENS\sadc_edit_active_pilot_20260523_111042\candidate_niel\NIEL_p_GaAgTeSe_JVASP-109402.dat,True,True,completed_validated,True,radiation_degradation/omere_sadc_outputs_final_materials_20260523/outputs/22_GaAgTeSe_JVASP-109402.dat
22,GaAgTeSe,JVASP-109402,Ipm,596174000.0,596174000.0,791670000.0,99.3867,99.3867,99.3867,99.3046,99.3046,99.3046,False,5.623,5.623,True,GaAgTeSe,GaAgTeSe,C:\LUMENS\sadc_edit_active_pilot_20260523_111042\candidate_niel\NIEL_e_GaAgTeSe_JVASP-109402.dat,C:\LUMENS\sadc_edit_active_pilot_20260523_111042\candidate_niel\NIEL_p_GaAgTeSe_JVASP-109402.dat,True,True,completed_validated,True,radiation_degradation/omere_sadc_outputs_final_materials_20260523/outputs/22_GaAgTeSe_JVASP-109402.dat
22,GaAgTeSe,JVASP-109402,Vpm,596174000.0,117704000.0,791670000.0,94.2716,94.2716,94.2716,,,,False,5.623,5.623,True,GaAgTeSe,GaAgTeSe,C:\LUMENS\sadc_edit_active_pilot_20260523_111042\candidate_niel\NIEL_e_GaAgTeSe_JVASP-109402.dat,C:\LUMENS\sadc_edit_active_pilot_20260523_111042\candidate_niel\NIEL_p_GaAgTeSe_JVASP-109402.dat,True,True,completed_validated,True,radiation_degradation/omere_sadc_outputs_final_materials_20260523/outputs/22_GaAgTeSe_JVASP-109402.dat
23,Ag3PO4,JVASP-9585,Isc,207514000.0,207514000.0,761997000.0,99.7054,99.7054,99.7054,99.623,99.623,99.623,False,6.284,6.284,True,Ag3PO4,Ag3PO4,C:\LUMENS\sadc_edit_active_pilot_20260523_111220\candidate_niel\NIEL_e_Ag3PO4_JVASP-9585.dat,C:\LUMENS\sadc_edit_active_pilot_20260523_111220\candidate_niel\NIEL_p_Ag3PO4_JVASP-9585.dat,True,True,completed_validated,True,radiation_degradation/omere_sadc_outputs_final_materials_20260523/outputs/23_Ag3PO4_JVASP-9585.dat
23,Ag3PO4,JVASP-9585,Voc,207514000.0,95811600.0,761997000.0,95.8547,95.8547,95.8547,,,,False,6.284,6.284,True,Ag3PO4,Ag3PO4,C:\LUMENS\sadc_edit_active_pilot_20260523_111220\candidate_niel\NIEL_e_Ag3PO4_JVASP-9585.dat,C:\LUMENS\sadc_edit_active_pilot_20260523_111220\candidate_niel\NIEL_p_Ag3PO4_JVASP-9585.dat,True,True,completed_validated,True,radiation_degradation/omere_sadc_outputs_final_materials_20260523/outputs/23_Ag3PO4_JVASP-9585.dat
23,Ag3PO4,JVASP-9585,Pmax,207514000.0,112095000.0,761997000.0,97.1328,97.1328,97.1328,97.0525,97.0525,97.0525,False,6.284,6.284,True,Ag3PO4,Ag3PO4,C:\LUMENS\sadc_edit_active_pilot_20260523_111220\candidate_niel\NIEL_e_Ag3PO4_JVASP-9585.dat,C:\LUMENS\sadc_edit_active_pilot_20260523_111220\candidate_niel\NIEL_p_Ag3PO4_JVASP-9585.dat,True,True,completed_validated,True,radiation_degradation/omere_sadc_outputs_final_materials_20260523/outputs/23_Ag3PO4_JVASP-9585.dat
23,Ag3PO4,JVASP-9585,Ipm,207514000.0,207514000.0,761997000.0,99.5703,99.5703,99.5703,99.488,99.488,99.488,False,6.284,6.284,True,Ag3PO4,Ag3PO4,C:\LUMENS\sadc_edit_active_pilot_20260523_111220\candidate_niel\NIEL_e_Ag3PO4_JVASP-9585.dat,C:\LUMENS\sadc_edit_active_pilot_20260523_111220\candidate_niel\NIEL_p_Ag3PO4_JVASP-9585.dat,True,True,completed_validated,True,radiation_degradation/omere_sadc_outputs_final_materials_20260523/outputs/23_Ag3PO4_JVASP-9585.dat
23,Ag3PO4,JVASP-9585,Vpm,207514000.0,40969800.0,761997000.0,94.5645,94.5645,94.5645,,,,False,6.284,6.284,True,Ag3PO4,Ag3PO4,C:\LUMENS\sadc_edit_active_pilot_20260523_111220\candidate_niel\NIEL_e_Ag3PO4_JVASP-9585.dat,C:\LUMENS\sadc_edit_active_pilot_20260523_111220\candidate_niel\NIEL_p_Ag3PO4_JVASP-9585.dat,True,True,completed_validated,True,radiation_degradation/omere_sadc_outputs_final_materials_20260523/outputs/23_Ag3PO4_JVASP-9585.dat
24,SrZrS3,JVASP-21271,Isc,42850500.0,42850500.0,799326000.0,99.744,99.744,99.744,99.6616,99.6616,99.6616,False,3.859,3.859,True,SrZrS3,SrZrS3,C:\LUMENS\sadc_edit_active_pilot_20260523_111356\candidate_niel\NIEL_e_SrZrS3_JVASP-21271.dat,C:\LUMENS\sadc_edit_active_pilot_20260523_111356\candidate_niel\NIEL_p_SrZrS3_JVASP-21271.dat,True,True,completed_validated,True,radiation_degradation/omere_sadc_outputs_final_materials_20260523/outputs/24_SrZrS3_JVASP-21271.dat
24,SrZrS3,JVASP-21271,Voc,42850500.0,19784600.0,799326000.0,95.9482,95.9482,95.9482,,,,False,3.859,3.859,True,SrZrS3,SrZrS3,C:\LUMENS\sadc_edit_active_pilot_20260523_111356\candidate_niel\NIEL_e_SrZrS3_JVASP-21271.dat,C:\LUMENS\sadc_edit_active_pilot_20260523_111356\candidate_niel\NIEL_p_SrZrS3_JVASP-21271.dat,True,True,completed_validated,True,radiation_degradation/omere_sadc_outputs_final_materials_20260523/outputs/24_SrZrS3_JVASP-21271.dat
24,SrZrS3,JVASP-21271,Pmax,42850500.0,23146900.0,799326000.0,97.2859,97.2859,97.2859,97.2056,97.2056,97.2056,False,3.859,3.859,True,SrZrS3,SrZrS3,C:\LUMENS\sadc_edit_active_pilot_20260523_111356\candidate_niel\NIEL_e_SrZrS3_JVASP-21271.dat,C:\LUMENS\sadc_edit_active_pilot_20260523_111356\candidate_niel\NIEL_p_SrZrS3_JVASP-21271.dat,True,True,completed_validated,True,radiation_degradation/omere_sadc_outputs_final_materials_20260523/outputs/24_SrZrS3_JVASP-21271.dat
24,SrZrS3,JVASP-21271,Ipm,42850500.0,42850500.0,799326000.0,99.6264,99.6264,99.6264,99.5441,99.5441,99.5441,False,3.859,3.859,True,SrZrS3,SrZrS3,C:\LUMENS\sadc_edit_active_pilot_20260523_111356\candidate_niel\NIEL_e_SrZrS3_JVASP-21271.dat,C:\LUMENS\sadc_edit_active_pilot_20260523_111356\candidate_niel\NIEL_p_SrZrS3_JVASP-21271.dat,True,True,completed_validated,True,radiation_degradation/omere_sadc_outputs_final_materials_20260523/outputs/24_SrZrS3_JVASP-21271.dat
24,SrZrS3,JVASP-21271,Vpm,42850500.0,8460050.0,799326000.0,94.5505,94.5505,94.5505,,,,False,3.859,3.859,True,SrZrS3,SrZrS3,C:\LUMENS\sadc_edit_active_pilot_20260523_111356\candidate_niel\NIEL_e_SrZrS3_JVASP-21271.dat,C:\LUMENS\sadc_edit_active_pilot_20260523_111356\candidate_niel\NIEL_p_SrZrS3_JVASP-21271.dat,True,True,completed_validated,True,radiation_degradation/omere_sadc_outputs_final_materials_20260523/outputs/24_SrZrS3_JVASP-21271.dat
25,P2Se5,JVASP-5590,Isc,145354000.0,145354000.0,821707000.0,99.7061,99.7061,99.7061,99.6238,99.6238,99.6238,False,4.029,4.029,True,P2Se5,P2Se5,C:\LUMENS\sadc_edit_active_pilot_20260523_111533\candidate_niel\NIEL_e_P2Se5_JVASP-5590.dat,C:\LUMENS\sadc_edit_active_pilot_20260523_111533\candidate_niel\NIEL_p_P2Se5_JVASP-5590.dat,True,True,completed_validated,True,radiation_degradation/omere_sadc_outputs_final_materials_20260523/outputs/25_P2Se5_JVASP-5590.dat
25,P2Se5,JVASP-5590,Voc,145354000.0,67111800.0,821707000.0,95.7823,95.7823,95.7823,,,,False,4.029,4.029,True,P2Se5,P2Se5,C:\LUMENS\sadc_edit_active_pilot_20260523_111533\candidate_niel\NIEL_e_P2Se5_JVASP-5590.dat,C:\LUMENS\sadc_edit_active_pilot_20260523_111533\candidate_niel\NIEL_p_P2Se5_JVASP-5590.dat,True,True,completed_validated,True,radiation_degradation/omere_sadc_outputs_final_materials_20260523/outputs/25_P2Se5_JVASP-5590.dat
25,P2Se5,JVASP-5590,Pmax,145354000.0,78517300.0,821707000.0,97.0559,97.0559,97.0559,96.9757,96.9757,96.9757,False,4.029,4.029,True,P2Se5,P2Se5,C:\LUMENS\sadc_edit_active_pilot_20260523_111533\candidate_niel\NIEL_e_P2Se5_JVASP-5590.dat,C:\LUMENS\sadc_edit_active_pilot_20260523_111533\candidate_niel\NIEL_p_P2Se5_JVASP-5590.dat,True,True,completed_validated,True,radiation_degradation/omere_sadc_outputs_final_materials_20260523/outputs/25_P2Se5_JVASP-5590.dat
25,P2Se5,JVASP-5590,Ipm,145354000.0,145354000.0,821707000.0,99.5714,99.5714,99.5714,99.4891,99.4891,99.4891,False,4.029,4.029,True,P2Se5,P2Se5,C:\LUMENS\sadc_edit_active_pilot_20260523_111533\candidate_niel\NIEL_e_P2Se5_JVASP-5590.dat,C:\LUMENS\sadc_edit_active_pilot_20260523_111533\candidate_niel\NIEL_p_P2Se5_JVASP-5590.dat,True,True,completed_validated,True,radiation_degradation/omere_sadc_outputs_final_materials_20260523/outputs/25_P2Se5_JVASP-5590.dat
25,P2Se5,JVASP-5590,Vpm,145354000.0,28697600.0,821707000.0,94.43,94.43,94.43,,,,False,4.029,4.029,True,P2Se5,P2Se5,C:\LUMENS\sadc_edit_active_pilot_20260523_111533\candidate_niel\NIEL_e_P2Se5_JVASP-5590.dat,C:\LUMENS\sadc_edit_active_pilot_20260523_111533\candidate_niel\NIEL_p_P2Se5_JVASP-5590.dat,True,True,completed_validated,True,radiation_degradation/omere_sadc_outputs_final_materials_20260523/outputs/25_P2Se5_JVASP-5590.dat
26,Rb2As3,JVASP-11390,Isc,272528000.0,272528000.0,839414000.0,99.6623,99.6623,99.6623,99.58,99.58,99.58,False,3.757,3.757,True,Rb2As3,Rb2As3,C:\LUMENS\sadc_edit_active_pilot_20260523_111710\candidate_niel\NIEL_e_Rb2As3_JVASP-11390.dat,C:\LUMENS\sadc_edit_active_pilot_20260523_111710\candidate_niel\NIEL_p_Rb2As3_JVASP-11390.dat,True,True,completed_validated,True,radiation_degradation/omere_sadc_outputs_final_materials_20260523/outputs/26_Rb2As3_JVASP-11390.dat
26,Rb2As3,JVASP-11390,Voc,272528000.0,125829000.0,839414000.0,95.6122,95.6122,95.6122,,,,False,3.757,3.757,True,Rb2As3,Rb2As3,C:\LUMENS\sadc_edit_active_pilot_20260523_111710\candidate_niel\NIEL_e_Rb2As3_JVASP-11390.dat,C:\LUMENS\sadc_edit_active_pilot_20260523_111710\candidate_niel\NIEL_p_Rb2As3_JVASP-11390.dat,True,True,completed_validated,True,radiation_degradation/omere_sadc_outputs_final_materials_20260523/outputs/26_Rb2As3_JVASP-11390.dat
26,Rb2As3,JVASP-11390,Pmax,272528000.0,147214000.0,839414000.0,96.8048,96.8048,96.8048,96.7248,96.7248,96.7248,False,3.757,3.757,True,Rb2As3,Rb2As3,C:\LUMENS\sadc_edit_active_pilot_20260523_111710\candidate_niel\NIEL_e_Rb2As3_JVASP-11390.dat,C:\LUMENS\sadc_edit_active_pilot_20260523_111710\candidate_niel\NIEL_p_Rb2As3_JVASP-11390.dat,True,True,completed_validated,True,radiation_degradation/omere_sadc_outputs_final_materials_20260523/outputs/26_Rb2As3_JVASP-11390.dat
26,Rb2As3,JVASP-11390,Ipm,272528000.0,272528000.0,839414000.0,99.5077,99.5077,99.5077,99.4255,99.4255,99.4255,False,3.757,3.757,True,Rb2As3,Rb2As3,C:\LUMENS\sadc_edit_active_pilot_20260523_111710\candidate_niel\NIEL_e_Rb2As3_JVASP-11390.dat,C:\LUMENS\sadc_edit_active_pilot_20260523_111710\candidate_niel\NIEL_p_Rb2As3_JVASP-11390.dat,True,True,completed_validated,True,radiation_degradation/omere_sadc_outputs_final_materials_20260523/outputs/26_Rb2As3_JVASP-11390.dat
26,Rb2As3,JVASP-11390,Vpm,272528000.0,53805600.0,839414000.0,94.3141,94.3141,94.3141,,,,False,3.757,3.757,True,Rb2As3,Rb2As3,C:\LUMENS\sadc_edit_active_pilot_20260523_111710\candidate_niel\NIEL_e_Rb2As3_JVASP-11390.dat,C:\LUMENS\sadc_edit_active_pilot_20260523_111710\candidate_niel\NIEL_p_Rb2As3_JVASP-11390.dat,True,True,completed_validated,True,radiation_degradation/omere_sadc_outputs_final_materials_20260523/outputs/26_Rb2As3_JVASP-11390.dat
27,ScS,JVASP-19725,Isc,19260900.0,19260900.0,841044000.0,99.7385,99.7385,99.7385,99.6561,99.6561,99.6561,False,3.609,3.609,True,ScS,ScS,C:\LUMENS\sadc_edit_active_pilot_20260523_111847\candidate_niel\NIEL_e_ScS_JVASP-19725.dat,C:\LUMENS\sadc_edit_active_pilot_20260523_111847\candidate_niel\NIEL_p_ScS_JVASP-19725.dat,True,True,completed_validated,True,radiation_degradation/omere_sadc_outputs_final_materials_20260523/outputs/27_ScS_JVASP-19725.dat
27,ScS,JVASP-19725,Voc,19260900.0,8892980.0,841044000.0,95.8735,95.8735,95.8735,,,,False,3.609,3.609,True,ScS,ScS,C:\LUMENS\sadc_edit_active_pilot_20260523_111847\candidate_niel\NIEL_e_ScS_JVASP-19725.dat,C:\LUMENS\sadc_edit_active_pilot_20260523_111847\candidate_niel\NIEL_p_ScS_JVASP-19725.dat,True,True,completed_validated,True,radiation_degradation/omere_sadc_outputs_final_materials_20260523/outputs/27_ScS_JVASP-19725.dat
27,ScS,JVASP-19725,Pmax,19260900.0,10404300.0,841044000.0,97.1997,97.1997,97.1997,97.1195,97.1195,97.1195,False,3.609,3.609,True,ScS,ScS,C:\LUMENS\sadc_edit_active_pilot_20260523_111847\candidate_niel\NIEL_e_ScS_JVASP-19725.dat,C:\LUMENS\sadc_edit_active_pilot_20260523_111847\candidate_niel\NIEL_p_ScS_JVASP-19725.dat,True,True,completed_validated,True,radiation_degradation/omere_sadc_outputs_final_materials_20260523/outputs/27_ScS_JVASP-19725.dat
27,ScS,JVASP-19725,Ipm,19260900.0,19260900.0,841044000.0,99.6184,99.6184,99.6184,99.5361,99.5361,99.5361,False,3.609,3.609,True,ScS,ScS,C:\LUMENS\sadc_edit_active_pilot_20260523_111847\candidate_niel\NIEL_e_ScS_JVASP-19725.dat,C:\LUMENS\sadc_edit_active_pilot_20260523_111847\candidate_niel\NIEL_p_ScS_JVASP-19725.dat,True,True,completed_validated,True,radiation_degradation/omere_sadc_outputs_final_materials_20260523/outputs/27_ScS_JVASP-19725.dat
27,ScS,JVASP-19725,Vpm,19260900.0,3802710.0,841044000.0,94.4454,94.4454,94.4454,,,,False,3.609,3.609,True,ScS,ScS,C:\LUMENS\sadc_edit_active_pilot_20260523_111847\candidate_niel\NIEL_e_ScS_JVASP-19725.dat,C:\LUMENS\sadc_edit_active_pilot_20260523_111847\candidate_niel\NIEL_p_ScS_JVASP-19725.dat,True,True,completed_validated,True,radiation_degradation/omere_sadc_outputs_final_materials_20260523/outputs/27_ScS_JVASP-19725.dat
28,BaH2O4,JVASP-54745,Isc,1260090000.0,1260090000.0,745396000.0,99.3929,99.3929,99.3929,99.3108,99.3108,99.3108,False,4.138,4.138,True,BaH2O4,BaH2O4,C:\LUMENS\sadc_edit_active_pilot_20260523_112024\candidate_niel\NIEL_e_BaH2O4_JVASP-54745.dat,C:\LUMENS\sadc_edit_active_pilot_20260523_112024\candidate_niel\NIEL_p_BaH2O4_JVASP-54745.dat,True,True,completed_validated,True,radiation_degradation/omere_sadc_outputs_final_materials_20260523/outputs/28_BaH2O4_JVASP-54745.dat
28,BaH2O4,JVASP-54745,Voc,1260090000.0,581796000.0,745396000.0,94.9334,94.9334,94.9334,,,,False,4.138,4.138,True,BaH2O4,BaH2O4,C:\LUMENS\sadc_edit_active_pilot_20260523_112024\candidate_niel\NIEL_e_BaH2O4_JVASP-54745.dat,C:\LUMENS\sadc_edit_active_pilot_20260523_112024\candidate_niel\NIEL_p_BaH2O4_JVASP-54745.dat,True,True,completed_validated,True,radiation_degradation/omere_sadc_outputs_final_materials_20260523/outputs/28_BaH2O4_JVASP-54745.dat
28,BaH2O4,JVASP-54745,Pmax,1260090000.0,680671000.0,745396000.0,95.5965,95.5965,95.5965,95.5175,95.5175,95.5175,False,4.138,4.138,True,BaH2O4,BaH2O4,C:\LUMENS\sadc_edit_active_pilot_20260523_112024\candidate_niel\NIEL_e_BaH2O4_JVASP-54745.dat,C:\LUMENS\sadc_edit_active_pilot_20260523_112024\candidate_niel\NIEL_p_BaH2O4_JVASP-54745.dat,True,True,completed_validated,True,radiation_degradation/omere_sadc_outputs_final_materials_20260523/outputs/28_BaH2O4_JVASP-54745.dat
28,BaH2O4,JVASP-54745,Ipm,1260090000.0,1260090000.0,745396000.0,99.1177,99.1177,99.1177,99.0358,99.0358,99.0358,False,4.138,4.138,True,BaH2O4,BaH2O4,C:\LUMENS\sadc_edit_active_pilot_20260523_112024\candidate_niel\NIEL_e_BaH2O4_JVASP-54745.dat,C:\LUMENS\sadc_edit_active_pilot_20260523_112024\candidate_niel\NIEL_p_BaH2O4_JVASP-54745.dat,True,True,completed_validated,True,radiation_degradation/omere_sadc_outputs_final_materials_20260523/outputs/28_BaH2O4_JVASP-54745.dat
28,BaH2O4,JVASP-54745,Vpm,1260090000.0,248781000.0,745396000.0,94.0591,94.0591,94.0591,,,,False,4.138,4.138,True,BaH2O4,BaH2O4,C:\LUMENS\sadc_edit_active_pilot_20260523_112024\candidate_niel\NIEL_e_BaH2O4_JVASP-54745.dat,C:\LUMENS\sadc_edit_active_pilot_20260523_112024\candidate_niel\NIEL_p_BaH2O4_JVASP-54745.dat,True,True,completed_validated,True,radiation_degradation/omere_sadc_outputs_final_materials_20260523/outputs/28_BaH2O4_JVASP-54745.dat
29,GaAgP2Se6,JVASP-27498,Isc,600627000.0,600627000.0,875722000.0,99.5522,99.5522,99.5522,99.47,99.47,99.47,False,4.919,4.919,True,GaAgP2Se6,GaAgP2Se6,C:\LUMENS\sadc_edit_active_pilot_20260523_112201\candidate_niel\NIEL_e_GaAgP2Se6_JVASP-27498.dat,C:\LUMENS\sadc_edit_active_pilot_20260523_112201\candidate_niel\NIEL_p_GaAgP2Se6_JVASP-27498.dat,True,True,completed_validated,True,radiation_degradation/omere_sadc_outputs_final_materials_20260523/outputs/29_GaAgP2Se6_JVASP-27498.dat
29,GaAgP2Se6,JVASP-27498,Voc,600627000.0,277317000.0,875722000.0,95.2373,95.2373,95.2373,,,,False,4.919,4.919,True,GaAgP2Se6,GaAgP2Se6,C:\LUMENS\sadc_edit_active_pilot_20260523_112201\candidate_niel\NIEL_e_GaAgP2Se6_JVASP-27498.dat,C:\LUMENS\sadc_edit_active_pilot_20260523_112201\candidate_niel\NIEL_p_GaAgP2Se6_JVASP-27498.dat,True,True,completed_validated,True,radiation_degradation/omere_sadc_outputs_final_materials_20260523/outputs/29_GaAgP2Se6_JVASP-27498.dat
29,GaAgP2Se6,JVASP-27498,Pmax,600627000.0,324446000.0,875722000.0,96.2039,96.2039,96.2039,96.1244,96.1244,96.1244,False,4.919,4.919,True,GaAgP2Se6,GaAgP2Se6,C:\LUMENS\sadc_edit_active_pilot_20260523_112201\candidate_niel\NIEL_e_GaAgP2Se6_JVASP-27498.dat,C:\LUMENS\sadc_edit_active_pilot_20260523_112201\candidate_niel\NIEL_p_GaAgP2Se6_JVASP-27498.dat,True,True,completed_validated,True,radiation_degradation/omere_sadc_outputs_final_materials_20260523/outputs/29_GaAgP2Se6_JVASP-27498.dat
29,GaAgP2Se6,JVASP-27498,Ipm,600627000.0,600627000.0,875722000.0,99.348,99.348,99.348,99.266,99.266,99.266,False,4.919,4.919,True,GaAgP2Se6,GaAgP2Se6,C:\LUMENS\sadc_edit_active_pilot_20260523_112201\candidate_niel\NIEL_e_GaAgP2Se6_JVASP-27498.dat,C:\LUMENS\sadc_edit_active_pilot_20260523_112201\candidate_niel\NIEL_p_GaAgP2Se6_JVASP-27498.dat,True,True,completed_validated,True,radiation_degradation/omere_sadc_outputs_final_materials_20260523/outputs/29_GaAgP2Se6_JVASP-27498.dat
29,GaAgP2Se6,JVASP-27498,Vpm,600627000.0,118583000.0,875722000.0,94.0587,94.0587,94.0587,,,,False,4.919,4.919,True,GaAgP2Se6,GaAgP2Se6,C:\LUMENS\sadc_edit_active_pilot_20260523_112201\candidate_niel\NIEL_e_GaAgP2Se6_JVASP-27498.dat,C:\LUMENS\sadc_edit_active_pilot_20260523_112201\candidate_niel\NIEL_p_GaAgP2Se6_JVASP-27498.dat,True,True,completed_validated,True,radiation_degradation/omere_sadc_outputs_final_materials_20260523/outputs/29_GaAgP2Se6_JVASP-27498.dat
30,Ca3SnH2,JVASP-37879,Isc,345995000.0,345995000.0,875293000.0,99.6292,99.6292,99.6292,99.5469,99.5469,99.5469,False,3.071,3.071,True,Ca3SnH2,Ca3SnH2,C:\LUMENS\sadc_edit_active_pilot_20260523_112339\candidate_niel\NIEL_e_Ca3SnH2_JVASP-37879.dat,C:\LUMENS\sadc_edit_active_pilot_20260523_112339\candidate_niel\NIEL_p_Ca3SnH2_JVASP-37879.dat,True,True,completed_validated,True,radiation_degradation/omere_sadc_outputs_final_materials_20260523/outputs/30_Ca3SnH2_JVASP-37879.dat
30,Ca3SnH2,JVASP-37879,Voc,345995000.0,159750000.0,875293000.0,95.4662,95.4662,95.4662,,,,False,3.071,3.071,True,Ca3SnH2,Ca3SnH2,C:\LUMENS\sadc_edit_active_pilot_20260523_112339\candidate_niel\NIEL_e_Ca3SnH2_JVASP-37879.dat,C:\LUMENS\sadc_edit_active_pilot_20260523_112339\candidate_niel\NIEL_p_Ca3SnH2_JVASP-37879.dat,True,True,completed_validated,True,radiation_degradation/omere_sadc_outputs_final_materials_20260523/outputs/30_Ca3SnH2_JVASP-37879.dat
30,Ca3SnH2,JVASP-37879,Pmax,345995000.0,186899000.0,875293000.0,96.589,96.589,96.589,96.5093,96.5093,96.5093,False,3.071,3.071,True,Ca3SnH2,Ca3SnH2,C:\LUMENS\sadc_edit_active_pilot_20260523_112339\candidate_niel\NIEL_e_Ca3SnH2_JVASP-37879.dat,C:\LUMENS\sadc_edit_active_pilot_20260523_112339\candidate_niel\NIEL_p_Ca3SnH2_JVASP-37879.dat,True,True,completed_validated,True,radiation_degradation/omere_sadc_outputs_final_materials_20260523/outputs/30_Ca3SnH2_JVASP-37879.dat
30,Ca3SnH2,JVASP-37879,Ipm,345995000.0,345995000.0,875293000.0,99.4597,99.4597,99.4597,99.3775,99.3775,99.3775,False,3.071,3.071,True,Ca3SnH2,Ca3SnH2,C:\LUMENS\sadc_edit_active_pilot_20260523_112339\candidate_niel\NIEL_e_Ca3SnH2_JVASP-37879.dat,C:\LUMENS\sadc_edit_active_pilot_20260523_112339\candidate_niel\NIEL_p_Ca3SnH2_JVASP-37879.dat,True,True,completed_validated,True,radiation_degradation/omere_sadc_outputs_final_materials_20260523/outputs/30_Ca3SnH2_JVASP-37879.dat
30,Ca3SnH2,JVASP-37879,Vpm,345995000.0,68310400.0,875293000.0,94.1838,94.1838,94.1838,,,,False,3.071,3.071,True,Ca3SnH2,Ca3SnH2,C:\LUMENS\sadc_edit_active_pilot_20260523_112339\candidate_niel\NIEL_e_Ca3SnH2_JVASP-37879.dat,C:\LUMENS\sadc_edit_active_pilot_20260523_112339\candidate_niel\NIEL_p_Ca3SnH2_JVASP-37879.dat,True,True,completed_validated,True,radiation_degradation/omere_sadc_outputs_final_materials_20260523/outputs/30_Ca3SnH2_JVASP-37879.dat
31,Ga3BN4,JVASP-35152,Isc,283946000.0,283946000.0,859740000.0,99.6527,99.6527,99.6527,99.5704,99.5704,99.5704,False,5.720,5.72,True,Ga3BN4,Ga3BN4,C:\LUMENS\sadc_edit_active_pilot_20260523_112516\candidate_niel\NIEL_e_Ga3BN4_JVASP-35152.dat,C:\LUMENS\sadc_edit_active_pilot_20260523_112516\candidate_niel\NIEL_p_Ga3BN4_JVASP-35152.dat,True,True,completed_validated,True,radiation_degradation/omere_sadc_outputs_final_materials_20260523/outputs/31_Ga3BN4_JVASP-35152.dat
31,Ga3BN4,JVASP-35152,Voc,283946000.0,131101000.0,859740000.0,95.5577,95.5577,95.5577,,,,False,5.720,5.72,True,Ga3BN4,Ga3BN4,C:\LUMENS\sadc_edit_active_pilot_20260523_112516\candidate_niel\NIEL_e_Ga3BN4_JVASP-35152.dat,C:\LUMENS\sadc_edit_active_pilot_20260523_112516\candidate_niel\NIEL_p_Ga3BN4_JVASP-35152.dat,True,True,completed_validated,True,radiation_degradation/omere_sadc_outputs_final_materials_20260523/outputs/31_Ga3BN4_JVASP-35152.dat
31,Ga3BN4,JVASP-35152,Pmax,283946000.0,153382000.0,859740000.0,96.7288,96.7288,96.7288,96.6489,96.6489,96.6489,False,5.720,5.72,True,Ga3BN4,Ga3BN4,C:\LUMENS\sadc_edit_active_pilot_20260523_112516\candidate_niel\NIEL_e_Ga3BN4_JVASP-35152.dat,C:\LUMENS\sadc_edit_active_pilot_20260523_112516\candidate_niel\NIEL_p_Ga3BN4_JVASP-35152.dat,True,True,completed_validated,True,radiation_degradation/omere_sadc_outputs_final_materials_20260523/outputs/31_Ga3BN4_JVASP-35152.dat
31,Ga3BN4,JVASP-35152,Ipm,283946000.0,283946000.0,859740000.0,99.4937,99.4937,99.4937,99.4115,99.4115,99.4115,False,5.720,5.72,True,Ga3BN4,Ga3BN4,C:\LUMENS\sadc_edit_active_pilot_20260523_112516\candidate_niel\NIEL_e_Ga3BN4_JVASP-35152.dat,C:\LUMENS\sadc_edit_active_pilot_20260523_112516\candidate_niel\NIEL_p_Ga3BN4_JVASP-35152.dat,True,True,completed_validated,True,radiation_degradation/omere_sadc_outputs_final_materials_20260523/outputs/31_Ga3BN4_JVASP-35152.dat
31,Ga3BN4,JVASP-35152,Vpm,283946000.0,56060000.0,859740000.0,94.2549,94.2549,94.2549,,,,False,5.720,5.72,True,Ga3BN4,Ga3BN4,C:\LUMENS\sadc_edit_active_pilot_20260523_112516\candidate_niel\NIEL_e_Ga3BN4_JVASP-35152.dat,C:\LUMENS\sadc_edit_active_pilot_20260523_112516\candidate_niel\NIEL_p_Ga3BN4_JVASP-35152.dat,True,True,completed_validated,True,radiation_degradation/omere_sadc_outputs_final_materials_20260523/outputs/31_Ga3BN4_JVASP-35152.dat
32,Cu2SnSe3,JVASP-109764,Isc,1217700000.0,1217700000.0,912564000.0,99.3554,99.3554,99.3554,99.2733,99.2733,99.2733,False,5.574,5.574,True,Cu2SnSe3,Cu2SnSe3,C:\LUMENS\sadc_edit_active_pilot_20260523_112653\candidate_niel\NIEL_e_Cu2SnSe3_JVASP-109764.dat,C:\LUMENS\sadc_edit_active_pilot_20260523_112653\candidate_niel\NIEL_p_Cu2SnSe3_JVASP-109764.dat,True,True,completed_validated,True,radiation_degradation/omere_sadc_outputs_final_materials_20260523/outputs/32_Cu2SnSe3_JVASP-109764.dat
32,Cu2SnSe3,JVASP-109764,Voc,1217700000.0,562226000.0,912564000.0,94.7017,94.7017,94.7017,,,,False,5.574,5.574,True,Cu2SnSe3,Cu2SnSe3,C:\LUMENS\sadc_edit_active_pilot_20260523_112653\candidate_niel\NIEL_e_Cu2SnSe3_JVASP-109764.dat,C:\LUMENS\sadc_edit_active_pilot_20260523_112653\candidate_niel\NIEL_p_Cu2SnSe3_JVASP-109764.dat,True,True,completed_validated,True,radiation_degradation/omere_sadc_outputs_final_materials_20260523/outputs/32_Cu2SnSe3_JVASP-109764.dat
32,Cu2SnSe3,JVASP-109764,Pmax,1217700000.0,657775000.0,912564000.0,95.2226,95.2226,95.2226,95.1439,95.1439,95.1439,False,5.574,5.574,True,Cu2SnSe3,Cu2SnSe3,C:\LUMENS\sadc_edit_active_pilot_20260523_112653\candidate_niel\NIEL_e_Cu2SnSe3_JVASP-109764.dat,C:\LUMENS\sadc_edit_active_pilot_20260523_112653\candidate_niel\NIEL_p_Cu2SnSe3_JVASP-109764.dat,True,True,completed_validated,True,radiation_degradation/omere_sadc_outputs_final_materials_20260523/outputs/32_Cu2SnSe3_JVASP-109764.dat
32,Cu2SnSe3,JVASP-109764,Ipm,1217700000.0,1217700000.0,912564000.0,99.0636,99.0636,99.0636,98.9818,98.9818,98.9818,False,5.574,5.574,True,Cu2SnSe3,Cu2SnSe3,C:\LUMENS\sadc_edit_active_pilot_20260523_112653\candidate_niel\NIEL_e_Cu2SnSe3_JVASP-109764.dat,C:\LUMENS\sadc_edit_active_pilot_20260523_112653\candidate_niel\NIEL_p_Cu2SnSe3_JVASP-109764.dat,True,True,completed_validated,True,radiation_degradation/omere_sadc_outputs_final_materials_20260523/outputs/32_Cu2SnSe3_JVASP-109764.dat
32,Cu2SnSe3,JVASP-109764,Vpm,1217700000.0,240412000.0,912564000.0,93.7012,93.7012,93.7012,,,,False,5.574,5.574,True,Cu2SnSe3,Cu2SnSe3,C:\LUMENS\sadc_edit_active_pilot_20260523_112653\candidate_niel\NIEL_e_Cu2SnSe3_JVASP-109764.dat,C:\LUMENS\sadc_edit_active_pilot_20260523_112653\candidate_niel\NIEL_p_Cu2SnSe3_JVASP-109764.dat,True,True,completed_validated,True,radiation_degradation/omere_sadc_outputs_final_materials_20260523/outputs/32_Cu2SnSe3_JVASP-109764.dat
33,ScMo3O8,JVASP-12703,Isc,316321000.0,316321000.0,863764000.0,99.6417,99.6417,99.6417,99.5594,99.5594,99.5594,False,5.514,5.514,True,ScMo3O8,ScMo3O8,C:\LUMENS\sadc_edit_active_pilot_20260523_112830\candidate_niel\NIEL_e_ScMo3O8_JVASP-12703.dat,C:\LUMENS\sadc_edit_active_pilot_20260523_112830\candidate_niel\NIEL_p_ScMo3O8_JVASP-12703.dat,True,True,completed_validated,True,radiation_degradation/omere_sadc_outputs_final_materials_20260523/outputs/33_ScMo3O8_JVASP-12703.dat
33,ScMo3O8,JVASP-12703,Voc,316321000.0,146049000.0,863764000.0,95.518,95.518,95.518,,,,False,5.514,5.514,True,ScMo3O8,ScMo3O8,C:\LUMENS\sadc_edit_active_pilot_20260523_112830\candidate_niel\NIEL_e_ScMo3O8_JVASP-12703.dat,C:\LUMENS\sadc_edit_active_pilot_20260523_112830\candidate_niel\NIEL_p_ScMo3O8_JVASP-12703.dat,True,True,completed_validated,True,radiation_degradation/omere_sadc_outputs_final_materials_20260523/outputs/33_ScMo3O8_JVASP-12703.dat
33,ScMo3O8,JVASP-12703,Pmax,316321000.0,170870000.0,863764000.0,96.6673,96.6673,96.6673,96.5875,96.5875,96.5875,False,5.514,5.514,True,ScMo3O8,ScMo3O8,C:\LUMENS\sadc_edit_active_pilot_20260523_112830\candidate_niel\NIEL_e_ScMo3O8_JVASP-12703.dat,C:\LUMENS\sadc_edit_active_pilot_20260523_112830\candidate_niel\NIEL_p_ScMo3O8_JVASP-12703.dat,True,True,completed_validated,True,radiation_degradation/omere_sadc_outputs_final_materials_20260523/outputs/33_ScMo3O8_JVASP-12703.dat
33,ScMo3O8,JVASP-12703,Ipm,316321000.0,316321000.0,863764000.0,99.4778,99.4778,99.4778,99.3956,99.3956,99.3956,False,5.514,5.514,True,ScMo3O8,ScMo3O8,C:\LUMENS\sadc_edit_active_pilot_20260523_112830\candidate_niel\NIEL_e_ScMo3O8_JVASP-12703.dat,C:\LUMENS\sadc_edit_active_pilot_20260523_112830\candidate_niel\NIEL_p_ScMo3O8_JVASP-12703.dat,True,True,completed_validated,True,radiation_degradation/omere_sadc_outputs_final_materials_20260523/outputs/33_ScMo3O8_JVASP-12703.dat
33,ScMo3O8,JVASP-12703,Vpm,316321000.0,62451700.0,863764000.0,94.228,94.228,94.228,,,,False,5.514,5.514,True,ScMo3O8,ScMo3O8,C:\LUMENS\sadc_edit_active_pilot_20260523_112830\candidate_niel\NIEL_e_ScMo3O8_JVASP-12703.dat,C:\LUMENS\sadc_edit_active_pilot_20260523_112830\candidate_niel\NIEL_p_ScMo3O8_JVASP-12703.dat,True,True,completed_validated,True,radiation_degradation/omere_sadc_outputs_final_materials_20260523/outputs/33_ScMo3O8_JVASP-12703.dat
34,CaSnS3,JVASP-40190,Isc,270369000.0,270369000.0,892887000.0,99.6468,99.6468,99.6468,99.5645,99.5645,99.5645,False,3.905,3.905,True,CaSnS3,CaSnS3,C:\LUMENS\sadc_edit_active_pilot_20260523_113007\candidate_niel\NIEL_e_CaSnS3_JVASP-40190.dat,C:\LUMENS\sadc_edit_active_pilot_20260523_113007\candidate_niel\NIEL_p_CaSnS3_JVASP-40190.dat,True,True,completed_validated,True,radiation_degradation/omere_sadc_outputs_final_materials_20260523/outputs/34_CaSnS3_JVASP-40190.dat
34,CaSnS3,JVASP-40190,Voc,270369000.0,124832000.0,892887000.0,95.5017,95.5017,95.5017,,,,False,3.905,3.905,True,CaSnS3,CaSnS3,C:\LUMENS\sadc_edit_active_pilot_20260523_113007\candidate_niel\NIEL_e_CaSnS3_JVASP-40190.dat,C:\LUMENS\sadc_edit_active_pilot_20260523_113007\candidate_niel\NIEL_p_CaSnS3_JVASP-40190.dat,True,True,completed_validated,True,radiation_degradation/omere_sadc_outputs_final_materials_20260523/outputs/34_CaSnS3_JVASP-40190.dat
34,CaSnS3,JVASP-40190,Pmax,270369000.0,146047000.0,892887000.0,96.6551,96.6551,96.6551,96.5752,96.5752,96.5752,False,3.905,3.905,True,CaSnS3,CaSnS3,C:\LUMENS\sadc_edit_active_pilot_20260523_113007\candidate_niel\NIEL_e_CaSnS3_JVASP-40190.dat,C:\LUMENS\sadc_edit_active_pilot_20260523_113007\candidate_niel\NIEL_p_CaSnS3_JVASP-40190.dat,True,True,completed_validated,True,radiation_degradation/omere_sadc_outputs_final_materials_20260523/outputs/34_CaSnS3_JVASP-40190.dat
34,CaSnS3,JVASP-40190,Ipm,270369000.0,270369000.0,892887000.0,99.4851,99.4851,99.4851,99.403,99.403,99.403,False,3.905,3.905,True,CaSnS3,CaSnS3,C:\LUMENS\sadc_edit_active_pilot_20260523_113007\candidate_niel\NIEL_e_CaSnS3_JVASP-40190.dat,C:\LUMENS\sadc_edit_active_pilot_20260523_113007\candidate_niel\NIEL_p_CaSnS3_JVASP-40190.dat,True,True,completed_validated,True,radiation_degradation/omere_sadc_outputs_final_materials_20260523/outputs/34_CaSnS3_JVASP-40190.dat
34,CaSnS3,JVASP-40190,Vpm,270369000.0,53379400.0,892887000.0,94.1771,94.1771,94.1771,,,,False,3.905,3.905,True,CaSnS3,CaSnS3,C:\LUMENS\sadc_edit_active_pilot_20260523_113007\candidate_niel\NIEL_e_CaSnS3_JVASP-40190.dat,C:\LUMENS\sadc_edit_active_pilot_20260523_113007\candidate_niel\NIEL_p_CaSnS3_JVASP-40190.dat,True,True,completed_validated,True,radiation_degradation/omere_sadc_outputs_final_materials_20260523/outputs/34_CaSnS3_JVASP-40190.dat
35,ZnGeN2,JVASP-9374,Isc,888418000.0,888418000.0,923759000.0,99.451,99.451,99.451,99.3689,99.3689,99.3689,False,5.877,5.877,True,ZnGeN2,ZnGeN2,C:\LUMENS\sadc_edit_active_pilot_20260523_113145\candidate_niel\NIEL_e_ZnGeN2_JVASP-9374.dat,C:\LUMENS\sadc_edit_active_pilot_20260523_113145\candidate_niel\NIEL_p_ZnGeN2_JVASP-9374.dat,True,True,completed_validated,True,radiation_degradation/omere_sadc_outputs_final_materials_20260523/outputs/35_ZnGeN2_JVASP-9374.dat
35,ZnGeN2,JVASP-9374,Voc,888418000.0,410193000.0,923759000.0,94.9223,94.9223,94.9223,,,,False,5.877,5.877,True,ZnGeN2,ZnGeN2,C:\LUMENS\sadc_edit_active_pilot_20260523_113145\candidate_niel\NIEL_e_ZnGeN2_JVASP-9374.dat,C:\LUMENS\sadc_edit_active_pilot_20260523_113145\candidate_niel\NIEL_p_ZnGeN2_JVASP-9374.dat,True,True,completed_validated,True,radiation_degradation/omere_sadc_outputs_final_materials_20260523/outputs/35_ZnGeN2_JVASP-9374.dat
35,ZnGeN2,JVASP-9374,Pmax,888418000.0,479905000.0,923759000.0,95.6555,95.6555,95.6555,95.5765,95.5765,95.5765,False,5.877,5.877,True,ZnGeN2,ZnGeN2,C:\LUMENS\sadc_edit_active_pilot_20260523_113145\candidate_niel\NIEL_e_ZnGeN2_JVASP-9374.dat,C:\LUMENS\sadc_edit_active_pilot_20260523_113145\candidate_niel\NIEL_p_ZnGeN2_JVASP-9374.dat,True,True,completed_validated,True,radiation_degradation/omere_sadc_outputs_final_materials_20260523/outputs/35_ZnGeN2_JVASP-9374.dat
35,ZnGeN2,JVASP-9374,Ipm,888418000.0,888418000.0,923759000.0,99.2016,99.2016,99.2016,99.1197,99.1197,99.1197,False,5.877,5.877,True,ZnGeN2,ZnGeN2,C:\LUMENS\sadc_edit_active_pilot_20260523_113145\candidate_niel\NIEL_e_ZnGeN2_JVASP-9374.dat,C:\LUMENS\sadc_edit_active_pilot_20260523_113145\candidate_niel\NIEL_p_ZnGeN2_JVASP-9374.dat,True,True,completed_validated,True,radiation_degradation/omere_sadc_outputs_final_materials_20260523/outputs/35_ZnGeN2_JVASP-9374.dat
35,ZnGeN2,JVASP-9374,Vpm,888418000.0,175402000.0,923759000.0,93.8172,93.8172,93.8172,,,,False,5.877,5.877,True,ZnGeN2,ZnGeN2,C:\LUMENS\sadc_edit_active_pilot_20260523_113145\candidate_niel\NIEL_e_ZnGeN2_JVASP-9374.dat,C:\LUMENS\sadc_edit_active_pilot_20260523_113145\candidate_niel\NIEL_p_ZnGeN2_JVASP-9374.dat,True,True,completed_validated,True,radiation_degradation/omere_sadc_outputs_final_materials_20260523/outputs/35_ZnGeN2_JVASP-9374.dat
36,ZnS,JVASP-10591,Isc,278714000.0,278714000.0,959748000.0,99.624,99.624,99.624,99.5417,99.5417,99.5417,False,4.034,4.034,True,ZnS,ZnS,C:\LUMENS\sadc_edit_active_pilot_20260523_113322\candidate_niel\NIEL_e_ZnS_JVASP-10591.dat,C:\LUMENS\sadc_edit_active_pilot_20260523_113322\candidate_niel\NIEL_p_ZnS_JVASP-10591.dat,True,True,completed_validated,True,radiation_degradation/omere_sadc_outputs_final_materials_20260523/outputs/36_ZnS_JVASP-10591.dat
36,ZnS,JVASP-10591,Voc,278714000.0,128685000.0,959748000.0,95.3601,95.3601,95.3601,,,,False,4.034,4.034,True,ZnS,ZnS,C:\LUMENS\sadc_edit_active_pilot_20260523_113322\candidate_niel\NIEL_e_ZnS_JVASP-10591.dat,C:\LUMENS\sadc_edit_active_pilot_20260523_113322\candidate_niel\NIEL_p_ZnS_JVASP-10591.dat,True,True,completed_validated,True,radiation_degradation/omere_sadc_outputs_final_materials_20260523/outputs/36_ZnS_JVASP-10591.dat
36,ZnS,JVASP-10591,Pmax,278714000.0,150555000.0,959748000.0,96.4535,96.4535,96.4535,96.3738,96.3738,96.3738,False,4.034,4.034,True,ZnS,ZnS,C:\LUMENS\sadc_edit_active_pilot_20260523_113322\candidate_niel\NIEL_e_ZnS_JVASP-10591.dat,C:\LUMENS\sadc_edit_active_pilot_20260523_113322\candidate_niel\NIEL_p_ZnS_JVASP-10591.dat,True,True,completed_validated,True,radiation_degradation/omere_sadc_outputs_final_materials_20260523/outputs/36_ZnS_JVASP-10591.dat
36,ZnS,JVASP-10591,Ipm,278714000.0,278714000.0,959748000.0,99.4521,99.4521,99.4521,99.37,99.37,99.37,False,4.034,4.034,True,ZnS,ZnS,C:\LUMENS\sadc_edit_active_pilot_20260523_113322\candidate_niel\NIEL_e_ZnS_JVASP-10591.dat,C:\LUMENS\sadc_edit_active_pilot_20260523_113322\candidate_niel\NIEL_p_ZnS_JVASP-10591.dat,True,True,completed_validated,True,radiation_degradation/omere_sadc_outputs_final_materials_20260523/outputs/36_ZnS_JVASP-10591.dat
36,ZnS,JVASP-10591,Vpm,278714000.0,55026900.0,959748000.0,94.0099,94.0099,94.0099,,,,False,4.034,4.034,True,ZnS,ZnS,C:\LUMENS\sadc_edit_active_pilot_20260523_113322\candidate_niel\NIEL_e_ZnS_JVASP-10591.dat,C:\LUMENS\sadc_edit_active_pilot_20260523_113322\candidate_niel\NIEL_p_ZnS_JVASP-10591.dat,True,True,completed_validated,True,radiation_degradation/omere_sadc_outputs_final_materials_20260523/outputs/36_ZnS_JVASP-10591.dat
37,MgCu2O4,JVASP-9908,Isc,513526000.0,513526000.0,969318000.0,99.5502,99.5502,99.5502,99.468,99.468,99.468,False,5.176,5.176,True,MgCu2O4,MgCu2O4,C:\LUMENS\sadc_edit_active_pilot_20260523_113500\candidate_niel\NIEL_e_MgCu2O4_JVASP-9908.dat,C:\LUMENS\sadc_edit_active_pilot_20260523_113500\candidate_niel\NIEL_p_MgCu2O4_JVASP-9908.dat,True,True,completed_validated,True,radiation_degradation/omere_sadc_outputs_final_materials_20260523/outputs/37_MgCu2O4_JVASP-9908.dat
37,MgCu2O4,JVASP-9908,Voc,513526000.0,237101000.0,969318000.0,95.1402,95.1402,95.1402,,,,False,5.176,5.176,True,MgCu2O4,MgCu2O4,C:\LUMENS\sadc_edit_active_pilot_20260523_113500\candidate_niel\NIEL_e_MgCu2O4_JVASP-9908.dat,C:\LUMENS\sadc_edit_active_pilot_20260523_113500\candidate_niel\NIEL_p_MgCu2O4_JVASP-9908.dat,True,True,completed_validated,True,radiation_degradation/omere_sadc_outputs_final_materials_20260523/outputs/37_MgCu2O4_JVASP-9908.dat
37,MgCu2O4,JVASP-9908,Pmax,513526000.0,277396000.0,969318000.0,96.0764,96.0764,96.0764,95.9971,95.9971,95.9971,False,5.176,5.176,True,MgCu2O4,MgCu2O4,C:\LUMENS\sadc_edit_active_pilot_20260523_113500\candidate_niel\NIEL_e_MgCu2O4_JVASP-9908.dat,C:\LUMENS\sadc_edit_active_pilot_20260523_113500\candidate_niel\NIEL_p_MgCu2O4_JVASP-9908.dat,True,True,completed_validated,True,radiation_degradation/omere_sadc_outputs_final_materials_20260523/outputs/37_MgCu2O4_JVASP-9908.dat
37,MgCu2O4,JVASP-9908,Ipm,513526000.0,513526000.0,969318000.0,99.3452,99.3452,99.3452,99.2631,99.2631,99.2631,False,5.176,5.176,True,MgCu2O4,MgCu2O4,C:\LUMENS\sadc_edit_active_pilot_20260523_113500\candidate_niel\NIEL_e_MgCu2O4_JVASP-9908.dat,C:\LUMENS\sadc_edit_active_pilot_20260523_113500\candidate_niel\NIEL_p_MgCu2O4_JVASP-9908.dat,True,True,completed_validated,True,radiation_degradation/omere_sadc_outputs_final_materials_20260523/outputs/37_MgCu2O4_JVASP-9908.dat
37,MgCu2O4,JVASP-9908,Vpm,513526000.0,101386000.0,969318000.0,93.8807,93.8807,93.8807,,,,False,5.176,5.176,True,MgCu2O4,MgCu2O4,C:\LUMENS\sadc_edit_active_pilot_20260523_113500\candidate_niel\NIEL_e_MgCu2O4_JVASP-9908.dat,C:\LUMENS\sadc_edit_active_pilot_20260523_113500\candidate_niel\NIEL_p_MgCu2O4_JVASP-9908.dat,True,True,completed_validated,True,radiation_degradation/omere_sadc_outputs_final_materials_20260523/outputs/37_MgCu2O4_JVASP-9908.dat
38,MoH2O4,JVASP-54713,Isc,934658000.0,934658000.0,965619000.0,99.4245,99.4245,99.4245,99.3424,99.3424,99.3424,False,3.629,3.629,True,MoH2O4,MoH2O4,C:\LUMENS\sadc_edit_active_pilot_20260523_113638\candidate_niel\NIEL_e_MoH2O4_JVASP-54713.dat,C:\LUMENS\sadc_edit_active_pilot_20260523_113638\candidate_niel\NIEL_p_MoH2O4_JVASP-54713.dat,True,True,completed_validated,True,radiation_degradation/omere_sadc_outputs_final_materials_20260523/outputs/38_MoH2O4_JVASP-54713.dat
38,MoH2O4,JVASP-54713,Voc,934658000.0,431543000.0,965619000.0,94.8209,94.8209,94.8209,,,,False,3.629,3.629,True,MoH2O4,MoH2O4,C:\LUMENS\sadc_edit_active_pilot_20260523_113638\candidate_niel\NIEL_e_MoH2O4_JVASP-54713.dat,C:\LUMENS\sadc_edit_active_pilot_20260523_113638\candidate_niel\NIEL_p_MoH2O4_JVASP-54713.dat,True,True,completed_validated,True,radiation_degradation/omere_sadc_outputs_final_materials_20260523/outputs/38_MoH2O4_JVASP-54713.dat
38,MoH2O4,JVASP-54713,Pmax,934658000.0,504882000.0,965619000.0,95.4802,95.4802,95.4802,95.4013,95.4013,95.4013,False,3.629,3.629,True,MoH2O4,MoH2O4,C:\LUMENS\sadc_edit_active_pilot_20260523_113638\candidate_niel\NIEL_e_MoH2O4_JVASP-54713.dat,C:\LUMENS\sadc_edit_active_pilot_20260523_113638\candidate_niel\NIEL_p_MoH2O4_JVASP-54713.dat,True,True,completed_validated,True,radiation_degradation/omere_sadc_outputs_final_materials_20260523/outputs/38_MoH2O4_JVASP-54713.dat
38,MoH2O4,JVASP-54713,Ipm,934658000.0,934658000.0,965619000.0,99.1634,99.1634,99.1634,99.0815,99.0815,99.0815,False,3.629,3.629,True,MoH2O4,MoH2O4,C:\LUMENS\sadc_edit_active_pilot_20260523_113638\candidate_niel\NIEL_e_MoH2O4_JVASP-54713.dat,C:\LUMENS\sadc_edit_active_pilot_20260523_113638\candidate_niel\NIEL_p_MoH2O4_JVASP-54713.dat,True,True,completed_validated,True,radiation_degradation/omere_sadc_outputs_final_materials_20260523/outputs/38_MoH2O4_JVASP-54713.dat
38,MoH2O4,JVASP-54713,Vpm,934658000.0,184531000.0,965619000.0,93.7072,93.7072,93.7072,,,,False,3.629,3.629,True,MoH2O4,MoH2O4,C:\LUMENS\sadc_edit_active_pilot_20260523_113638\candidate_niel\NIEL_e_MoH2O4_JVASP-54713.dat,C:\LUMENS\sadc_edit_active_pilot_20260523_113638\candidate_niel\NIEL_p_MoH2O4_JVASP-54713.dat,True,True,completed_validated,True,radiation_degradation/omere_sadc_outputs_final_materials_20260523/outputs/38_MoH2O4_JVASP-54713.dat
39,KP,JVASP-10123,Isc,180761000.0,180761000.0,1009550000.0,99.6386,99.6386,99.6386,99.5563,99.5563,99.5563,False,2.104,2.104,True,KP,KP,C:\LUMENS\sadc_edit_active_pilot_20260523_113815\candidate_niel\NIEL_e_KP_JVASP-10123.dat,C:\LUMENS\sadc_edit_active_pilot_20260523_113815\candidate_niel\NIEL_p_KP_JVASP-10123.dat,True,True,completed_validated,True,radiation_degradation/omere_sadc_outputs_final_materials_20260523/outputs/39_KP_JVASP-10123.dat
39,KP,JVASP-10123,Voc,180761000.0,83459400.0,1009550000.0,95.3512,95.3512,95.3512,,,,False,2.104,2.104,True,KP,KP,C:\LUMENS\sadc_edit_active_pilot_20260523_113815\candidate_niel\NIEL_e_KP_JVASP-10123.dat,C:\LUMENS\sadc_edit_active_pilot_20260523_113815\candidate_niel\NIEL_p_KP_JVASP-10123.dat,True,True,completed_validated,True,radiation_degradation/omere_sadc_outputs_final_materials_20260523/outputs/39_KP_JVASP-10123.dat
39,KP,JVASP-10123,Pmax,180761000.0,97643100.0,1009550000.0,96.4622,96.4622,96.4622,96.3825,96.3825,96.3825,False,2.104,2.104,True,KP,KP,C:\LUMENS\sadc_edit_active_pilot_20260523_113815\candidate_niel\NIEL_e_KP_JVASP-10123.dat,C:\LUMENS\sadc_edit_active_pilot_20260523_113815\candidate_niel\NIEL_p_KP_JVASP-10123.dat,True,True,completed_validated,True,radiation_degradation/omere_sadc_outputs_final_materials_20260523/outputs/39_KP_JVASP-10123.dat
39,KP,JVASP-10123,Ipm,180761000.0,180761000.0,1009550000.0,99.4733,99.4733,99.4733,99.3911,99.3911,99.3911,False,2.104,2.104,True,KP,KP,C:\LUMENS\sadc_edit_active_pilot_20260523_113815\candidate_niel\NIEL_e_KP_JVASP-10123.dat,C:\LUMENS\sadc_edit_active_pilot_20260523_113815\candidate_niel\NIEL_p_KP_JVASP-10123.dat,True,True,completed_validated,True,radiation_degradation/omere_sadc_outputs_final_materials_20260523/outputs/39_KP_JVASP-10123.dat
39,KP,JVASP-10123,Vpm,180761000.0,35687900.0,1009550000.0,93.9387,93.9387,93.9387,,,,False,2.104,2.104,True,KP,KP,C:\LUMENS\sadc_edit_active_pilot_20260523_113815\candidate_niel\NIEL_e_KP_JVASP-10123.dat,C:\LUMENS\sadc_edit_active_pilot_20260523_113815\candidate_niel\NIEL_p_KP_JVASP-10123.dat,True,True,completed_validated,True,radiation_degradation/omere_sadc_outputs_final_materials_20260523/outputs/39_KP_JVASP-10123.dat
40,MgCu2O4,JVASP-9884,Isc,862034000.0,862034000.0,1034600000.0,99.4256,99.4256,99.4256,99.3435,99.3435,99.3435,False,4.420,4.42,True,MgCu2O4,MgCu2O4,C:\LUMENS\sadc_edit_active_pilot_20260523_113953\candidate_niel\NIEL_e_MgCu2O4_JVASP-9884.dat,C:\LUMENS\sadc_edit_active_pilot_20260523_113953\candidate_niel\NIEL_p_MgCu2O4_JVASP-9884.dat,True,True,completed_validated,True,radiation_degradation/omere_sadc_outputs_final_materials_20260523/outputs/40_MgCu2O4_JVASP-9884.dat
40,MgCu2O4,JVASP-9884,Voc,862034000.0,398011000.0,1034600000.0,94.7658,94.7658,94.7658,,,,False,4.420,4.42,True,MgCu2O4,MgCu2O4,C:\LUMENS\sadc_edit_active_pilot_20260523_113953\candidate_niel\NIEL_e_MgCu2O4_JVASP-9884.dat,C:\LUMENS\sadc_edit_active_pilot_20260523_113953\candidate_niel\NIEL_p_MgCu2O4_JVASP-9884.dat,True,True,completed_validated,True,radiation_degradation/omere_sadc_outputs_final_materials_20260523/outputs/40_MgCu2O4_JVASP-9884.dat
40,MgCu2O4,JVASP-9884,Pmax,862034000.0,465653000.0,1034600000.0,95.4029,95.4029,95.4029,95.3241,95.3241,95.3241,False,4.420,4.42,True,MgCu2O4,MgCu2O4,C:\LUMENS\sadc_edit_active_pilot_20260523_113953\candidate_niel\NIEL_e_MgCu2O4_JVASP-9884.dat,C:\LUMENS\sadc_edit_active_pilot_20260523_113953\candidate_niel\NIEL_p_MgCu2O4_JVASP-9884.dat,True,True,completed_validated,True,radiation_degradation/omere_sadc_outputs_final_materials_20260523/outputs/40_MgCu2O4_JVASP-9884.dat
40,MgCu2O4,JVASP-9884,Ipm,862034000.0,862034000.0,1034600000.0,99.1649,99.1649,99.1649,99.083,99.083,99.083,False,4.420,4.42,True,MgCu2O4,MgCu2O4,C:\LUMENS\sadc_edit_active_pilot_20260523_113953\candidate_niel\NIEL_e_MgCu2O4_JVASP-9884.dat,C:\LUMENS\sadc_edit_active_pilot_20260523_113953\candidate_niel\NIEL_p_MgCu2O4_JVASP-9884.dat,True,True,completed_validated,True,radiation_degradation/omere_sadc_outputs_final_materials_20260523/outputs/40_MgCu2O4_JVASP-9884.dat
40,MgCu2O4,JVASP-9884,Vpm,862034000.0,170193000.0,1034600000.0,93.594,93.594,93.594,,,,False,4.420,4.42,True,MgCu2O4,MgCu2O4,C:\LUMENS\sadc_edit_active_pilot_20260523_113953\candidate_niel\NIEL_e_MgCu2O4_JVASP-9884.dat,C:\LUMENS\sadc_edit_active_pilot_20260523_113953\candidate_niel\NIEL_p_MgCu2O4_JVASP-9884.dat,True,True,completed_validated,True,radiation_degradation/omere_sadc_outputs_final_materials_20260523/outputs/40_MgCu2O4_JVASP-9884.dat
41,CrO3,JVASP-44469,Isc,937130000.0,937130000.0,1036170000.0,99.4026,99.4026,99.4026,99.3205,99.3205,99.3205,False,2.788,2.788,True,CrO3,CrO3,C:\LUMENS\sadc_edit_active_pilot_20260523_114131\candidate_niel\NIEL_e_CrO3_JVASP-44469.dat,C:\LUMENS\sadc_edit_active_pilot_20260523_114131\candidate_niel\NIEL_p_CrO3_JVASP-44469.dat,True,True,completed_validated,True,radiation_degradation/omere_sadc_outputs_final_materials_20260523/outputs/41_CrO3_JVASP-44469.dat
41,CrO3,JVASP-44469,Voc,937130000.0,432684000.0,1036170000.0,94.7106,94.7106,94.7106,,,,False,2.788,2.788,True,CrO3,CrO3,C:\LUMENS\sadc_edit_active_pilot_20260523_114131\candidate_niel\NIEL_e_CrO3_JVASP-44469.dat,C:\LUMENS\sadc_edit_active_pilot_20260523_114131\candidate_niel\NIEL_p_CrO3_JVASP-44469.dat,True,True,completed_validated,True,radiation_degradation/omere_sadc_outputs_final_materials_20260523/outputs/41_CrO3_JVASP-44469.dat
41,CrO3,JVASP-44469,Pmax,937130000.0,506217000.0,1036170000.0,95.2942,95.2942,95.2942,95.2155,95.2155,95.2155,False,2.788,2.788,True,CrO3,CrO3,C:\LUMENS\sadc_edit_active_pilot_20260523_114131\candidate_niel\NIEL_e_CrO3_JVASP-44469.dat,C:\LUMENS\sadc_edit_active_pilot_20260523_114131\candidate_niel\NIEL_p_CrO3_JVASP-44469.dat,True,True,completed_validated,True,radiation_degradation/omere_sadc_outputs_final_materials_20260523/outputs/41_CrO3_JVASP-44469.dat
41,CrO3,JVASP-44469,Ipm,937130000.0,937130000.0,1036170000.0,99.1317,99.1317,99.1317,99.0498,99.0498,99.0498,False,2.788,2.788,True,CrO3,CrO3,C:\LUMENS\sadc_edit_active_pilot_20260523_114131\candidate_niel\NIEL_e_CrO3_JVASP-44469.dat,C:\LUMENS\sadc_edit_active_pilot_20260523_114131\candidate_niel\NIEL_p_CrO3_JVASP-44469.dat,True,True,completed_validated,True,radiation_degradation/omere_sadc_outputs_final_materials_20260523/outputs/41_CrO3_JVASP-44469.dat
41,CrO3,JVASP-44469,Vpm,937130000.0,185019000.0,1036170000.0,93.561,93.561,93.561,,,,False,2.788,2.788,True,CrO3,CrO3,C:\LUMENS\sadc_edit_active_pilot_20260523_114131\candidate_niel\NIEL_e_CrO3_JVASP-44469.dat,C:\LUMENS\sadc_edit_active_pilot_20260523_114131\candidate_niel\NIEL_p_CrO3_JVASP-44469.dat,True,True,completed_validated,True,radiation_degradation/omere_sadc_outputs_final_materials_20260523/outputs/41_CrO3_JVASP-44469.dat
42,SCl2,JVASP-58833,Isc,719050000.0,719050000.0,1114810000.0,99.4445,99.4445,99.4445,99.3623,99.3623,99.3623,False,2.228,2.228,True,SCl2,SCl2,C:\LUMENS\sadc_edit_active_pilot_20260523_114309\candidate_niel\NIEL_e_SCl2_JVASP-58833.dat,C:\LUMENS\sadc_edit_active_pilot_20260523_114309\candidate_niel\NIEL_p_SCl2_JVASP-58833.dat,True,True,completed_validated,True,radiation_degradation/omere_sadc_outputs_final_materials_20260523/outputs/42_SCl2_JVASP-58833.dat
42,SCl2,JVASP-58833,Voc,719050000.0,331994000.0,1114810000.0,94.744,94.744,94.744,,,,False,2.228,2.228,True,SCl2,SCl2,C:\LUMENS\sadc_edit_active_pilot_20260523_114309\candidate_niel\NIEL_e_SCl2_JVASP-58833.dat,C:\LUMENS\sadc_edit_active_pilot_20260523_114309\candidate_niel\NIEL_p_SCl2_JVASP-58833.dat,True,True,completed_validated,True,radiation_degradation/omere_sadc_outputs_final_materials_20260523/outputs/42_SCl2_JVASP-58833.dat
42,SCl2,JVASP-58833,Pmax,719050000.0,388415000.0,1114810000.0,95.3952,95.3952,95.3952,95.3164,95.3164,95.3164,False,2.228,2.228,True,SCl2,SCl2,C:\LUMENS\sadc_edit_active_pilot_20260523_114309\candidate_niel\NIEL_e_SCl2_JVASP-58833.dat,C:\LUMENS\sadc_edit_active_pilot_20260523_114309\candidate_niel\NIEL_p_SCl2_JVASP-58833.dat,True,True,completed_validated,True,radiation_degradation/omere_sadc_outputs_final_materials_20260523/outputs/42_SCl2_JVASP-58833.dat
42,SCl2,JVASP-58833,Ipm,719050000.0,719050000.0,1114810000.0,99.1922,99.1922,99.1922,99.1103,99.1103,99.1103,False,2.228,2.228,True,SCl2,SCl2,C:\LUMENS\sadc_edit_active_pilot_20260523_114309\candidate_niel\NIEL_e_SCl2_JVASP-58833.dat,C:\LUMENS\sadc_edit_active_pilot_20260523_114309\candidate_niel\NIEL_p_SCl2_JVASP-58833.dat,True,True,completed_validated,True,radiation_degradation/omere_sadc_outputs_final_materials_20260523/outputs/42_SCl2_JVASP-58833.dat
42,SCl2,JVASP-58833,Vpm,719050000.0,141963000.0,1114810000.0,93.4906,93.4906,93.4906,,,,False,2.228,2.228,True,SCl2,SCl2,C:\LUMENS\sadc_edit_active_pilot_20260523_114309\candidate_niel\NIEL_e_SCl2_JVASP-58833.dat,C:\LUMENS\sadc_edit_active_pilot_20260523_114309\candidate_niel\NIEL_p_SCl2_JVASP-58833.dat,True,True,completed_validated,True,radiation_degradation/omere_sadc_outputs_final_materials_20260523/outputs/42_SCl2_JVASP-58833.dat
43,Na3VS3O,JVASP-12252,Isc,805128000.0,805128000.0,1087920000.0,99.4267,99.4267,99.4267,99.3446,99.3446,99.3446,False,2.286,2.286,True,Na3VS3O,Na3VS3O,C:\LUMENS\sadc_edit_active_pilot_20260523_114446\candidate_niel\NIEL_e_Na3VS3O_JVASP-12252.dat,C:\LUMENS\sadc_edit_active_pilot_20260523_114446\candidate_niel\NIEL_p_Na3VS3O_JVASP-12252.dat,True,True,completed_validated,True,radiation_degradation/omere_sadc_outputs_final_materials_20260523/outputs/43_Na3VS3O_JVASP-12252.dat
43,Na3VS3O,JVASP-12252,Voc,805128000.0,371737000.0,1087920000.0,94.7245,94.7245,94.7245,,,,False,2.286,2.286,True,Na3VS3O,Na3VS3O,C:\LUMENS\sadc_edit_active_pilot_20260523_114446\candidate_niel\NIEL_e_Na3VS3O_JVASP-12252.dat,C:\LUMENS\sadc_edit_active_pilot_20260523_114446\candidate_niel\NIEL_p_Na3VS3O_JVASP-12252.dat,True,True,completed_validated,True,radiation_degradation/omere_sadc_outputs_final_materials_20260523/outputs/43_Na3VS3O_JVASP-12252.dat
43,Na3VS3O,JVASP-12252,Pmax,805128000.0,434913000.0,1087920000.0,95.3445,95.3445,95.3445,95.2658,95.2658,95.2658,False,2.286,2.286,True,Na3VS3O,Na3VS3O,C:\LUMENS\sadc_edit_active_pilot_20260523_114446\candidate_niel\NIEL_e_Na3VS3O_JVASP-12252.dat,C:\LUMENS\sadc_edit_active_pilot_20260523_114446\candidate_niel\NIEL_p_Na3VS3O_JVASP-12252.dat,True,True,completed_validated,True,radiation_degradation/omere_sadc_outputs_final_materials_20260523/outputs/43_Na3VS3O_JVASP-12252.dat
43,Na3VS3O,JVASP-12252,Ipm,805128000.0,805128000.0,1087920000.0,99.1665,99.1665,99.1665,99.0846,99.0846,99.0846,False,2.286,2.286,True,Na3VS3O,Na3VS3O,C:\LUMENS\sadc_edit_active_pilot_20260523_114446\candidate_niel\NIEL_e_Na3VS3O_JVASP-12252.dat,C:\LUMENS\sadc_edit_active_pilot_20260523_114446\candidate_niel\NIEL_p_Na3VS3O_JVASP-12252.dat,True,True,completed_validated,True,radiation_degradation/omere_sadc_outputs_final_materials_20260523/outputs/43_Na3VS3O_JVASP-12252.dat
43,Na3VS3O,JVASP-12252,Vpm,805128000.0,158958000.0,1087920000.0,93.51,93.51,93.51,,,,False,2.286,2.286,True,Na3VS3O,Na3VS3O,C:\LUMENS\sadc_edit_active_pilot_20260523_114446\candidate_niel\NIEL_e_Na3VS3O_JVASP-12252.dat,C:\LUMENS\sadc_edit_active_pilot_20260523_114446\candidate_niel\NIEL_p_Na3VS3O_JVASP-12252.dat,True,True,completed_validated,True,radiation_degradation/omere_sadc_outputs_final_materials_20260523/outputs/43_Na3VS3O_JVASP-12252.dat
44,AsCl5,JVASP-5770,Isc,2122690000.0,2122690000.0,1180490000.0,99.0048,99.0048,99.0048,98.923,98.923,98.923,False,2.523,2.523,True,AsCl5,AsCl5,C:\LUMENS\sadc_edit_active_pilot_20260523_114624\candidate_niel\NIEL_e_AsCl5_JVASP-5770.dat,C:\LUMENS\sadc_edit_active_pilot_20260523_114624\candidate_niel\NIEL_p_AsCl5_JVASP-5770.dat,True,True,completed_validated,True,radiation_degradation/omere_sadc_outputs_final_materials_20260523/outputs/44_AsCl5_JVASP-5770.dat
44,AsCl5,JVASP-5770,Voc,2122690000.0,980071000.0,1180490000.0,93.8394,93.8394,93.8394,,,,False,2.523,2.523,True,AsCl5,AsCl5,C:\LUMENS\sadc_edit_active_pilot_20260523_114624\candidate_niel\NIEL_e_AsCl5_JVASP-5770.dat,C:\LUMENS\sadc_edit_active_pilot_20260523_114624\candidate_niel\NIEL_p_AsCl5_JVASP-5770.dat,True,True,completed_validated,True,radiation_degradation/omere_sadc_outputs_final_materials_20260523/outputs/44_AsCl5_JVASP-5770.dat
44,AsCl5,JVASP-5770,Pmax,2122690000.0,1146630000.0,1180490000.0,93.417,93.417,93.417,93.3399,93.3399,93.3399,False,2.523,2.523,True,AsCl5,AsCl5,C:\LUMENS\sadc_edit_active_pilot_20260523_114624\candidate_niel\NIEL_e_AsCl5_JVASP-5770.dat,C:\LUMENS\sadc_edit_active_pilot_20260523_114624\candidate_niel\NIEL_p_AsCl5_JVASP-5770.dat,True,True,completed_validated,True,radiation_degradation/omere_sadc_outputs_final_materials_20260523/outputs/44_AsCl5_JVASP-5770.dat
44,AsCl5,JVASP-5770,Ipm,2122690000.0,2122690000.0,1180490000.0,98.5601,98.5601,98.5601,98.4787,98.4787,98.4787,False,2.523,2.523,True,AsCl5,AsCl5,C:\LUMENS\sadc_edit_active_pilot_20260523_114624\candidate_niel\NIEL_e_AsCl5_JVASP-5770.dat,C:\LUMENS\sadc_edit_active_pilot_20260523_114624\candidate_niel\NIEL_p_AsCl5_JVASP-5770.dat,True,True,completed_validated,True,radiation_degradation/omere_sadc_outputs_final_materials_20260523/outputs/44_AsCl5_JVASP-5770.dat
44,AsCl5,JVASP-5770,Vpm,2122690000.0,419087000.0,1180490000.0,92.8931,92.8931,92.8931,,,,False,2.523,2.523,True,AsCl5,AsCl5,C:\LUMENS\sadc_edit_active_pilot_20260523_114624\candidate_niel\NIEL_e_AsCl5_JVASP-5770.dat,C:\LUMENS\sadc_edit_active_pilot_20260523_114624\candidate_niel\NIEL_p_AsCl5_JVASP-5770.dat,True,True,completed_validated,True,radiation_degradation/omere_sadc_outputs_final_materials_20260523/outputs/44_AsCl5_JVASP-5770.dat
45,Si,JVASP-25415,Isc,925287000.0,925287000.0,1165790000.0,99.3672,99.3672,99.3672,99.2851,99.2851,99.2851,False,2.133,2.133,True,Si,Si,C:\LUMENS\sadc_edit_active_pilot_20260523_114802\candidate_niel\NIEL_e_Si_JVASP-25415.dat,C:\LUMENS\sadc_edit_active_pilot_20260523_114802\candidate_niel\NIEL_p_Si_JVASP-25415.dat,True,True,completed_validated,True,radiation_degradation/omere_sadc_outputs_final_materials_20260523/outputs/45_Si_JVASP-25415.dat
45,Si,JVASP-25415,Voc,925287000.0,427216000.0,1165790000.0,94.5304,94.5304,94.5304,,,,False,2.133,2.133,True,Si,Si,C:\LUMENS\sadc_edit_active_pilot_20260523_114802\candidate_niel\NIEL_e_Si_JVASP-25415.dat,C:\LUMENS\sadc_edit_active_pilot_20260523_114802\candidate_niel\NIEL_p_Si_JVASP-25415.dat,True,True,completed_validated,True,radiation_degradation/omere_sadc_outputs_final_materials_20260523/outputs/45_Si_JVASP-25415.dat
45,Si,JVASP-25415,Pmax,925287000.0,499820000.0,1165790000.0,94.9813,94.9813,94.9813,94.9029,94.9029,94.9029,False,2.133,2.133,True,Si,Si,C:\LUMENS\sadc_edit_active_pilot_20260523_114802\candidate_niel\NIEL_e_Si_JVASP-25415.dat,C:\LUMENS\sadc_edit_active_pilot_20260523_114802\candidate_niel\NIEL_p_Si_JVASP-25415.dat,True,True,completed_validated,True,radiation_degradation/omere_sadc_outputs_final_materials_20260523/outputs/45_Si_JVASP-25415.dat
45,Si,JVASP-25415,Ipm,925287000.0,925287000.0,1165790000.0,99.0806,99.0806,99.0806,98.9988,98.9988,98.9988,False,2.133,2.133,True,Si,Si,C:\LUMENS\sadc_edit_active_pilot_20260523_114802\candidate_niel\NIEL_e_Si_JVASP-25415.dat,C:\LUMENS\sadc_edit_active_pilot_20260523_114802\candidate_niel\NIEL_p_Si_JVASP-25415.dat,True,True,completed_validated,True,radiation_degradation/omere_sadc_outputs_final_materials_20260523/outputs/45_Si_JVASP-25415.dat
45,Si,JVASP-25415,Vpm,925287000.0,182681000.0,1165790000.0,93.3174,93.3174,93.3174,,,,False,2.133,2.133,True,Si,Si,C:\LUMENS\sadc_edit_active_pilot_20260523_114802\candidate_niel\NIEL_e_Si_JVASP-25415.dat,C:\LUMENS\sadc_edit_active_pilot_20260523_114802\candidate_niel\NIEL_p_Si_JVASP-25415.dat,True,True,completed_validated,True,radiation_degradation/omere_sadc_outputs_final_materials_20260523/outputs/45_Si_JVASP-25415.dat
46,KNO3,JVASP-53146,Isc,1398190000.0,1398190000.0,1148060000.0,99.2307,99.2307,99.2307,99.1487,99.1487,99.1487,False,1.960,1.96,True,KNO3,KNO3,C:\LUMENS\sadc_edit_active_pilot_20260523_114940\candidate_niel\NIEL_e_KNO3_JVASP-53146.dat,C:\LUMENS\sadc_edit_active_pilot_20260523_114940\candidate_niel\NIEL_p_KNO3_JVASP-53146.dat,True,True,completed_validated,True,radiation_degradation/omere_sadc_outputs_final_materials_20260523/outputs/46_KNO3_JVASP-53146.dat
46,KNO3,JVASP-53146,Voc,1398190000.0,645560000.0,1148060000.0,94.2639,94.2639,94.2639,,,,False,1.960,1.96,True,KNO3,KNO3,C:\LUMENS\sadc_edit_active_pilot_20260523_114940\candidate_niel\NIEL_e_KNO3_JVASP-53146.dat,C:\LUMENS\sadc_edit_active_pilot_20260523_114940\candidate_niel\NIEL_p_KNO3_JVASP-53146.dat,True,True,completed_validated,True,radiation_degradation/omere_sadc_outputs_final_materials_20260523/outputs/46_KNO3_JVASP-53146.dat
46,KNO3,JVASP-53146,Pmax,1398190000.0,755271000.0,1148060000.0,94.3978,94.3978,94.3978,94.3198,94.3198,94.3198,False,1.960,1.96,True,KNO3,KNO3,C:\LUMENS\sadc_edit_active_pilot_20260523_114940\candidate_niel\NIEL_e_KNO3_JVASP-53146.dat,C:\LUMENS\sadc_edit_active_pilot_20260523_114940\candidate_niel\NIEL_p_KNO3_JVASP-53146.dat,True,True,completed_validated,True,radiation_degradation/omere_sadc_outputs_final_materials_20260523/outputs/46_KNO3_JVASP-53146.dat
46,KNO3,JVASP-53146,Ipm,1398190000.0,1398190000.0,1148060000.0,98.8841,98.8841,98.8841,98.8024,98.8024,98.8024,False,1.960,1.96,True,KNO3,KNO3,C:\LUMENS\sadc_edit_active_pilot_20260523_114940\candidate_niel\NIEL_e_KNO3_JVASP-53146.dat,C:\LUMENS\sadc_edit_active_pilot_20260523_114940\candidate_niel\NIEL_p_KNO3_JVASP-53146.dat,True,True,completed_validated,True,radiation_degradation/omere_sadc_outputs_final_materials_20260523/outputs/46_KNO3_JVASP-53146.dat
46,KNO3,JVASP-53146,Vpm,1398190000.0,276047000.0,1148060000.0,93.1824,93.1824,93.1824,,,,False,1.960,1.96,True,KNO3,KNO3,C:\LUMENS\sadc_edit_active_pilot_20260523_114940\candidate_niel\NIEL_e_KNO3_JVASP-53146.dat,C:\LUMENS\sadc_edit_active_pilot_20260523_114940\candidate_niel\NIEL_p_KNO3_JVASP-53146.dat,True,True,completed_validated,True,radiation_degradation/omere_sadc_outputs_final_materials_20260523/outputs/46_KNO3_JVASP-53146.dat
47,NaS,JVASP-9152,Isc,2256350000.0,2256350000.0,1269130000.0,98.9386,98.9386,98.9386,98.8569,98.8569,98.8569,False,2.045,2.045,True,NaS,NaS,C:\LUMENS\sadc_edit_active_pilot_20260523_115118\candidate_niel\NIEL_e_NaS_JVASP-9152.dat,C:\LUMENS\sadc_edit_active_pilot_20260523_115118\candidate_niel\NIEL_p_NaS_JVASP-9152.dat,True,True,completed_validated,True,radiation_degradation/omere_sadc_outputs_final_materials_20260523/outputs/47_NaS_JVASP-9152.dat
47,NaS,JVASP-9152,Voc,2256350000.0,1041780000.0,1269130000.0,93.6841,93.6841,93.6841,,,,False,2.045,2.045,True,NaS,NaS,C:\LUMENS\sadc_edit_active_pilot_20260523_115118\candidate_niel\NIEL_e_NaS_JVASP-9152.dat,C:\LUMENS\sadc_edit_active_pilot_20260523_115118\candidate_niel\NIEL_p_NaS_JVASP-9152.dat,True,True,completed_validated,True,radiation_degradation/omere_sadc_outputs_final_materials_20260523/outputs/47_NaS_JVASP-9152.dat
47,NaS,JVASP-9152,Pmax,2256350000.0,1218830000.0,1269130000.0,93.063,93.063,93.063,92.9861,92.9861,92.9861,False,2.045,2.045,True,NaS,NaS,C:\LUMENS\sadc_edit_active_pilot_20260523_115118\candidate_niel\NIEL_e_NaS_JVASP-9152.dat,C:\LUMENS\sadc_edit_active_pilot_20260523_115118\candidate_niel\NIEL_p_NaS_JVASP-9152.dat,True,True,completed_validated,True,radiation_degradation/omere_sadc_outputs_final_materials_20260523/outputs/47_NaS_JVASP-9152.dat
47,NaS,JVASP-9152,Ipm,2256350000.0,2256350000.0,1269130000.0,98.4656,98.4656,98.4656,98.3843,98.3843,98.3843,False,2.045,2.045,True,NaS,NaS,C:\LUMENS\sadc_edit_active_pilot_20260523_115118\candidate_niel\NIEL_e_NaS_JVASP-9152.dat,C:\LUMENS\sadc_edit_active_pilot_20260523_115118\candidate_niel\NIEL_p_NaS_JVASP-9152.dat,True,True,completed_validated,True,radiation_degradation/omere_sadc_outputs_final_materials_20260523/outputs/47_NaS_JVASP-9152.dat
47,NaS,JVASP-9152,Vpm,2256350000.0,445474000.0,1269130000.0,92.7191,92.7191,92.7191,,,,False,2.045,2.045,True,NaS,NaS,C:\LUMENS\sadc_edit_active_pilot_20260523_115118\candidate_niel\NIEL_e_NaS_JVASP-9152.dat,C:\LUMENS\sadc_edit_active_pilot_20260523_115118\candidate_niel\NIEL_p_NaS_JVASP-9152.dat,True,True,completed_validated,True,radiation_degradation/omere_sadc_outputs_final_materials_20260523/outputs/47_NaS_JVASP-9152.dat
48,Bi4Te7Pb,JVASP-12475,Isc,65830100.0,65830100.0,532157000.0,99.818,99.818,99.818,99.7356,99.7356,99.7356,True,7.536,7.536,True,Bi4Te7Pb,Bi4Te7Pb,C:\LUMENS\sadc_edit_active_pilot_20260523_115256\candidate_niel\NIEL_e_Bi4Te7Pb_JVASP-12475.dat,C:\LUMENS\sadc_edit_active_pilot_20260523_115256\candidate_niel\NIEL_p_Bi4Te7Pb_JVASP-12475.dat,True,True,completed_validated,True,radiation_degradation/omere_sadc_outputs_final_materials_20260523/outputs/48_Bi4Te7Pb_JVASP-12475.dat
48,Bi4Te7Pb,JVASP-12475,Voc,65830100.0,30394500.0,532157000.0,96.6745,96.6745,96.6745,,,,True,7.536,7.536,True,Bi4Te7Pb,Bi4Te7Pb,C:\LUMENS\sadc_edit_active_pilot_20260523_115256\candidate_niel\NIEL_e_Bi4Te7Pb_JVASP-12475.dat,C:\LUMENS\sadc_edit_active_pilot_20260523_115256\candidate_niel\NIEL_p_Bi4Te7Pb_JVASP-12475.dat,True,True,completed_validated,True,radiation_degradation/omere_sadc_outputs_final_materials_20260523/outputs/48_Bi4Te7Pb_JVASP-12475.dat
48,Bi4Te7Pb,JVASP-12475,Pmax,65830100.0,35560000.0,532157000.0,98.0689,98.0689,98.0689,97.9879,97.9879,97.9879,True,7.536,7.536,True,Bi4Te7Pb,Bi4Te7Pb,C:\LUMENS\sadc_edit_active_pilot_20260523_115256\candidate_niel\NIEL_e_Bi4Te7Pb_JVASP-12475.dat,C:\LUMENS\sadc_edit_active_pilot_20260523_115256\candidate_niel\NIEL_p_Bi4Te7Pb_JVASP-12475.dat,True,True,completed_validated,True,radiation_degradation/omere_sadc_outputs_final_materials_20260523/outputs/48_Bi4Te7Pb_JVASP-12475.dat
48,Bi4Te7Pb,JVASP-12475,Ipm,65830100.0,65830100.0,532157000.0,99.7342,99.7342,99.7342,99.6519,99.6519,99.6519,True,7.536,7.536,True,Bi4Te7Pb,Bi4Te7Pb,C:\LUMENS\sadc_edit_active_pilot_20260523_115256\candidate_niel\NIEL_e_Bi4Te7Pb_JVASP-12475.dat,C:\LUMENS\sadc_edit_active_pilot_20260523_115256\candidate_niel\NIEL_p_Bi4Te7Pb_JVASP-12475.dat,True,True,completed_validated,True,radiation_degradation/omere_sadc_outputs_final_materials_20260523/outputs/48_Bi4Te7Pb_JVASP-12475.dat
48,Bi4Te7Pb,JVASP-12475,Vpm,65830100.0,12996900.0,532157000.0,95.4432,95.4432,95.4432,,,,True,7.536,7.536,True,Bi4Te7Pb,Bi4Te7Pb,C:\LUMENS\sadc_edit_active_pilot_20260523_115256\candidate_niel\NIEL_e_Bi4Te7Pb_JVASP-12475.dat,C:\LUMENS\sadc_edit_active_pilot_20260523_115256\candidate_niel\NIEL_p_Bi4Te7Pb_JVASP-12475.dat,True,True,completed_validated,True,radiation_degradation/omere_sadc_outputs_final_materials_20260523/outputs/48_Bi4Te7Pb_JVASP-12475.dat
49,TeMoWSe3,JVASP-28952,Isc,58179500.0,58179500.0,612570000.0,99.7959,99.7959,99.7959,99.7135,99.7135,99.7135,True,6.006,6.006,True,TeMoWSe3,TeMoWSe3,C:\LUMENS\sadc_edit_active_pilot_20260523_115433\candidate_niel\NIEL_e_TeMoWSe3_JVASP-28952.dat,C:\LUMENS\sadc_edit_active_pilot_20260523_115433\candidate_niel\NIEL_p_TeMoWSe3_JVASP-28952.dat,True,True,completed_validated,True,radiation_degradation/omere_sadc_outputs_final_materials_20260523/outputs/49_TeMoWSe3_JVASP-28952.dat
49,TeMoWSe3,JVASP-28952,Voc,58179500.0,26862200.0,612570000.0,96.4341,96.4341,96.4341,,,,True,6.006,6.006,True,TeMoWSe3,TeMoWSe3,C:\LUMENS\sadc_edit_active_pilot_20260523_115433\candidate_niel\NIEL_e_TeMoWSe3_JVASP-28952.dat,C:\LUMENS\sadc_edit_active_pilot_20260523_115433\candidate_niel\NIEL_p_TeMoWSe3_JVASP-28952.dat,True,True,completed_validated,True,radiation_degradation/omere_sadc_outputs_final_materials_20260523/outputs/49_TeMoWSe3_JVASP-28952.dat
49,TeMoWSe3,JVASP-28952,Pmax,58179500.0,31427300.0,612570000.0,97.8296,97.8296,97.8296,97.7488,97.7488,97.7488,True,6.006,6.006,True,TeMoWSe3,TeMoWSe3,C:\LUMENS\sadc_edit_active_pilot_20260523_115433\candidate_niel\NIEL_e_TeMoWSe3_JVASP-28952.dat,C:\LUMENS\sadc_edit_active_pilot_20260523_115433\candidate_niel\NIEL_p_TeMoWSe3_JVASP-28952.dat,True,True,completed_validated,True,radiation_degradation/omere_sadc_outputs_final_materials_20260523/outputs/49_TeMoWSe3_JVASP-28952.dat
49,TeMoWSe3,JVASP-28952,Ipm,58179500.0,58179500.0,612570000.0,99.7021,99.7021,99.7021,99.6197,99.6197,99.6197,True,6.006,6.006,True,TeMoWSe3,TeMoWSe3,C:\LUMENS\sadc_edit_active_pilot_20260523_115433\candidate_niel\NIEL_e_TeMoWSe3_JVASP-28952.dat,C:\LUMENS\sadc_edit_active_pilot_20260523_115433\candidate_niel\NIEL_p_TeMoWSe3_JVASP-28952.dat,True,True,completed_validated,True,radiation_degradation/omere_sadc_outputs_final_materials_20260523/outputs/49_TeMoWSe3_JVASP-28952.dat
49,TeMoWSe3,JVASP-28952,Vpm,58179500.0,11486500.0,612570000.0,95.1426,95.1426,95.1426,,,,True,6.006,6.006,True,TeMoWSe3,TeMoWSe3,C:\LUMENS\sadc_edit_active_pilot_20260523_115433\candidate_niel\NIEL_e_TeMoWSe3_JVASP-28952.dat,C:\LUMENS\sadc_edit_active_pilot_20260523_115433\candidate_niel\NIEL_p_TeMoWSe3_JVASP-28952.dat,True,True,completed_validated,True,radiation_degradation/omere_sadc_outputs_final_materials_20260523/outputs/49_TeMoWSe3_JVASP-28952.dat
50,MoWSe2S2,JVASP-28698,Isc,95470400.0,95470400.0,657076000.0,99.7711,99.7711,99.7711,99.6887,99.6887,99.6887,True,5.282,5.282,True,MoWSe2S2,MoWSe2S2,C:\LUMENS\sadc_edit_active_pilot_20260523_115611\candidate_niel\NIEL_e_MoWSe2S2_JVASP-28698.dat,C:\LUMENS\sadc_edit_active_pilot_20260523_115611\candidate_niel\NIEL_p_MoWSe2S2_JVASP-28698.dat,True,True,completed_validated,True,radiation_degradation/omere_sadc_outputs_final_materials_20260523/outputs/50_MoWSe2S2_JVASP-28698.dat
50,MoWSe2S2,JVASP-28698,Voc,95470400.0,44079800.0,657076000.0,96.2564,96.2564,96.2564,,,,True,5.282,5.282,True,MoWSe2S2,MoWSe2S2,C:\LUMENS\sadc_edit_active_pilot_20260523_115611\candidate_niel\NIEL_e_MoWSe2S2_JVASP-28698.dat,C:\LUMENS\sadc_edit_active_pilot_20260523_115611\candidate_niel\NIEL_p_MoWSe2S2_JVASP-28698.dat,True,True,completed_validated,True,radiation_degradation/omere_sadc_outputs_final_materials_20260523/outputs/50_MoWSe2S2_JVASP-28698.dat
50,MoWSe2S2,JVASP-28698,Pmax,95470400.0,51571100.0,657076000.0,97.6301,97.6301,97.6301,97.5495,97.5495,97.5495,True,5.282,5.282,True,MoWSe2S2,MoWSe2S2,C:\LUMENS\sadc_edit_active_pilot_20260523_115611\candidate_niel\NIEL_e_MoWSe2S2_JVASP-28698.dat,C:\LUMENS\sadc_edit_active_pilot_20260523_115611\candidate_niel\NIEL_p_MoWSe2S2_JVASP-28698.dat,True,True,completed_validated,True,radiation_degradation/omere_sadc_outputs_final_materials_20260523/outputs/50_MoWSe2S2_JVASP-28698.dat
50,MoWSe2S2,JVASP-28698,Ipm,95470400.0,95470400.0,657076000.0,99.6659,99.6659,99.6659,99.5836,99.5836,99.5836,True,5.282,5.282,True,MoWSe2S2,MoWSe2S2,C:\LUMENS\sadc_edit_active_pilot_20260523_115611\candidate_niel\NIEL_e_MoWSe2S2_JVASP-28698.dat,C:\LUMENS\sadc_edit_active_pilot_20260523_115611\candidate_niel\NIEL_p_MoWSe2S2_JVASP-28698.dat,True,True,completed_validated,True,radiation_degradation/omere_sadc_outputs_final_materials_20260523/outputs/50_MoWSe2S2_JVASP-28698.dat
50,MoWSe2S2,JVASP-28698,Vpm,95470400.0,18848900.0,657076000.0,94.9619,94.9619,94.9619,,,,True,5.282,5.282,True,MoWSe2S2,MoWSe2S2,C:\LUMENS\sadc_edit_active_pilot_20260523_115611\candidate_niel\NIEL_e_MoWSe2S2_JVASP-28698.dat,C:\LUMENS\sadc_edit_active_pilot_20260523_115611\candidate_niel\NIEL_p_MoWSe2S2_JVASP-28698.dat,True,True,completed_validated,True,radiation_degradation/omere_sadc_outputs_final_materials_20260523/outputs/50_MoWSe2S2_JVASP-28698.dat
51,HoSO,JVASP-46072,Isc,113425000.0,113425000.0,632611000.0,99.7731,99.7731,99.7731,99.6907,99.6907,99.6907,True,7.200,7.2,True,HoSO,HoSO,C:\LUMENS\sadc_edit_active_pilot_20260523_115749\candidate_niel\NIEL_e_HoSO_JVASP-46072.dat,C:\LUMENS\sadc_edit_active_pilot_20260523_115749\candidate_niel\NIEL_p_HoSO_JVASP-46072.dat,True,True,completed_validated,True,radiation_degradation/omere_sadc_outputs_final_materials_20260523/outputs/51_HoSO_JVASP-46072.dat
51,HoSO,JVASP-46072,Voc,113425000.0,52369900.0,632611000.0,96.3018,96.3018,96.3018,,,,True,7.200,7.2,True,HoSO,HoSO,C:\LUMENS\sadc_edit_active_pilot_20260523_115749\candidate_niel\NIEL_e_HoSO_JVASP-46072.dat,C:\LUMENS\sadc_edit_active_pilot_20260523_115749\candidate_niel\NIEL_p_HoSO_JVASP-46072.dat,True,True,completed_validated,True,radiation_degradation/omere_sadc_outputs_final_materials_20260523/outputs/51_HoSO_JVASP-46072.dat
51,HoSO,JVASP-46072,Pmax,113425000.0,61270000.0,632611000.0,97.6754,97.6754,97.6754,97.5947,97.5947,97.5947,True,7.200,7.2,True,HoSO,HoSO,C:\LUMENS\sadc_edit_active_pilot_20260523_115749\candidate_niel\NIEL_e_HoSO_JVASP-46072.dat,C:\LUMENS\sadc_edit_active_pilot_20260523_115749\candidate_niel\NIEL_p_HoSO_JVASP-46072.dat,True,True,completed_validated,True,radiation_degradation/omere_sadc_outputs_final_materials_20260523/outputs/51_HoSO_JVASP-46072.dat
51,HoSO,JVASP-46072,Ipm,113425000.0,113425000.0,632611000.0,99.6688,99.6688,99.6688,99.5865,99.5865,99.5865,True,7.200,7.2,True,HoSO,HoSO,C:\LUMENS\sadc_edit_active_pilot_20260523_115749\candidate_niel\NIEL_e_HoSO_JVASP-46072.dat,C:\LUMENS\sadc_edit_active_pilot_20260523_115749\candidate_niel\NIEL_p_HoSO_JVASP-46072.dat,True,True,completed_validated,True,radiation_degradation/omere_sadc_outputs_final_materials_20260523/outputs/51_HoSO_JVASP-46072.dat
51,HoSO,JVASP-46072,Vpm,113425000.0,22393800.0,632611000.0,95.0333,95.0333,95.0333,,,,True,7.200,7.2,True,HoSO,HoSO,C:\LUMENS\sadc_edit_active_pilot_20260523_115749\candidate_niel\NIEL_e_HoSO_JVASP-46072.dat,C:\LUMENS\sadc_edit_active_pilot_20260523_115749\candidate_niel\NIEL_p_HoSO_JVASP-46072.dat,True,True,completed_validated,True,radiation_degradation/omere_sadc_outputs_final_materials_20260523/outputs/51_HoSO_JVASP-46072.dat
52,Te2Mo3WS6,JVASP-28699,Isc,125068000.0,125068000.0,666533000.0,99.7593,99.7593,99.7593,99.6769,99.6769,99.6769,True,4.659,4.659,True,Te2Mo3WS6,Te2Mo3WS6,C:\LUMENS\sadc_edit_active_pilot_20260523_115927\candidate_niel\NIEL_e_Te2Mo3WS6_JVASP-28699.dat,C:\LUMENS\sadc_edit_active_pilot_20260523_115927\candidate_niel\NIEL_p_Te2Mo3WS6_JVASP-28699.dat,True,True,completed_validated,True,radiation_degradation/omere_sadc_outputs_final_materials_20260523/outputs/52_Te2Mo3WS6_JVASP-28699.dat
52,Te2Mo3WS6,JVASP-28699,Voc,125068000.0,57745400.0,666533000.0,96.1929,96.1929,96.1929,,,,True,4.659,4.659,True,Te2Mo3WS6,Te2Mo3WS6,C:\LUMENS\sadc_edit_active_pilot_20260523_115927\candidate_niel\NIEL_e_Te2Mo3WS6_JVASP-28699.dat,C:\LUMENS\sadc_edit_active_pilot_20260523_115927\candidate_niel\NIEL_p_Te2Mo3WS6_JVASP-28699.dat,True,True,completed_validated,True,radiation_degradation/omere_sadc_outputs_final_materials_20260523/outputs/52_Te2Mo3WS6_JVASP-28699.dat
52,Te2Mo3WS6,JVASP-28699,Pmax,125068000.0,67559100.0,666533000.0,97.5524,97.5524,97.5524,97.4718,97.4718,97.4718,True,4.659,4.659,True,Te2Mo3WS6,Te2Mo3WS6,C:\LUMENS\sadc_edit_active_pilot_20260523_115927\candidate_niel\NIEL_e_Te2Mo3WS6_JVASP-28699.dat,C:\LUMENS\sadc_edit_active_pilot_20260523_115927\candidate_niel\NIEL_p_Te2Mo3WS6_JVASP-28699.dat,True,True,completed_validated,True,radiation_degradation/omere_sadc_outputs_final_materials_20260523/outputs/52_Te2Mo3WS6_JVASP-28699.dat
52,Te2Mo3WS6,JVASP-28699,Ipm,125068000.0,125068000.0,666533000.0,99.6487,99.6487,99.6487,99.5664,99.5664,99.5664,True,4.659,4.659,True,Te2Mo3WS6,Te2Mo3WS6,C:\LUMENS\sadc_edit_active_pilot_20260523_115927\candidate_niel\NIEL_e_Te2Mo3WS6_JVASP-28699.dat,C:\LUMENS\sadc_edit_active_pilot_20260523_115927\candidate_niel\NIEL_p_Te2Mo3WS6_JVASP-28699.dat,True,True,completed_validated,True,radiation_degradation/omere_sadc_outputs_final_materials_20260523/outputs/52_Te2Mo3WS6_JVASP-28699.dat
52,Te2Mo3WS6,JVASP-28699,Vpm,125068000.0,24692400.0,666533000.0,94.9108,94.9108,94.9108,,,,True,4.659,4.659,True,Te2Mo3WS6,Te2Mo3WS6,C:\LUMENS\sadc_edit_active_pilot_20260523_115927\candidate_niel\NIEL_e_Te2Mo3WS6_JVASP-28699.dat,C:\LUMENS\sadc_edit_active_pilot_20260523_115927\candidate_niel\NIEL_p_Te2Mo3WS6_JVASP-28699.dat,True,True,completed_validated,True,radiation_degradation/omere_sadc_outputs_final_materials_20260523/outputs/52_Te2Mo3WS6_JVASP-28699.dat
53,Ca3PbO,JVASP-17656,Isc,150461000.0,150461000.0,720948000.0,99.7351,99.7351,99.7351,99.6527,99.6527,99.6527,True,5.060,5.06,True,Ca3PbO,Ca3PbO,C:\LUMENS\sadc_edit_active_pilot_20260523_120105\candidate_niel\NIEL_e_Ca3PbO_JVASP-17656.dat,C:\LUMENS\sadc_edit_active_pilot_20260523_120105\candidate_niel\NIEL_p_Ca3PbO_JVASP-17656.dat,True,True,completed_validated,True,radiation_degradation/omere_sadc_outputs_final_materials_20260523/outputs/53_Ca3PbO_JVASP-17656.dat
53,Ca3PbO,JVASP-17656,Voc,150461000.0,69469400.0,720948000.0,96.0197,96.0197,96.0197,,,,True,5.060,5.06,True,Ca3PbO,Ca3PbO,C:\LUMENS\sadc_edit_active_pilot_20260523_120105\candidate_niel\NIEL_e_Ca3PbO_JVASP-17656.dat,C:\LUMENS\sadc_edit_active_pilot_20260523_120105\candidate_niel\NIEL_p_Ca3PbO_JVASP-17656.dat,True,True,completed_validated,True,radiation_degradation/omere_sadc_outputs_final_materials_20260523/outputs/53_Ca3PbO_JVASP-17656.dat
53,Ca3PbO,JVASP-17656,Pmax,150461000.0,81275600.0,720948000.0,97.3465,97.3465,97.3465,97.2661,97.2661,97.2661,True,5.060,5.06,True,Ca3PbO,Ca3PbO,C:\LUMENS\sadc_edit_active_pilot_20260523_120105\candidate_niel\NIEL_e_Ca3PbO_JVASP-17656.dat,C:\LUMENS\sadc_edit_active_pilot_20260523_120105\candidate_niel\NIEL_p_Ca3PbO_JVASP-17656.dat,True,True,completed_validated,True,radiation_degradation/omere_sadc_outputs_final_materials_20260523/outputs/53_Ca3PbO_JVASP-17656.dat
53,Ca3PbO,JVASP-17656,Ipm,150461000.0,150461000.0,720948000.0,99.6135,99.6135,99.6135,99.5312,99.5312,99.5312,True,5.060,5.06,True,Ca3PbO,Ca3PbO,C:\LUMENS\sadc_edit_active_pilot_20260523_120105\candidate_niel\NIEL_e_Ca3PbO_JVASP-17656.dat,C:\LUMENS\sadc_edit_active_pilot_20260523_120105\candidate_niel\NIEL_p_Ca3PbO_JVASP-17656.dat,True,True,completed_validated,True,radiation_degradation/omere_sadc_outputs_final_materials_20260523/outputs/53_Ca3PbO_JVASP-17656.dat
53,Ca3PbO,JVASP-17656,Vpm,150461000.0,29705700.0,720948000.0,94.7211,94.7211,94.7211,,,,True,5.060,5.06,True,Ca3PbO,Ca3PbO,C:\LUMENS\sadc_edit_active_pilot_20260523_120105\candidate_niel\NIEL_e_Ca3PbO_JVASP-17656.dat,C:\LUMENS\sadc_edit_active_pilot_20260523_120105\candidate_niel\NIEL_p_Ca3PbO_JVASP-17656.dat,True,True,completed_validated,True,radiation_degradation/omere_sadc_outputs_final_materials_20260523/outputs/53_Ca3PbO_JVASP-17656.dat
54,VRhO4,JVASP-42957,Isc,60354000.0,60354000.0,747825000.0,99.7543,99.7543,99.7543,99.6719,99.6719,99.6719,True,5.824,5.824,True,VRhO4,VRhO4,C:\LUMENS\sadc_edit_active_pilot_20260523_120243\candidate_niel\NIEL_e_VRhO4_JVASP-42957.dat,C:\LUMENS\sadc_edit_active_pilot_20260523_120243\candidate_niel\NIEL_p_VRhO4_JVASP-42957.dat,True,True,completed_validated,True,radiation_degradation/omere_sadc_outputs_final_materials_20260523/outputs/54_VRhO4_JVASP-42957.dat
54,VRhO4,JVASP-42957,Voc,60354000.0,27866200.0,747825000.0,96.0573,96.0573,96.0573,,,,True,5.824,5.824,True,VRhO4,VRhO4,C:\LUMENS\sadc_edit_active_pilot_20260523_120243\candidate_niel\NIEL_e_VRhO4_JVASP-42957.dat,C:\LUMENS\sadc_edit_active_pilot_20260523_120243\candidate_niel\NIEL_p_VRhO4_JVASP-42957.dat,True,True,completed_validated,True,radiation_degradation/omere_sadc_outputs_final_materials_20260523/outputs/54_VRhO4_JVASP-42957.dat
54,VRhO4,JVASP-42957,Pmax,60354000.0,32602000.0,747825000.0,97.412,97.412,97.412,97.3316,97.3316,97.3316,True,5.824,5.824,True,VRhO4,VRhO4,C:\LUMENS\sadc_edit_active_pilot_20260523_120243\candidate_niel\NIEL_e_VRhO4_JVASP-42957.dat,C:\LUMENS\sadc_edit_active_pilot_20260523_120243\candidate_niel\NIEL_p_VRhO4_JVASP-42957.dat,True,True,completed_validated,True,radiation_degradation/omere_sadc_outputs_final_materials_20260523/outputs/54_VRhO4_JVASP-42957.dat
54,VRhO4,JVASP-42957,Ipm,60354000.0,60354000.0,747825000.0,99.6414,99.6414,99.6414,99.5591,99.5591,99.5591,True,5.824,5.824,True,VRhO4,VRhO4,C:\LUMENS\sadc_edit_active_pilot_20260523_120243\candidate_niel\NIEL_e_VRhO4_JVASP-42957.dat,C:\LUMENS\sadc_edit_active_pilot_20260523_120243\candidate_niel\NIEL_p_VRhO4_JVASP-42957.dat,True,True,completed_validated,True,radiation_degradation/omere_sadc_outputs_final_materials_20260523/outputs/54_VRhO4_JVASP-42957.dat
54,VRhO4,JVASP-42957,Vpm,60354000.0,11915800.0,747825000.0,94.6932,94.6932,94.6932,,,,True,5.824,5.824,True,VRhO4,VRhO4,C:\LUMENS\sadc_edit_active_pilot_20260523_120243\candidate_niel\NIEL_e_VRhO4_JVASP-42957.dat,C:\LUMENS\sadc_edit_active_pilot_20260523_120243\candidate_niel\NIEL_p_VRhO4_JVASP-42957.dat,True,True,completed_validated,True,radiation_degradation/omere_sadc_outputs_final_materials_20260523/outputs/54_VRhO4_JVASP-42957.dat
55,Mg2Mo3O8,JVASP-19255,Isc,98184600.0,98184600.0,754539000.0,99.7408,99.7408,99.7408,99.6584,99.6584,99.6584,True,5.327,5.327,True,Mg2Mo3O8,Mg2Mo3O8,C:\LUMENS\sadc_edit_active_pilot_20260523_120421\candidate_niel\NIEL_e_Mg2Mo3O8_JVASP-19255.dat,C:\LUMENS\sadc_edit_active_pilot_20260523_120421\candidate_niel\NIEL_p_Mg2Mo3O8_JVASP-19255.dat,True,True,completed_validated,True,radiation_degradation/omere_sadc_outputs_final_materials_20260523/outputs/55_Mg2Mo3O8_JVASP-19255.dat
55,Mg2Mo3O8,JVASP-19255,Voc,98184600.0,45333000.0,754539000.0,95.9959,95.9959,95.9959,,,,True,5.327,5.327,True,Mg2Mo3O8,Mg2Mo3O8,C:\LUMENS\sadc_edit_active_pilot_20260523_120421\candidate_niel\NIEL_e_Mg2Mo3O8_JVASP-19255.dat,C:\LUMENS\sadc_edit_active_pilot_20260523_120421\candidate_niel\NIEL_p_Mg2Mo3O8_JVASP-19255.dat,True,True,completed_validated,True,radiation_degradation/omere_sadc_outputs_final_materials_20260523/outputs/55_Mg2Mo3O8_JVASP-19255.dat
55,Mg2Mo3O8,JVASP-19255,Pmax,98184600.0,53037200.0,754539000.0,97.3305,97.3305,97.3305,97.2501,97.2501,97.2501,True,5.327,5.327,True,Mg2Mo3O8,Mg2Mo3O8,C:\LUMENS\sadc_edit_active_pilot_20260523_120421\candidate_niel\NIEL_e_Mg2Mo3O8_JVASP-19255.dat,C:\LUMENS\sadc_edit_active_pilot_20260523_120421\candidate_niel\NIEL_p_Mg2Mo3O8_JVASP-19255.dat,True,True,completed_validated,True,radiation_degradation/omere_sadc_outputs_final_materials_20260523/outputs/55_Mg2Mo3O8_JVASP-19255.dat
55,Mg2Mo3O8,JVASP-19255,Ipm,98184600.0,98184600.0,754539000.0,99.6217,99.6217,99.6217,99.5394,99.5394,99.5394,True,5.327,5.327,True,Mg2Mo3O8,Mg2Mo3O8,C:\LUMENS\sadc_edit_active_pilot_20260523_120421\candidate_niel\NIEL_e_Mg2Mo3O8_JVASP-19255.dat,C:\LUMENS\sadc_edit_active_pilot_20260523_120421\candidate_niel\NIEL_p_Mg2Mo3O8_JVASP-19255.dat,True,True,completed_validated,True,radiation_degradation/omere_sadc_outputs_final_materials_20260523/outputs/55_Mg2Mo3O8_JVASP-19255.dat
55,Mg2Mo3O8,JVASP-19255,Vpm,98184600.0,19384800.0,754539000.0,94.6503,94.6503,94.6503,,,,True,5.327,5.327,True,Mg2Mo3O8,Mg2Mo3O8,C:\LUMENS\sadc_edit_active_pilot_20260523_120421\candidate_niel\NIEL_e_Mg2Mo3O8_JVASP-19255.dat,C:\LUMENS\sadc_edit_active_pilot_20260523_120421\candidate_niel\NIEL_p_Mg2Mo3O8_JVASP-19255.dat,True,True,completed_validated,True,radiation_degradation/omere_sadc_outputs_final_materials_20260523/outputs/55_Mg2Mo3O8_JVASP-19255.dat
56,Rb4CuSi2O7,JVASP-25574,Isc,144033000.0,144033000.0,836973000.0,99.7019,99.7019,99.7019,99.6196,99.6196,99.6196,True,3.645,3.645,True,Rb4CuSi2O7,Rb4CuSi2O7,C:\LUMENS\sadc_edit_active_pilot_20260523_120559\candidate_niel\NIEL_e_Rb4CuSi2O7_JVASP-25574.dat,C:\LUMENS\sadc_edit_active_pilot_20260523_120559\candidate_niel\NIEL_p_Rb4CuSi2O7_JVASP-25574.dat,True,True,completed_validated,True,radiation_degradation/omere_sadc_outputs_final_materials_20260523/outputs/56_Rb4CuSi2O7_JVASP-25574.dat
56,Rb4CuSi2O7,JVASP-25574,Voc,144033000.0,66501800.0,836973000.0,95.7488,95.7488,95.7488,,,,True,3.645,3.645,True,Rb4CuSi2O7,Rb4CuSi2O7,C:\LUMENS\sadc_edit_active_pilot_20260523_120559\candidate_niel\NIEL_e_Rb4CuSi2O7_JVASP-25574.dat,C:\LUMENS\sadc_edit_active_pilot_20260523_120559\candidate_niel\NIEL_p_Rb4CuSi2O7_JVASP-25574.dat,True,True,completed_validated,True,radiation_degradation/omere_sadc_outputs_final_materials_20260523/outputs/56_Rb4CuSi2O7_JVASP-25574.dat
56,Rb4CuSi2O7,JVASP-25574,Pmax,144033000.0,77803600.0,836973000.0,97.0133,97.0133,97.0133,96.9331,96.9331,96.9331,True,3.645,3.645,True,Rb4CuSi2O7,Rb4CuSi2O7,C:\LUMENS\sadc_edit_active_pilot_20260523_120559\candidate_niel\NIEL_e_Rb4CuSi2O7_JVASP-25574.dat,C:\LUMENS\sadc_edit_active_pilot_20260523_120559\candidate_niel\NIEL_p_Rb4CuSi2O7_JVASP-25574.dat,True,True,completed_validated,True,radiation_degradation/omere_sadc_outputs_final_materials_20260523/outputs/56_Rb4CuSi2O7_JVASP-25574.dat
56,Rb4CuSi2O7,JVASP-25574,Ipm,144033000.0,144033000.0,836973000.0,99.5652,99.5652,99.5652,99.483,99.483,99.483,True,3.645,3.645,True,Rb4CuSi2O7,Rb4CuSi2O7,C:\LUMENS\sadc_edit_active_pilot_20260523_120559\candidate_niel\NIEL_e_Rb4CuSi2O7_JVASP-25574.dat,C:\LUMENS\sadc_edit_active_pilot_20260523_120559\candidate_niel\NIEL_p_Rb4CuSi2O7_JVASP-25574.dat,True,True,completed_validated,True,radiation_degradation/omere_sadc_outputs_final_materials_20260523/outputs/56_Rb4CuSi2O7_JVASP-25574.dat
56,Rb4CuSi2O7,JVASP-25574,Vpm,144033000.0,28436700.0,836973000.0,94.3888,94.3888,94.3888,,,,True,3.645,3.645,True,Rb4CuSi2O7,Rb4CuSi2O7,C:\LUMENS\sadc_edit_active_pilot_20260523_120559\candidate_niel\NIEL_e_Rb4CuSi2O7_JVASP-25574.dat,C:\LUMENS\sadc_edit_active_pilot_20260523_120559\candidate_niel\NIEL_p_Rb4CuSi2O7_JVASP-25574.dat,True,True,completed_validated,True,radiation_degradation/omere_sadc_outputs_final_materials_20260523/outputs/56_Rb4CuSi2O7_JVASP-25574.dat
57,NbS2,JVASP-574,Isc,196070000.0,196070000.0,853552000.0,99.6811,99.6811,99.6811,99.5988,99.5988,99.5988,True,4.358,4.358,True,NbS2,NbS2,C:\LUMENS\sadc_edit_active_pilot_20260523_120737\candidate_niel\NIEL_e_NbS2_JVASP-574.dat,C:\LUMENS\sadc_edit_active_pilot_20260523_120737\candidate_niel\NIEL_p_NbS2_JVASP-574.dat,True,True,completed_validated,True,radiation_degradation/omere_sadc_outputs_final_materials_20260523/outputs/57_NbS2_JVASP-574.dat
57,NbS2,JVASP-574,Voc,196070000.0,90527800.0,853552000.0,95.6581,95.6581,95.6581,,,,True,4.358,4.358,True,NbS2,NbS2,C:\LUMENS\sadc_edit_active_pilot_20260523_120737\candidate_niel\NIEL_e_NbS2_JVASP-574.dat,C:\LUMENS\sadc_edit_active_pilot_20260523_120737\candidate_niel\NIEL_p_NbS2_JVASP-574.dat,True,True,completed_validated,True,radiation_degradation/omere_sadc_outputs_final_materials_20260523/outputs/57_NbS2_JVASP-574.dat
57,NbS2,JVASP-574,Pmax,196070000.0,105913000.0,853552000.0,96.8832,96.8832,96.8832,96.8032,96.8032,96.8032,True,4.358,4.358,True,NbS2,NbS2,C:\LUMENS\sadc_edit_active_pilot_20260523_120737\candidate_niel\NIEL_e_NbS2_JVASP-574.dat,C:\LUMENS\sadc_edit_active_pilot_20260523_120737\candidate_niel\NIEL_p_NbS2_JVASP-574.dat,True,True,completed_validated,True,radiation_degradation/omere_sadc_outputs_final_materials_20260523/outputs/57_NbS2_JVASP-574.dat
57,NbS2,JVASP-574,Ipm,196070000.0,196070000.0,853552000.0,99.5351,99.5351,99.5351,99.4528,99.4528,99.4528,True,4.358,4.358,True,NbS2,NbS2,C:\LUMENS\sadc_edit_active_pilot_20260523_120737\candidate_niel\NIEL_e_NbS2_JVASP-574.dat,C:\LUMENS\sadc_edit_active_pilot_20260523_120737\candidate_niel\NIEL_p_NbS2_JVASP-574.dat,True,True,completed_validated,True,radiation_degradation/omere_sadc_outputs_final_materials_20260523/outputs/57_NbS2_JVASP-574.dat
57,NbS2,JVASP-574,Vpm,196070000.0,38710400.0,853552000.0,94.3166,94.3166,94.3166,,,,True,4.358,4.358,True,NbS2,NbS2,C:\LUMENS\sadc_edit_active_pilot_20260523_120737\candidate_niel\NIEL_e_NbS2_JVASP-574.dat,C:\LUMENS\sadc_edit_active_pilot_20260523_120737\candidate_niel\NIEL_p_NbS2_JVASP-574.dat,True,True,completed_validated,True,radiation_degradation/omere_sadc_outputs_final_materials_20260523/outputs/57_NbS2_JVASP-574.dat
58,ZnO,JVASP-17188,Isc,107464000.0,107464000.0,878813000.0,99.7003,99.7003,99.7003,99.618,99.618,99.618,True,7.009,7.009,True,ZnO,ZnO,C:\LUMENS\sadc_edit_active_pilot_20260523_120915\candidate_niel\NIEL_e_ZnO_JVASP-17188.dat,C:\LUMENS\sadc_edit_active_pilot_20260523_120915\candidate_niel\NIEL_p_ZnO_JVASP-17188.dat,True,True,completed_validated,True,radiation_degradation/omere_sadc_outputs_final_materials_20260523/outputs/58_ZnO_JVASP-17188.dat
58,ZnO,JVASP-17188,Voc,107464000.0,49617400.0,878813000.0,95.6927,95.6927,95.6927,,,,True,7.009,7.009,True,ZnO,ZnO,C:\LUMENS\sadc_edit_active_pilot_20260523_120915\candidate_niel\NIEL_e_ZnO_JVASP-17188.dat,C:\LUMENS\sadc_edit_active_pilot_20260523_120915\candidate_niel\NIEL_p_ZnO_JVASP-17188.dat,True,True,completed_validated,True,radiation_degradation/omere_sadc_outputs_final_materials_20260523/outputs/58_ZnO_JVASP-17188.dat
58,ZnO,JVASP-17188,Pmax,107464000.0,58049800.0,878813000.0,96.9488,96.9488,96.9488,96.8688,96.8688,96.8688,True,7.009,7.009,True,ZnO,ZnO,C:\LUMENS\sadc_edit_active_pilot_20260523_120915\candidate_niel\NIEL_e_ZnO_JVASP-17188.dat,C:\LUMENS\sadc_edit_active_pilot_20260523_120915\candidate_niel\NIEL_p_ZnO_JVASP-17188.dat,True,True,completed_validated,True,radiation_degradation/omere_sadc_outputs_final_materials_20260523/outputs/58_ZnO_JVASP-17188.dat
58,ZnO,JVASP-17188,Ipm,107464000.0,107464000.0,878813000.0,99.5629,99.5629,99.5629,99.4807,99.4807,99.4807,True,7.009,7.009,True,ZnO,ZnO,C:\LUMENS\sadc_edit_active_pilot_20260523_120915\candidate_niel\NIEL_e_ZnO_JVASP-17188.dat,C:\LUMENS\sadc_edit_active_pilot_20260523_120915\candidate_niel\NIEL_p_ZnO_JVASP-17188.dat,True,True,completed_validated,True,radiation_degradation/omere_sadc_outputs_final_materials_20260523/outputs/58_ZnO_JVASP-17188.dat
58,ZnO,JVASP-17188,Vpm,107464000.0,21216800.0,878813000.0,94.2961,94.2961,94.2961,,,,True,7.009,7.009,True,ZnO,ZnO,C:\LUMENS\sadc_edit_active_pilot_20260523_120915\candidate_niel\NIEL_e_ZnO_JVASP-17188.dat,C:\LUMENS\sadc_edit_active_pilot_20260523_120915\candidate_niel\NIEL_p_ZnO_JVASP-17188.dat,True,True,completed_validated,True,radiation_degradation/omere_sadc_outputs_final_materials_20260523/outputs/58_ZnO_JVASP-17188.dat
59,ScVO4,JVASP-11823,Isc,84822800.0,84822800.0,856205000.0,99.714,99.714,99.714,99.6316,99.6316,99.6316,True,3.698,3.698,True,ScVO4,ScVO4,C:\LUMENS\sadc_edit_active_pilot_20260523_121053\candidate_niel\NIEL_e_ScVO4_JVASP-11823.dat,C:\LUMENS\sadc_edit_active_pilot_20260523_121053\candidate_niel\NIEL_p_ScVO4_JVASP-11823.dat,True,True,completed_validated,True,radiation_degradation/omere_sadc_outputs_final_materials_20260523/outputs/59_ScVO4_JVASP-11823.dat
59,ScVO4,JVASP-11823,Voc,84822800.0,39163700.0,856205000.0,95.7673,95.7673,95.7673,,,,True,3.698,3.698,True,ScVO4,ScVO4,C:\LUMENS\sadc_edit_active_pilot_20260523_121053\candidate_niel\NIEL_e_ScVO4_JVASP-11823.dat,C:\LUMENS\sadc_edit_active_pilot_20260523_121053\candidate_niel\NIEL_p_ScVO4_JVASP-11823.dat,True,True,completed_validated,True,radiation_degradation/omere_sadc_outputs_final_materials_20260523/outputs/59_ScVO4_JVASP-11823.dat
59,ScVO4,JVASP-11823,Pmax,84822800.0,45819400.0,856205000.0,97.0506,97.0506,97.0506,96.9704,96.9704,96.9704,True,3.698,3.698,True,ScVO4,ScVO4,C:\LUMENS\sadc_edit_active_pilot_20260523_121053\candidate_niel\NIEL_e_ScVO4_JVASP-11823.dat,C:\LUMENS\sadc_edit_active_pilot_20260523_121053\candidate_niel\NIEL_p_ScVO4_JVASP-11823.dat,True,True,completed_validated,True,radiation_degradation/omere_sadc_outputs_final_materials_20260523/outputs/59_ScVO4_JVASP-11823.dat
59,ScVO4,JVASP-11823,Ipm,84822800.0,84822800.0,856205000.0,99.5828,99.5828,99.5828,99.5006,99.5006,99.5006,True,3.698,3.698,True,ScVO4,ScVO4,C:\LUMENS\sadc_edit_active_pilot_20260523_121053\candidate_niel\NIEL_e_ScVO4_JVASP-11823.dat,C:\LUMENS\sadc_edit_active_pilot_20260523_121053\candidate_niel\NIEL_p_ScVO4_JVASP-11823.dat,True,True,completed_validated,True,radiation_degradation/omere_sadc_outputs_final_materials_20260523/outputs/59_ScVO4_JVASP-11823.dat
59,ScVO4,JVASP-11823,Vpm,84822800.0,16746700.0,856205000.0,94.3683,94.3683,94.3683,,,,True,3.698,3.698,True,ScVO4,ScVO4,C:\LUMENS\sadc_edit_active_pilot_20260523_121053\candidate_niel\NIEL_e_ScVO4_JVASP-11823.dat,C:\LUMENS\sadc_edit_active_pilot_20260523_121053\candidate_niel\NIEL_p_ScVO4_JVASP-11823.dat,True,True,completed_validated,True,radiation_degradation/omere_sadc_outputs_final_materials_20260523/outputs/59_ScVO4_JVASP-11823.dat
60,Li3VB2O6,JVASP-40731,Isc,232166000.0,232166000.0,820911000.0,99.6801,99.6801,99.6801,99.5978,99.5978,99.5978,True,2.768,2.768,True,Li3VB2O6,Li3VB2O6,C:\LUMENS\sadc_edit_active_pilot_20260523_121231\candidate_niel\NIEL_e_Li3VB2O6_JVASP-40731.dat,C:\LUMENS\sadc_edit_active_pilot_20260523_121231\candidate_niel\NIEL_p_Li3VB2O6_JVASP-40731.dat,True,True,completed_validated,True,radiation_degradation/omere_sadc_outputs_final_materials_20260523/outputs/60_Li3VB2O6_JVASP-40731.dat
60,Li3VB2O6,JVASP-40731,Voc,232166000.0,107194000.0,820911000.0,95.6934,95.6934,95.6934,,,,True,2.768,2.768,True,Li3VB2O6,Li3VB2O6,C:\LUMENS\sadc_edit_active_pilot_20260523_121231\candidate_niel\NIEL_e_Li3VB2O6_JVASP-40731.dat,C:\LUMENS\sadc_edit_active_pilot_20260523_121231\candidate_niel\NIEL_p_Li3VB2O6_JVASP-40731.dat,True,True,completed_validated,True,radiation_degradation/omere_sadc_outputs_final_materials_20260523/outputs/60_Li3VB2O6_JVASP-40731.dat
60,Li3VB2O6,JVASP-40731,Pmax,232166000.0,125411000.0,820911000.0,96.9213,96.9213,96.9213,96.8413,96.8413,96.8413,True,2.768,2.768,True,Li3VB2O6,Li3VB2O6,C:\LUMENS\sadc_edit_active_pilot_20260523_121231\candidate_niel\NIEL_e_Li3VB2O6_JVASP-40731.dat,C:\LUMENS\sadc_edit_active_pilot_20260523_121231\candidate_niel\NIEL_p_Li3VB2O6_JVASP-40731.dat,True,True,completed_validated,True,radiation_degradation/omere_sadc_outputs_final_materials_20260523/outputs/60_Li3VB2O6_JVASP-40731.dat
60,Li3VB2O6,JVASP-40731,Ipm,232166000.0,232166000.0,820911000.0,99.5335,99.5335,99.5335,99.4513,99.4513,99.4513,True,2.768,2.768,True,Li3VB2O6,Li3VB2O6,C:\LUMENS\sadc_edit_active_pilot_20260523_121231\candidate_niel\NIEL_e_Li3VB2O6_JVASP-40731.dat,C:\LUMENS\sadc_edit_active_pilot_20260523_121231\candidate_niel\NIEL_p_Li3VB2O6_JVASP-40731.dat,True,True,completed_validated,True,radiation_degradation/omere_sadc_outputs_final_materials_20260523/outputs/60_Li3VB2O6_JVASP-40731.dat
60,Li3VB2O6,JVASP-40731,Vpm,232166000.0,45836900.0,820911000.0,94.3852,94.3852,94.3852,,,,True,2.768,2.768,True,Li3VB2O6,Li3VB2O6,C:\LUMENS\sadc_edit_active_pilot_20260523_121231\candidate_niel\NIEL_e_Li3VB2O6_JVASP-40731.dat,C:\LUMENS\sadc_edit_active_pilot_20260523_121231\candidate_niel\NIEL_p_Li3VB2O6_JVASP-40731.dat,True,True,completed_validated,True,radiation_degradation/omere_sadc_outputs_final_materials_20260523/outputs/60_Li3VB2O6_JVASP-40731.dat
61,Na2GaNiF7,JVASP-57312,Isc,252194000.0,252194000.0,893812000.0,99.652,99.652,99.652,99.5697,99.5697,99.5697,True,3.726,3.726,True,Na2GaNiF7,Na2GaNiF7,C:\LUMENS\sadc_edit_active_pilot_20260523_121409\candidate_niel\NIEL_e_Na2GaNiF7_JVASP-57312.dat,C:\LUMENS\sadc_edit_active_pilot_20260523_121409\candidate_niel\NIEL_p_Na2GaNiF7_JVASP-57312.dat,True,True,completed_validated,True,radiation_degradation/omere_sadc_outputs_final_materials_20260523/outputs/61_Na2GaNiF7_JVASP-57312.dat
61,Na2GaNiF7,JVASP-57312,Voc,252194000.0,116441000.0,893812000.0,95.5171,95.5171,95.5171,,,,True,3.726,3.726,True,Na2GaNiF7,Na2GaNiF7,C:\LUMENS\sadc_edit_active_pilot_20260523_121409\candidate_niel\NIEL_e_Na2GaNiF7_JVASP-57312.dat,C:\LUMENS\sadc_edit_active_pilot_20260523_121409\candidate_niel\NIEL_p_Na2GaNiF7_JVASP-57312.dat,True,True,completed_validated,True,radiation_degradation/omere_sadc_outputs_final_materials_20260523/outputs/61_Na2GaNiF7_JVASP-57312.dat
61,Na2GaNiF7,JVASP-57312,Pmax,252194000.0,136230000.0,893812000.0,96.6804,96.6804,96.6804,96.6006,96.6006,96.6006,True,3.726,3.726,True,Na2GaNiF7,Na2GaNiF7,C:\LUMENS\sadc_edit_active_pilot_20260523_121409\candidate_niel\NIEL_e_Na2GaNiF7_JVASP-57312.dat,C:\LUMENS\sadc_edit_active_pilot_20260523_121409\candidate_niel\NIEL_p_Na2GaNiF7_JVASP-57312.dat,True,True,completed_validated,True,radiation_degradation/omere_sadc_outputs_final_materials_20260523/outputs/61_Na2GaNiF7_JVASP-57312.dat
61,Na2GaNiF7,JVASP-57312,Ipm,252194000.0,252194000.0,893812000.0,99.4927,99.4927,99.4927,99.4105,99.4105,99.4105,True,3.726,3.726,True,Na2GaNiF7,Na2GaNiF7,C:\LUMENS\sadc_edit_active_pilot_20260523_121409\candidate_niel\NIEL_e_Na2GaNiF7_JVASP-57312.dat,C:\LUMENS\sadc_edit_active_pilot_20260523_121409\candidate_niel\NIEL_p_Na2GaNiF7_JVASP-57312.dat,True,True,completed_validated,True,radiation_degradation/omere_sadc_outputs_final_materials_20260523/outputs/61_Na2GaNiF7_JVASP-57312.dat
61,Na2GaNiF7,JVASP-57312,Vpm,252194000.0,49791100.0,893812000.0,94.1838,94.1838,94.1838,,,,True,3.726,3.726,True,Na2GaNiF7,Na2GaNiF7,C:\LUMENS\sadc_edit_active_pilot_20260523_121409\candidate_niel\NIEL_e_Na2GaNiF7_JVASP-57312.dat,C:\LUMENS\sadc_edit_active_pilot_20260523_121409\candidate_niel\NIEL_p_Na2GaNiF7_JVASP-57312.dat,True,True,completed_validated,True,radiation_degradation/omere_sadc_outputs_final_materials_20260523/outputs/61_Na2GaNiF7_JVASP-57312.dat
62,CoC4N6,JVASP-59765,Isc,186397000.0,186397000.0,853921000.0,99.6839,99.6839,99.6839,99.6016,99.6016,99.6016,True,2.219,2.219,True,CoC4N6,CoC4N6,C:\LUMENS\sadc_edit_active_pilot_20260523_121547\candidate_niel\NIEL_e_CoC4N6_JVASP-59765.dat,C:\LUMENS\sadc_edit_active_pilot_20260523_121547\candidate_niel\NIEL_p_CoC4N6_JVASP-59765.dat,True,True,completed_validated,True,radiation_degradation/omere_sadc_outputs_final_materials_20260523/outputs/62_CoC4N6_JVASP-59765.dat
62,CoC4N6,JVASP-59765,Voc,186397000.0,86061600.0,853921000.0,95.6671,95.6671,95.6671,,,,True,2.219,2.219,True,CoC4N6,CoC4N6,C:\LUMENS\sadc_edit_active_pilot_20260523_121547\candidate_niel\NIEL_e_CoC4N6_JVASP-59765.dat,C:\LUMENS\sadc_edit_active_pilot_20260523_121547\candidate_niel\NIEL_p_CoC4N6_JVASP-59765.dat,True,True,completed_validated,True,radiation_degradation/omere_sadc_outputs_final_materials_20260523/outputs/62_CoC4N6_JVASP-59765.dat
62,CoC4N6,JVASP-59765,Pmax,186397000.0,100688000.0,853921000.0,96.8973,96.8973,96.8973,96.8173,96.8173,96.8173,True,2.219,2.219,True,CoC4N6,CoC4N6,C:\LUMENS\sadc_edit_active_pilot_20260523_121547\candidate_niel\NIEL_e_CoC4N6_JVASP-59765.dat,C:\LUMENS\sadc_edit_active_pilot_20260523_121547\candidate_niel\NIEL_p_CoC4N6_JVASP-59765.dat,True,True,completed_validated,True,radiation_degradation/omere_sadc_outputs_final_materials_20260523/outputs/62_CoC4N6_JVASP-59765.dat
62,CoC4N6,JVASP-59765,Ipm,186397000.0,186397000.0,853921000.0,99.5391,99.5391,99.5391,99.4569,99.4569,99.4569,True,2.219,2.219,True,CoC4N6,CoC4N6,C:\LUMENS\sadc_edit_active_pilot_20260523_121547\candidate_niel\NIEL_e_CoC4N6_JVASP-59765.dat,C:\LUMENS\sadc_edit_active_pilot_20260523_121547\candidate_niel\NIEL_p_CoC4N6_JVASP-59765.dat,True,True,completed_validated,True,radiation_degradation/omere_sadc_outputs_final_materials_20260523/outputs/62_CoC4N6_JVASP-59765.dat
62,CoC4N6,JVASP-59765,Vpm,186397000.0,36800700.0,853921000.0,94.3207,94.3207,94.3207,,,,True,2.219,2.219,True,CoC4N6,CoC4N6,C:\LUMENS\sadc_edit_active_pilot_20260523_121547\candidate_niel\NIEL_e_CoC4N6_JVASP-59765.dat,C:\LUMENS\sadc_edit_active_pilot_20260523_121547\candidate_niel\NIEL_p_CoC4N6_JVASP-59765.dat,True,True,completed_validated,True,radiation_degradation/omere_sadc_outputs_final_materials_20260523/outputs/62_CoC4N6_JVASP-59765.dat
